{
    "knapsack_size": 6500,
    "Gamma": 46,
    "n_items": 48,
    "costs": {
        "0": {
            "l": 81.47,
            "a": 113.56,
            "u": 137.55
        },
        "1": {
            "l": 64.82,
            "a": 127.22,
            "u": 164.66
        },
        "2": {
            "l": 71.91,
            "a": 121.05,
            "u": 151.52
        },
        "3": {
            "l": 77.91,
            "a": 112.79,
            "u": 153.4
        },
        "4": {
            "l": 58.98,
            "a": 128.0,
            "u": 161.17
        },
        "5": {
            "l": 87.81,
            "a": 105.13,
            "u": 140.84
        },
        "6": {
            "l": 65.26,
            "a": 124.26,
            "u": 168.83
        },
        "7": {
            "l": 75.89,
            "a": 138.65,
            "u": 151.22
        },
        "8": {
            "l": 68.87,
            "a": 113.44,
            "u": 147.94
        },
        "9": {
            "l": 80.85,
            "a": 137.33,
            "u": 152.23
        },
        "10": {
            "l": 92.36,
            "a": 133.02,
            "u": 154.87
        },
        "11": {
            "l": 70.14,
            "a": 122.98,
            "u": 150.26
        },
        "12": {
            "l": 88.34,
            "a": 129.15,
            "u": 152.31
        },
        "13": {
            "l": 84.18,
            "a": 101.65,
            "u": 149.45
        },
        "14": {
            "l": 72.26,
            "a": 128.47,
            "u": 146.54
        },
        "15": {
            "l": 69.77,
            "a": 106.23,
            "u": 136.23
        },
        "16": {
            "l": 72.0,
            "a": 136.8,
            "u": 158.64
        },
        "17": {
            "l": 50.8,
            "a": 130.36,
            "u": 158.99
        },
        "18": {
            "l": 83.28,
            "a": 122.85,
            "u": 155.95
        },
        "19": {
            "l": 75.15,
            "a": 107.83,
            "u": 158.14
        },
        "20": {
            "l": 73.86,
            "a": 120.13,
            "u": 153.51
        },
        "21": {
            "l": 62.19,
            "a": 119.76,
            "u": 148.27
        },
        "22": {
            "l": 69.94,
            "a": 133.56,
            "u": 146.14
        },
        "23": {
            "l": 76.89,
            "a": 123.13,
            "u": 165.22
        },
        "24": {
            "l": 67.9,
            "a": 134.29,
            "u": 149.15
        },
        "25": {
            "l": 69.1,
            "a": 103.96,
            "u": 144.46
        },
        "26": {
            "l": 75.84,
            "a": 128.69,
            "u": 155.73
        },
        "27": {
            "l": 70.18,
            "a": 121.49,
            "u": 151.71
        },
        "28": {
            "l": 77.08,
            "a": 121.33,
            "u": 148.24
        },
        "29": {
            "l": 80.29,
            "a": 127.54,
            "u": 151.12
        },
        "30": {
            "l": 82.42,
            "a": 121.28,
            "u": 148.04
        },
        "31": {
            "l": 79.3,
            "a": 139.38,
            "u": 147.19
        },
        "32": {
            "l": 64.3,
            "a": 112.04,
            "u": 132.28
        },
        "33": {
            "l": 51.51,
            "a": 126.55,
            "u": 139.55
        },
        "34": {
            "l": 69.55,
            "a": 139.12,
            "u": 151.09
        },
        "35": {
            "l": 91.74,
            "a": 107.98,
            "u": 157.84
        },
        "36": {
            "l": 77.14,
            "a": 116.59,
            "u": 146.74
        },
        "37": {
            "l": 84.98,
            "a": 111.07,
            "u": 155.17
        },
        "38": {
            "l": 80.56,
            "a": 109.14,
            "u": 162.93
        },
        "39": {
            "l": 67.07,
            "a": 138.2,
            "u": 147.48
        },
        "40": {
            "l": 72.3,
            "a": 133.18,
            "u": 147.03
        },
        "41": {
            "l": 70.05,
            "a": 103.4,
            "u": 141.72
        },
        "42": {
            "l": 62.34,
            "a": 123.94,
            "u": 148.27
        },
        "43": {
            "l": 73.34,
            "a": 105.26,
            "u": 135.67
        },
        "44": {
            "l": 74.04,
            "a": 112.21,
            "u": 141.97
        },
        "45": {
            "l": 81.37,
            "a": 113.21,
            "u": 150.53
        },
        "46": {
            "l": 74.33,
            "a": 126.36,
            "u": 140.39
        },
        "47": {
            "l": 54.94,
            "a": 115.66,
            "u": 154.47
        }
    },
    "profits": {
        "0": 160.68,
        "1": 189.16,
        "2": 184.48,
        "3": 183.99,
        "4": 182.31,
        "5": 172.54,
        "6": 186.76,
        "7": 197.21,
        "8": 167.43,
        "9": 189.29,
        "10": 201.52,
        "11": 196.93,
        "12": 179.01,
        "13": 184.18,
        "14": 192.06,
        "15": 181.45,
        "16": 173.75,
        "17": 174.79,
        "18": 176.38,
        "19": 175.28,
        "20": 190.61,
        "21": 174.32,
        "22": 182.61,
        "23": 188.79,
        "24": 192.92,
        "25": 178.07,
        "26": 165.66,
        "27": 180.12,
        "28": 193.04,
        "29": 195.65,
        "30": 168.86,
        "31": 186.29,
        "32": 183.97,
        "33": 187.19,
        "34": 178.33,
        "35": 181.02,
        "36": 178.4,
        "37": 190.09,
        "38": 198.34,
        "39": 195.02,
        "40": 163.13,
        "41": 194.11,
        "42": 182.73,
        "43": 201.89,
        "44": 203.63,
        "45": 177.38,
        "46": 175.24,
        "47": 190.02
    },
    "synergies": {
        "0": {
            "1": 41.7,
            "2": 12.64,
            "3": 44.29,
            "4": 52.67,
            "5": 33.14,
            "6": 32.88,
            "7": 34.68,
            "8": 36.92,
            "9": 52.48,
            "10": 8.38,
            "11": 11.54,
            "12": 48.69,
            "13": 2.85,
            "14": 66.8,
            "15": 50.32,
            "16": 41.06,
            "17": 38.39,
            "18": 67.61,
            "19": 27.31,
            "20": 42.53,
            "21": 32.28,
            "22": 28.99,
            "23": 7.01,
            "24": 14.14,
            "25": 37.3,
            "26": 17.0,
            "27": 53.8,
            "28": 36.7,
            "29": 4.77,
            "30": 28.55,
            "31": 50.8,
            "32": 26.84,
            "33": 35.15,
            "34": 14.42,
            "35": 62.62,
            "36": 53.44,
            "37": 40.48,
            "38": 0.69,
            "39": 35.67,
            "40": 44.34,
            "41": 76.1,
            "42": 49.91,
            "43": 29.98,
            "44": 38.71,
            "45": 36.74,
            "46": 27.7,
            "47": 49.74
        },
        "1": {
            "0": 41.7,
            "2": 13.95,
            "3": 31.35,
            "4": 28.09,
            "5": 43.51,
            "6": 28.76,
            "7": 32.11,
            "8": 20.95,
            "9": 44.77,
            "10": 11.88,
            "11": 26.37,
            "12": 62.92,
            "13": 21.78,
            "14": 25.42,
            "15": 47.54,
            "16": -0.56,
            "17": 44.52,
            "18": 32.78,
            "19": 16.55,
            "20": 40.16,
            "21": 22.99,
            "22": 35.02,
            "23": 57.27,
            "24": 54.54,
            "25": 31.31,
            "26": 54.39,
            "27": 41.66,
            "28": 32.51,
            "29": 53.42,
            "30": 52.07,
            "31": 40.34,
            "32": 61.41,
            "33": 28.07,
            "34": 13.16,
            "35": 29.99,
            "36": 11.23,
            "37": 63.68,
            "38": 35.08,
            "39": 45.63,
            "40": 21.76,
            "41": 41.4,
            "42": 27.82,
            "43": 39.06,
            "44": 38.31,
            "45": 37.13,
            "46": 36.56,
            "47": 58.44
        },
        "2": {
            "0": 12.64,
            "1": 13.95,
            "3": 48.33,
            "4": 23.56,
            "5": 49.24,
            "6": 48.9,
            "7": 40.15,
            "8": 24.33,
            "9": 37.26,
            "10": 25.44,
            "11": 39.88,
            "12": 54.97,
            "13": 50.1,
            "14": 11.39,
            "15": 34.6,
            "16": 24.82,
            "17": 54.45,
            "18": 34.59,
            "19": 35.02,
            "20": 35.73,
            "21": 38.78,
            "22": 57.18,
            "23": 39.36,
            "24": 40.06,
            "25": 24.16,
            "26": 29.32,
            "27": 36.88,
            "28": 4.17,
            "29": 39.59,
            "30": 44.17,
            "31": 31.81,
            "32": 45.62,
            "33": 77.22,
            "34": 47.17,
            "35": 20.59,
            "36": 51.88,
            "37": 6.96,
            "38": 26.48,
            "39": 45.05,
            "40": 42.63,
            "41": 42.21,
            "42": 25.31,
            "43": 21.79,
            "44": 49.47,
            "45": 43.53,
            "46": 40.17,
            "47": 40.01
        },
        "3": {
            "0": 44.29,
            "1": 31.35,
            "2": 48.33,
            "4": 32.72,
            "5": 17.66,
            "6": 2.19,
            "7": 54.51,
            "8": 8.11,
            "9": 36.13,
            "10": 34.76,
            "11": 14.49,
            "12": 51.06,
            "13": 47.07,
            "14": 64.05,
            "15": 51.72,
            "16": 37.4,
            "17": 36.63,
            "18": 61.62,
            "19": 37.85,
            "20": 35.39,
            "21": 51.68,
            "22": 31.06,
            "23": 43.0,
            "24": 37.9,
            "25": 42.36,
            "26": 28.56,
            "27": 19.68,
            "28": 47.69,
            "29": 50.82,
            "30": 48.04,
            "31": 39.74,
            "32": 45.17,
            "33": 51.69,
            "34": 35.47,
            "35": 13.32,
            "36": 19.47,
            "37": 39.63,
            "38": 48.29,
            "39": 16.81,
            "40": 35.15,
            "41": 20.37,
            "42": 52.61,
            "43": 22.03,
            "44": 30.52,
            "45": 47.04,
            "46": -2.01,
            "47": 22.96
        },
        "4": {
            "0": 52.67,
            "1": 28.09,
            "2": 23.56,
            "3": 32.72,
            "5": 20.17,
            "6": 36.95,
            "7": 54.78,
            "8": 20.86,
            "9": 33.25,
            "10": 33.84,
            "11": 45.66,
            "12": 4.66,
            "13": 52.46,
            "14": 42.84,
            "15": 58.74,
            "16": 41.82,
            "17": 51.89,
            "18": 33.35,
            "19": 76.73,
            "20": 53.08,
            "21": 18.68,
            "22": 44.44,
            "23": 58.49,
            "24": 29.92,
            "25": 30.99,
            "26": 29.38,
            "27": 56.76,
            "28": 18.97,
            "29": 33.11,
            "30": 32.08,
            "31": 41.13,
            "32": 44.86,
            "33": 40.95,
            "34": 56.94,
            "35": 41.84,
            "36": 35.93,
            "37": 25.61,
            "38": 35.47,
            "39": 33.82,
            "40": 37.97,
            "41": 16.85,
            "42": 44.5,
            "43": 36.42,
            "44": 71.04,
            "45": 31.62,
            "46": 36.59,
            "47": 12.33
        },
        "5": {
            "0": 33.14,
            "1": 43.51,
            "2": 49.24,
            "3": 17.66,
            "4": 20.17,
            "6": 43.96,
            "7": 41.99,
            "8": 40.39,
            "9": 28.83,
            "10": 24.01,
            "11": 2.62,
            "12": 24.85,
            "13": 29.89,
            "14": 43.92,
            "15": 37.92,
            "16": 47.65,
            "17": 45.73,
            "18": 18.08,
            "19": 43.91,
            "20": 25.8,
            "21": 50.14,
            "22": 36.68,
            "23": 40.09,
            "24": 38.03,
            "25": 53.42,
            "26": 39.6,
            "27": 48.12,
            "28": 59.28,
            "29": 31.22,
            "30": 47.38,
            "31": 22.4,
            "32": 46.72,
            "33": 37.56,
            "34": 17.64,
            "35": 43.6,
            "36": 17.4,
            "37": 44.15,
            "38": 47.61,
            "39": 52.59,
            "40": 11.45,
            "41": 23.35,
            "42": 17.14,
            "43": 28.72,
            "44": 12.24,
            "45": 31.94,
            "46": 45.54,
            "47": 40.64
        },
        "6": {
            "0": 32.88,
            "1": 28.76,
            "2": 48.9,
            "3": 2.19,
            "4": 36.95,
            "5": 43.96,
            "7": 46.87,
            "8": 38.93,
            "9": 36.96,
            "10": 25.95,
            "11": 22.61,
            "12": 42.66,
            "13": 11.27,
            "14": 47.33,
            "15": 11.02,
            "16": 22.89,
            "17": 37.29,
            "18": 46.88,
            "19": 18.36,
            "20": 37.4,
            "21": 48.21,
            "22": 64.31,
            "23": 34.44,
            "24": 57.09,
            "25": 44.25,
            "26": 52.94,
            "27": 3.88,
            "28": 28.55,
            "29": 36.16,
            "30": 53.38,
            "31": 29.26,
            "32": 39.86,
            "33": 21.68,
            "34": 37.9,
            "35": 15.19,
            "36": 44.48,
            "37": 35.99,
            "38": 41.27,
            "39": 49.01,
            "40": 40.23,
            "41": 26.25,
            "42": 52.1,
            "43": 32.16,
            "44": 38.74,
            "45": 58.49,
            "46": 19.82,
            "47": 17.83
        },
        "7": {
            "0": 34.68,
            "1": 32.11,
            "2": 40.15,
            "3": 54.51,
            "4": 54.78,
            "5": 41.99,
            "6": 46.87,
            "8": 30.02,
            "9": 42.16,
            "10": 58.67,
            "11": 18.08,
            "12": 17.84,
            "13": 64.41,
            "14": 6.87,
            "15": 46.92,
            "16": 32.18,
            "17": 25.55,
            "18": 29.35,
            "19": 49.88,
            "20": 50.43,
            "21": 39.12,
            "22": 16.25,
            "23": -8.28,
            "24": 51.71,
            "25": 45.97,
            "26": 39.39,
            "27": 20.89,
            "28": 1.58,
            "29": 32.73,
            "30": 54.14,
            "31": 7.78,
            "32": 11.3,
            "33": 18.67,
            "34": 67.65,
            "35": 19.28,
            "36": 53.41,
            "37": 36.35,
            "38": 39.96,
            "39": 77.81,
            "40": 22.29,
            "41": 52.48,
            "42": 37.16,
            "43": 29.3,
            "44": -2.89,
            "45": 7.85,
            "46": 49.89,
            "47": 41.42
        },
        "8": {
            "0": 36.92,
            "1": 20.95,
            "2": 24.33,
            "3": 8.11,
            "4": 20.86,
            "5": 40.39,
            "6": 38.93,
            "7": 30.02,
            "9": 32.84,
            "10": 30.96,
            "11": 23.87,
            "12": 30.56,
            "13": 25.8,
            "14": 22.74,
            "15": 38.74,
            "16": 17.76,
            "17": 51.34,
            "18": 44.7,
            "19": 47.33,
            "20": 46.35,
            "21": 61.79,
            "22": 19.31,
            "23": 24.62,
            "24": 49.0,
            "25": 47.82,
            "26": 46.0,
            "27": 35.43,
            "28": 31.57,
            "29": 20.04,
            "30": 31.48,
            "31": 45.46,
            "32": 53.62,
            "33": 11.34,
            "34": 25.65,
            "35": 13.99,
            "36": 26.08,
            "37": 19.93,
            "38": 38.34,
            "39": 43.28,
            "40": 51.27,
            "41": 29.64,
            "42": 57.22,
            "43": 51.41,
            "44": 23.94,
            "45": 66.96,
            "46": 35.15,
            "47": 5.66
        },
        "9": {
            "0": 52.48,
            "1": 44.77,
            "2": 37.26,
            "3": 36.13,
            "4": 33.25,
            "5": 28.83,
            "6": 36.96,
            "7": 42.16,
            "8": 32.84,
            "10": 59.81,
            "11": 43.91,
            "12": 16.44,
            "13": 47.64,
            "14": 25.47,
            "15": 47.05,
            "16": 38.98,
            "17": 75.64,
            "18": 46.04,
            "19": 28.18,
            "20": 43.95,
            "21": 36.91,
            "22": 46.73,
            "23": 27.24,
            "24": 63.68,
            "25": 37.82,
            "26": 45.4,
            "27": 43.3,
            "28": 35.06,
            "29": 48.41,
            "30": 16.07,
            "31": 50.52,
            "32": 18.88,
            "33": 26.26,
            "34": 46.18,
            "35": 57.0,
            "36": 53.48,
            "37": 6.41,
            "38": 36.91,
            "39": 45.24,
            "40": 44.19,
            "41": 46.0,
            "42": 22.8,
            "43": 29.14,
            "44": 47.79,
            "45": 41.86,
            "46": 48.31,
            "47": 48.22
        },
        "10": {
            "0": 8.38,
            "1": 11.88,
            "2": 25.44,
            "3": 34.76,
            "4": 33.84,
            "5": 24.01,
            "6": 25.95,
            "7": 58.67,
            "8": 30.96,
            "9": 59.81,
            "11": 50.41,
            "12": 19.62,
            "13": 55.38,
            "14": 68.07,
            "15": 1.88,
            "16": 50.28,
            "17": 48.6,
            "18": 19.03,
            "19": 32.51,
            "20": 34.48,
            "21": 46.13,
            "22": 43.67,
            "23": 24.27,
            "24": 17.37,
            "25": 2.38,
            "26": 34.65,
            "27": 51.13,
            "28": 55.62,
            "29": 61.6,
            "30": 26.15,
            "31": 28.6,
            "32": 36.96,
            "33": 36.75,
            "34": 24.81,
            "35": 59.39,
            "36": 55.15,
            "37": 27.5,
            "38": 22.26,
            "39": 36.17,
            "40": 56.38,
            "41": 60.48,
            "42": 30.72,
            "43": 54.92,
            "44": 26.65,
            "45": 32.62,
            "46": 51.81,
            "47": 25.71
        },
        "11": {
            "0": 11.54,
            "1": 26.37,
            "2": 39.88,
            "3": 14.49,
            "4": 45.66,
            "5": 2.62,
            "6": 22.61,
            "7": 18.08,
            "8": 23.87,
            "9": 43.91,
            "10": 50.41,
            "12": 58.75,
            "13": 51.02,
            "14": 72.08,
            "15": 33.25,
            "16": 40.26,
            "17": 43.45,
            "18": 24.55,
            "19": 33.5,
            "20": 37.14,
            "21": 32.36,
            "22": 29.94,
            "23": 51.87,
            "24": -5.11,
            "25": 34.93,
            "26": 1.68,
            "27": 22.65,
            "28": 17.06,
            "29": 39.3,
            "30": 45.5,
            "31": 69.69,
            "32": 24.14,
            "33": 35.67,
            "34": 19.39,
            "35": 23.18,
            "36": 46.83,
            "37": 36.96,
            "38": 40.96,
            "39": 35.96,
            "40": 29.13,
            "41": 34.83,
            "42": 29.18,
            "43": 32.69,
            "44": 33.05,
            "45": 33.86,
            "46": 21.46,
            "47": 37.12
        },
        "12": {
            "0": 48.69,
            "1": 62.92,
            "2": 54.97,
            "3": 51.06,
            "4": 4.66,
            "5": 24.85,
            "6": 42.66,
            "7": 17.84,
            "8": 30.56,
            "9": 16.44,
            "10": 19.62,
            "11": 58.75,
            "13": 26.1,
            "14": 6.03,
            "15": 31.4,
            "16": 47.36,
            "17": 26.88,
            "18": 19.99,
            "19": 46.5,
            "20": 12.51,
            "21": 22.85,
            "22": 19.72,
            "23": 29.33,
            "24": 25.8,
            "25": 34.17,
            "26": 51.45,
            "27": 45.86,
            "28": 55.53,
            "29": 30.08,
            "30": 14.69,
            "31": 27.97,
            "32": 23.41,
            "33": 49.42,
            "34": 66.17,
            "35": 28.26,
            "36": 22.97,
            "37": 21.61,
            "38": 30.32,
            "39": 44.56,
            "40": 34.86,
            "41": 21.52,
            "42": 23.11,
            "43": 14.87,
            "44": 19.91,
            "45": 19.79,
            "46": 17.49,
            "47": 33.29
        },
        "13": {
            "0": 2.85,
            "1": 21.78,
            "2": 50.1,
            "3": 47.07,
            "4": 52.46,
            "5": 29.89,
            "6": 11.27,
            "7": 64.41,
            "8": 25.8,
            "9": 47.64,
            "10": 55.38,
            "11": 51.02,
            "12": 26.1,
            "14": 40.05,
            "15": 28.17,
            "16": 46.06,
            "17": -4.29,
            "18": 40.88,
            "19": 66.66,
            "20": 26.29,
            "21": 16.64,
            "22": 23.5,
            "23": 30.55,
            "24": 47.86,
            "25": 35.28,
            "26": 43.96,
            "27": 42.56,
            "28": 23.45,
            "29": 41.79,
            "30": 13.79,
            "31": 40.9,
            "32": 62.92,
            "33": 34.84,
            "34": 55.08,
            "35": 22.98,
            "36": 40.93,
            "37": 47.46,
            "38": 50.96,
            "39": 13.47,
            "40": 42.84,
            "41": 50.03,
            "42": 50.78,
            "43": 39.69,
            "44": 37.51,
            "45": 35.86,
            "46": 45.09,
            "47": 23.96
        },
        "14": {
            "0": 66.8,
            "1": 25.42,
            "2": 11.39,
            "3": 64.05,
            "4": 42.84,
            "5": 43.92,
            "6": 47.33,
            "7": 6.87,
            "8": 22.74,
            "9": 25.47,
            "10": 68.07,
            "11": 72.08,
            "12": 6.03,
            "13": 40.05,
            "15": 37.12,
            "16": 21.8,
            "17": 29.7,
            "18": 28.76,
            "19": 22.67,
            "20": 6.14,
            "21": 34.88,
            "22": 17.7,
            "23": 38.2,
            "24": 43.82,
            "25": 33.62,
            "26": 37.29,
            "27": 23.5,
            "28": 39.85,
            "29": 46.32,
            "30": 19.16,
            "31": 50.04,
            "32": 35.32,
            "33": 35.14,
            "34": 16.43,
            "35": 39.19,
            "36": 23.2,
            "37": 37.31,
            "38": 54.21,
            "39": 43.25,
            "40": 74.33,
            "41": 58.56,
            "42": 43.64,
            "43": 41.84,
            "44": 67.65,
            "45": 31.9,
            "46": 40.32,
            "47": 28.75
        },
        "15": {
            "0": 50.32,
            "1": 47.54,
            "2": 34.6,
            "3": 51.72,
            "4": 58.74,
            "5": 37.92,
            "6": 11.02,
            "7": 46.92,
            "8": 38.74,
            "9": 47.05,
            "10": 1.88,
            "11": 33.25,
            "12": 31.4,
            "13": 28.17,
            "14": 37.12,
            "16": 26.66,
            "17": 50.22,
            "18": 58.59,
            "19": 29.25,
            "20": 28.39,
            "21": 29.58,
            "22": 0.77,
            "23": 31.07,
            "24": 24.47,
            "25": 53.31,
            "26": -1.91,
            "27": 71.29,
            "28": 16.11,
            "29": 40.67,
            "30": 42.21,
            "31": 59.98,
            "32": 56.54,
            "33": 23.98,
            "34": 17.86,
            "35": 47.62,
            "36": 47.1,
            "37": 40.48,
            "38": 45.0,
            "39": 55.95,
            "40": 26.91,
            "41": 39.9,
            "42": 19.05,
            "43": 5.27,
            "44": 44.78,
            "45": 18.37,
            "46": 57.04,
            "47": 40.66
        },
        "16": {
            "0": 41.06,
            "1": -0.56,
            "2": 24.82,
            "3": 37.4,
            "4": 41.82,
            "5": 47.65,
            "6": 22.89,
            "7": 32.18,
            "8": 17.76,
            "9": 38.98,
            "10": 50.28,
            "11": 40.26,
            "12": 47.36,
            "13": 46.06,
            "14": 21.8,
            "15": 26.66,
            "17": 27.31,
            "18": 21.41,
            "19": 23.07,
            "20": 41.45,
            "21": 41.15,
            "22": 45.55,
            "23": 37.17,
            "24": 37.85,
            "25": 16.92,
            "26": 42.54,
            "27": 27.05,
            "28": 13.89,
            "29": 59.63,
            "30": 40.51,
            "31": 44.51,
            "32": 38.56,
            "33": 29.05,
            "34": 56.96,
            "35": 12.94,
            "36": 36.31,
            "37": 43.7,
            "38": 28.45,
            "39": 44.41,
            "40": -1.13,
            "41": 45.19,
            "42": 51.69,
            "43": 9.69,
            "44": 77.77,
            "45": 13.28,
            "46": 61.91,
            "47": 16.82
        },
        "17": {
            "0": 38.39,
            "1": 44.52,
            "2": 54.45,
            "3": 36.63,
            "4": 51.89,
            "5": 45.73,
            "6": 37.29,
            "7": 25.55,
            "8": 51.34,
            "9": 75.64,
            "10": 48.6,
            "11": 43.45,
            "12": 26.88,
            "13": -4.29,
            "14": 29.7,
            "15": 50.22,
            "16": 27.31,
            "18": 43.31,
            "19": 37.28,
            "20": 42.46,
            "21": 21.89,
            "22": 23.14,
            "23": 38.46,
            "24": 13.15,
            "25": 54.38,
            "26": 57.04,
            "27": 40.08,
            "28": 41.5,
            "29": 27.58,
            "30": 46.79,
            "31": 32.02,
            "32": 54.33,
            "33": 49.16,
            "34": 60.47,
            "35": 40.52,
            "36": 35.67,
            "37": 28.69,
            "38": 80.93,
            "39": 24.17,
            "40": 34.05,
            "41": 55.23,
            "42": 66.2,
            "43": 38.61,
            "44": 36.72,
            "45": 64.54,
            "46": 17.33,
            "47": 18.37
        },
        "18": {
            "0": 67.61,
            "1": 32.78,
            "2": 34.59,
            "3": 61.62,
            "4": 33.35,
            "5": 18.08,
            "6": 46.88,
            "7": 29.35,
            "8": 44.7,
            "9": 46.04,
            "10": 19.03,
            "11": 24.55,
            "12": 19.99,
            "13": 40.88,
            "14": 28.76,
            "15": 58.59,
            "16": 21.41,
            "17": 43.31,
            "19": 32.5,
            "20": 48.45,
            "21": 32.08,
            "22": 32.81,
            "23": 48.54,
            "24": 18.59,
            "25": 49.25,
            "26": 53.02,
            "27": 38.34,
            "28": 42.43,
            "29": 48.74,
            "30": 14.19,
            "31": 31.08,
            "32": 46.02,
            "33": 31.92,
            "34": 44.1,
            "35": 19.09,
            "36": 34.01,
            "37": 49.0,
            "38": 55.5,
            "39": 40.39,
            "40": 46.08,
            "41": 27.72,
            "42": 32.54,
            "43": 41.99,
            "44": 35.25,
            "45": 24.82,
            "46": 8.51,
            "47": 10.42
        },
        "19": {
            "0": 27.31,
            "1": 16.55,
            "2": 35.02,
            "3": 37.85,
            "4": 76.73,
            "5": 43.91,
            "6": 18.36,
            "7": 49.88,
            "8": 47.33,
            "9": 28.18,
            "10": 32.51,
            "11": 33.5,
            "12": 46.5,
            "13": 66.66,
            "14": 22.67,
            "15": 29.25,
            "16": 23.07,
            "17": 37.28,
            "18": 32.5,
            "20": 48.67,
            "21": 25.98,
            "22": 33.98,
            "23": 35.91,
            "24": 26.62,
            "25": 36.65,
            "26": 55.2,
            "27": 10.81,
            "28": 20.38,
            "29": 25.3,
            "30": 37.45,
            "31": 17.25,
            "32": 35.31,
            "33": 30.31,
            "34": 40.32,
            "35": 48.62,
            "36": 25.56,
            "37": 46.61,
            "38": 48.85,
            "39": 49.45,
            "40": 45.59,
            "41": 45.15,
            "42": 40.51,
            "43": 26.0,
            "44": 48.8,
            "45": 28.92,
            "46": 40.41,
            "47": 42.21
        },
        "20": {
            "0": 42.53,
            "1": 40.16,
            "2": 35.73,
            "3": 35.39,
            "4": 53.08,
            "5": 25.8,
            "6": 37.4,
            "7": 50.43,
            "8": 46.35,
            "9": 43.95,
            "10": 34.48,
            "11": 37.14,
            "12": 12.51,
            "13": 26.29,
            "14": 6.14,
            "15": 28.39,
            "16": 41.45,
            "17": 42.46,
            "18": 48.45,
            "19": 48.67,
            "21": 40.66,
            "22": 59.14,
            "23": 47.77,
            "24": 25.71,
            "25": 51.03,
            "26": 62.33,
            "27": 9.46,
            "28": 39.25,
            "29": 26.53,
            "30": 32.74,
            "31": 23.52,
            "32": 31.75,
            "33": 36.01,
            "34": 41.8,
            "35": 51.38,
            "36": 27.93,
            "37": 31.42,
            "38": 36.99,
            "39": 36.67,
            "40": 32.53,
            "41": 21.25,
            "42": 59.12,
            "43": 32.69,
            "44": 37.39,
            "45": 16.71,
            "46": 38.26,
            "47": 27.29
        },
        "21": {
            "0": 32.28,
            "1": 22.99,
            "2": 38.78,
            "3": 51.68,
            "4": 18.68,
            "5": 50.14,
            "6": 48.21,
            "7": 39.12,
            "8": 61.79,
            "9": 36.91,
            "10": 46.13,
            "11": 32.36,
            "12": 22.85,
            "13": 16.64,
            "14": 34.88,
            "15": 29.58,
            "16": 41.15,
            "17": 21.89,
            "18": 32.08,
            "19": 25.98,
            "20": 40.66,
            "22": 25.8,
            "23": 13.9,
            "24": 71.47,
            "25": 31.81,
            "26": 17.87,
            "27": 30.54,
            "28": 52.83,
            "29": 31.94,
            "30": 66.91,
            "31": 8.6,
            "32": 14.55,
            "33": 47.96,
            "34": 64.5,
            "35": 55.56,
            "36": 53.91,
            "37": 15.42,
            "38": 29.03,
            "39": 40.25,
            "40": 42.2,
            "41": 29.9,
            "42": 21.32,
            "43": 44.89,
            "44": 34.57,
            "45": 4.3,
            "46": 60.3,
            "47": 18.48
        },
        "22": {
            "0": 28.99,
            "1": 35.02,
            "2": 57.18,
            "3": 31.06,
            "4": 44.44,
            "5": 36.68,
            "6": 64.31,
            "7": 16.25,
            "8": 19.31,
            "9": 46.73,
            "10": 43.67,
            "11": 29.94,
            "12": 19.72,
            "13": 23.5,
            "14": 17.7,
            "15": 0.77,
            "16": 45.55,
            "17": 23.14,
            "18": 32.81,
            "19": 33.98,
            "20": 59.14,
            "21": 25.8,
            "23": 10.12,
            "24": 26.02,
            "25": 28.73,
            "26": 47.92,
            "27": 31.63,
            "28": 25.8,
            "29": 51.7,
            "30": 41.92,
            "31": 70.27,
            "32": 32.72,
            "33": 45.38,
            "34": 41.38,
            "35": 59.35,
            "36": 78.44,
            "37": 69.56,
            "38": 31.46,
            "39": 7.29,
            "40": 33.17,
            "41": 30.83,
            "42": 32.84,
            "43": 15.74,
            "44": 24.25,
            "45": 61.8,
            "46": 17.21,
            "47": 21.7
        },
        "23": {
            "0": 7.01,
            "1": 57.27,
            "2": 39.36,
            "3": 43.0,
            "4": 58.49,
            "5": 40.09,
            "6": 34.44,
            "7": -8.28,
            "8": 24.62,
            "9": 27.24,
            "10": 24.27,
            "11": 51.87,
            "12": 29.33,
            "13": 30.55,
            "14": 38.2,
            "15": 31.07,
            "16": 37.17,
            "17": 38.46,
            "18": 48.54,
            "19": 35.91,
            "20": 47.77,
            "21": 13.9,
            "22": 10.12,
            "24": 48.66,
            "25": 30.12,
            "26": 38.33,
            "27": 25.18,
            "28": 33.24,
            "29": 51.39,
            "30": 43.66,
            "31": 34.23,
            "32": 49.27,
            "33": 46.81,
            "34": 18.68,
            "35": 40.58,
            "36": 60.46,
            "37": 44.13,
            "38": 32.51,
            "39": 44.79,
            "40": 36.45,
            "41": 25.62,
            "42": 26.02,
            "43": 14.45,
            "44": 52.14,
            "45": 32.77,
            "46": 39.82,
            "47": 30.9
        },
        "24": {
            "0": 14.14,
            "1": 54.54,
            "2": 40.06,
            "3": 37.9,
            "4": 29.92,
            "5": 38.03,
            "6": 57.09,
            "7": 51.71,
            "8": 49.0,
            "9": 63.68,
            "10": 17.37,
            "11": -5.11,
            "12": 25.8,
            "13": 47.86,
            "14": 43.82,
            "15": 24.47,
            "16": 37.85,
            "17": 13.15,
            "18": 18.59,
            "19": 26.62,
            "20": 25.71,
            "21": 71.47,
            "22": 26.02,
            "23": 48.66,
            "25": 38.27,
            "26": 36.1,
            "27": 40.86,
            "28": 40.23,
            "29": 32.05,
            "30": 32.7,
            "31": 10.53,
            "32": 49.0,
            "33": 47.1,
            "34": 20.96,
            "35": 23.3,
            "36": 38.91,
            "37": 7.16,
            "38": 38.98,
            "39": 23.8,
            "40": 60.62,
            "41": 6.79,
            "42": 40.06,
            "43": 50.14,
            "44": 45.54,
            "45": 45.42,
            "46": 37.5,
            "47": 41.98
        },
        "25": {
            "0": 37.3,
            "1": 31.31,
            "2": 24.16,
            "3": 42.36,
            "4": 30.99,
            "5": 53.42,
            "6": 44.25,
            "7": 45.97,
            "8": 47.82,
            "9": 37.82,
            "10": 2.38,
            "11": 34.93,
            "12": 34.17,
            "13": 35.28,
            "14": 33.62,
            "15": 53.31,
            "16": 16.92,
            "17": 54.38,
            "18": 49.25,
            "19": 36.65,
            "20": 51.03,
            "21": 31.81,
            "22": 28.73,
            "23": 30.12,
            "24": 38.27,
            "26": 29.82,
            "27": 52.16,
            "28": 55.91,
            "29": 38.43,
            "30": 18.44,
            "31": 46.99,
            "32": 20.81,
            "33": 25.84,
            "34": 28.23,
            "35": 52.62,
            "36": 48.73,
            "37": 59.37,
            "38": 49.96,
            "39": 58.69,
            "40": 12.6,
            "41": 40.8,
            "42": 24.96,
            "43": 30.75,
            "44": 35.18,
            "45": 29.22,
            "46": 27.82,
            "47": 27.84
        },
        "26": {
            "0": 17.0,
            "1": 54.39,
            "2": 29.32,
            "3": 28.56,
            "4": 29.38,
            "5": 39.6,
            "6": 52.94,
            "7": 39.39,
            "8": 46.0,
            "9": 45.4,
            "10": 34.65,
            "11": 1.68,
            "12": 51.45,
            "13": 43.96,
            "14": 37.29,
            "15": -1.91,
            "16": 42.54,
            "17": 57.04,
            "18": 53.02,
            "19": 55.2,
            "20": 62.33,
            "21": 17.87,
            "22": 47.92,
            "23": 38.33,
            "24": 36.1,
            "25": 29.82,
            "27": 44.53,
            "28": 27.42,
            "29": 29.25,
            "30": 42.7,
            "31": 50.56,
            "32": 30.31,
            "33": 48.25,
            "34": 27.58,
            "35": 39.08,
            "36": 27.41,
            "37": 38.2,
            "38": 49.31,
            "39": 29.94,
            "40": 36.59,
            "41": 39.87,
            "42": 79.41,
            "43": 50.05,
            "44": 67.98,
            "45": 65.5,
            "46": 7.76,
            "47": 39.35
        },
        "27": {
            "0": 53.8,
            "1": 41.66,
            "2": 36.88,
            "3": 19.68,
            "4": 56.76,
            "5": 48.12,
            "6": 3.88,
            "7": 20.89,
            "8": 35.43,
            "9": 43.3,
            "10": 51.13,
            "11": 22.65,
            "12": 45.86,
            "13": 42.56,
            "14": 23.5,
            "15": 71.29,
            "16": 27.05,
            "17": 40.08,
            "18": 38.34,
            "19": 10.81,
            "20": 9.46,
            "21": 30.54,
            "22": 31.63,
            "23": 25.18,
            "24": 40.86,
            "25": 52.16,
            "26": 44.53,
            "28": 17.43,
            "29": 37.7,
            "30": 48.17,
            "31": 26.09,
            "32": 23.19,
            "33": 15.29,
            "34": 19.99,
            "35": 34.61,
            "36": 68.27,
            "37": 30.87,
            "38": 53.53,
            "39": 22.82,
            "40": 48.29,
            "41": 6.6,
            "42": 36.74,
            "43": 12.13,
            "44": 22.63,
            "45": 16.11,
            "46": 33.39,
            "47": 27.27
        },
        "28": {
            "0": 36.7,
            "1": 32.51,
            "2": 4.17,
            "3": 47.69,
            "4": 18.97,
            "5": 59.28,
            "6": 28.55,
            "7": 1.58,
            "8": 31.57,
            "9": 35.06,
            "10": 55.62,
            "11": 17.06,
            "12": 55.53,
            "13": 23.45,
            "14": 39.85,
            "15": 16.11,
            "16": 13.89,
            "17": 41.5,
            "18": 42.43,
            "19": 20.38,
            "20": 39.25,
            "21": 52.83,
            "22": 25.8,
            "23": 33.24,
            "24": 40.23,
            "25": 55.91,
            "26": 27.42,
            "27": 17.43,
            "29": 31.64,
            "30": 44.75,
            "31": 23.45,
            "32": 33.77,
            "33": 36.33,
            "34": 3.01,
            "35": 41.67,
            "36": 34.22,
            "37": 40.18,
            "38": 15.78,
            "39": 26.72,
            "40": 30.76,
            "41": 66.17,
            "42": 37.27,
            "43": 41.68,
            "44": 9.71,
            "45": 26.12,
            "46": 45.21,
            "47": 48.76
        },
        "29": {
            "0": 4.77,
            "1": 53.42,
            "2": 39.59,
            "3": 50.82,
            "4": 33.11,
            "5": 31.22,
            "6": 36.16,
            "7": 32.73,
            "8": 20.04,
            "9": 48.41,
            "10": 61.6,
            "11": 39.3,
            "12": 30.08,
            "13": 41.79,
            "14": 46.32,
            "15": 40.67,
            "16": 59.63,
            "17": 27.58,
            "18": 48.74,
            "19": 25.3,
            "20": 26.53,
            "21": 31.94,
            "22": 51.7,
            "23": 51.39,
            "24": 32.05,
            "25": 38.43,
            "26": 29.25,
            "27": 37.7,
            "28": 31.64,
            "30": 43.08,
            "31": 8.35,
            "32": 11.15,
            "33": 35.18,
            "34": 51.78,
            "35": 43.69,
            "36": 14.54,
            "37": 17.72,
            "38": 21.37,
            "39": 41.34,
            "40": 26.9,
            "41": 28.71,
            "42": 55.34,
            "43": 32.06,
            "44": 45.91,
            "45": 43.64,
            "46": 39.3,
            "47": 27.3
        },
        "30": {
            "0": 28.55,
            "1": 52.07,
            "2": 44.17,
            "3": 48.04,
            "4": 32.08,
            "5": 47.38,
            "6": 53.38,
            "7": 54.14,
            "8": 31.48,
            "9": 16.07,
            "10": 26.15,
            "11": 45.5,
            "12": 14.69,
            "13": 13.79,
            "14": 19.16,
            "15": 42.21,
            "16": 40.51,
            "17": 46.79,
            "18": 14.19,
            "19": 37.45,
            "20": 32.74,
            "21": 66.91,
            "22": 41.92,
            "23": 43.66,
            "24": 32.7,
            "25": 18.44,
            "26": 42.7,
            "27": 48.17,
            "28": 44.75,
            "29": 43.08,
            "31": 47.6,
            "32": 32.53,
            "33": 49.57,
            "34": 22.84,
            "35": 57.58,
            "36": 21.21,
            "37": 28.64,
            "38": 41.72,
            "39": 31.1,
            "40": 32.4,
            "41": 46.35,
            "42": 26.18,
            "43": 33.05,
            "44": 29.0,
            "45": 46.93,
            "46": 14.36,
            "47": 16.18
        },
        "31": {
            "0": 50.8,
            "1": 40.34,
            "2": 31.81,
            "3": 39.74,
            "4": 41.13,
            "5": 22.4,
            "6": 29.26,
            "7": 7.78,
            "8": 45.46,
            "9": 50.52,
            "10": 28.6,
            "11": 69.69,
            "12": 27.97,
            "13": 40.9,
            "14": 50.04,
            "15": 59.98,
            "16": 44.51,
            "17": 32.02,
            "18": 31.08,
            "19": 17.25,
            "20": 23.52,
            "21": 8.6,
            "22": 70.27,
            "23": 34.23,
            "24": 10.53,
            "25": 46.99,
            "26": 50.56,
            "27": 26.09,
            "28": 23.45,
            "29": 8.35,
            "30": 47.6,
            "32": 6.44,
            "33": 39.93,
            "34": 52.12,
            "35": 27.29,
            "36": 28.8,
            "37": 17.62,
            "38": 29.41,
            "39": 29.32,
            "40": 44.82,
            "41": 8.89,
            "42": 14.93,
            "43": 35.42,
            "44": 50.57,
            "45": 51.93,
            "46": 16.36,
            "47": 39.62
        },
        "32": {
            "0": 26.84,
            "1": 61.41,
            "2": 45.62,
            "3": 45.17,
            "4": 44.86,
            "5": 46.72,
            "6": 39.86,
            "7": 11.3,
            "8": 53.62,
            "9": 18.88,
            "10": 36.96,
            "11": 24.14,
            "12": 23.41,
            "13": 62.92,
            "14": 35.32,
            "15": 56.54,
            "16": 38.56,
            "17": 54.33,
            "18": 46.02,
            "19": 35.31,
            "20": 31.75,
            "21": 14.55,
            "22": 32.72,
            "23": 49.27,
            "24": 49.0,
            "25": 20.81,
            "26": 30.31,
            "27": 23.19,
            "28": 33.77,
            "29": 11.15,
            "30": 32.53,
            "31": 6.44,
            "33": 55.24,
            "34": 24.1,
            "35": 53.45,
            "36": 46.38,
            "37": 39.48,
            "38": 26.97,
            "39": 37.25,
            "40": 42.95,
            "41": 38.57,
            "42": 41.61,
            "43": 63.46,
            "44": 46.31,
            "45": 41.57,
            "46": 32.09,
            "47": 34.72
        },
        "33": {
            "0": 35.15,
            "1": 28.07,
            "2": 77.22,
            "3": 51.69,
            "4": 40.95,
            "5": 37.56,
            "6": 21.68,
            "7": 18.67,
            "8": 11.34,
            "9": 26.26,
            "10": 36.75,
            "11": 35.67,
            "12": 49.42,
            "13": 34.84,
            "14": 35.14,
            "15": 23.98,
            "16": 29.05,
            "17": 49.16,
            "18": 31.92,
            "19": 30.31,
            "20": 36.01,
            "21": 47.96,
            "22": 45.38,
            "23": 46.81,
            "24": 47.1,
            "25": 25.84,
            "26": 48.25,
            "27": 15.29,
            "28": 36.33,
            "29": 35.18,
            "30": 49.57,
            "31": 39.93,
            "32": 55.24,
            "34": 26.84,
            "35": 33.21,
            "36": 25.14,
            "37": 13.36,
            "38": 32.59,
            "39": 32.38,
            "40": 44.72,
            "41": 28.19,
            "42": 31.27,
            "43": 10.09,
            "44": 37.37,
            "45": 37.01,
            "46": 58.62,
            "47": 28.83
        },
        "34": {
            "0": 14.42,
            "1": 13.16,
            "2": 47.17,
            "3": 35.47,
            "4": 56.94,
            "5": 17.64,
            "6": 37.9,
            "7": 67.65,
            "8": 25.65,
            "9": 46.18,
            "10": 24.81,
            "11": 19.39,
            "12": 66.17,
            "13": 55.08,
            "14": 16.43,
            "15": 17.86,
            "16": 56.96,
            "17": 60.47,
            "18": 44.1,
            "19": 40.32,
            "20": 41.8,
            "21": 64.5,
            "22": 41.38,
            "23": 18.68,
            "24": 20.96,
            "25": 28.23,
            "26": 27.58,
            "27": 19.99,
            "28": 3.01,
            "29": 51.78,
            "30": 22.84,
            "31": 52.12,
            "32": 24.1,
            "33": 26.84,
            "35": -3.03,
            "36": 6.81,
            "37": 30.26,
            "38": 48.38,
            "39": 54.04,
            "40": 46.87,
            "41": 18.02,
            "42": 36.38,
            "43": 9.46,
            "44": 50.13,
            "45": 21.56,
            "46": 56.33,
            "47": 41.36
        },
        "35": {
            "0": 62.62,
            "1": 29.99,
            "2": 20.59,
            "3": 13.32,
            "4": 41.84,
            "5": 43.6,
            "6": 15.19,
            "7": 19.28,
            "8": 13.99,
            "9": 57.0,
            "10": 59.39,
            "11": 23.18,
            "12": 28.26,
            "13": 22.98,
            "14": 39.19,
            "15": 47.62,
            "16": 12.94,
            "17": 40.52,
            "18": 19.09,
            "19": 48.62,
            "20": 51.38,
            "21": 55.56,
            "22": 59.35,
            "23": 40.58,
            "24": 23.3,
            "25": 52.62,
            "26": 39.08,
            "27": 34.61,
            "28": 41.67,
            "29": 43.69,
            "30": 57.58,
            "31": 27.29,
            "32": 53.45,
            "33": 33.21,
            "34": -3.03,
            "36": 28.56,
            "37": 44.88,
            "38": 56.97,
            "39": 22.79,
            "40": 45.25,
            "41": 71.09,
            "42": 32.32,
            "43": 61.81,
            "44": 37.04,
            "45": 21.91,
            "46": 16.6,
            "47": 43.76
        },
        "36": {
            "0": 53.44,
            "1": 11.23,
            "2": 51.88,
            "3": 19.47,
            "4": 35.93,
            "5": 17.4,
            "6": 44.48,
            "7": 53.41,
            "8": 26.08,
            "9": 53.48,
            "10": 55.15,
            "11": 46.83,
            "12": 22.97,
            "13": 40.93,
            "14": 23.2,
            "15": 47.1,
            "16": 36.31,
            "17": 35.67,
            "18": 34.01,
            "19": 25.56,
            "20": 27.93,
            "21": 53.91,
            "22": 78.44,
            "23": 60.46,
            "24": 38.91,
            "25": 48.73,
            "26": 27.41,
            "27": 68.27,
            "28": 34.22,
            "29": 14.54,
            "30": 21.21,
            "31": 28.8,
            "32": 46.38,
            "33": 25.14,
            "34": 6.81,
            "35": 28.56,
            "37": 35.48,
            "38": 41.12,
            "39": 28.39,
            "40": 3.89,
            "41": 59.05,
            "42": -1.31,
            "43": 34.95,
            "44": 34.54,
            "45": 49.73,
            "46": 23.54,
            "47": 2.67
        },
        "37": {
            "0": 40.48,
            "1": 63.68,
            "2": 6.96,
            "3": 39.63,
            "4": 25.61,
            "5": 44.15,
            "6": 35.99,
            "7": 36.35,
            "8": 19.93,
            "9": 6.41,
            "10": 27.5,
            "11": 36.96,
            "12": 21.61,
            "13": 47.46,
            "14": 37.31,
            "15": 40.48,
            "16": 43.7,
            "17": 28.69,
            "18": 49.0,
            "19": 46.61,
            "20": 31.42,
            "21": 15.42,
            "22": 69.56,
            "23": 44.13,
            "24": 7.16,
            "25": 59.37,
            "26": 38.2,
            "27": 30.87,
            "28": 40.18,
            "29": 17.72,
            "30": 28.64,
            "31": 17.62,
            "32": 39.48,
            "33": 13.36,
            "34": 30.26,
            "35": 44.88,
            "36": 35.48,
            "38": 48.17,
            "39": 11.97,
            "40": 46.9,
            "41": 31.99,
            "42": 38.17,
            "43": 35.4,
            "44": 21.54,
            "45": 71.1,
            "46": 13.37,
            "47": 14.09
        },
        "38": {
            "0": 0.69,
            "1": 35.08,
            "2": 26.48,
            "3": 48.29,
            "4": 35.47,
            "5": 47.61,
            "6": 41.27,
            "7": 39.96,
            "8": 38.34,
            "9": 36.91,
            "10": 22.26,
            "11": 40.96,
            "12": 30.32,
            "13": 50.96,
            "14": 54.21,
            "15": 45.0,
            "16": 28.45,
            "17": 80.93,
            "18": 55.5,
            "19": 48.85,
            "20": 36.99,
            "21": 29.03,
            "22": 31.46,
            "23": 32.51,
            "24": 38.98,
            "25": 49.96,
            "26": 49.31,
            "27": 53.53,
            "28": 15.78,
            "29": 21.37,
            "30": 41.72,
            "31": 29.41,
            "32": 26.97,
            "33": 32.59,
            "34": 48.38,
            "35": 56.97,
            "36": 41.12,
            "37": 48.17,
            "39": 46.63,
            "40": 45.57,
            "41": 43.85,
            "42": 44.27,
            "43": 36.7,
            "44": 39.83,
            "45": 11.2,
            "46": 70.43,
            "47": 32.93
        },
        "39": {
            "0": 35.67,
            "1": 45.63,
            "2": 45.05,
            "3": 16.81,
            "4": 33.82,
            "5": 52.59,
            "6": 49.01,
            "7": 77.81,
            "8": 43.28,
            "9": 45.24,
            "10": 36.17,
            "11": 35.96,
            "12": 44.56,
            "13": 13.47,
            "14": 43.25,
            "15": 55.95,
            "16": 44.41,
            "17": 24.17,
            "18": 40.39,
            "19": 49.45,
            "20": 36.67,
            "21": 40.25,
            "22": 7.29,
            "23": 44.79,
            "24": 23.8,
            "25": 58.69,
            "26": 29.94,
            "27": 22.82,
            "28": 26.72,
            "29": 41.34,
            "30": 31.1,
            "31": 29.32,
            "32": 37.25,
            "33": 32.38,
            "34": 54.04,
            "35": 22.79,
            "36": 28.39,
            "37": 11.97,
            "38": 46.63,
            "40": 63.95,
            "41": 34.57,
            "42": 31.49,
            "43": 37.22,
            "44": 37.51,
            "45": 24.66,
            "46": 54.24,
            "47": 38.26
        },
        "40": {
            "0": 44.34,
            "1": 21.76,
            "2": 42.63,
            "3": 35.15,
            "4": 37.97,
            "5": 11.45,
            "6": 40.23,
            "7": 22.29,
            "8": 51.27,
            "9": 44.19,
            "10": 56.38,
            "11": 29.13,
            "12": 34.86,
            "13": 42.84,
            "14": 74.33,
            "15": 26.91,
            "16": -1.13,
            "17": 34.05,
            "18": 46.08,
            "19": 45.59,
            "20": 32.53,
            "21": 42.2,
            "22": 33.17,
            "23": 36.45,
            "24": 60.62,
            "25": 12.6,
            "26": 36.59,
            "27": 48.29,
            "28": 30.76,
            "29": 26.9,
            "30": 32.4,
            "31": 44.82,
            "32": 42.95,
            "33": 44.72,
            "34": 46.87,
            "35": 45.25,
            "36": 3.89,
            "37": 46.9,
            "38": 45.57,
            "39": 63.95,
            "41": 29.3,
            "42": 51.06,
            "43": 56.3,
            "44": 20.61,
            "45": 5.06,
            "46": 56.19,
            "47": 44.9
        },
        "41": {
            "0": 76.1,
            "1": 41.4,
            "2": 42.21,
            "3": 20.37,
            "4": 16.85,
            "5": 23.35,
            "6": 26.25,
            "7": 52.48,
            "8": 29.64,
            "9": 46.0,
            "10": 60.48,
            "11": 34.83,
            "12": 21.52,
            "13": 50.03,
            "14": 58.56,
            "15": 39.9,
            "16": 45.19,
            "17": 55.23,
            "18": 27.72,
            "19": 45.15,
            "20": 21.25,
            "21": 29.9,
            "22": 30.83,
            "23": 25.62,
            "24": 6.79,
            "25": 40.8,
            "26": 39.87,
            "27": 6.6,
            "28": 66.17,
            "29": 28.71,
            "30": 46.35,
            "31": 8.89,
            "32": 38.57,
            "33": 28.19,
            "34": 18.02,
            "35": 71.09,
            "36": 59.05,
            "37": 31.99,
            "38": 43.85,
            "39": 34.57,
            "40": 29.3,
            "42": 24.39,
            "43": 60.63,
            "44": 24.62,
            "45": 71.92,
            "46": 49.27,
            "47": 30.6
        },
        "42": {
            "0": 49.91,
            "1": 27.82,
            "2": 25.31,
            "3": 52.61,
            "4": 44.5,
            "5": 17.14,
            "6": 52.1,
            "7": 37.16,
            "8": 57.22,
            "9": 22.8,
            "10": 30.72,
            "11": 29.18,
            "12": 23.11,
            "13": 50.78,
            "14": 43.64,
            "15": 19.05,
            "16": 51.69,
            "17": 66.2,
            "18": 32.54,
            "19": 40.51,
            "20": 59.12,
            "21": 21.32,
            "22": 32.84,
            "23": 26.02,
            "24": 40.06,
            "25": 24.96,
            "26": 79.41,
            "27": 36.74,
            "28": 37.27,
            "29": 55.34,
            "30": 26.18,
            "31": 14.93,
            "32": 41.61,
            "33": 31.27,
            "34": 36.38,
            "35": 32.32,
            "36": -1.31,
            "37": 38.17,
            "38": 44.27,
            "39": 31.49,
            "40": 51.06,
            "41": 24.39,
            "43": 78.34,
            "44": 30.84,
            "45": 32.03,
            "46": -4.47,
            "47": 33.29
        },
        "43": {
            "0": 29.98,
            "1": 39.06,
            "2": 21.79,
            "3": 22.03,
            "4": 36.42,
            "5": 28.72,
            "6": 32.16,
            "7": 29.3,
            "8": 51.41,
            "9": 29.14,
            "10": 54.92,
            "11": 32.69,
            "12": 14.87,
            "13": 39.69,
            "14": 41.84,
            "15": 5.27,
            "16": 9.69,
            "17": 38.61,
            "18": 41.99,
            "19": 26.0,
            "20": 32.69,
            "21": 44.89,
            "22": 15.74,
            "23": 14.45,
            "24": 50.14,
            "25": 30.75,
            "26": 50.05,
            "27": 12.13,
            "28": 41.68,
            "29": 32.06,
            "30": 33.05,
            "31": 35.42,
            "32": 63.46,
            "33": 10.09,
            "34": 9.46,
            "35": 61.81,
            "36": 34.95,
            "37": 35.4,
            "38": 36.7,
            "39": 37.22,
            "40": 56.3,
            "41": 60.63,
            "42": 78.34,
            "44": 46.82,
            "45": 23.22,
            "46": 27.94,
            "47": 20.9
        },
        "44": {
            "0": 38.71,
            "1": 38.31,
            "2": 49.47,
            "3": 30.52,
            "4": 71.04,
            "5": 12.24,
            "6": 38.74,
            "7": -2.89,
            "8": 23.94,
            "9": 47.79,
            "10": 26.65,
            "11": 33.05,
            "12": 19.91,
            "13": 37.51,
            "14": 67.65,
            "15": 44.78,
            "16": 77.77,
            "17": 36.72,
            "18": 35.25,
            "19": 48.8,
            "20": 37.39,
            "21": 34.57,
            "22": 24.25,
            "23": 52.14,
            "24": 45.54,
            "25": 35.18,
            "26": 67.98,
            "27": 22.63,
            "28": 9.71,
            "29": 45.91,
            "30": 29.0,
            "31": 50.57,
            "32": 46.31,
            "33": 37.37,
            "34": 50.13,
            "35": 37.04,
            "36": 34.54,
            "37": 21.54,
            "38": 39.83,
            "39": 37.51,
            "40": 20.61,
            "41": 24.62,
            "42": 30.84,
            "43": 46.82,
            "45": 36.2,
            "46": 12.58,
            "47": 44.64
        },
        "45": {
            "0": 36.74,
            "1": 37.13,
            "2": 43.53,
            "3": 47.04,
            "4": 31.62,
            "5": 31.94,
            "6": 58.49,
            "7": 7.85,
            "8": 66.96,
            "9": 41.86,
            "10": 32.62,
            "11": 33.86,
            "12": 19.79,
            "13": 35.86,
            "14": 31.9,
            "15": 18.37,
            "16": 13.28,
            "17": 64.54,
            "18": 24.82,
            "19": 28.92,
            "20": 16.71,
            "21": 4.3,
            "22": 61.8,
            "23": 32.77,
            "24": 45.42,
            "25": 29.22,
            "26": 65.5,
            "27": 16.11,
            "28": 26.12,
            "29": 43.64,
            "30": 46.93,
            "31": 51.93,
            "32": 41.57,
            "33": 37.01,
            "34": 21.56,
            "35": 21.91,
            "36": 49.73,
            "37": 71.1,
            "38": 11.2,
            "39": 24.66,
            "40": 5.06,
            "41": 71.92,
            "42": 32.03,
            "43": 23.22,
            "44": 36.2,
            "46": 62.72,
            "47": 19.72
        },
        "46": {
            "0": 27.7,
            "1": 36.56,
            "2": 40.17,
            "3": -2.01,
            "4": 36.59,
            "5": 45.54,
            "6": 19.82,
            "7": 49.89,
            "8": 35.15,
            "9": 48.31,
            "10": 51.81,
            "11": 21.46,
            "12": 17.49,
            "13": 45.09,
            "14": 40.32,
            "15": 57.04,
            "16": 61.91,
            "17": 17.33,
            "18": 8.51,
            "19": 40.41,
            "20": 38.26,
            "21": 60.3,
            "22": 17.21,
            "23": 39.82,
            "24": 37.5,
            "25": 27.82,
            "26": 7.76,
            "27": 33.39,
            "28": 45.21,
            "29": 39.3,
            "30": 14.36,
            "31": 16.36,
            "32": 32.09,
            "33": 58.62,
            "34": 56.33,
            "35": 16.6,
            "36": 23.54,
            "37": 13.37,
            "38": 70.43,
            "39": 54.24,
            "40": 56.19,
            "41": 49.27,
            "42": -4.47,
            "43": 27.94,
            "44": 12.58,
            "45": 62.72,
            "47": 48.19
        },
        "47": {
            "0": 49.74,
            "1": 58.44,
            "2": 40.01,
            "3": 22.96,
            "4": 12.33,
            "5": 40.64,
            "6": 17.83,
            "7": 41.42,
            "8": 5.66,
            "9": 48.22,
            "10": 25.71,
            "11": 37.12,
            "12": 33.29,
            "13": 23.96,
            "14": 28.75,
            "15": 40.66,
            "16": 16.82,
            "17": 18.37,
            "18": 10.42,
            "19": 42.21,
            "20": 27.29,
            "21": 18.48,
            "22": 21.7,
            "23": 30.9,
            "24": 41.98,
            "25": 27.84,
            "26": 39.35,
            "27": 27.27,
            "28": 48.76,
            "29": 27.3,
            "30": 16.18,
            "31": 39.62,
            "32": 34.72,
            "33": 28.83,
            "34": 41.36,
            "35": 43.76,
            "36": 2.67,
            "37": 14.09,
            "38": 32.93,
            "39": 38.26,
            "40": 44.9,
            "41": 30.6,
            "42": 33.29,
            "43": 20.9,
            "44": 44.64,
            "45": 19.72,
            "46": 48.19
        }
    }
}