{
    "knapsack_size": 1439,
    "Gamma": 11,
    "n_items": 54,
    "costs": {
        "0": {
            "l": 78.46,
            "a": 184.21,
            "u": 195.35
        },
        "1": {
            "l": 18.02,
            "a": 122.65,
            "u": 170.89
        },
        "2": {
            "l": 59.03,
            "a": 76.99,
            "u": 153.79
        },
        "3": {
            "l": 72.23,
            "a": 122.46,
            "u": 142.04
        },
        "4": {
            "l": 56.56,
            "a": 111.58,
            "u": 172.84
        },
        "5": {
            "l": 85.28,
            "a": 165.42,
            "u": 179.14
        },
        "6": {
            "l": 10.87,
            "a": 149.27,
            "u": 175.21
        },
        "7": {
            "l": 34.78,
            "a": 101.96,
            "u": 130.62
        },
        "8": {
            "l": 4.01,
            "a": 196.44,
            "u": 198.22
        },
        "9": {
            "l": 80.24,
            "a": 171.88,
            "u": 197.82
        },
        "10": {
            "l": 46.22,
            "a": 186.55,
            "u": 189.68
        },
        "11": {
            "l": 99.29,
            "a": 146.58,
            "u": 164.38
        },
        "12": {
            "l": 55.89,
            "a": 159.53,
            "u": 180.25
        },
        "13": {
            "l": 34.46,
            "a": 165.19,
            "u": 199.7
        },
        "14": {
            "l": 21.52,
            "a": 122.05,
            "u": 180.57
        },
        "15": {
            "l": 95.86,
            "a": 184.9,
            "u": 186.67
        },
        "16": {
            "l": 63.34,
            "a": 122.86,
            "u": 187.45
        },
        "17": {
            "l": 8.89,
            "a": 101.02,
            "u": 127.91
        },
        "18": {
            "l": 18.67,
            "a": 195.37,
            "u": 199.53
        },
        "19": {
            "l": 83.29,
            "a": 91.95,
            "u": 192.45
        },
        "20": {
            "l": 63.18,
            "a": 72.69,
            "u": 92.08
        },
        "21": {
            "l": 70.26,
            "a": 153.56,
            "u": 187.22
        },
        "22": {
            "l": 36.26,
            "a": 194.48,
            "u": 199.52
        },
        "23": {
            "l": 57.52,
            "a": 133.53,
            "u": 176.76
        },
        "24": {
            "l": 78.23,
            "a": 89.12,
            "u": 178.53
        },
        "25": {
            "l": 15.44,
            "a": 115.7,
            "u": 156.52
        },
        "26": {
            "l": 28.17,
            "a": 113.42,
            "u": 159.09
        },
        "27": {
            "l": 68.51,
            "a": 112.28,
            "u": 133.76
        },
        "28": {
            "l": 15.07,
            "a": 141.25,
            "u": 175.67
        },
        "29": {
            "l": 69.01,
            "a": 194.72,
            "u": 197.84
        },
        "30": {
            "l": 88.16,
            "a": 194.76,
            "u": 196.72
        },
        "31": {
            "l": 2.13,
            "a": 24.92,
            "u": 35.95
        },
        "32": {
            "l": 5.95,
            "a": 70.47,
            "u": 189.29
        },
        "33": {
            "l": 61.68,
            "a": 182.15,
            "u": 196.01
        },
        "34": {
            "l": 2.12,
            "a": 60.53,
            "u": 185.75
        },
        "35": {
            "l": 54.13,
            "a": 143.56,
            "u": 158.4
        },
        "36": {
            "l": 6.01,
            "a": 128.1,
            "u": 188.48
        },
        "37": {
            "l": 56.47,
            "a": 192.47,
            "u": 198.48
        },
        "38": {
            "l": 42.79,
            "a": 98.84,
            "u": 136.04
        },
        "39": {
            "l": 38.04,
            "a": 59.72,
            "u": 85.63
        },
        "40": {
            "l": 25.29,
            "a": 149.28,
            "u": 186.66
        },
        "41": {
            "l": 6.16,
            "a": 21.65,
            "u": 22.74
        },
        "42": {
            "l": 34.68,
            "a": 56.28,
            "u": 96.52
        },
        "43": {
            "l": 81.71,
            "a": 137.18,
            "u": 191.46
        },
        "44": {
            "l": 53.95,
            "a": 96.96,
            "u": 102.24
        },
        "45": {
            "l": 10.57,
            "a": 193.21,
            "u": 195.43
        },
        "46": {
            "l": 67.16,
            "a": 105.96,
            "u": 143.32
        },
        "47": {
            "l": 41.03,
            "a": 138.1,
            "u": 179.4
        },
        "48": {
            "l": 43.43,
            "a": 123.96,
            "u": 188.15
        },
        "49": {
            "l": 6.6,
            "a": 186.96,
            "u": 190.06
        },
        "50": {
            "l": 27.6,
            "a": 140.26,
            "u": 159.65
        },
        "51": {
            "l": 69.44,
            "a": 175.01,
            "u": 177.01
        },
        "52": {
            "l": 47.6,
            "a": 145.09,
            "u": 171.63
        },
        "53": {
            "l": 57.75,
            "a": 141.91,
            "u": 196.86
        }
    },
    "profits": {
        "0": 252.72,
        "1": 285.54,
        "2": 196.79,
        "3": 233.27,
        "4": 290.99,
        "5": 256.86,
        "6": 227.71,
        "7": 284.42,
        "8": 209.47,
        "9": 291.19,
        "10": 236.74,
        "11": 210.95,
        "12": 224.88,
        "13": 240.76,
        "14": 284.41,
        "15": 242.83,
        "16": 277.87,
        "17": 278.32,
        "18": 267.32,
        "19": 245.06,
        "20": 272.98,
        "21": 200.68,
        "22": 243.57,
        "23": 255.38,
        "24": 276.38,
        "25": 179.57,
        "26": 268.45,
        "27": 226.57,
        "28": 209.31,
        "29": 293.59,
        "30": 216.57,
        "31": 222.21,
        "32": 271.31,
        "33": 281.02,
        "34": 266.13,
        "35": 294.64,
        "36": 262.62,
        "37": 232.34,
        "38": 235.09,
        "39": 267.47,
        "40": 206.64,
        "41": 75.92,
        "42": 170.58,
        "43": 233.02,
        "44": 293.73,
        "45": 296.36,
        "46": 228.96,
        "47": 237.76,
        "48": 237.29,
        "49": 259.13,
        "50": 277.68,
        "51": 246.2,
        "52": 278.66,
        "53": 271.39
    },
    "synergies": {
        "0": {
            "1": 24.7,
            "2": 16.02,
            "3": -9.01,
            "4": -12.6,
            "5": -29.0,
            "6": 2.72,
            "7": 36.81,
            "8": -19.41,
            "9": 17.41,
            "10": -36.56,
            "11": -12.57,
            "12": -46.38,
            "13": 38.34,
            "14": -9.79,
            "15": -15.94,
            "16": 35.36,
            "17": -18.7,
            "18": -37.45,
            "19": -31.83,
            "20": -26.76,
            "21": 44.45,
            "22": 27.24,
            "23": -27.86,
            "24": 11.85,
            "25": 49.25,
            "26": -45.84,
            "27": 34.22,
            "28": 49.63,
            "29": -47.01,
            "30": 49.51,
            "31": 11.23,
            "32": -0.89,
            "33": -22.36,
            "34": -48.28,
            "35": 16.98,
            "36": 30.11,
            "37": 18.5,
            "38": -21.6,
            "39": 34.26,
            "40": -26.82,
            "41": -3.44,
            "42": -13.46,
            "43": -10.96,
            "44": 8.38,
            "45": -5.57,
            "46": 43.86,
            "47": 47.12,
            "48": 38.01,
            "49": -21.71,
            "50": 9.67,
            "51": -4.56,
            "52": 19.79,
            "53": -25.68
        },
        "1": {
            "0": 24.7,
            "2": -47.22,
            "3": 8.89,
            "4": 12.06,
            "5": 21.42,
            "6": 24.56,
            "7": 30.94,
            "8": 48.16,
            "9": 38.36,
            "10": 11.14,
            "11": 30.91,
            "12": 28.94,
            "13": -44.91,
            "14": -22.62,
            "15": -8.9,
            "16": 3.18,
            "17": 37.8,
            "18": 16.65,
            "19": 28.39,
            "20": 30.8,
            "21": -40.9,
            "22": -36.88,
            "23": 18.71,
            "24": 45.3,
            "25": -25.12,
            "26": 33.02,
            "27": -2.81,
            "28": 41.78,
            "29": 2.38,
            "30": 6.03,
            "31": 20.38,
            "32": 38.25,
            "33": 22.39,
            "34": -35.94,
            "35": -33.46,
            "36": 23.71,
            "37": 2.23,
            "38": 7.96,
            "39": -1.47,
            "40": -16.2,
            "41": -0.75,
            "42": 4.29,
            "43": -35.44,
            "44": 37.09,
            "45": 24.62,
            "46": -9.18,
            "47": 8.49,
            "48": 26.67,
            "49": 35.23,
            "50": -38.52,
            "51": 17.86,
            "52": 43.08,
            "53": 43.03
        },
        "2": {
            "0": 16.02,
            "1": -47.22,
            "3": 32.56,
            "4": -21.62,
            "5": 10.51,
            "6": -18.82,
            "7": -30.72,
            "8": -30.78,
            "9": -49.96,
            "10": 21.53,
            "11": 41.12,
            "12": 49.6,
            "13": 44.06,
            "14": -17.46,
            "15": -8.53,
            "16": 32.47,
            "17": 31.53,
            "18": -39.94,
            "19": 13.46,
            "20": -1.54,
            "21": 12.06,
            "22": -5.07,
            "23": 2.62,
            "24": -12.79,
            "25": -3.04,
            "26": -11.83,
            "27": -2.96,
            "28": 49.71,
            "29": -2.68,
            "30": -45.25,
            "31": 19.06,
            "32": 18.4,
            "33": -16.42,
            "34": -6.82,
            "35": -7.3,
            "36": 29.0,
            "37": -5.52,
            "38": -25.84,
            "39": 13.98,
            "40": 11.38,
            "41": -14.47,
            "42": 47.66,
            "43": -35.7,
            "44": 14.85,
            "45": 45.71,
            "46": -44.88,
            "47": -24.14,
            "48": -28.38,
            "49": 26.51,
            "50": 43.12,
            "51": 41.92,
            "52": -9.15,
            "53": 32.66
        },
        "3": {
            "0": -9.01,
            "1": 8.89,
            "2": 32.56,
            "4": -6.53,
            "5": -15.45,
            "6": 37.37,
            "7": -3.26,
            "8": -4.26,
            "9": 34.94,
            "10": 0.53,
            "11": -5.91,
            "12": -8.09,
            "13": -24.64,
            "14": -1.96,
            "15": -33.56,
            "16": -38.98,
            "17": 15.98,
            "18": -43.3,
            "19": -2.73,
            "20": -40.47,
            "21": 37.77,
            "22": -47.45,
            "23": 40.04,
            "24": -36.61,
            "25": 15.32,
            "26": 46.75,
            "27": -29.16,
            "28": 44.91,
            "29": 15.81,
            "30": -4.48,
            "31": 12.77,
            "32": -42.89,
            "33": -22.13,
            "34": 12.32,
            "35": -1.24,
            "36": -12.0,
            "37": 29.76,
            "38": -32.1,
            "39": 38.54,
            "40": -0.22,
            "41": 46.87,
            "42": 14.77,
            "43": 10.22,
            "44": -19.5,
            "45": -16.59,
            "46": -34.31,
            "47": -7.75,
            "48": 16.31,
            "49": 3.7,
            "50": 15.77,
            "51": 12.79,
            "52": 1.79,
            "53": 2.64
        },
        "4": {
            "0": -12.6,
            "1": 12.06,
            "2": -21.62,
            "3": -6.53,
            "5": -25.06,
            "6": 6.42,
            "7": 46.34,
            "8": -27.51,
            "9": -29.97,
            "10": -19.43,
            "11": 16.24,
            "12": 48.09,
            "13": 23.94,
            "14": 30.62,
            "15": 27.77,
            "16": -16.53,
            "17": 31.81,
            "18": 0.58,
            "19": 21.52,
            "20": -44.3,
            "21": 31.45,
            "22": 2.03,
            "23": 44.34,
            "24": 28.2,
            "25": -29.25,
            "26": 32.14,
            "27": 12.02,
            "28": 42.92,
            "29": 0.87,
            "30": 46.3,
            "31": 0.62,
            "32": -18.81,
            "33": 22.67,
            "34": 14.31,
            "35": -24.33,
            "36": 34.81,
            "37": -36.22,
            "38": 10.56,
            "39": 47.45,
            "40": 2.44,
            "41": -31.29,
            "42": -22.8,
            "43": -29.07,
            "44": 49.23,
            "45": -37.51,
            "46": -38.52,
            "47": -39.76,
            "48": -41.31,
            "49": 37.85,
            "50": 26.89,
            "51": 44.22,
            "52": -43.3,
            "53": -0.7
        },
        "5": {
            "0": -29.0,
            "1": 21.42,
            "2": 10.51,
            "3": -15.45,
            "4": -25.06,
            "6": -41.31,
            "7": 44.25,
            "8": -35.09,
            "9": -16.51,
            "10": -16.69,
            "11": -22.39,
            "12": 22.64,
            "13": 41.52,
            "14": -30.06,
            "15": -36.74,
            "16": -29.84,
            "17": -31.8,
            "18": -27.22,
            "19": 11.73,
            "20": -37.28,
            "21": -17.73,
            "22": -22.22,
            "23": 41.4,
            "24": 24.78,
            "25": -25.35,
            "26": -35.92,
            "27": 26.54,
            "28": 25.4,
            "29": -36.28,
            "30": -35.85,
            "31": 7.55,
            "32": 47.47,
            "33": -7.65,
            "34": 12.8,
            "35": 41.06,
            "36": 28.72,
            "37": 42.94,
            "38": -20.24,
            "39": 17.47,
            "40": 21.65,
            "41": -45.45,
            "42": 15.07,
            "43": 25.18,
            "44": -30.75,
            "45": -16.46,
            "46": -36.69,
            "47": -33.91,
            "48": -7.1,
            "49": 18.96,
            "50": 47.33,
            "51": 4.68,
            "52": -34.35,
            "53": 4.78
        },
        "6": {
            "0": 2.72,
            "1": 24.56,
            "2": -18.82,
            "3": 37.37,
            "4": 6.42,
            "5": -41.31,
            "7": 22.12,
            "8": -48.36,
            "9": 44.1,
            "10": -39.86,
            "11": -40.26,
            "12": -20.37,
            "13": -12.4,
            "14": -0.08,
            "15": -46.31,
            "16": -21.92,
            "17": 25.24,
            "18": -29.22,
            "19": -18.73,
            "20": 20.6,
            "21": -46.85,
            "22": 41.81,
            "23": -47.56,
            "24": 15.39,
            "25": 31.22,
            "26": 9.91,
            "27": -0.46,
            "28": 17.06,
            "29": -7.91,
            "30": 30.56,
            "31": -8.15,
            "32": 10.78,
            "33": 29.42,
            "34": -47.77,
            "35": -22.0,
            "36": -14.52,
            "37": 13.78,
            "38": 22.64,
            "39": 13.15,
            "40": 27.98,
            "41": -0.64,
            "42": -47.91,
            "43": -13.34,
            "44": 2.53,
            "45": -22.73,
            "46": 26.09,
            "47": -23.25,
            "48": 12.88,
            "49": 45.36,
            "50": 32.07,
            "51": 18.51,
            "52": -5.55,
            "53": 46.11
        },
        "7": {
            "0": 36.81,
            "1": 30.94,
            "2": -30.72,
            "3": -3.26,
            "4": 46.34,
            "5": 44.25,
            "6": 22.12,
            "8": -12.1,
            "9": -8.59,
            "10": 24.84,
            "11": 12.79,
            "12": 45.69,
            "13": -32.89,
            "14": 46.78,
            "15": 5.78,
            "16": -26.81,
            "17": 19.64,
            "18": 48.4,
            "19": -18.63,
            "20": -5.51,
            "21": 44.0,
            "22": 31.54,
            "23": 22.17,
            "24": 42.13,
            "25": 27.68,
            "26": -25.14,
            "27": -45.94,
            "28": -10.62,
            "29": 22.09,
            "30": 16.08,
            "31": 9.64,
            "32": 29.15,
            "33": 32.77,
            "34": 7.18,
            "35": -7.27,
            "36": -1.14,
            "37": 0.99,
            "38": -34.27,
            "39": 23.32,
            "40": 19.12,
            "41": 28.46,
            "42": 44.9,
            "43": 8.18,
            "44": 4.21,
            "45": 36.66,
            "46": -6.51,
            "47": -8.01,
            "48": 33.8,
            "49": 8.19,
            "50": -39.65,
            "51": 39.26,
            "52": 4.86,
            "53": -27.62
        },
        "8": {
            "0": -19.41,
            "1": 48.16,
            "2": -30.78,
            "3": -4.26,
            "4": -27.51,
            "5": -35.09,
            "6": -48.36,
            "7": -12.1,
            "9": 23.74,
            "10": -24.15,
            "11": 9.87,
            "12": 22.32,
            "13": -47.0,
            "14": 19.9,
            "15": 27.03,
            "16": 30.92,
            "17": 30.09,
            "18": -10.63,
            "19": 13.33,
            "20": 49.04,
            "21": -41.49,
            "22": 25.14,
            "23": 16.09,
            "24": 9.8,
            "25": 17.89,
            "26": 23.69,
            "27": 17.64,
            "28": -11.52,
            "29": -48.35,
            "30": 43.7,
            "31": -21.34,
            "32": 12.58,
            "33": -33.86,
            "34": -43.08,
            "35": -49.51,
            "36": 4.52,
            "37": 3.78,
            "38": -28.9,
            "39": -49.83,
            "40": -34.45,
            "41": -4.66,
            "42": 0.02,
            "43": -39.47,
            "44": -27.38,
            "45": 31.92,
            "46": 35.64,
            "47": -48.6,
            "48": -17.8,
            "49": -24.23,
            "50": -3.22,
            "51": -16.54,
            "52": -33.32,
            "53": -5.92
        },
        "9": {
            "0": 17.41,
            "1": 38.36,
            "2": -49.96,
            "3": 34.94,
            "4": -29.97,
            "5": -16.51,
            "6": 44.1,
            "7": -8.59,
            "8": 23.74,
            "10": 41.5,
            "11": -23.12,
            "12": 25.78,
            "13": 8.46,
            "14": -44.47,
            "15": 8.95,
            "16": -8.51,
            "17": -32.25,
            "18": 4.95,
            "19": -32.48,
            "20": -37.58,
            "21": 9.88,
            "22": 38.12,
            "23": -40.25,
            "24": 26.51,
            "25": 43.73,
            "26": 42.64,
            "27": 5.89,
            "28": 16.62,
            "29": -13.62,
            "30": -38.19,
            "31": 38.17,
            "32": -27.02,
            "33": -28.85,
            "34": 1.41,
            "35": 10.75,
            "36": 48.4,
            "37": -24.74,
            "38": -21.17,
            "39": -21.86,
            "40": 26.32,
            "41": -24.84,
            "42": 5.85,
            "43": -45.06,
            "44": -5.99,
            "45": -17.32,
            "46": -30.12,
            "47": -13.51,
            "48": -9.89,
            "49": -2.52,
            "50": 10.8,
            "51": 43.36,
            "52": 10.33,
            "53": -26.77
        },
        "10": {
            "0": -36.56,
            "1": 11.14,
            "2": 21.53,
            "3": 0.53,
            "4": -19.43,
            "5": -16.69,
            "6": -39.86,
            "7": 24.84,
            "8": -24.15,
            "9": 41.5,
            "11": -3.08,
            "12": -6.64,
            "13": -28.49,
            "14": -28.84,
            "15": 46.84,
            "16": 5.27,
            "17": 10.3,
            "18": -8.95,
            "19": -10.45,
            "20": 0.34,
            "21": -41.61,
            "22": 3.21,
            "23": 20.96,
            "24": 14.36,
            "25": 40.75,
            "26": 32.96,
            "27": 14.21,
            "28": 48.49,
            "29": -43.73,
            "30": 1.63,
            "31": -38.04,
            "32": -6.58,
            "33": 17.57,
            "34": -49.42,
            "35": -29.42,
            "36": -37.41,
            "37": 39.67,
            "38": -28.9,
            "39": 45.24,
            "40": -6.31,
            "41": 6.67,
            "42": -8.51,
            "43": 25.6,
            "44": -30.23,
            "45": -49.74,
            "46": -16.81,
            "47": 38.66,
            "48": 0.72,
            "49": 16.92,
            "50": -3.83,
            "51": 49.94,
            "52": -47.46,
            "53": -46.53
        },
        "11": {
            "0": -12.57,
            "1": 30.91,
            "2": 41.12,
            "3": -5.91,
            "4": 16.24,
            "5": -22.39,
            "6": -40.26,
            "7": 12.79,
            "8": 9.87,
            "9": -23.12,
            "10": -3.08,
            "12": -14.53,
            "13": 10.58,
            "14": -20.52,
            "15": -18.32,
            "16": -14.84,
            "17": 34.89,
            "18": -4.24,
            "19": -8.95,
            "20": -5.35,
            "21": -47.35,
            "22": -2.43,
            "23": 43.87,
            "24": -13.0,
            "25": 14.54,
            "26": -37.66,
            "27": 22.51,
            "28": 46.11,
            "29": -9.01,
            "30": -40.29,
            "31": -19.09,
            "32": -1.99,
            "33": -44.85,
            "34": 11.01,
            "35": 24.8,
            "36": -11.74,
            "37": -0.9,
            "38": 29.3,
            "39": -32.34,
            "40": 11.96,
            "41": 24.92,
            "42": -26.32,
            "43": -0.24,
            "44": 38.23,
            "45": -49.07,
            "46": 13.38,
            "47": 31.78,
            "48": 47.97,
            "49": -8.21,
            "50": -5.07,
            "51": 37.19,
            "52": 26.37,
            "53": 36.09
        },
        "12": {
            "0": -46.38,
            "1": 28.94,
            "2": 49.6,
            "3": -8.09,
            "4": 48.09,
            "5": 22.64,
            "6": -20.37,
            "7": 45.69,
            "8": 22.32,
            "9": 25.78,
            "10": -6.64,
            "11": -14.53,
            "13": 30.07,
            "14": -31.63,
            "15": 8.96,
            "16": 33.81,
            "17": 33.86,
            "18": -5.76,
            "19": -17.69,
            "20": -20.32,
            "21": -41.06,
            "22": -24.95,
            "23": -17.81,
            "24": 41.51,
            "25": -32.29,
            "26": -11.42,
            "27": 46.67,
            "28": 13.45,
            "29": -16.17,
            "30": 8.06,
            "31": 13.47,
            "32": -49.67,
            "33": -30.15,
            "34": -21.21,
            "35": 25.29,
            "36": -13.03,
            "37": -44.91,
            "38": 27.93,
            "39": 43.98,
            "40": -32.68,
            "41": -16.98,
            "42": 24.75,
            "43": 5.49,
            "44": 12.24,
            "45": 35.86,
            "46": -16.71,
            "47": 46.4,
            "48": -29.85,
            "49": 7.12,
            "50": 14.5,
            "51": 9.72,
            "52": -21.22,
            "53": -28.51
        },
        "13": {
            "0": 38.34,
            "1": -44.91,
            "2": 44.06,
            "3": -24.64,
            "4": 23.94,
            "5": 41.52,
            "6": -12.4,
            "7": -32.89,
            "8": -47.0,
            "9": 8.46,
            "10": -28.49,
            "11": 10.58,
            "12": 30.07,
            "14": -17.36,
            "15": 16.38,
            "16": 5.78,
            "17": 25.06,
            "18": 47.77,
            "19": -28.02,
            "20": 10.46,
            "21": -15.12,
            "22": -38.2,
            "23": -27.79,
            "24": 8.34,
            "25": -48.47,
            "26": 48.87,
            "27": -11.15,
            "28": 9.18,
            "29": 41.96,
            "30": -20.94,
            "31": -4.94,
            "32": 22.73,
            "33": -34.07,
            "34": 36.62,
            "35": 19.71,
            "36": -6.57,
            "37": 24.48,
            "38": 5.18,
            "39": -29.28,
            "40": 0.1,
            "41": -17.36,
            "42": -4.5,
            "43": 41.28,
            "44": 15.71,
            "45": -35.41,
            "46": 3.81,
            "47": 19.49,
            "48": 2.42,
            "49": -7.35,
            "50": 33.59,
            "51": -27.42,
            "52": 18.72,
            "53": -14.05
        },
        "14": {
            "0": -9.79,
            "1": -22.62,
            "2": -17.46,
            "3": -1.96,
            "4": 30.62,
            "5": -30.06,
            "6": -0.08,
            "7": 46.78,
            "8": 19.9,
            "9": -44.47,
            "10": -28.84,
            "11": -20.52,
            "12": -31.63,
            "13": -17.36,
            "15": 16.86,
            "16": 31.02,
            "17": 14.86,
            "18": 44.53,
            "19": -12.03,
            "20": 45.28,
            "21": 6.83,
            "22": 23.66,
            "23": 15.35,
            "24": 26.62,
            "25": -29.61,
            "26": 13.62,
            "27": 4.97,
            "28": -2.93,
            "29": 44.42,
            "30": -36.91,
            "31": 19.73,
            "32": -25.28,
            "33": 28.04,
            "34": -21.25,
            "35": -47.69,
            "36": 26.37,
            "37": 7.89,
            "38": -4.98,
            "39": 42.61,
            "40": 9.21,
            "41": 41.97,
            "42": 38.96,
            "43": -37.35,
            "44": 32.73,
            "45": 8.5,
            "46": 16.24,
            "47": 2.56,
            "48": -28.72,
            "49": 23.09,
            "50": 34.63,
            "51": 11.9,
            "52": 37.2,
            "53": -17.42
        },
        "15": {
            "0": -15.94,
            "1": -8.9,
            "2": -8.53,
            "3": -33.56,
            "4": 27.77,
            "5": -36.74,
            "6": -46.31,
            "7": 5.78,
            "8": 27.03,
            "9": 8.95,
            "10": 46.84,
            "11": -18.32,
            "12": 8.96,
            "13": 16.38,
            "14": 16.86,
            "16": 5.03,
            "17": 31.44,
            "18": 5.75,
            "19": 30.63,
            "20": 42.35,
            "21": -26.19,
            "22": 21.21,
            "23": 0.3,
            "24": 14.45,
            "25": -35.47,
            "26": 29.47,
            "27": 30.03,
            "28": 16.28,
            "29": 37.9,
            "30": 11.65,
            "31": 44.7,
            "32": 22.85,
            "33": 8.9,
            "34": -23.97,
            "35": 31.11,
            "36": 20.49,
            "37": -2.07,
            "38": -23.87,
            "39": -11.5,
            "40": -7.7,
            "41": -44.46,
            "42": 15.39,
            "43": 30.58,
            "44": -30.9,
            "45": 32.57,
            "46": 32.86,
            "47": -47.99,
            "48": 9.54,
            "49": 2.11,
            "50": 43.16,
            "51": 36.78,
            "52": -36.3,
            "53": 27.77
        },
        "16": {
            "0": 35.36,
            "1": 3.18,
            "2": 32.47,
            "3": -38.98,
            "4": -16.53,
            "5": -29.84,
            "6": -21.92,
            "7": -26.81,
            "8": 30.92,
            "9": -8.51,
            "10": 5.27,
            "11": -14.84,
            "12": 33.81,
            "13": 5.78,
            "14": 31.02,
            "15": 5.03,
            "17": 41.99,
            "18": -34.35,
            "19": -34.65,
            "20": 41.63,
            "21": -28.85,
            "22": 5.76,
            "23": 14.71,
            "24": -22.15,
            "25": -45.73,
            "26": -33.31,
            "27": 42.65,
            "28": 48.48,
            "29": 15.2,
            "30": 21.96,
            "31": -23.4,
            "32": 12.61,
            "33": 47.62,
            "34": 12.4,
            "35": 41.4,
            "36": -33.57,
            "37": -20.1,
            "38": -22.33,
            "39": -13.12,
            "40": -15.55,
            "41": -2.22,
            "42": 19.76,
            "43": -42.71,
            "44": -15.98,
            "45": -7.31,
            "46": -15.47,
            "47": -8.72,
            "48": 45.94,
            "49": -44.8,
            "50": -35.98,
            "51": -7.3,
            "52": -45.54,
            "53": 38.86
        },
        "17": {
            "0": -18.7,
            "1": 37.8,
            "2": 31.53,
            "3": 15.98,
            "4": 31.81,
            "5": -31.8,
            "6": 25.24,
            "7": 19.64,
            "8": 30.09,
            "9": -32.25,
            "10": 10.3,
            "11": 34.89,
            "12": 33.86,
            "13": 25.06,
            "14": 14.86,
            "15": 31.44,
            "16": 41.99,
            "18": -29.35,
            "19": -46.1,
            "20": 43.02,
            "21": -20.38,
            "22": -40.47,
            "23": -48.97,
            "24": -28.37,
            "25": 12.86,
            "26": -33.38,
            "27": 21.85,
            "28": -3.21,
            "29": -6.58,
            "30": -46.23,
            "31": 32.51,
            "32": 26.48,
            "33": 37.65,
            "34": -38.54,
            "35": 4.51,
            "36": -25.86,
            "37": 28.86,
            "38": -38.63,
            "39": 7.98,
            "40": 41.03,
            "41": 33.57,
            "42": 18.02,
            "43": -3.89,
            "44": -33.72,
            "45": -20.16,
            "46": 49.95,
            "47": -27.13,
            "48": -29.29,
            "49": -21.55,
            "50": -34.2,
            "51": -35.09,
            "52": -30.37,
            "53": -19.49
        },
        "18": {
            "0": -37.45,
            "1": 16.65,
            "2": -39.94,
            "3": -43.3,
            "4": 0.58,
            "5": -27.22,
            "6": -29.22,
            "7": 48.4,
            "8": -10.63,
            "9": 4.95,
            "10": -8.95,
            "11": -4.24,
            "12": -5.76,
            "13": 47.77,
            "14": 44.53,
            "15": 5.75,
            "16": -34.35,
            "17": -29.35,
            "19": 40.79,
            "20": 33.38,
            "21": -31.27,
            "22": -34.93,
            "23": -47.77,
            "24": 40.27,
            "25": -34.81,
            "26": -26.65,
            "27": 35.69,
            "28": -38.08,
            "29": 4.32,
            "30": 37.7,
            "31": 3.66,
            "32": 42.47,
            "33": 25.01,
            "34": -41.4,
            "35": 20.38,
            "36": -47.54,
            "37": 41.17,
            "38": 18.53,
            "39": 33.51,
            "40": -22.12,
            "41": 13.3,
            "42": 14.18,
            "43": 41.71,
            "44": -26.41,
            "45": -32.74,
            "46": -47.07,
            "47": -35.28,
            "48": 18.13,
            "49": 33.24,
            "50": -13.99,
            "51": 13.15,
            "52": -18.51,
            "53": 32.59
        },
        "19": {
            "0": -31.83,
            "1": 28.39,
            "2": 13.46,
            "3": -2.73,
            "4": 21.52,
            "5": 11.73,
            "6": -18.73,
            "7": -18.63,
            "8": 13.33,
            "9": -32.48,
            "10": -10.45,
            "11": -8.95,
            "12": -17.69,
            "13": -28.02,
            "14": -12.03,
            "15": 30.63,
            "16": -34.65,
            "17": -46.1,
            "18": 40.79,
            "20": 24.69,
            "21": 12.03,
            "22": -27.37,
            "23": 4.05,
            "24": -38.9,
            "25": -1.18,
            "26": 30.13,
            "27": -12.99,
            "28": -34.01,
            "29": 4.35,
            "30": 6.42,
            "31": -45.02,
            "32": -37.64,
            "33": 42.21,
            "34": -4.76,
            "35": -32.25,
            "36": 24.62,
            "37": -7.47,
            "38": 46.63,
            "39": 1.41,
            "40": 33.77,
            "41": 14.66,
            "42": -14.59,
            "43": 18.08,
            "44": 39.58,
            "45": 5.5,
            "46": 26.99,
            "47": -10.12,
            "48": -2.25,
            "49": -17.99,
            "50": 23.73,
            "51": 44.18,
            "52": 40.79,
            "53": 6.2
        },
        "20": {
            "0": -26.76,
            "1": 30.8,
            "2": -1.54,
            "3": -40.47,
            "4": -44.3,
            "5": -37.28,
            "6": 20.6,
            "7": -5.51,
            "8": 49.04,
            "9": -37.58,
            "10": 0.34,
            "11": -5.35,
            "12": -20.32,
            "13": 10.46,
            "14": 45.28,
            "15": 42.35,
            "16": 41.63,
            "17": 43.02,
            "18": 33.38,
            "19": 24.69,
            "21": -49.11,
            "22": 24.05,
            "23": 17.84,
            "24": 0.41,
            "25": -36.63,
            "26": -43.54,
            "27": 4.1,
            "28": 16.01,
            "29": -14.74,
            "30": -7.62,
            "31": -46.12,
            "32": 17.19,
            "33": 40.51,
            "34": -24.64,
            "35": 28.8,
            "36": 28.84,
            "37": 8.43,
            "38": 38.28,
            "39": -13.82,
            "40": 17.82,
            "41": -20.55,
            "42": 3.85,
            "43": -19.69,
            "44": 13.98,
            "45": 6.79,
            "46": -32.58,
            "47": -1.41,
            "48": -28.24,
            "49": -22.96,
            "50": 31.02,
            "51": -32.03,
            "52": -2.75,
            "53": -22.83
        },
        "21": {
            "0": 44.45,
            "1": -40.9,
            "2": 12.06,
            "3": 37.77,
            "4": 31.45,
            "5": -17.73,
            "6": -46.85,
            "7": 44.0,
            "8": -41.49,
            "9": 9.88,
            "10": -41.61,
            "11": -47.35,
            "12": -41.06,
            "13": -15.12,
            "14": 6.83,
            "15": -26.19,
            "16": -28.85,
            "17": -20.38,
            "18": -31.27,
            "19": 12.03,
            "20": -49.11,
            "22": -5.97,
            "23": 38.8,
            "24": 9.1,
            "25": 22.14,
            "26": -21.48,
            "27": 9.89,
            "28": 31.28,
            "29": -26.93,
            "30": -29.44,
            "31": -33.63,
            "32": 21.63,
            "33": -23.25,
            "34": 32.3,
            "35": 24.09,
            "36": 33.71,
            "37": 26.87,
            "38": 46.33,
            "39": 2.55,
            "40": -1.03,
            "41": 33.5,
            "42": 24.69,
            "43": 26.3,
            "44": -15.12,
            "45": -15.96,
            "46": -31.31,
            "47": -35.33,
            "48": 32.71,
            "49": 34.66,
            "50": 21.5,
            "51": 24.82,
            "52": -21.55,
            "53": 25.2
        },
        "22": {
            "0": 27.24,
            "1": -36.88,
            "2": -5.07,
            "3": -47.45,
            "4": 2.03,
            "5": -22.22,
            "6": 41.81,
            "7": 31.54,
            "8": 25.14,
            "9": 38.12,
            "10": 3.21,
            "11": -2.43,
            "12": -24.95,
            "13": -38.2,
            "14": 23.66,
            "15": 21.21,
            "16": 5.76,
            "17": -40.47,
            "18": -34.93,
            "19": -27.37,
            "20": 24.05,
            "21": -5.97,
            "23": 30.75,
            "24": 33.35,
            "25": -33.47,
            "26": 43.86,
            "27": -12.55,
            "28": -11.11,
            "29": -30.79,
            "30": -31.43,
            "31": 29.36,
            "32": 17.3,
            "33": -6.95,
            "34": -10.0,
            "35": -17.99,
            "36": -28.53,
            "37": 9.78,
            "38": 15.23,
            "39": 18.97,
            "40": 16.8,
            "41": -24.18,
            "42": -42.2,
            "43": -25.18,
            "44": -25.07,
            "45": 24.04,
            "46": -31.88,
            "47": 24.8,
            "48": -21.72,
            "49": 10.14,
            "50": -7.91,
            "51": 13.01,
            "52": -22.01,
            "53": -35.71
        },
        "23": {
            "0": -27.86,
            "1": 18.71,
            "2": 2.62,
            "3": 40.04,
            "4": 44.34,
            "5": 41.4,
            "6": -47.56,
            "7": 22.17,
            "8": 16.09,
            "9": -40.25,
            "10": 20.96,
            "11": 43.87,
            "12": -17.81,
            "13": -27.79,
            "14": 15.35,
            "15": 0.3,
            "16": 14.71,
            "17": -48.97,
            "18": -47.77,
            "19": 4.05,
            "20": 17.84,
            "21": 38.8,
            "22": 30.75,
            "24": 18.68,
            "25": -6.49,
            "26": -29.71,
            "27": 44.86,
            "28": 42.64,
            "29": 29.83,
            "30": -37.74,
            "31": 18.62,
            "32": -27.67,
            "33": -42.09,
            "34": 30.02,
            "35": 3.93,
            "36": 42.43,
            "37": -20.04,
            "38": -12.69,
            "39": -36.06,
            "40": -49.69,
            "41": 18.87,
            "42": 8.92,
            "43": 37.14,
            "44": 7.43,
            "45": 15.33,
            "46": 42.58,
            "47": -28.84,
            "48": -16.82,
            "49": 1.53,
            "50": 28.19,
            "51": -41.03,
            "52": 20.72,
            "53": -3.88
        },
        "24": {
            "0": 11.85,
            "1": 45.3,
            "2": -12.79,
            "3": -36.61,
            "4": 28.2,
            "5": 24.78,
            "6": 15.39,
            "7": 42.13,
            "8": 9.8,
            "9": 26.51,
            "10": 14.36,
            "11": -13.0,
            "12": 41.51,
            "13": 8.34,
            "14": 26.62,
            "15": 14.45,
            "16": -22.15,
            "17": -28.37,
            "18": 40.27,
            "19": -38.9,
            "20": 0.41,
            "21": 9.1,
            "22": 33.35,
            "23": 18.68,
            "25": 28.1,
            "26": 49.65,
            "27": -2.69,
            "28": 0.01,
            "29": -25.06,
            "30": -45.31,
            "31": -47.99,
            "32": 5.6,
            "33": 19.8,
            "34": -25.12,
            "35": -35.89,
            "36": -5.19,
            "37": 36.23,
            "38": 49.43,
            "39": -0.38,
            "40": -42.32,
            "41": 4.5,
            "42": -43.11,
            "43": -2.97,
            "44": -41.44,
            "45": -45.71,
            "46": 5.91,
            "47": -45.56,
            "48": 32.58,
            "49": -23.53,
            "50": -49.81,
            "51": 19.07,
            "52": -37.33,
            "53": 16.46
        },
        "25": {
            "0": 49.25,
            "1": -25.12,
            "2": -3.04,
            "3": 15.32,
            "4": -29.25,
            "5": -25.35,
            "6": 31.22,
            "7": 27.68,
            "8": 17.89,
            "9": 43.73,
            "10": 40.75,
            "11": 14.54,
            "12": -32.29,
            "13": -48.47,
            "14": -29.61,
            "15": -35.47,
            "16": -45.73,
            "17": 12.86,
            "18": -34.81,
            "19": -1.18,
            "20": -36.63,
            "21": 22.14,
            "22": -33.47,
            "23": -6.49,
            "24": 28.1,
            "26": -0.89,
            "27": 16.49,
            "28": -16.15,
            "29": -34.13,
            "30": -18.3,
            "31": 27.76,
            "32": 25.13,
            "33": -27.1,
            "34": -7.38,
            "35": -26.57,
            "36": -39.45,
            "37": 10.61,
            "38": -10.83,
            "39": -1.99,
            "40": -22.93,
            "41": -48.26,
            "42": 7.42,
            "43": -13.13,
            "44": -14.68,
            "45": 6.8,
            "46": -44.25,
            "47": 34.97,
            "48": 41.28,
            "49": -2.37,
            "50": 12.67,
            "51": -22.32,
            "52": -14.24,
            "53": -48.8
        },
        "26": {
            "0": -45.84,
            "1": 33.02,
            "2": -11.83,
            "3": 46.75,
            "4": 32.14,
            "5": -35.92,
            "6": 9.91,
            "7": -25.14,
            "8": 23.69,
            "9": 42.64,
            "10": 32.96,
            "11": -37.66,
            "12": -11.42,
            "13": 48.87,
            "14": 13.62,
            "15": 29.47,
            "16": -33.31,
            "17": -33.38,
            "18": -26.65,
            "19": 30.13,
            "20": -43.54,
            "21": -21.48,
            "22": 43.86,
            "23": -29.71,
            "24": 49.65,
            "25": -0.89,
            "27": 11.19,
            "28": 46.92,
            "29": 15.5,
            "30": -42.91,
            "31": 35.07,
            "32": 39.49,
            "33": 40.29,
            "34": -36.04,
            "35": -38.47,
            "36": 20.15,
            "37": -26.69,
            "38": -17.65,
            "39": 34.75,
            "40": 24.05,
            "41": 7.61,
            "42": 43.91,
            "43": -45.35,
            "44": 11.38,
            "45": 28.54,
            "46": 26.71,
            "47": 20.29,
            "48": 30.13,
            "49": 43.77,
            "50": 15.5,
            "51": 45.52,
            "52": -12.89,
            "53": -16.21
        },
        "27": {
            "0": 34.22,
            "1": -2.81,
            "2": -2.96,
            "3": -29.16,
            "4": 12.02,
            "5": 26.54,
            "6": -0.46,
            "7": -45.94,
            "8": 17.64,
            "9": 5.89,
            "10": 14.21,
            "11": 22.51,
            "12": 46.67,
            "13": -11.15,
            "14": 4.97,
            "15": 30.03,
            "16": 42.65,
            "17": 21.85,
            "18": 35.69,
            "19": -12.99,
            "20": 4.1,
            "21": 9.89,
            "22": -12.55,
            "23": 44.86,
            "24": -2.69,
            "25": 16.49,
            "26": 11.19,
            "28": -22.01,
            "29": -33.76,
            "30": -21.34,
            "31": -17.5,
            "32": 29.77,
            "33": 18.45,
            "34": -42.42,
            "35": 4.33,
            "36": 18.25,
            "37": -48.15,
            "38": 20.33,
            "39": -49.88,
            "40": 0.88,
            "41": 7.26,
            "42": 17.21,
            "43": -32.94,
            "44": 43.83,
            "45": -37.95,
            "46": 41.26,
            "47": -38.72,
            "48": -18.71,
            "49": -6.22,
            "50": -3.11,
            "51": -14.47,
            "52": 38.89,
            "53": -46.25
        },
        "28": {
            "0": 49.63,
            "1": 41.78,
            "2": 49.71,
            "3": 44.91,
            "4": 42.92,
            "5": 25.4,
            "6": 17.06,
            "7": -10.62,
            "8": -11.52,
            "9": 16.62,
            "10": 48.49,
            "11": 46.11,
            "12": 13.45,
            "13": 9.18,
            "14": -2.93,
            "15": 16.28,
            "16": 48.48,
            "17": -3.21,
            "18": -38.08,
            "19": -34.01,
            "20": 16.01,
            "21": 31.28,
            "22": -11.11,
            "23": 42.64,
            "24": 0.01,
            "25": -16.15,
            "26": 46.92,
            "27": -22.01,
            "29": -0.25,
            "30": 26.43,
            "31": -18.84,
            "32": -13.78,
            "33": 42.99,
            "34": 13.81,
            "35": -47.53,
            "36": -40.27,
            "37": 5.63,
            "38": 23.25,
            "39": -16.67,
            "40": -4.51,
            "41": 35.53,
            "42": 27.83,
            "43": -12.32,
            "44": -18.88,
            "45": 44.13,
            "46": 46.88,
            "47": -13.25,
            "48": -30.79,
            "49": -23.35,
            "50": 46.44,
            "51": -9.1,
            "52": -11.27,
            "53": 41.63
        },
        "29": {
            "0": -47.01,
            "1": 2.38,
            "2": -2.68,
            "3": 15.81,
            "4": 0.87,
            "5": -36.28,
            "6": -7.91,
            "7": 22.09,
            "8": -48.35,
            "9": -13.62,
            "10": -43.73,
            "11": -9.01,
            "12": -16.17,
            "13": 41.96,
            "14": 44.42,
            "15": 37.9,
            "16": 15.2,
            "17": -6.58,
            "18": 4.32,
            "19": 4.35,
            "20": -14.74,
            "21": -26.93,
            "22": -30.79,
            "23": 29.83,
            "24": -25.06,
            "25": -34.13,
            "26": 15.5,
            "27": -33.76,
            "28": -0.25,
            "30": 22.19,
            "31": -27.49,
            "32": 32.73,
            "33": 10.2,
            "34": 27.52,
            "35": -14.28,
            "36": -0.26,
            "37": -23.42,
            "38": 10.29,
            "39": -41.85,
            "40": -21.5,
            "41": -17.08,
            "42": 2.68,
            "43": -23.06,
            "44": -22.46,
            "45": 49.63,
            "46": 36.92,
            "47": -11.44,
            "48": 30.91,
            "49": -21.25,
            "50": -2.83,
            "51": -35.52,
            "52": 27.71,
            "53": 27.75
        },
        "30": {
            "0": 49.51,
            "1": 6.03,
            "2": -45.25,
            "3": -4.48,
            "4": 46.3,
            "5": -35.85,
            "6": 30.56,
            "7": 16.08,
            "8": 43.7,
            "9": -38.19,
            "10": 1.63,
            "11": -40.29,
            "12": 8.06,
            "13": -20.94,
            "14": -36.91,
            "15": 11.65,
            "16": 21.96,
            "17": -46.23,
            "18": 37.7,
            "19": 6.42,
            "20": -7.62,
            "21": -29.44,
            "22": -31.43,
            "23": -37.74,
            "24": -45.31,
            "25": -18.3,
            "26": -42.91,
            "27": -21.34,
            "28": 26.43,
            "29": 22.19,
            "31": 27.04,
            "32": -6.39,
            "33": -8.58,
            "34": 27.72,
            "35": 39.55,
            "36": -22.0,
            "37": 24.39,
            "38": -15.33,
            "39": 15.42,
            "40": -4.61,
            "41": -47.54,
            "42": -6.37,
            "43": -36.94,
            "44": 29.22,
            "45": 44.13,
            "46": 14.89,
            "47": -20.71,
            "48": 10.97,
            "49": 49.89,
            "50": -18.29,
            "51": -33.74,
            "52": 46.07,
            "53": 4.46
        },
        "31": {
            "0": 11.23,
            "1": 20.38,
            "2": 19.06,
            "3": 12.77,
            "4": 0.62,
            "5": 7.55,
            "6": -8.15,
            "7": 9.64,
            "8": -21.34,
            "9": 38.17,
            "10": -38.04,
            "11": -19.09,
            "12": 13.47,
            "13": -4.94,
            "14": 19.73,
            "15": 44.7,
            "16": -23.4,
            "17": 32.51,
            "18": 3.66,
            "19": -45.02,
            "20": -46.12,
            "21": -33.63,
            "22": 29.36,
            "23": 18.62,
            "24": -47.99,
            "25": 27.76,
            "26": 35.07,
            "27": -17.5,
            "28": -18.84,
            "29": -27.49,
            "30": 27.04,
            "32": 14.44,
            "33": 18.42,
            "34": 38.15,
            "35": -46.8,
            "36": 24.69,
            "37": 42.73,
            "38": -36.83,
            "39": 16.53,
            "40": 48.52,
            "41": 17.28,
            "42": -26.12,
            "43": 42.73,
            "44": 27.14,
            "45": 38.94,
            "46": -47.66,
            "47": -34.33,
            "48": 2.55,
            "49": 16.66,
            "50": -40.32,
            "51": -48.29,
            "52": 28.42,
            "53": 23.3
        },
        "32": {
            "0": -0.89,
            "1": 38.25,
            "2": 18.4,
            "3": -42.89,
            "4": -18.81,
            "5": 47.47,
            "6": 10.78,
            "7": 29.15,
            "8": 12.58,
            "9": -27.02,
            "10": -6.58,
            "11": -1.99,
            "12": -49.67,
            "13": 22.73,
            "14": -25.28,
            "15": 22.85,
            "16": 12.61,
            "17": 26.48,
            "18": 42.47,
            "19": -37.64,
            "20": 17.19,
            "21": 21.63,
            "22": 17.3,
            "23": -27.67,
            "24": 5.6,
            "25": 25.13,
            "26": 39.49,
            "27": 29.77,
            "28": -13.78,
            "29": 32.73,
            "30": -6.39,
            "31": 14.44,
            "33": -22.8,
            "34": 39.74,
            "35": 8.37,
            "36": 2.69,
            "37": -44.12,
            "38": 35.5,
            "39": 42.79,
            "40": -31.1,
            "41": 42.68,
            "42": 31.42,
            "43": -29.53,
            "44": -5.15,
            "45": -8.46,
            "46": -8.97,
            "47": -1.64,
            "48": 35.81,
            "49": -30.32,
            "50": -34.53,
            "51": -37.14,
            "52": 47.55,
            "53": -47.41
        },
        "33": {
            "0": -22.36,
            "1": 22.39,
            "2": -16.42,
            "3": -22.13,
            "4": 22.67,
            "5": -7.65,
            "6": 29.42,
            "7": 32.77,
            "8": -33.86,
            "9": -28.85,
            "10": 17.57,
            "11": -44.85,
            "12": -30.15,
            "13": -34.07,
            "14": 28.04,
            "15": 8.9,
            "16": 47.62,
            "17": 37.65,
            "18": 25.01,
            "19": 42.21,
            "20": 40.51,
            "21": -23.25,
            "22": -6.95,
            "23": -42.09,
            "24": 19.8,
            "25": -27.1,
            "26": 40.29,
            "27": 18.45,
            "28": 42.99,
            "29": 10.2,
            "30": -8.58,
            "31": 18.42,
            "32": -22.8,
            "34": -28.26,
            "35": -18.55,
            "36": -5.39,
            "37": 4.77,
            "38": 33.76,
            "39": 21.74,
            "40": -18.42,
            "41": -38.84,
            "42": -49.45,
            "43": 16.38,
            "44": 18.86,
            "45": 26.18,
            "46": -48.06,
            "47": -42.06,
            "48": 9.36,
            "49": 32.3,
            "50": -40.57,
            "51": -3.06,
            "52": -2.75,
            "53": 28.46
        },
        "34": {
            "0": -48.28,
            "1": -35.94,
            "2": -6.82,
            "3": 12.32,
            "4": 14.31,
            "5": 12.8,
            "6": -47.77,
            "7": 7.18,
            "8": -43.08,
            "9": 1.41,
            "10": -49.42,
            "11": 11.01,
            "12": -21.21,
            "13": 36.62,
            "14": -21.25,
            "15": -23.97,
            "16": 12.4,
            "17": -38.54,
            "18": -41.4,
            "19": -4.76,
            "20": -24.64,
            "21": 32.3,
            "22": -10.0,
            "23": 30.02,
            "24": -25.12,
            "25": -7.38,
            "26": -36.04,
            "27": -42.42,
            "28": 13.81,
            "29": 27.52,
            "30": 27.72,
            "31": 38.15,
            "32": 39.74,
            "33": -28.26,
            "35": 6.28,
            "36": 17.32,
            "37": -28.72,
            "38": -0.7,
            "39": -11.66,
            "40": -13.96,
            "41": -20.79,
            "42": 37.98,
            "43": -1.19,
            "44": -5.35,
            "45": -29.77,
            "46": -7.91,
            "47": 22.23,
            "48": 44.99,
            "49": 42.09,
            "50": 46.52,
            "51": -27.5,
            "52": -40.47,
            "53": 37.66
        },
        "35": {
            "0": 16.98,
            "1": -33.46,
            "2": -7.3,
            "3": -1.24,
            "4": -24.33,
            "5": 41.06,
            "6": -22.0,
            "7": -7.27,
            "8": -49.51,
            "9": 10.75,
            "10": -29.42,
            "11": 24.8,
            "12": 25.29,
            "13": 19.71,
            "14": -47.69,
            "15": 31.11,
            "16": 41.4,
            "17": 4.51,
            "18": 20.38,
            "19": -32.25,
            "20": 28.8,
            "21": 24.09,
            "22": -17.99,
            "23": 3.93,
            "24": -35.89,
            "25": -26.57,
            "26": -38.47,
            "27": 4.33,
            "28": -47.53,
            "29": -14.28,
            "30": 39.55,
            "31": -46.8,
            "32": 8.37,
            "33": -18.55,
            "34": 6.28,
            "36": 44.74,
            "37": -22.74,
            "38": -24.47,
            "39": -10.44,
            "40": -18.14,
            "41": 9.23,
            "42": 47.65,
            "43": -17.95,
            "44": -39.31,
            "45": -27.8,
            "46": -7.62,
            "47": 21.46,
            "48": 3.87,
            "49": -12.07,
            "50": -33.7,
            "51": 31.97,
            "52": 41.64,
            "53": 41.75
        },
        "36": {
            "0": 30.11,
            "1": 23.71,
            "2": 29.0,
            "3": -12.0,
            "4": 34.81,
            "5": 28.72,
            "6": -14.52,
            "7": -1.14,
            "8": 4.52,
            "9": 48.4,
            "10": -37.41,
            "11": -11.74,
            "12": -13.03,
            "13": -6.57,
            "14": 26.37,
            "15": 20.49,
            "16": -33.57,
            "17": -25.86,
            "18": -47.54,
            "19": 24.62,
            "20": 28.84,
            "21": 33.71,
            "22": -28.53,
            "23": 42.43,
            "24": -5.19,
            "25": -39.45,
            "26": 20.15,
            "27": 18.25,
            "28": -40.27,
            "29": -0.26,
            "30": -22.0,
            "31": 24.69,
            "32": 2.69,
            "33": -5.39,
            "34": 17.32,
            "35": 44.74,
            "37": -25.5,
            "38": -24.35,
            "39": -19.73,
            "40": -17.65,
            "41": -20.74,
            "42": 35.06,
            "43": -22.39,
            "44": 33.11,
            "45": 28.79,
            "46": -47.83,
            "47": -36.76,
            "48": 21.44,
            "49": 25.1,
            "50": -37.17,
            "51": 40.96,
            "52": -7.54,
            "53": -23.94
        },
        "37": {
            "0": 18.5,
            "1": 2.23,
            "2": -5.52,
            "3": 29.76,
            "4": -36.22,
            "5": 42.94,
            "6": 13.78,
            "7": 0.99,
            "8": 3.78,
            "9": -24.74,
            "10": 39.67,
            "11": -0.9,
            "12": -44.91,
            "13": 24.48,
            "14": 7.89,
            "15": -2.07,
            "16": -20.1,
            "17": 28.86,
            "18": 41.17,
            "19": -7.47,
            "20": 8.43,
            "21": 26.87,
            "22": 9.78,
            "23": -20.04,
            "24": 36.23,
            "25": 10.61,
            "26": -26.69,
            "27": -48.15,
            "28": 5.63,
            "29": -23.42,
            "30": 24.39,
            "31": 42.73,
            "32": -44.12,
            "33": 4.77,
            "34": -28.72,
            "35": -22.74,
            "36": -25.5,
            "38": 16.59,
            "39": -28.28,
            "40": 5.89,
            "41": 43.47,
            "42": -42.77,
            "43": 11.89,
            "44": 44.98,
            "45": -46.04,
            "46": 6.91,
            "47": 2.26,
            "48": 19.49,
            "49": -25.05,
            "50": -29.89,
            "51": -5.58,
            "52": 48.97,
            "53": 37.69
        },
        "38": {
            "0": -21.6,
            "1": 7.96,
            "2": -25.84,
            "3": -32.1,
            "4": 10.56,
            "5": -20.24,
            "6": 22.64,
            "7": -34.27,
            "8": -28.9,
            "9": -21.17,
            "10": -28.9,
            "11": 29.3,
            "12": 27.93,
            "13": 5.18,
            "14": -4.98,
            "15": -23.87,
            "16": -22.33,
            "17": -38.63,
            "18": 18.53,
            "19": 46.63,
            "20": 38.28,
            "21": 46.33,
            "22": 15.23,
            "23": -12.69,
            "24": 49.43,
            "25": -10.83,
            "26": -17.65,
            "27": 20.33,
            "28": 23.25,
            "29": 10.29,
            "30": -15.33,
            "31": -36.83,
            "32": 35.5,
            "33": 33.76,
            "34": -0.7,
            "35": -24.47,
            "36": -24.35,
            "37": 16.59,
            "39": 27.75,
            "40": 16.89,
            "41": 37.75,
            "42": 7.39,
            "43": 21.02,
            "44": 42.69,
            "45": -41.75,
            "46": 32.55,
            "47": 46.6,
            "48": 34.39,
            "49": 17.56,
            "50": 13.05,
            "51": -24.22,
            "52": 6.26,
            "53": 10.1
        },
        "39": {
            "0": 34.26,
            "1": -1.47,
            "2": 13.98,
            "3": 38.54,
            "4": 47.45,
            "5": 17.47,
            "6": 13.15,
            "7": 23.32,
            "8": -49.83,
            "9": -21.86,
            "10": 45.24,
            "11": -32.34,
            "12": 43.98,
            "13": -29.28,
            "14": 42.61,
            "15": -11.5,
            "16": -13.12,
            "17": 7.98,
            "18": 33.51,
            "19": 1.41,
            "20": -13.82,
            "21": 2.55,
            "22": 18.97,
            "23": -36.06,
            "24": -0.38,
            "25": -1.99,
            "26": 34.75,
            "27": -49.88,
            "28": -16.67,
            "29": -41.85,
            "30": 15.42,
            "31": 16.53,
            "32": 42.79,
            "33": 21.74,
            "34": -11.66,
            "35": -10.44,
            "36": -19.73,
            "37": -28.28,
            "38": 27.75,
            "40": -1.12,
            "41": -15.69,
            "42": 29.57,
            "43": 15.86,
            "44": 41.21,
            "45": -35.49,
            "46": -31.45,
            "47": 5.13,
            "48": 31.78,
            "49": -24.07,
            "50": -11.0,
            "51": 16.54,
            "52": -9.33,
            "53": -38.68
        },
        "40": {
            "0": -26.82,
            "1": -16.2,
            "2": 11.38,
            "3": -0.22,
            "4": 2.44,
            "5": 21.65,
            "6": 27.98,
            "7": 19.12,
            "8": -34.45,
            "9": 26.32,
            "10": -6.31,
            "11": 11.96,
            "12": -32.68,
            "13": 0.1,
            "14": 9.21,
            "15": -7.7,
            "16": -15.55,
            "17": 41.03,
            "18": -22.12,
            "19": 33.77,
            "20": 17.82,
            "21": -1.03,
            "22": 16.8,
            "23": -49.69,
            "24": -42.32,
            "25": -22.93,
            "26": 24.05,
            "27": 0.88,
            "28": -4.51,
            "29": -21.5,
            "30": -4.61,
            "31": 48.52,
            "32": -31.1,
            "33": -18.42,
            "34": -13.96,
            "35": -18.14,
            "36": -17.65,
            "37": 5.89,
            "38": 16.89,
            "39": -1.12,
            "41": -10.36,
            "42": 19.45,
            "43": -6.43,
            "44": 17.45,
            "45": -22.04,
            "46": -47.45,
            "47": -33.02,
            "48": 29.57,
            "49": 4.5,
            "50": -29.92,
            "51": -1.45,
            "52": 48.65,
            "53": 8.72
        },
        "41": {
            "0": -3.44,
            "1": -0.75,
            "2": -14.47,
            "3": 46.87,
            "4": -31.29,
            "5": -45.45,
            "6": -0.64,
            "7": 28.46,
            "8": -4.66,
            "9": -24.84,
            "10": 6.67,
            "11": 24.92,
            "12": -16.98,
            "13": -17.36,
            "14": 41.97,
            "15": -44.46,
            "16": -2.22,
            "17": 33.57,
            "18": 13.3,
            "19": 14.66,
            "20": -20.55,
            "21": 33.5,
            "22": -24.18,
            "23": 18.87,
            "24": 4.5,
            "25": -48.26,
            "26": 7.61,
            "27": 7.26,
            "28": 35.53,
            "29": -17.08,
            "30": -47.54,
            "31": 17.28,
            "32": 42.68,
            "33": -38.84,
            "34": -20.79,
            "35": 9.23,
            "36": -20.74,
            "37": 43.47,
            "38": 37.75,
            "39": -15.69,
            "40": -10.36,
            "42": 6.4,
            "43": 42.51,
            "44": 8.92,
            "45": 19.35,
            "46": -19.14,
            "47": -49.76,
            "48": -12.89,
            "49": -48.36,
            "50": -6.03,
            "51": 27.36,
            "52": -19.57,
            "53": -45.87
        },
        "42": {
            "0": -13.46,
            "1": 4.29,
            "2": 47.66,
            "3": 14.77,
            "4": -22.8,
            "5": 15.07,
            "6": -47.91,
            "7": 44.9,
            "8": 0.02,
            "9": 5.85,
            "10": -8.51,
            "11": -26.32,
            "12": 24.75,
            "13": -4.5,
            "14": 38.96,
            "15": 15.39,
            "16": 19.76,
            "17": 18.02,
            "18": 14.18,
            "19": -14.59,
            "20": 3.85,
            "21": 24.69,
            "22": -42.2,
            "23": 8.92,
            "24": -43.11,
            "25": 7.42,
            "26": 43.91,
            "27": 17.21,
            "28": 27.83,
            "29": 2.68,
            "30": -6.37,
            "31": -26.12,
            "32": 31.42,
            "33": -49.45,
            "34": 37.98,
            "35": 47.65,
            "36": 35.06,
            "37": -42.77,
            "38": 7.39,
            "39": 29.57,
            "40": 19.45,
            "41": 6.4,
            "43": -17.13,
            "44": -5.72,
            "45": 3.75,
            "46": 14.31,
            "47": 41.23,
            "48": -27.69,
            "49": -26.65,
            "50": -36.17,
            "51": 47.84,
            "52": -31.39,
            "53": -26.19
        },
        "43": {
            "0": -10.96,
            "1": -35.44,
            "2": -35.7,
            "3": 10.22,
            "4": -29.07,
            "5": 25.18,
            "6": -13.34,
            "7": 8.18,
            "8": -39.47,
            "9": -45.06,
            "10": 25.6,
            "11": -0.24,
            "12": 5.49,
            "13": 41.28,
            "14": -37.35,
            "15": 30.58,
            "16": -42.71,
            "17": -3.89,
            "18": 41.71,
            "19": 18.08,
            "20": -19.69,
            "21": 26.3,
            "22": -25.18,
            "23": 37.14,
            "24": -2.97,
            "25": -13.13,
            "26": -45.35,
            "27": -32.94,
            "28": -12.32,
            "29": -23.06,
            "30": -36.94,
            "31": 42.73,
            "32": -29.53,
            "33": 16.38,
            "34": -1.19,
            "35": -17.95,
            "36": -22.39,
            "37": 11.89,
            "38": 21.02,
            "39": 15.86,
            "40": -6.43,
            "41": 42.51,
            "42": -17.13,
            "44": -19.49,
            "45": -37.29,
            "46": -29.22,
            "47": -25.26,
            "48": 37.51,
            "49": -16.81,
            "50": 10.29,
            "51": -2.1,
            "52": 3.9,
            "53": 8.42
        },
        "44": {
            "0": 8.38,
            "1": 37.09,
            "2": 14.85,
            "3": -19.5,
            "4": 49.23,
            "5": -30.75,
            "6": 2.53,
            "7": 4.21,
            "8": -27.38,
            "9": -5.99,
            "10": -30.23,
            "11": 38.23,
            "12": 12.24,
            "13": 15.71,
            "14": 32.73,
            "15": -30.9,
            "16": -15.98,
            "17": -33.72,
            "18": -26.41,
            "19": 39.58,
            "20": 13.98,
            "21": -15.12,
            "22": -25.07,
            "23": 7.43,
            "24": -41.44,
            "25": -14.68,
            "26": 11.38,
            "27": 43.83,
            "28": -18.88,
            "29": -22.46,
            "30": 29.22,
            "31": 27.14,
            "32": -5.15,
            "33": 18.86,
            "34": -5.35,
            "35": -39.31,
            "36": 33.11,
            "37": 44.98,
            "38": 42.69,
            "39": 41.21,
            "40": 17.45,
            "41": 8.92,
            "42": -5.72,
            "43": -19.49,
            "45": 41.4,
            "46": 9.35,
            "47": -0.89,
            "48": -5.54,
            "49": -34.81,
            "50": 29.79,
            "51": -34.8,
            "52": -28.86,
            "53": 16.83
        },
        "45": {
            "0": -5.57,
            "1": 24.62,
            "2": 45.71,
            "3": -16.59,
            "4": -37.51,
            "5": -16.46,
            "6": -22.73,
            "7": 36.66,
            "8": 31.92,
            "9": -17.32,
            "10": -49.74,
            "11": -49.07,
            "12": 35.86,
            "13": -35.41,
            "14": 8.5,
            "15": 32.57,
            "16": -7.31,
            "17": -20.16,
            "18": -32.74,
            "19": 5.5,
            "20": 6.79,
            "21": -15.96,
            "22": 24.04,
            "23": 15.33,
            "24": -45.71,
            "25": 6.8,
            "26": 28.54,
            "27": -37.95,
            "28": 44.13,
            "29": 49.63,
            "30": 44.13,
            "31": 38.94,
            "32": -8.46,
            "33": 26.18,
            "34": -29.77,
            "35": -27.8,
            "36": 28.79,
            "37": -46.04,
            "38": -41.75,
            "39": -35.49,
            "40": -22.04,
            "41": 19.35,
            "42": 3.75,
            "43": -37.29,
            "44": 41.4,
            "46": -24.56,
            "47": -48.77,
            "48": -44.98,
            "49": 27.47,
            "50": -6.67,
            "51": -29.82,
            "52": 49.01,
            "53": -7.98
        },
        "46": {
            "0": 43.86,
            "1": -9.18,
            "2": -44.88,
            "3": -34.31,
            "4": -38.52,
            "5": -36.69,
            "6": 26.09,
            "7": -6.51,
            "8": 35.64,
            "9": -30.12,
            "10": -16.81,
            "11": 13.38,
            "12": -16.71,
            "13": 3.81,
            "14": 16.24,
            "15": 32.86,
            "16": -15.47,
            "17": 49.95,
            "18": -47.07,
            "19": 26.99,
            "20": -32.58,
            "21": -31.31,
            "22": -31.88,
            "23": 42.58,
            "24": 5.91,
            "25": -44.25,
            "26": 26.71,
            "27": 41.26,
            "28": 46.88,
            "29": 36.92,
            "30": 14.89,
            "31": -47.66,
            "32": -8.97,
            "33": -48.06,
            "34": -7.91,
            "35": -7.62,
            "36": -47.83,
            "37": 6.91,
            "38": 32.55,
            "39": -31.45,
            "40": -47.45,
            "41": -19.14,
            "42": 14.31,
            "43": -29.22,
            "44": 9.35,
            "45": -24.56,
            "47": -22.38,
            "48": -10.32,
            "49": -9.37,
            "50": -17.71,
            "51": -0.61,
            "52": 9.1,
            "53": -19.68
        },
        "47": {
            "0": 47.12,
            "1": 8.49,
            "2": -24.14,
            "3": -7.75,
            "4": -39.76,
            "5": -33.91,
            "6": -23.25,
            "7": -8.01,
            "8": -48.6,
            "9": -13.51,
            "10": 38.66,
            "11": 31.78,
            "12": 46.4,
            "13": 19.49,
            "14": 2.56,
            "15": -47.99,
            "16": -8.72,
            "17": -27.13,
            "18": -35.28,
            "19": -10.12,
            "20": -1.41,
            "21": -35.33,
            "22": 24.8,
            "23": -28.84,
            "24": -45.56,
            "25": 34.97,
            "26": 20.29,
            "27": -38.72,
            "28": -13.25,
            "29": -11.44,
            "30": -20.71,
            "31": -34.33,
            "32": -1.64,
            "33": -42.06,
            "34": 22.23,
            "35": 21.46,
            "36": -36.76,
            "37": 2.26,
            "38": 46.6,
            "39": 5.13,
            "40": -33.02,
            "41": -49.76,
            "42": 41.23,
            "43": -25.26,
            "44": -0.89,
            "45": -48.77,
            "46": -22.38,
            "48": -38.19,
            "49": 42.34,
            "50": -32.69,
            "51": 42.2,
            "52": -40.22,
            "53": 19.71
        },
        "48": {
            "0": 38.01,
            "1": 26.67,
            "2": -28.38,
            "3": 16.31,
            "4": -41.31,
            "5": -7.1,
            "6": 12.88,
            "7": 33.8,
            "8": -17.8,
            "9": -9.89,
            "10": 0.72,
            "11": 47.97,
            "12": -29.85,
            "13": 2.42,
            "14": -28.72,
            "15": 9.54,
            "16": 45.94,
            "17": -29.29,
            "18": 18.13,
            "19": -2.25,
            "20": -28.24,
            "21": 32.71,
            "22": -21.72,
            "23": -16.82,
            "24": 32.58,
            "25": 41.28,
            "26": 30.13,
            "27": -18.71,
            "28": -30.79,
            "29": 30.91,
            "30": 10.97,
            "31": 2.55,
            "32": 35.81,
            "33": 9.36,
            "34": 44.99,
            "35": 3.87,
            "36": 21.44,
            "37": 19.49,
            "38": 34.39,
            "39": 31.78,
            "40": 29.57,
            "41": -12.89,
            "42": -27.69,
            "43": 37.51,
            "44": -5.54,
            "45": -44.98,
            "46": -10.32,
            "47": -38.19,
            "49": -0.3,
            "50": 21.75,
            "51": -39.24,
            "52": 37.62,
            "53": -15.21
        },
        "49": {
            "0": -21.71,
            "1": 35.23,
            "2": 26.51,
            "3": 3.7,
            "4": 37.85,
            "5": 18.96,
            "6": 45.36,
            "7": 8.19,
            "8": -24.23,
            "9": -2.52,
            "10": 16.92,
            "11": -8.21,
            "12": 7.12,
            "13": -7.35,
            "14": 23.09,
            "15": 2.11,
            "16": -44.8,
            "17": -21.55,
            "18": 33.24,
            "19": -17.99,
            "20": -22.96,
            "21": 34.66,
            "22": 10.14,
            "23": 1.53,
            "24": -23.53,
            "25": -2.37,
            "26": 43.77,
            "27": -6.22,
            "28": -23.35,
            "29": -21.25,
            "30": 49.89,
            "31": 16.66,
            "32": -30.32,
            "33": 32.3,
            "34": 42.09,
            "35": -12.07,
            "36": 25.1,
            "37": -25.05,
            "38": 17.56,
            "39": -24.07,
            "40": 4.5,
            "41": -48.36,
            "42": -26.65,
            "43": -16.81,
            "44": -34.81,
            "45": 27.47,
            "46": -9.37,
            "47": 42.34,
            "48": -0.3,
            "50": -21.93,
            "51": 47.06,
            "52": -23.83,
            "53": 44.73
        },
        "50": {
            "0": 9.67,
            "1": -38.52,
            "2": 43.12,
            "3": 15.77,
            "4": 26.89,
            "5": 47.33,
            "6": 32.07,
            "7": -39.65,
            "8": -3.22,
            "9": 10.8,
            "10": -3.83,
            "11": -5.07,
            "12": 14.5,
            "13": 33.59,
            "14": 34.63,
            "15": 43.16,
            "16": -35.98,
            "17": -34.2,
            "18": -13.99,
            "19": 23.73,
            "20": 31.02,
            "21": 21.5,
            "22": -7.91,
            "23": 28.19,
            "24": -49.81,
            "25": 12.67,
            "26": 15.5,
            "27": -3.11,
            "28": 46.44,
            "29": -2.83,
            "30": -18.29,
            "31": -40.32,
            "32": -34.53,
            "33": -40.57,
            "34": 46.52,
            "35": -33.7,
            "36": -37.17,
            "37": -29.89,
            "38": 13.05,
            "39": -11.0,
            "40": -29.92,
            "41": -6.03,
            "42": -36.17,
            "43": 10.29,
            "44": 29.79,
            "45": -6.67,
            "46": -17.71,
            "47": -32.69,
            "48": 21.75,
            "49": -21.93,
            "51": -25.47,
            "52": 1.52,
            "53": 26.57
        },
        "51": {
            "0": -4.56,
            "1": 17.86,
            "2": 41.92,
            "3": 12.79,
            "4": 44.22,
            "5": 4.68,
            "6": 18.51,
            "7": 39.26,
            "8": -16.54,
            "9": 43.36,
            "10": 49.94,
            "11": 37.19,
            "12": 9.72,
            "13": -27.42,
            "14": 11.9,
            "15": 36.78,
            "16": -7.3,
            "17": -35.09,
            "18": 13.15,
            "19": 44.18,
            "20": -32.03,
            "21": 24.82,
            "22": 13.01,
            "23": -41.03,
            "24": 19.07,
            "25": -22.32,
            "26": 45.52,
            "27": -14.47,
            "28": -9.1,
            "29": -35.52,
            "30": -33.74,
            "31": -48.29,
            "32": -37.14,
            "33": -3.06,
            "34": -27.5,
            "35": 31.97,
            "36": 40.96,
            "37": -5.58,
            "38": -24.22,
            "39": 16.54,
            "40": -1.45,
            "41": 27.36,
            "42": 47.84,
            "43": -2.1,
            "44": -34.8,
            "45": -29.82,
            "46": -0.61,
            "47": 42.2,
            "48": -39.24,
            "49": 47.06,
            "50": -25.47,
            "52": 36.38,
            "53": 5.24
        },
        "52": {
            "0": 19.79,
            "1": 43.08,
            "2": -9.15,
            "3": 1.79,
            "4": -43.3,
            "5": -34.35,
            "6": -5.55,
            "7": 4.86,
            "8": -33.32,
            "9": 10.33,
            "10": -47.46,
            "11": 26.37,
            "12": -21.22,
            "13": 18.72,
            "14": 37.2,
            "15": -36.3,
            "16": -45.54,
            "17": -30.37,
            "18": -18.51,
            "19": 40.79,
            "20": -2.75,
            "21": -21.55,
            "22": -22.01,
            "23": 20.72,
            "24": -37.33,
            "25": -14.24,
            "26": -12.89,
            "27": 38.89,
            "28": -11.27,
            "29": 27.71,
            "30": 46.07,
            "31": 28.42,
            "32": 47.55,
            "33": -2.75,
            "34": -40.47,
            "35": 41.64,
            "36": -7.54,
            "37": 48.97,
            "38": 6.26,
            "39": -9.33,
            "40": 48.65,
            "41": -19.57,
            "42": -31.39,
            "43": 3.9,
            "44": -28.86,
            "45": 49.01,
            "46": 9.1,
            "47": -40.22,
            "48": 37.62,
            "49": -23.83,
            "50": 1.52,
            "51": 36.38,
            "53": -26.5
        },
        "53": {
            "0": -25.68,
            "1": 43.03,
            "2": 32.66,
            "3": 2.64,
            "4": -0.7,
            "5": 4.78,
            "6": 46.11,
            "7": -27.62,
            "8": -5.92,
            "9": -26.77,
            "10": -46.53,
            "11": 36.09,
            "12": -28.51,
            "13": -14.05,
            "14": -17.42,
            "15": 27.77,
            "16": 38.86,
            "17": -19.49,
            "18": 32.59,
            "19": 6.2,
            "20": -22.83,
            "21": 25.2,
            "22": -35.71,
            "23": -3.88,
            "24": 16.46,
            "25": -48.8,
            "26": -16.21,
            "27": -46.25,
            "28": 41.63,
            "29": 27.75,
            "30": 4.46,
            "31": 23.3,
            "32": -47.41,
            "33": 28.46,
            "34": 37.66,
            "35": 41.75,
            "36": -23.94,
            "37": 37.69,
            "38": 10.1,
            "39": -38.68,
            "40": 8.72,
            "41": -45.87,
            "42": -26.19,
            "43": 8.42,
            "44": 16.83,
            "45": -7.98,
            "46": -19.68,
            "47": 19.71,
            "48": -15.21,
            "49": 44.73,
            "50": 26.57,
            "51": 5.24,
            "52": -26.5
        }
    }
}