{
    "knapsack_size": 35600,
    "Gamma": 38,
    "n_items": 44,
    "costs": {
        "0": {
            "l": 110.02,
            "a": 231.34,
            "u": 255.38
        },
        "1": {
            "l": 313.81,
            "a": 350.09,
            "u": 380.87
        },
        "2": {
            "l": 311.08,
            "a": 317.79,
            "u": 368.26
        },
        "3": {
            "l": 271.88,
            "a": 318.34,
            "u": 336.03
        },
        "4": {
            "l": 309.42,
            "a": 322.19,
            "u": 363.87
        },
        "5": {
            "l": 215.37,
            "a": 298.52,
            "u": 374.71
        },
        "6": {
            "l": 140.83,
            "a": 142.94,
            "u": 170.35
        },
        "7": {
            "l": 278.5,
            "a": 333.87,
            "u": 398.21
        },
        "8": {
            "l": 197.19,
            "a": 303.68,
            "u": 308.96
        },
        "9": {
            "l": 118.9,
            "a": 220.31,
            "u": 317.67
        },
        "10": {
            "l": 189.41,
            "a": 330.04,
            "u": 369.3
        },
        "11": {
            "l": 317.13,
            "a": 356.73,
            "u": 366.45
        },
        "12": {
            "l": 270.51,
            "a": 341.02,
            "u": 353.43
        },
        "13": {
            "l": 162.89,
            "a": 319.63,
            "u": 351.3
        },
        "14": {
            "l": 258.0,
            "a": 292.97,
            "u": 382.18
        },
        "15": {
            "l": 183.2,
            "a": 337.42,
            "u": 360.51
        },
        "16": {
            "l": 169.11,
            "a": 346.27,
            "u": 397.91
        },
        "17": {
            "l": 247.92,
            "a": 263.78,
            "u": 281.52
        },
        "18": {
            "l": 175.72,
            "a": 245.56,
            "u": 390.4
        },
        "19": {
            "l": 150.86,
            "a": 202.11,
            "u": 236.69
        },
        "20": {
            "l": 180.82,
            "a": 317.37,
            "u": 321.44
        },
        "21": {
            "l": 290.48,
            "a": 359.29,
            "u": 362.22
        },
        "22": {
            "l": 116.78,
            "a": 170.66,
            "u": 331.17
        },
        "23": {
            "l": 107.25,
            "a": 185.58,
            "u": 289.63
        },
        "24": {
            "l": 101.11,
            "a": 215.62,
            "u": 226.91
        },
        "25": {
            "l": 251.5,
            "a": 296.53,
            "u": 348.27
        },
        "26": {
            "l": 102.76,
            "a": 332.68,
            "u": 389.39
        },
        "27": {
            "l": 274.76,
            "a": 366.2,
            "u": 378.34
        },
        "28": {
            "l": 251.07,
            "a": 310.43,
            "u": 333.93
        },
        "29": {
            "l": 127.33,
            "a": 297.36,
            "u": 393.41
        },
        "30": {
            "l": 100.72,
            "a": 109.63,
            "u": 258.99
        },
        "31": {
            "l": 311.43,
            "a": 315.25,
            "u": 342.24
        },
        "32": {
            "l": 178.15,
            "a": 239.66,
            "u": 334.53
        },
        "33": {
            "l": 247.7,
            "a": 332.02,
            "u": 390.21
        },
        "34": {
            "l": 251.87,
            "a": 263.71,
            "u": 293.02
        },
        "35": {
            "l": 280.16,
            "a": 351.59,
            "u": 357.33
        },
        "36": {
            "l": 111.27,
            "a": 135.43,
            "u": 320.3
        },
        "37": {
            "l": 163.75,
            "a": 346.45,
            "u": 373.02
        },
        "38": {
            "l": 157.41,
            "a": 282.4,
            "u": 315.82
        },
        "39": {
            "l": 157.52,
            "a": 314.93,
            "u": 346.17
        },
        "40": {
            "l": 180.73,
            "a": 339.62,
            "u": 360.93
        },
        "41": {
            "l": 305.75,
            "a": 318.16,
            "u": 323.36
        },
        "42": {
            "l": 243.91,
            "a": 327.63,
            "u": 389.99
        },
        "43": {
            "l": 124.63,
            "a": 234.71,
            "u": 312.23
        }
    },
    "profits": {
        "0": 392.58,
        "1": 395.71,
        "2": 326.34,
        "3": 446.92,
        "4": 417.01,
        "5": 330.96,
        "6": 346.61,
        "7": 399.68,
        "8": 382.51,
        "9": 369.83,
        "10": 403.34,
        "11": 447.04,
        "12": 353.55,
        "13": 383.02,
        "14": 348.81,
        "15": 404.48,
        "16": 382.54,
        "17": 353.48,
        "18": 394.19,
        "19": 380.86,
        "20": 347.07,
        "21": 386.72,
        "22": 437.99,
        "23": 254.33,
        "24": 306.22,
        "25": 394.63,
        "26": 377.04,
        "27": 411.46,
        "28": 369.32,
        "29": 416.36,
        "30": 183.92,
        "31": 422.89,
        "32": 306.53,
        "33": 411.85,
        "34": 324.61,
        "35": 432.83,
        "36": 335.37,
        "37": 369.55,
        "38": 310.24,
        "39": 356.66,
        "40": 350.62,
        "41": 443.64,
        "42": 439.49,
        "43": 326.04
    },
    "synergies": {
        "0": {
            "1": 28.03,
            "2": -25.5,
            "3": -33.18,
            "4": 25.16,
            "5": 0.21,
            "6": -17.99,
            "7": -41.94,
            "8": 18.32,
            "9": -32.81,
            "10": -6.13,
            "11": 40.65,
            "12": -46.36,
            "13": 2.09,
            "14": 32.04,
            "15": -43.22,
            "16": 38.29,
            "17": 31.27,
            "18": -35.38,
            "19": 37.16,
            "20": 28.8,
            "21": -2.41,
            "22": 35.06,
            "23": -17.38,
            "24": -27.15,
            "25": -40.68,
            "26": -10.25,
            "27": -33.59,
            "28": 26.38,
            "29": 5.2,
            "30": 16.71,
            "31": -39.6,
            "32": 37.54,
            "33": -21.03,
            "34": -31.84,
            "35": -38.89,
            "36": 26.69,
            "37": -14.43,
            "38": 28.91,
            "39": 38.18,
            "40": 4.69,
            "41": -46.63,
            "42": 36.17,
            "43": -3.79
        },
        "1": {
            "0": 28.03,
            "2": -19.11,
            "3": 18.39,
            "4": -32.18,
            "5": 25.94,
            "6": 30.91,
            "7": 30.48,
            "8": -39.61,
            "9": -42.78,
            "10": -4.16,
            "11": 33.44,
            "12": 21.87,
            "13": -38.08,
            "14": -0.75,
            "15": -25.0,
            "16": -15.08,
            "17": 19.33,
            "18": -42.75,
            "19": 0.13,
            "20": 33.71,
            "21": -26.39,
            "22": 26.64,
            "23": -37.62,
            "24": 22.68,
            "25": -22.74,
            "26": -46.11,
            "27": 7.23,
            "28": 45.78,
            "29": -21.44,
            "30": 38.74,
            "31": -9.12,
            "32": -24.19,
            "33": -17.04,
            "34": 17.3,
            "35": 24.27,
            "36": 42.94,
            "37": 0.47,
            "38": 10.19,
            "39": 30.46,
            "40": -0.37,
            "41": 3.09,
            "42": -3.9,
            "43": 38.61
        },
        "2": {
            "0": -25.5,
            "1": -19.11,
            "3": -29.1,
            "4": 11.61,
            "5": -28.91,
            "6": 29.5,
            "7": 21.51,
            "8": 5.66,
            "9": 33.18,
            "10": 6.04,
            "11": -44.12,
            "12": -2.44,
            "13": -35.04,
            "14": -1.11,
            "15": 31.31,
            "16": -13.32,
            "17": 2.58,
            "18": -27.84,
            "19": -9.94,
            "20": 37.13,
            "21": -0.11,
            "22": 17.17,
            "23": 28.36,
            "24": 43.19,
            "25": 7.23,
            "26": -25.06,
            "27": -21.79,
            "28": 33.18,
            "29": -30.72,
            "30": 33.98,
            "31": -4.52,
            "32": 3.4,
            "33": 30.58,
            "34": 36.48,
            "35": -36.26,
            "36": 29.43,
            "37": 40.23,
            "38": 18.49,
            "39": -29.79,
            "40": -12.18,
            "41": -42.56,
            "42": -39.5,
            "43": -10.63
        },
        "3": {
            "0": -33.18,
            "1": 18.39,
            "2": -29.1,
            "4": 43.96,
            "5": -42.9,
            "6": -0.41,
            "7": 25.25,
            "8": 15.77,
            "9": 32.32,
            "10": -26.35,
            "11": -46.17,
            "12": -40.19,
            "13": -9.81,
            "14": -47.23,
            "15": -0.38,
            "16": -19.63,
            "17": -38.83,
            "18": 21.25,
            "19": -44.19,
            "20": 21.43,
            "21": 1.63,
            "22": -2.82,
            "23": 43.88,
            "24": -10.4,
            "25": -41.83,
            "26": 32.63,
            "27": 32.28,
            "28": 41.39,
            "29": 40.33,
            "30": 43.51,
            "31": -9.64,
            "32": 16.24,
            "33": -28.65,
            "34": -24.38,
            "35": -25.56,
            "36": -4.02,
            "37": 36.95,
            "38": 33.17,
            "39": -37.55,
            "40": -34.31,
            "41": -43.68,
            "42": -9.8,
            "43": -36.55
        },
        "4": {
            "0": 25.16,
            "1": -32.18,
            "2": 11.61,
            "3": 43.96,
            "5": -30.34,
            "6": 11.33,
            "7": -0.65,
            "8": 38.06,
            "9": 36.59,
            "10": -16.54,
            "11": -47.73,
            "12": 5.99,
            "13": 21.6,
            "14": -33.17,
            "15": -45.43,
            "16": 37.19,
            "17": 13.8,
            "18": 14.16,
            "19": -29.02,
            "20": -4.57,
            "21": -18.66,
            "22": 37.81,
            "23": 1.16,
            "24": -20.88,
            "25": 11.68,
            "26": 15.21,
            "27": -6.16,
            "28": 5.17,
            "29": -28.53,
            "30": -40.96,
            "31": -18.9,
            "32": 11.12,
            "33": 42.47,
            "34": 42.6,
            "35": -29.35,
            "36": -16.3,
            "37": -47.39,
            "38": 10.54,
            "39": -24.41,
            "40": 25.07,
            "41": -30.06,
            "42": 11.87,
            "43": 38.95
        },
        "5": {
            "0": 0.21,
            "1": 25.94,
            "2": -28.91,
            "3": -42.9,
            "4": -30.34,
            "6": -40.81,
            "7": -34.31,
            "8": 19.19,
            "9": -16.51,
            "10": 42.79,
            "11": 32.96,
            "12": -34.28,
            "13": -46.24,
            "14": 22.43,
            "15": 34.39,
            "16": -38.52,
            "17": 22.71,
            "18": 18.95,
            "19": 23.23,
            "20": -31.62,
            "21": -46.52,
            "22": -43.94,
            "23": -26.67,
            "24": 29.22,
            "25": 11.68,
            "26": -16.31,
            "27": -13.21,
            "28": 17.39,
            "29": -28.95,
            "30": -37.35,
            "31": 14.42,
            "32": 45.91,
            "33": 20.27,
            "34": -29.21,
            "35": 31.71,
            "36": -36.53,
            "37": 32.39,
            "38": 40.31,
            "39": -30.25,
            "40": 23.69,
            "41": 31.91,
            "42": 43.31,
            "43": 1.8
        },
        "6": {
            "0": -17.99,
            "1": 30.91,
            "2": 29.5,
            "3": -0.41,
            "4": 11.33,
            "5": -40.81,
            "7": 26.95,
            "8": -12.03,
            "9": -24.91,
            "10": -31.33,
            "11": 12.23,
            "12": 41.66,
            "13": -45.19,
            "14": -13.29,
            "15": -24.81,
            "16": 5.25,
            "17": -26.89,
            "18": -41.21,
            "19": 6.45,
            "20": -12.24,
            "21": 18.83,
            "22": -24.29,
            "23": -7.91,
            "24": 2.77,
            "25": -28.7,
            "26": 19.8,
            "27": -32.16,
            "28": -14.67,
            "29": 31.39,
            "30": 0.67,
            "31": -0.27,
            "32": -20.26,
            "33": -41.71,
            "34": 7.55,
            "35": -40.96,
            "36": 6.94,
            "37": -8.53,
            "38": -15.41,
            "39": 3.3,
            "40": 8.56,
            "41": 2.54,
            "42": 42.76,
            "43": 45.81
        },
        "7": {
            "0": -41.94,
            "1": 30.48,
            "2": 21.51,
            "3": 25.25,
            "4": -0.65,
            "5": -34.31,
            "6": 26.95,
            "8": 4.65,
            "9": 23.24,
            "10": 27.96,
            "11": -36.32,
            "12": 15.35,
            "13": 18.3,
            "14": -21.34,
            "15": 10.14,
            "16": -3.26,
            "17": 5.34,
            "18": 29.26,
            "19": 4.28,
            "20": -9.05,
            "21": 9.71,
            "22": -39.48,
            "23": -28.49,
            "24": -4.24,
            "25": 47.42,
            "26": -11.54,
            "27": 28.31,
            "28": 46.52,
            "29": 30.52,
            "30": -4.21,
            "31": 17.51,
            "32": -44.02,
            "33": -7.1,
            "34": 36.62,
            "35": -41.46,
            "36": 7.13,
            "37": -22.41,
            "38": -7.75,
            "39": 23.57,
            "40": 46.47,
            "41": 37.9,
            "42": -37.15,
            "43": 28.7
        },
        "8": {
            "0": 18.32,
            "1": -39.61,
            "2": 5.66,
            "3": 15.77,
            "4": 38.06,
            "5": 19.19,
            "6": -12.03,
            "7": 4.65,
            "9": 45.13,
            "10": -47.56,
            "11": -38.76,
            "12": -23.97,
            "13": 35.84,
            "14": -11.83,
            "15": 3.59,
            "16": 43.18,
            "17": -3.22,
            "18": 41.28,
            "19": -22.43,
            "20": -22.95,
            "21": -36.89,
            "22": 27.44,
            "23": 34.32,
            "24": 31.76,
            "25": 2.12,
            "26": -1.22,
            "27": 35.33,
            "28": -35.95,
            "29": -22.62,
            "30": 1.65,
            "31": 31.57,
            "32": -13.41,
            "33": 28.56,
            "34": 11.79,
            "35": -40.33,
            "36": -8.47,
            "37": 39.68,
            "38": 37.88,
            "39": -17.5,
            "40": 27.74,
            "41": 14.27,
            "42": 25.45,
            "43": 22.69
        },
        "9": {
            "0": -32.81,
            "1": -42.78,
            "2": 33.18,
            "3": 32.32,
            "4": 36.59,
            "5": -16.51,
            "6": -24.91,
            "7": 23.24,
            "8": 45.13,
            "10": 39.46,
            "11": -28.56,
            "12": 28.88,
            "13": -26.96,
            "14": -22.63,
            "15": -46.92,
            "16": 31.54,
            "17": -3.09,
            "18": 2.02,
            "19": 25.42,
            "20": 20.08,
            "21": 5.42,
            "22": 25.16,
            "23": 18.38,
            "24": -9.75,
            "25": 12.45,
            "26": 42.0,
            "27": -9.93,
            "28": 38.95,
            "29": 12.05,
            "30": 7.22,
            "31": 32.76,
            "32": 22.92,
            "33": 42.83,
            "34": 23.37,
            "35": 11.65,
            "36": 36.03,
            "37": -25.28,
            "38": -22.74,
            "39": 36.38,
            "40": -16.82,
            "41": 40.54,
            "42": 21.2,
            "43": 30.57
        },
        "10": {
            "0": -6.13,
            "1": -4.16,
            "2": 6.04,
            "3": -26.35,
            "4": -16.54,
            "5": 42.79,
            "6": -31.33,
            "7": 27.96,
            "8": -47.56,
            "9": 39.46,
            "11": 41.67,
            "12": -32.83,
            "13": 13.8,
            "14": 24.14,
            "15": 30.7,
            "16": 23.38,
            "17": -43.9,
            "18": -12.95,
            "19": -35.68,
            "20": -16.94,
            "21": 22.24,
            "22": -41.16,
            "23": 12.36,
            "24": -36.72,
            "25": -46.36,
            "26": 28.58,
            "27": -13.18,
            "28": 43.78,
            "29": -36.91,
            "30": 11.12,
            "31": -39.1,
            "32": -15.21,
            "33": 44.04,
            "34": -10.33,
            "35": 42.6,
            "36": -4.58,
            "37": -38.19,
            "38": -38.73,
            "39": -6.91,
            "40": 24.22,
            "41": 14.74,
            "42": -36.87,
            "43": -47.54
        },
        "11": {
            "0": 40.65,
            "1": 33.44,
            "2": -44.12,
            "3": -46.17,
            "4": -47.73,
            "5": 32.96,
            "6": 12.23,
            "7": -36.32,
            "8": -38.76,
            "9": -28.56,
            "10": 41.67,
            "12": -33.38,
            "13": -29.86,
            "14": -35.73,
            "15": -44.41,
            "16": 42.21,
            "17": 41.58,
            "18": 29.24,
            "19": -8.41,
            "20": -21.11,
            "21": 0.74,
            "22": -17.13,
            "23": -46.73,
            "24": -25.18,
            "25": 4.87,
            "26": 44.59,
            "27": 7.63,
            "28": -46.93,
            "29": 1.73,
            "30": 41.92,
            "31": -13.18,
            "32": -42.64,
            "33": -43.6,
            "34": -19.55,
            "35": -9.13,
            "36": 29.53,
            "37": 44.13,
            "38": -2.94,
            "39": 7.77,
            "40": -7.24,
            "41": -40.9,
            "42": 25.01,
            "43": 42.88
        },
        "12": {
            "0": -46.36,
            "1": 21.87,
            "2": -2.44,
            "3": -40.19,
            "4": 5.99,
            "5": -34.28,
            "6": 41.66,
            "7": 15.35,
            "8": -23.97,
            "9": 28.88,
            "10": -32.83,
            "11": -33.38,
            "13": 20.37,
            "14": 6.85,
            "15": 41.07,
            "16": -33.2,
            "17": 41.62,
            "18": -39.71,
            "19": 31.81,
            "20": 18.03,
            "21": 46.73,
            "22": 39.64,
            "23": -12.81,
            "24": -39.78,
            "25": 20.57,
            "26": 39.02,
            "27": -45.9,
            "28": 39.31,
            "29": -10.53,
            "30": -40.84,
            "31": -41.41,
            "32": -2.38,
            "33": -21.69,
            "34": 30.66,
            "35": -8.71,
            "36": 21.04,
            "37": -8.25,
            "38": -33.92,
            "39": -8.89,
            "40": -27.35,
            "41": -25.41,
            "42": -40.5,
            "43": -20.47
        },
        "13": {
            "0": 2.09,
            "1": -38.08,
            "2": -35.04,
            "3": -9.81,
            "4": 21.6,
            "5": -46.24,
            "6": -45.19,
            "7": 18.3,
            "8": 35.84,
            "9": -26.96,
            "10": 13.8,
            "11": -29.86,
            "12": 20.37,
            "14": -39.33,
            "15": -2.33,
            "16": -40.55,
            "17": -18.82,
            "18": -1.04,
            "19": -17.74,
            "20": -3.29,
            "21": -10.52,
            "22": -39.23,
            "23": -33.19,
            "24": -22.32,
            "25": 46.55,
            "26": 43.44,
            "27": 21.69,
            "28": 31.28,
            "29": -22.75,
            "30": -37.12,
            "31": -36.05,
            "32": 19.72,
            "33": 38.93,
            "34": 25.4,
            "35": 35.76,
            "36": 15.54,
            "37": 25.74,
            "38": -17.81,
            "39": 31.58,
            "40": -25.35,
            "41": 0.81,
            "42": -45.94,
            "43": 14.75
        },
        "14": {
            "0": 32.04,
            "1": -0.75,
            "2": -1.11,
            "3": -47.23,
            "4": -33.17,
            "5": 22.43,
            "6": -13.29,
            "7": -21.34,
            "8": -11.83,
            "9": -22.63,
            "10": 24.14,
            "11": -35.73,
            "12": 6.85,
            "13": -39.33,
            "15": 0.62,
            "16": 7.06,
            "17": 35.62,
            "18": 40.97,
            "19": -13.48,
            "20": -17.91,
            "21": -38.97,
            "22": -15.4,
            "23": 36.62,
            "24": 46.17,
            "25": -47.33,
            "26": 12.83,
            "27": -5.27,
            "28": -2.94,
            "29": -10.58,
            "30": -22.04,
            "31": -21.53,
            "32": 37.59,
            "33": -28.21,
            "34": -26.37,
            "35": 16.9,
            "36": 27.37,
            "37": -39.13,
            "38": -3.55,
            "39": 16.92,
            "40": 45.55,
            "41": 43.11,
            "42": 1.44,
            "43": -13.12
        },
        "15": {
            "0": -43.22,
            "1": -25.0,
            "2": 31.31,
            "3": -0.38,
            "4": -45.43,
            "5": 34.39,
            "6": -24.81,
            "7": 10.14,
            "8": 3.59,
            "9": -46.92,
            "10": 30.7,
            "11": -44.41,
            "12": 41.07,
            "13": -2.33,
            "14": 0.62,
            "16": -32.91,
            "17": -46.15,
            "18": -38.71,
            "19": -13.99,
            "20": 11.11,
            "21": -21.4,
            "22": 19.13,
            "23": -44.34,
            "24": -37.0,
            "25": 33.77,
            "26": 35.41,
            "27": -19.8,
            "28": -35.32,
            "29": -12.86,
            "30": 21.32,
            "31": -3.64,
            "32": 16.83,
            "33": -32.47,
            "34": 22.19,
            "35": -3.58,
            "36": -12.69,
            "37": -47.85,
            "38": -1.67,
            "39": 45.03,
            "40": 1.01,
            "41": 7.48,
            "42": -2.64,
            "43": 18.83
        },
        "16": {
            "0": 38.29,
            "1": -15.08,
            "2": -13.32,
            "3": -19.63,
            "4": 37.19,
            "5": -38.52,
            "6": 5.25,
            "7": -3.26,
            "8": 43.18,
            "9": 31.54,
            "10": 23.38,
            "11": 42.21,
            "12": -33.2,
            "13": -40.55,
            "14": 7.06,
            "15": -32.91,
            "17": 40.6,
            "18": -9.3,
            "19": 34.36,
            "20": -2.42,
            "21": 12.99,
            "22": -28.78,
            "23": -22.67,
            "24": 13.05,
            "25": -46.93,
            "26": -28.03,
            "27": 31.56,
            "28": 36.2,
            "29": 28.77,
            "30": 34.95,
            "31": 15.85,
            "32": -9.63,
            "33": -11.54,
            "34": -45.02,
            "35": -5.11,
            "36": -47.74,
            "37": -2.83,
            "38": -12.76,
            "39": 19.3,
            "40": 12.61,
            "41": 4.53,
            "42": 32.93,
            "43": 40.33
        },
        "17": {
            "0": 31.27,
            "1": 19.33,
            "2": 2.58,
            "3": -38.83,
            "4": 13.8,
            "5": 22.71,
            "6": -26.89,
            "7": 5.34,
            "8": -3.22,
            "9": -3.09,
            "10": -43.9,
            "11": 41.58,
            "12": 41.62,
            "13": -18.82,
            "14": 35.62,
            "15": -46.15,
            "16": 40.6,
            "18": 41.93,
            "19": 26.49,
            "20": -41.81,
            "21": -30.18,
            "22": -15.54,
            "23": -8.26,
            "24": -33.82,
            "25": 44.0,
            "26": -13.27,
            "27": 47.14,
            "28": -1.05,
            "29": -28.6,
            "30": -31.09,
            "31": -24.25,
            "32": 34.64,
            "33": -16.24,
            "34": 45.91,
            "35": 8.1,
            "36": 9.97,
            "37": -41.86,
            "38": -24.41,
            "39": -29.29,
            "40": 16.35,
            "41": -27.41,
            "42": 20.27,
            "43": -3.03
        },
        "18": {
            "0": -35.38,
            "1": -42.75,
            "2": -27.84,
            "3": 21.25,
            "4": 14.16,
            "5": 18.95,
            "6": -41.21,
            "7": 29.26,
            "8": 41.28,
            "9": 2.02,
            "10": -12.95,
            "11": 29.24,
            "12": -39.71,
            "13": -1.04,
            "14": 40.97,
            "15": -38.71,
            "16": -9.3,
            "17": 41.93,
            "19": -25.61,
            "20": -23.32,
            "21": -6.42,
            "22": 4.02,
            "23": 39.44,
            "24": -33.93,
            "25": 14.5,
            "26": -7.78,
            "27": 39.98,
            "28": -39.3,
            "29": -42.06,
            "30": -21.61,
            "31": -46.13,
            "32": 18.55,
            "33": -29.64,
            "34": -9.89,
            "35": -33.75,
            "36": -23.99,
            "37": -0.02,
            "38": 30.39,
            "39": -33.63,
            "40": -8.46,
            "41": 30.64,
            "42": -41.68,
            "43": -5.44
        },
        "19": {
            "0": 37.16,
            "1": 0.13,
            "2": -9.94,
            "3": -44.19,
            "4": -29.02,
            "5": 23.23,
            "6": 6.45,
            "7": 4.28,
            "8": -22.43,
            "9": 25.42,
            "10": -35.68,
            "11": -8.41,
            "12": 31.81,
            "13": -17.74,
            "14": -13.48,
            "15": -13.99,
            "16": 34.36,
            "17": 26.49,
            "18": -25.61,
            "20": 1.41,
            "21": 9.99,
            "22": 46.07,
            "23": 38.37,
            "24": -45.66,
            "25": 34.57,
            "26": 39.67,
            "27": 22.6,
            "28": 24.2,
            "29": 13.12,
            "30": 26.25,
            "31": -22.26,
            "32": -5.85,
            "33": -30.29,
            "34": -8.18,
            "35": 32.68,
            "36": 43.86,
            "37": 30.69,
            "38": 24.55,
            "39": 6.0,
            "40": 11.56,
            "41": -41.18,
            "42": 45.81,
            "43": -20.51
        },
        "20": {
            "0": 28.8,
            "1": 33.71,
            "2": 37.13,
            "3": 21.43,
            "4": -4.57,
            "5": -31.62,
            "6": -12.24,
            "7": -9.05,
            "8": -22.95,
            "9": 20.08,
            "10": -16.94,
            "11": -21.11,
            "12": 18.03,
            "13": -3.29,
            "14": -17.91,
            "15": 11.11,
            "16": -2.42,
            "17": -41.81,
            "18": -23.32,
            "19": 1.41,
            "21": 36.43,
            "22": -45.85,
            "23": 19.29,
            "24": -15.99,
            "25": 0.76,
            "26": -16.65,
            "27": -42.21,
            "28": -5.61,
            "29": -44.7,
            "30": -0.86,
            "31": -38.85,
            "32": 5.87,
            "33": 27.35,
            "34": -8.04,
            "35": -32.06,
            "36": 10.11,
            "37": 20.65,
            "38": -38.55,
            "39": -34.8,
            "40": 36.13,
            "41": -18.01,
            "42": 32.62,
            "43": -17.83
        },
        "21": {
            "0": -2.41,
            "1": -26.39,
            "2": -0.11,
            "3": 1.63,
            "4": -18.66,
            "5": -46.52,
            "6": 18.83,
            "7": 9.71,
            "8": -36.89,
            "9": 5.42,
            "10": 22.24,
            "11": 0.74,
            "12": 46.73,
            "13": -10.52,
            "14": -38.97,
            "15": -21.4,
            "16": 12.99,
            "17": -30.18,
            "18": -6.42,
            "19": 9.99,
            "20": 36.43,
            "22": -4.44,
            "23": -13.8,
            "24": -17.8,
            "25": -28.16,
            "26": -43.69,
            "27": 31.02,
            "28": -4.03,
            "29": -13.73,
            "30": -42.44,
            "31": 39.65,
            "32": 46.31,
            "33": -8.06,
            "34": -35.05,
            "35": 11.4,
            "36": 9.47,
            "37": -36.38,
            "38": -32.23,
            "39": -39.42,
            "40": -20.91,
            "41": -20.9,
            "42": -21.96,
            "43": -24.47
        },
        "22": {
            "0": 35.06,
            "1": 26.64,
            "2": 17.17,
            "3": -2.82,
            "4": 37.81,
            "5": -43.94,
            "6": -24.29,
            "7": -39.48,
            "8": 27.44,
            "9": 25.16,
            "10": -41.16,
            "11": -17.13,
            "12": 39.64,
            "13": -39.23,
            "14": -15.4,
            "15": 19.13,
            "16": -28.78,
            "17": -15.54,
            "18": 4.02,
            "19": 46.07,
            "20": -45.85,
            "21": -4.44,
            "23": -30.46,
            "24": -21.55,
            "25": 42.74,
            "26": -32.3,
            "27": -28.71,
            "28": -40.75,
            "29": 24.59,
            "30": 13.61,
            "31": -43.65,
            "32": -29.48,
            "33": -5.12,
            "34": -9.13,
            "35": 29.79,
            "36": -30.27,
            "37": 46.13,
            "38": -17.42,
            "39": 23.31,
            "40": 11.84,
            "41": -46.52,
            "42": -16.71,
            "43": 19.84
        },
        "23": {
            "0": -17.38,
            "1": -37.62,
            "2": 28.36,
            "3": 43.88,
            "4": 1.16,
            "5": -26.67,
            "6": -7.91,
            "7": -28.49,
            "8": 34.32,
            "9": 18.38,
            "10": 12.36,
            "11": -46.73,
            "12": -12.81,
            "13": -33.19,
            "14": 36.62,
            "15": -44.34,
            "16": -22.67,
            "17": -8.26,
            "18": 39.44,
            "19": 38.37,
            "20": 19.29,
            "21": -13.8,
            "22": -30.46,
            "24": 21.03,
            "25": -37.25,
            "26": 43.46,
            "27": -30.95,
            "28": -12.57,
            "29": -47.4,
            "30": 41.18,
            "31": -21.31,
            "32": 11.27,
            "33": -46.72,
            "34": -14.54,
            "35": -11.97,
            "36": 37.07,
            "37": -4.72,
            "38": -45.17,
            "39": -35.84,
            "40": -31.46,
            "41": -38.82,
            "42": 14.66,
            "43": -41.62
        },
        "24": {
            "0": -27.15,
            "1": 22.68,
            "2": 43.19,
            "3": -10.4,
            "4": -20.88,
            "5": 29.22,
            "6": 2.77,
            "7": -4.24,
            "8": 31.76,
            "9": -9.75,
            "10": -36.72,
            "11": -25.18,
            "12": -39.78,
            "13": -22.32,
            "14": 46.17,
            "15": -37.0,
            "16": 13.05,
            "17": -33.82,
            "18": -33.93,
            "19": -45.66,
            "20": -15.99,
            "21": -17.8,
            "22": -21.55,
            "23": 21.03,
            "25": 26.55,
            "26": 21.57,
            "27": -33.99,
            "28": 32.82,
            "29": 32.75,
            "30": 45.77,
            "31": -22.57,
            "32": 4.46,
            "33": 37.11,
            "34": -23.66,
            "35": -4.99,
            "36": 22.16,
            "37": 8.57,
            "38": 29.15,
            "39": 43.65,
            "40": 27.57,
            "41": 36.31,
            "42": -5.86,
            "43": -14.87
        },
        "25": {
            "0": -40.68,
            "1": -22.74,
            "2": 7.23,
            "3": -41.83,
            "4": 11.68,
            "5": 11.68,
            "6": -28.7,
            "7": 47.42,
            "8": 2.12,
            "9": 12.45,
            "10": -46.36,
            "11": 4.87,
            "12": 20.57,
            "13": 46.55,
            "14": -47.33,
            "15": 33.77,
            "16": -46.93,
            "17": 44.0,
            "18": 14.5,
            "19": 34.57,
            "20": 0.76,
            "21": -28.16,
            "22": 42.74,
            "23": -37.25,
            "24": 26.55,
            "26": 13.92,
            "27": 9.47,
            "28": -12.38,
            "29": 36.83,
            "30": 7.63,
            "31": -32.61,
            "32": -2.89,
            "33": 2.01,
            "34": -24.9,
            "35": 39.9,
            "36": 10.72,
            "37": 35.96,
            "38": 7.6,
            "39": -3.08,
            "40": 2.88,
            "41": -30.71,
            "42": -9.98,
            "43": -0.91
        },
        "26": {
            "0": -10.25,
            "1": -46.11,
            "2": -25.06,
            "3": 32.63,
            "4": 15.21,
            "5": -16.31,
            "6": 19.8,
            "7": -11.54,
            "8": -1.22,
            "9": 42.0,
            "10": 28.58,
            "11": 44.59,
            "12": 39.02,
            "13": 43.44,
            "14": 12.83,
            "15": 35.41,
            "16": -28.03,
            "17": -13.27,
            "18": -7.78,
            "19": 39.67,
            "20": -16.65,
            "21": -43.69,
            "22": -32.3,
            "23": 43.46,
            "24": 21.57,
            "25": 13.92,
            "27": 42.79,
            "28": 8.1,
            "29": 9.67,
            "30": 29.3,
            "31": 17.03,
            "32": -23.95,
            "33": -18.85,
            "34": 8.83,
            "35": -7.07,
            "36": 28.32,
            "37": -8.46,
            "38": -10.81,
            "39": 12.2,
            "40": 33.66,
            "41": 19.45,
            "42": 14.26,
            "43": -22.24
        },
        "27": {
            "0": -33.59,
            "1": 7.23,
            "2": -21.79,
            "3": 32.28,
            "4": -6.16,
            "5": -13.21,
            "6": -32.16,
            "7": 28.31,
            "8": 35.33,
            "9": -9.93,
            "10": -13.18,
            "11": 7.63,
            "12": -45.9,
            "13": 21.69,
            "14": -5.27,
            "15": -19.8,
            "16": 31.56,
            "17": 47.14,
            "18": 39.98,
            "19": 22.6,
            "20": -42.21,
            "21": 31.02,
            "22": -28.71,
            "23": -30.95,
            "24": -33.99,
            "25": 9.47,
            "26": 42.79,
            "28": -16.9,
            "29": 39.55,
            "30": -22.18,
            "31": -45.53,
            "32": 47.53,
            "33": 3.12,
            "34": -21.65,
            "35": 18.28,
            "36": 39.34,
            "37": 41.72,
            "38": -16.64,
            "39": 4.1,
            "40": 9.31,
            "41": -9.62,
            "42": 39.38,
            "43": -7.14
        },
        "28": {
            "0": 26.38,
            "1": 45.78,
            "2": 33.18,
            "3": 41.39,
            "4": 5.17,
            "5": 17.39,
            "6": -14.67,
            "7": 46.52,
            "8": -35.95,
            "9": 38.95,
            "10": 43.78,
            "11": -46.93,
            "12": 39.31,
            "13": 31.28,
            "14": -2.94,
            "15": -35.32,
            "16": 36.2,
            "17": -1.05,
            "18": -39.3,
            "19": 24.2,
            "20": -5.61,
            "21": -4.03,
            "22": -40.75,
            "23": -12.57,
            "24": 32.82,
            "25": -12.38,
            "26": 8.1,
            "27": -16.9,
            "29": 15.1,
            "30": -10.88,
            "31": -6.09,
            "32": 15.92,
            "33": 31.59,
            "34": 36.34,
            "35": 10.8,
            "36": -27.1,
            "37": -32.71,
            "38": 25.74,
            "39": 35.51,
            "40": 15.14,
            "41": 16.51,
            "42": -14.87,
            "43": 35.72
        },
        "29": {
            "0": 5.2,
            "1": -21.44,
            "2": -30.72,
            "3": 40.33,
            "4": -28.53,
            "5": -28.95,
            "6": 31.39,
            "7": 30.52,
            "8": -22.62,
            "9": 12.05,
            "10": -36.91,
            "11": 1.73,
            "12": -10.53,
            "13": -22.75,
            "14": -10.58,
            "15": -12.86,
            "16": 28.77,
            "17": -28.6,
            "18": -42.06,
            "19": 13.12,
            "20": -44.7,
            "21": -13.73,
            "22": 24.59,
            "23": -47.4,
            "24": 32.75,
            "25": 36.83,
            "26": 9.67,
            "27": 39.55,
            "28": 15.1,
            "30": -39.41,
            "31": 30.56,
            "32": -7.41,
            "33": 14.07,
            "34": 31.48,
            "35": -22.08,
            "36": -10.78,
            "37": -22.2,
            "38": -23.9,
            "39": 42.96,
            "40": 38.67,
            "41": -24.78,
            "42": -10.36,
            "43": 38.95
        },
        "30": {
            "0": 16.71,
            "1": 38.74,
            "2": 33.98,
            "3": 43.51,
            "4": -40.96,
            "5": -37.35,
            "6": 0.67,
            "7": -4.21,
            "8": 1.65,
            "9": 7.22,
            "10": 11.12,
            "11": 41.92,
            "12": -40.84,
            "13": -37.12,
            "14": -22.04,
            "15": 21.32,
            "16": 34.95,
            "17": -31.09,
            "18": -21.61,
            "19": 26.25,
            "20": -0.86,
            "21": -42.44,
            "22": 13.61,
            "23": 41.18,
            "24": 45.77,
            "25": 7.63,
            "26": 29.3,
            "27": -22.18,
            "28": -10.88,
            "29": -39.41,
            "31": -38.74,
            "32": 4.5,
            "33": 33.29,
            "34": -40.2,
            "35": 39.12,
            "36": -16.36,
            "37": -47.57,
            "38": -33.73,
            "39": 7.22,
            "40": -40.75,
            "41": 25.56,
            "42": -23.46,
            "43": -7.56
        },
        "31": {
            "0": -39.6,
            "1": -9.12,
            "2": -4.52,
            "3": -9.64,
            "4": -18.9,
            "5": 14.42,
            "6": -0.27,
            "7": 17.51,
            "8": 31.57,
            "9": 32.76,
            "10": -39.1,
            "11": -13.18,
            "12": -41.41,
            "13": -36.05,
            "14": -21.53,
            "15": -3.64,
            "16": 15.85,
            "17": -24.25,
            "18": -46.13,
            "19": -22.26,
            "20": -38.85,
            "21": 39.65,
            "22": -43.65,
            "23": -21.31,
            "24": -22.57,
            "25": -32.61,
            "26": 17.03,
            "27": -45.53,
            "28": -6.09,
            "29": 30.56,
            "30": -38.74,
            "32": 34.23,
            "33": 37.53,
            "34": -6.67,
            "35": 7.64,
            "36": -10.27,
            "37": 41.56,
            "38": 33.96,
            "39": 42.67,
            "40": -45.96,
            "41": -20.65,
            "42": -35.62,
            "43": 21.2
        },
        "32": {
            "0": 37.54,
            "1": -24.19,
            "2": 3.4,
            "3": 16.24,
            "4": 11.12,
            "5": 45.91,
            "6": -20.26,
            "7": -44.02,
            "8": -13.41,
            "9": 22.92,
            "10": -15.21,
            "11": -42.64,
            "12": -2.38,
            "13": 19.72,
            "14": 37.59,
            "15": 16.83,
            "16": -9.63,
            "17": 34.64,
            "18": 18.55,
            "19": -5.85,
            "20": 5.87,
            "21": 46.31,
            "22": -29.48,
            "23": 11.27,
            "24": 4.46,
            "25": -2.89,
            "26": -23.95,
            "27": 47.53,
            "28": 15.92,
            "29": -7.41,
            "30": 4.5,
            "31": 34.23,
            "33": 28.4,
            "34": 25.73,
            "35": -4.34,
            "36": 42.64,
            "37": -15.85,
            "38": -42.13,
            "39": -7.4,
            "40": -24.37,
            "41": -25.03,
            "42": 31.91,
            "43": -24.2
        },
        "33": {
            "0": -21.03,
            "1": -17.04,
            "2": 30.58,
            "3": -28.65,
            "4": 42.47,
            "5": 20.27,
            "6": -41.71,
            "7": -7.1,
            "8": 28.56,
            "9": 42.83,
            "10": 44.04,
            "11": -43.6,
            "12": -21.69,
            "13": 38.93,
            "14": -28.21,
            "15": -32.47,
            "16": -11.54,
            "17": -16.24,
            "18": -29.64,
            "19": -30.29,
            "20": 27.35,
            "21": -8.06,
            "22": -5.12,
            "23": -46.72,
            "24": 37.11,
            "25": 2.01,
            "26": -18.85,
            "27": 3.12,
            "28": 31.59,
            "29": 14.07,
            "30": 33.29,
            "31": 37.53,
            "32": 28.4,
            "34": 6.31,
            "35": -37.23,
            "36": -9.28,
            "37": -16.47,
            "38": -32.33,
            "39": -46.53,
            "40": -29.99,
            "41": -32.89,
            "42": 12.78,
            "43": -12.46
        },
        "34": {
            "0": -31.84,
            "1": 17.3,
            "2": 36.48,
            "3": -24.38,
            "4": 42.6,
            "5": -29.21,
            "6": 7.55,
            "7": 36.62,
            "8": 11.79,
            "9": 23.37,
            "10": -10.33,
            "11": -19.55,
            "12": 30.66,
            "13": 25.4,
            "14": -26.37,
            "15": 22.19,
            "16": -45.02,
            "17": 45.91,
            "18": -9.89,
            "19": -8.18,
            "20": -8.04,
            "21": -35.05,
            "22": -9.13,
            "23": -14.54,
            "24": -23.66,
            "25": -24.9,
            "26": 8.83,
            "27": -21.65,
            "28": 36.34,
            "29": 31.48,
            "30": -40.2,
            "31": -6.67,
            "32": 25.73,
            "33": 6.31,
            "35": 17.63,
            "36": 17.81,
            "37": -27.04,
            "38": 39.29,
            "39": -1.38,
            "40": -8.17,
            "41": -46.02,
            "42": 13.23,
            "43": -5.87
        },
        "35": {
            "0": -38.89,
            "1": 24.27,
            "2": -36.26,
            "3": -25.56,
            "4": -29.35,
            "5": 31.71,
            "6": -40.96,
            "7": -41.46,
            "8": -40.33,
            "9": 11.65,
            "10": 42.6,
            "11": -9.13,
            "12": -8.71,
            "13": 35.76,
            "14": 16.9,
            "15": -3.58,
            "16": -5.11,
            "17": 8.1,
            "18": -33.75,
            "19": 32.68,
            "20": -32.06,
            "21": 11.4,
            "22": 29.79,
            "23": -11.97,
            "24": -4.99,
            "25": 39.9,
            "26": -7.07,
            "27": 18.28,
            "28": 10.8,
            "29": -22.08,
            "30": 39.12,
            "31": 7.64,
            "32": -4.34,
            "33": -37.23,
            "34": 17.63,
            "36": 11.26,
            "37": 23.33,
            "38": 22.07,
            "39": 47.52,
            "40": -47.34,
            "41": -23.04,
            "42": -45.91,
            "43": -40.78
        },
        "36": {
            "0": 26.69,
            "1": 42.94,
            "2": 29.43,
            "3": -4.02,
            "4": -16.3,
            "5": -36.53,
            "6": 6.94,
            "7": 7.13,
            "8": -8.47,
            "9": 36.03,
            "10": -4.58,
            "11": 29.53,
            "12": 21.04,
            "13": 15.54,
            "14": 27.37,
            "15": -12.69,
            "16": -47.74,
            "17": 9.97,
            "18": -23.99,
            "19": 43.86,
            "20": 10.11,
            "21": 9.47,
            "22": -30.27,
            "23": 37.07,
            "24": 22.16,
            "25": 10.72,
            "26": 28.32,
            "27": 39.34,
            "28": -27.1,
            "29": -10.78,
            "30": -16.36,
            "31": -10.27,
            "32": 42.64,
            "33": -9.28,
            "34": 17.81,
            "35": 11.26,
            "37": 34.15,
            "38": 22.22,
            "39": 28.05,
            "40": 23.31,
            "41": -37.56,
            "42": -18.56,
            "43": 7.83
        },
        "37": {
            "0": -14.43,
            "1": 0.47,
            "2": 40.23,
            "3": 36.95,
            "4": -47.39,
            "5": 32.39,
            "6": -8.53,
            "7": -22.41,
            "8": 39.68,
            "9": -25.28,
            "10": -38.19,
            "11": 44.13,
            "12": -8.25,
            "13": 25.74,
            "14": -39.13,
            "15": -47.85,
            "16": -2.83,
            "17": -41.86,
            "18": -0.02,
            "19": 30.69,
            "20": 20.65,
            "21": -36.38,
            "22": 46.13,
            "23": -4.72,
            "24": 8.57,
            "25": 35.96,
            "26": -8.46,
            "27": 41.72,
            "28": -32.71,
            "29": -22.2,
            "30": -47.57,
            "31": 41.56,
            "32": -15.85,
            "33": -16.47,
            "34": -27.04,
            "35": 23.33,
            "36": 34.15,
            "38": -31.89,
            "39": -19.78,
            "40": -21.06,
            "41": 47.45,
            "42": -14.01,
            "43": 27.57
        },
        "38": {
            "0": 28.91,
            "1": 10.19,
            "2": 18.49,
            "3": 33.17,
            "4": 10.54,
            "5": 40.31,
            "6": -15.41,
            "7": -7.75,
            "8": 37.88,
            "9": -22.74,
            "10": -38.73,
            "11": -2.94,
            "12": -33.92,
            "13": -17.81,
            "14": -3.55,
            "15": -1.67,
            "16": -12.76,
            "17": -24.41,
            "18": 30.39,
            "19": 24.55,
            "20": -38.55,
            "21": -32.23,
            "22": -17.42,
            "23": -45.17,
            "24": 29.15,
            "25": 7.6,
            "26": -10.81,
            "27": -16.64,
            "28": 25.74,
            "29": -23.9,
            "30": -33.73,
            "31": 33.96,
            "32": -42.13,
            "33": -32.33,
            "34": 39.29,
            "35": 22.07,
            "36": 22.22,
            "37": -31.89,
            "39": 47.91,
            "40": -2.07,
            "41": 20.68,
            "42": -46.79,
            "43": -1.03
        },
        "39": {
            "0": 38.18,
            "1": 30.46,
            "2": -29.79,
            "3": -37.55,
            "4": -24.41,
            "5": -30.25,
            "6": 3.3,
            "7": 23.57,
            "8": -17.5,
            "9": 36.38,
            "10": -6.91,
            "11": 7.77,
            "12": -8.89,
            "13": 31.58,
            "14": 16.92,
            "15": 45.03,
            "16": 19.3,
            "17": -29.29,
            "18": -33.63,
            "19": 6.0,
            "20": -34.8,
            "21": -39.42,
            "22": 23.31,
            "23": -35.84,
            "24": 43.65,
            "25": -3.08,
            "26": 12.2,
            "27": 4.1,
            "28": 35.51,
            "29": 42.96,
            "30": 7.22,
            "31": 42.67,
            "32": -7.4,
            "33": -46.53,
            "34": -1.38,
            "35": 47.52,
            "36": 28.05,
            "37": -19.78,
            "38": 47.91,
            "40": -35.84,
            "41": -34.38,
            "42": 31.93,
            "43": 45.35
        },
        "40": {
            "0": 4.69,
            "1": -0.37,
            "2": -12.18,
            "3": -34.31,
            "4": 25.07,
            "5": 23.69,
            "6": 8.56,
            "7": 46.47,
            "8": 27.74,
            "9": -16.82,
            "10": 24.22,
            "11": -7.24,
            "12": -27.35,
            "13": -25.35,
            "14": 45.55,
            "15": 1.01,
            "16": 12.61,
            "17": 16.35,
            "18": -8.46,
            "19": 11.56,
            "20": 36.13,
            "21": -20.91,
            "22": 11.84,
            "23": -31.46,
            "24": 27.57,
            "25": 2.88,
            "26": 33.66,
            "27": 9.31,
            "28": 15.14,
            "29": 38.67,
            "30": -40.75,
            "31": -45.96,
            "32": -24.37,
            "33": -29.99,
            "34": -8.17,
            "35": -47.34,
            "36": 23.31,
            "37": -21.06,
            "38": -2.07,
            "39": -35.84,
            "41": -2.55,
            "42": -36.5,
            "43": -20.47
        },
        "41": {
            "0": -46.63,
            "1": 3.09,
            "2": -42.56,
            "3": -43.68,
            "4": -30.06,
            "5": 31.91,
            "6": 2.54,
            "7": 37.9,
            "8": 14.27,
            "9": 40.54,
            "10": 14.74,
            "11": -40.9,
            "12": -25.41,
            "13": 0.81,
            "14": 43.11,
            "15": 7.48,
            "16": 4.53,
            "17": -27.41,
            "18": 30.64,
            "19": -41.18,
            "20": -18.01,
            "21": -20.9,
            "22": -46.52,
            "23": -38.82,
            "24": 36.31,
            "25": -30.71,
            "26": 19.45,
            "27": -9.62,
            "28": 16.51,
            "29": -24.78,
            "30": 25.56,
            "31": -20.65,
            "32": -25.03,
            "33": -32.89,
            "34": -46.02,
            "35": -23.04,
            "36": -37.56,
            "37": 47.45,
            "38": 20.68,
            "39": -34.38,
            "40": -2.55,
            "42": 29.86,
            "43": 17.51
        },
        "42": {
            "0": 36.17,
            "1": -3.9,
            "2": -39.5,
            "3": -9.8,
            "4": 11.87,
            "5": 43.31,
            "6": 42.76,
            "7": -37.15,
            "8": 25.45,
            "9": 21.2,
            "10": -36.87,
            "11": 25.01,
            "12": -40.5,
            "13": -45.94,
            "14": 1.44,
            "15": -2.64,
            "16": 32.93,
            "17": 20.27,
            "18": -41.68,
            "19": 45.81,
            "20": 32.62,
            "21": -21.96,
            "22": -16.71,
            "23": 14.66,
            "24": -5.86,
            "25": -9.98,
            "26": 14.26,
            "27": 39.38,
            "28": -14.87,
            "29": -10.36,
            "30": -23.46,
            "31": -35.62,
            "32": 31.91,
            "33": 12.78,
            "34": 13.23,
            "35": -45.91,
            "36": -18.56,
            "37": -14.01,
            "38": -46.79,
            "39": 31.93,
            "40": -36.5,
            "41": 29.86,
            "43": 34.4
        },
        "43": {
            "0": -3.79,
            "1": 38.61,
            "2": -10.63,
            "3": -36.55,
            "4": 38.95,
            "5": 1.8,
            "6": 45.81,
            "7": 28.7,
            "8": 22.69,
            "9": 30.57,
            "10": -47.54,
            "11": 42.88,
            "12": -20.47,
            "13": 14.75,
            "14": -13.12,
            "15": 18.83,
            "16": 40.33,
            "17": -3.03,
            "18": -5.44,
            "19": -20.51,
            "20": -17.83,
            "21": -24.47,
            "22": 19.84,
            "23": -41.62,
            "24": -14.87,
            "25": -0.91,
            "26": -22.24,
            "27": -7.14,
            "28": 35.72,
            "29": 38.95,
            "30": -7.56,
            "31": 21.2,
            "32": -24.2,
            "33": -12.46,
            "34": -5.87,
            "35": -40.78,
            "36": 7.83,
            "37": 27.57,
            "38": -1.03,
            "39": 45.35,
            "40": -20.47,
            "41": 17.51,
            "42": 34.4
        }
    }
}