{
    "knapsack_size": 27545,
    "Gamma": 45,
    "n_items": 53,
    "costs": {
        "0": {
            "l": 286.34,
            "a": 338.14,
            "u": 380.12
        },
        "1": {
            "l": 244.78,
            "a": 261.57,
            "u": 271.82
        },
        "2": {
            "l": 154.35,
            "a": 165.93,
            "u": 347.42
        },
        "3": {
            "l": 218.18,
            "a": 291.43,
            "u": 337.63
        },
        "4": {
            "l": 115.64,
            "a": 333.31,
            "u": 354.15
        },
        "5": {
            "l": 198.87,
            "a": 277.44,
            "u": 295.77
        },
        "6": {
            "l": 229.39,
            "a": 360.77,
            "u": 373.02
        },
        "7": {
            "l": 184.27,
            "a": 316.9,
            "u": 381.96
        },
        "8": {
            "l": 113.59,
            "a": 245.36,
            "u": 330.21
        },
        "9": {
            "l": 196.85,
            "a": 203.43,
            "u": 213.45
        },
        "10": {
            "l": 160.26,
            "a": 164.28,
            "u": 379.74
        },
        "11": {
            "l": 192.67,
            "a": 351.19,
            "u": 385.03
        },
        "12": {
            "l": 251.16,
            "a": 306.88,
            "u": 313.1
        },
        "13": {
            "l": 196.99,
            "a": 245.39,
            "u": 313.76
        },
        "14": {
            "l": 281.3,
            "a": 338.57,
            "u": 392.92
        },
        "15": {
            "l": 187.8,
            "a": 357.87,
            "u": 384.98
        },
        "16": {
            "l": 240.36,
            "a": 276.19,
            "u": 321.97
        },
        "17": {
            "l": 124.76,
            "a": 145.31,
            "u": 259.38
        },
        "18": {
            "l": 185.22,
            "a": 231.21,
            "u": 308.03
        },
        "19": {
            "l": 295.94,
            "a": 366.18,
            "u": 397.55
        },
        "20": {
            "l": 207.05,
            "a": 356.03,
            "u": 362.65
        },
        "21": {
            "l": 127.61,
            "a": 150.54,
            "u": 269.9
        },
        "22": {
            "l": 120.9,
            "a": 291.92,
            "u": 333.8
        },
        "23": {
            "l": 178.04,
            "a": 210.71,
            "u": 275.36
        },
        "24": {
            "l": 131.07,
            "a": 204.35,
            "u": 271.96
        },
        "25": {
            "l": 133.68,
            "a": 305.03,
            "u": 394.41
        },
        "26": {
            "l": 227.87,
            "a": 296.23,
            "u": 379.63
        },
        "27": {
            "l": 186.83,
            "a": 300.61,
            "u": 395.79
        },
        "28": {
            "l": 311.98,
            "a": 314.95,
            "u": 378.13
        },
        "29": {
            "l": 241.14,
            "a": 274.31,
            "u": 320.99
        },
        "30": {
            "l": 136.34,
            "a": 311.68,
            "u": 352.59
        },
        "31": {
            "l": 199.73,
            "a": 351.21,
            "u": 397.14
        },
        "32": {
            "l": 147.73,
            "a": 187.25,
            "u": 208.11
        },
        "33": {
            "l": 136.62,
            "a": 185.39,
            "u": 229.47
        },
        "34": {
            "l": 166.2,
            "a": 270.46,
            "u": 306.93
        },
        "35": {
            "l": 307.86,
            "a": 361.7,
            "u": 365.42
        },
        "36": {
            "l": 267.57,
            "a": 325.07,
            "u": 347.29
        },
        "37": {
            "l": 147.86,
            "a": 187.84,
            "u": 351.83
        },
        "38": {
            "l": 115.14,
            "a": 121.01,
            "u": 145.73
        },
        "39": {
            "l": 130.48,
            "a": 341.26,
            "u": 354.69
        },
        "40": {
            "l": 105.11,
            "a": 321.25,
            "u": 375.29
        },
        "41": {
            "l": 132.14,
            "a": 225.43,
            "u": 359.96
        },
        "42": {
            "l": 232.02,
            "a": 302.06,
            "u": 384.12
        },
        "43": {
            "l": 170.54,
            "a": 256.99,
            "u": 306.96
        },
        "44": {
            "l": 116.34,
            "a": 334.29,
            "u": 370.97
        },
        "45": {
            "l": 323.44,
            "a": 355.74,
            "u": 374.96
        },
        "46": {
            "l": 224.78,
            "a": 301.24,
            "u": 336.35
        },
        "47": {
            "l": 191.49,
            "a": 349.5,
            "u": 367.33
        },
        "48": {
            "l": 126.21,
            "a": 193.27,
            "u": 217.97
        },
        "49": {
            "l": 195.39,
            "a": 251.07,
            "u": 283.44
        },
        "50": {
            "l": 249.36,
            "a": 358.94,
            "u": 360.72
        },
        "51": {
            "l": 161.37,
            "a": 168.0,
            "u": 172.06
        },
        "52": {
            "l": 187.17,
            "a": 271.93,
            "u": 387.24
        }
    },
    "profits": {
        "0": 367.85,
        "1": 448.02,
        "2": 266.77,
        "3": 367.92,
        "4": 378.47,
        "5": 354.49,
        "6": 390.95,
        "7": 328.15,
        "8": 325.17,
        "9": 249.39,
        "10": 240.89,
        "11": 387.77,
        "12": 407.69,
        "13": 426.23,
        "14": 407.31,
        "15": 406.38,
        "16": 290.24,
        "17": 193.57,
        "18": 391.41,
        "19": 434.95,
        "20": 407.3,
        "21": 357.32,
        "22": 292.39,
        "23": 426.29,
        "24": 255.76,
        "25": 377.94,
        "26": 408.42,
        "27": 304.78,
        "28": 367.46,
        "29": 371.66,
        "30": 338.77,
        "31": 429.65,
        "32": 189.5,
        "33": 265.25,
        "34": 310.9,
        "35": 420.6,
        "36": 359.22,
        "37": 222.13,
        "38": 323.09,
        "39": 412.73,
        "40": 399.95,
        "41": 416.56,
        "42": 321.3,
        "43": 375.87,
        "44": 404.51,
        "45": 449.99,
        "46": 430.74,
        "47": 437.91,
        "48": 205.66,
        "49": 426.94,
        "50": 386.11,
        "51": 259.07,
        "52": 351.76
    },
    "synergies": {
        "0": {
            "1": 0.8,
            "2": -20.16,
            "3": -43.94,
            "4": 27.89,
            "5": 31.75,
            "6": 22.09,
            "7": -44.31,
            "8": -45.62,
            "9": 30.99,
            "10": 17.32,
            "11": 13.64,
            "12": -26.64,
            "13": -10.64,
            "14": 14.95,
            "15": 29.45,
            "16": -1.83,
            "17": -45.57,
            "18": -10.16,
            "19": -1.01,
            "20": -5.94,
            "21": -4.38,
            "22": 45.31,
            "23": 15.99,
            "24": 46.98,
            "25": -42.7,
            "26": 36.36,
            "27": 17.35,
            "28": 24.69,
            "29": -11.86,
            "30": 13.27,
            "31": 4.74,
            "32": -1.81,
            "33": -19.64,
            "34": -35.81,
            "35": 1.75,
            "36": 3.87,
            "37": -2.2,
            "38": -24.72,
            "39": -11.02,
            "40": 31.73,
            "41": -30.64,
            "42": -22.25,
            "43": 11.74,
            "44": 21.46,
            "45": 24.27,
            "46": 32.44,
            "47": 44.19,
            "48": -27.98,
            "49": -41.18,
            "50": -13.32,
            "51": 16.73,
            "52": 18.39
        },
        "1": {
            "0": 0.8,
            "2": -2.37,
            "3": -25.4,
            "4": -36.16,
            "5": -40.5,
            "6": 3.13,
            "7": -31.1,
            "8": -8.03,
            "9": -34.41,
            "10": -47.47,
            "11": 3.34,
            "12": -22.68,
            "13": -7.86,
            "14": -33.67,
            "15": 16.6,
            "16": -21.62,
            "17": 15.48,
            "18": -15.21,
            "19": 4.07,
            "20": -39.87,
            "21": -42.17,
            "22": -8.26,
            "23": 34.72,
            "24": 4.96,
            "25": -34.09,
            "26": -5.65,
            "27": -45.46,
            "28": -17.53,
            "29": 47.76,
            "30": 19.06,
            "31": 6.48,
            "32": 44.09,
            "33": 12.23,
            "34": -40.7,
            "35": -31.45,
            "36": 11.59,
            "37": -46.27,
            "38": 35.95,
            "39": 4.09,
            "40": -42.47,
            "41": 46.59,
            "42": -25.45,
            "43": -25.57,
            "44": -40.17,
            "45": 31.26,
            "46": -10.7,
            "47": -34.46,
            "48": 14.11,
            "49": 4.83,
            "50": -35.82,
            "51": -29.39,
            "52": 15.19
        },
        "2": {
            "0": -20.16,
            "1": -2.37,
            "3": 45.86,
            "4": 31.28,
            "5": -18.93,
            "6": -22.03,
            "7": 41.72,
            "8": 37.5,
            "9": 2.17,
            "10": 11.98,
            "11": 28.52,
            "12": 28.14,
            "13": 17.53,
            "14": 14.76,
            "15": 46.29,
            "16": -17.73,
            "17": -0.25,
            "18": 9.79,
            "19": 14.45,
            "20": 27.23,
            "21": 2.7,
            "22": 7.61,
            "23": 11.19,
            "24": -40.76,
            "25": 45.25,
            "26": -1.52,
            "27": -44.28,
            "28": 12.55,
            "29": -12.88,
            "30": -14.97,
            "31": -8.41,
            "32": -7.87,
            "33": 34.21,
            "34": 8.29,
            "35": -4.14,
            "36": -23.13,
            "37": 42.36,
            "38": 8.65,
            "39": 31.74,
            "40": 16.56,
            "41": 28.27,
            "42": 22.91,
            "43": 32.04,
            "44": -32.86,
            "45": -21.77,
            "46": 34.46,
            "47": 10.38,
            "48": -38.95,
            "49": 13.34,
            "50": 45.61,
            "51": 8.86,
            "52": 25.55
        },
        "3": {
            "0": -43.94,
            "1": -25.4,
            "2": 45.86,
            "4": 37.28,
            "5": -15.79,
            "6": 2.02,
            "7": 5.66,
            "8": 40.21,
            "9": -3.51,
            "10": 19.78,
            "11": 19.02,
            "12": -4.56,
            "13": -8.18,
            "14": 31.8,
            "15": -9.46,
            "16": 16.51,
            "17": 25.75,
            "18": -3.85,
            "19": 3.88,
            "20": -33.19,
            "21": 22.08,
            "22": 46.82,
            "23": 17.21,
            "24": 14.71,
            "25": -18.32,
            "26": 40.03,
            "27": 27.04,
            "28": 35.37,
            "29": -41.94,
            "30": -7.35,
            "31": -34.44,
            "32": 47.55,
            "33": 32.16,
            "34": 19.42,
            "35": 33.21,
            "36": -41.14,
            "37": 43.76,
            "38": -36.88,
            "39": 13.24,
            "40": -17.17,
            "41": 40.12,
            "42": 35.36,
            "43": -31.28,
            "44": -44.17,
            "45": -27.4,
            "46": -8.84,
            "47": 38.36,
            "48": 7.73,
            "49": 40.41,
            "50": -47.73,
            "51": 4.24,
            "52": 25.19
        },
        "4": {
            "0": 27.89,
            "1": -36.16,
            "2": 31.28,
            "3": 37.28,
            "5": -0.62,
            "6": -10.92,
            "7": 45.35,
            "8": 16.52,
            "9": -37.25,
            "10": 31.79,
            "11": 3.54,
            "12": 30.05,
            "13": 47.8,
            "14": -2.87,
            "15": 0.64,
            "16": 33.73,
            "17": 30.64,
            "18": -45.9,
            "19": -23.47,
            "20": -45.31,
            "21": 24.73,
            "22": -12.92,
            "23": 16.86,
            "24": 41.32,
            "25": -27.1,
            "26": 46.04,
            "27": 9.72,
            "28": 9.49,
            "29": 38.7,
            "30": 18.09,
            "31": -11.92,
            "32": 19.86,
            "33": -9.63,
            "34": -40.25,
            "35": -4.39,
            "36": 40.43,
            "37": 20.33,
            "38": -43.53,
            "39": 38.98,
            "40": 19.48,
            "41": -2.33,
            "42": -33.41,
            "43": 1.27,
            "44": -39.55,
            "45": 0.29,
            "46": -2.18,
            "47": -27.11,
            "48": -2.88,
            "49": 38.02,
            "50": -20.87,
            "51": -9.51,
            "52": -3.84
        },
        "5": {
            "0": 31.75,
            "1": -40.5,
            "2": -18.93,
            "3": -15.79,
            "4": -0.62,
            "6": 10.77,
            "7": 19.31,
            "8": 14.26,
            "9": -39.14,
            "10": 21.02,
            "11": 42.64,
            "12": -39.13,
            "13": -10.55,
            "14": -8.37,
            "15": 32.1,
            "16": -17.17,
            "17": 29.11,
            "18": -42.02,
            "19": 6.84,
            "20": -4.28,
            "21": 9.94,
            "22": -6.2,
            "23": 46.76,
            "24": 23.32,
            "25": 6.12,
            "26": -15.66,
            "27": -46.64,
            "28": -41.3,
            "29": 11.04,
            "30": -8.42,
            "31": -5.49,
            "32": 34.1,
            "33": -11.79,
            "34": -24.13,
            "35": 22.34,
            "36": -30.72,
            "37": -10.45,
            "38": 30.19,
            "39": 28.92,
            "40": -7.85,
            "41": -2.71,
            "42": 36.17,
            "43": 35.06,
            "44": 1.52,
            "45": -37.57,
            "46": 20.85,
            "47": 24.52,
            "48": 25.45,
            "49": -38.1,
            "50": 21.81,
            "51": 0.76,
            "52": -3.84
        },
        "6": {
            "0": 22.09,
            "1": 3.13,
            "2": -22.03,
            "3": 2.02,
            "4": -10.92,
            "5": 10.77,
            "7": -13.63,
            "8": -2.86,
            "9": 30.63,
            "10": -31.4,
            "11": -8.84,
            "12": -37.21,
            "13": 13.01,
            "14": -40.75,
            "15": -40.17,
            "16": -11.46,
            "17": 38.16,
            "18": 43.55,
            "19": -20.74,
            "20": 31.0,
            "21": -22.99,
            "22": -14.42,
            "23": 5.38,
            "24": 37.51,
            "25": -31.85,
            "26": -16.31,
            "27": 42.73,
            "28": -21.2,
            "29": 38.82,
            "30": -24.82,
            "31": -20.38,
            "32": 31.49,
            "33": 41.38,
            "34": 6.69,
            "35": -40.78,
            "36": -24.85,
            "37": -13.22,
            "38": -0.78,
            "39": -1.94,
            "40": -37.1,
            "41": 12.87,
            "42": -45.64,
            "43": -44.61,
            "44": -1.56,
            "45": -31.2,
            "46": -23.3,
            "47": 32.55,
            "48": -28.81,
            "49": -41.26,
            "50": 23.31,
            "51": 8.24,
            "52": 22.71
        },
        "7": {
            "0": -44.31,
            "1": -31.1,
            "2": 41.72,
            "3": 5.66,
            "4": 45.35,
            "5": 19.31,
            "6": -13.63,
            "8": 1.63,
            "9": -39.36,
            "10": -47.6,
            "11": -43.99,
            "12": -46.9,
            "13": -7.23,
            "14": 27.72,
            "15": -29.11,
            "16": -37.7,
            "17": -13.53,
            "18": -11.1,
            "19": 34.59,
            "20": -38.23,
            "21": -36.67,
            "22": -6.91,
            "23": 33.89,
            "24": 26.89,
            "25": 25.55,
            "26": -6.35,
            "27": 26.98,
            "28": 31.49,
            "29": -6.52,
            "30": -31.05,
            "31": 27.21,
            "32": 44.91,
            "33": 11.82,
            "34": -33.34,
            "35": 44.21,
            "36": 4.7,
            "37": -15.01,
            "38": -40.71,
            "39": 19.88,
            "40": 1.59,
            "41": -27.56,
            "42": -20.76,
            "43": 20.65,
            "44": 27.88,
            "45": -42.82,
            "46": 8.02,
            "47": -12.15,
            "48": 18.81,
            "49": 31.18,
            "50": -22.6,
            "51": 30.35,
            "52": 40.87
        },
        "8": {
            "0": -45.62,
            "1": -8.03,
            "2": 37.5,
            "3": 40.21,
            "4": 16.52,
            "5": 14.26,
            "6": -2.86,
            "7": 1.63,
            "9": -24.57,
            "10": 18.51,
            "11": -25.69,
            "12": 16.01,
            "13": -5.39,
            "14": -13.04,
            "15": -17.66,
            "16": -30.9,
            "17": -42.12,
            "18": -32.81,
            "19": -45.26,
            "20": -29.99,
            "21": 17.72,
            "22": 6.94,
            "23": 18.05,
            "24": -14.22,
            "25": 4.29,
            "26": -20.94,
            "27": -18.8,
            "28": -42.04,
            "29": -42.63,
            "30": 26.24,
            "31": -24.14,
            "32": 15.43,
            "33": -34.91,
            "34": 32.09,
            "35": -10.84,
            "36": 2.75,
            "37": 21.88,
            "38": -7.93,
            "39": 12.49,
            "40": 3.24,
            "41": -17.38,
            "42": -30.62,
            "43": -26.8,
            "44": 1.04,
            "45": 44.4,
            "46": 47.52,
            "47": -42.99,
            "48": 15.15,
            "49": 43.18,
            "50": 25.9,
            "51": 21.04,
            "52": 27.48
        },
        "9": {
            "0": 30.99,
            "1": -34.41,
            "2": 2.17,
            "3": -3.51,
            "4": -37.25,
            "5": -39.14,
            "6": 30.63,
            "7": -39.36,
            "8": -24.57,
            "10": 17.2,
            "11": 4.95,
            "12": 12.45,
            "13": -37.69,
            "14": 4.74,
            "15": -11.05,
            "16": 43.51,
            "17": -1.09,
            "18": -20.81,
            "19": 10.32,
            "20": -1.64,
            "21": -5.98,
            "22": 22.91,
            "23": -39.21,
            "24": 27.54,
            "25": 46.04,
            "26": 32.45,
            "27": 26.81,
            "28": -35.38,
            "29": 30.64,
            "30": 19.48,
            "31": -26.91,
            "32": 9.84,
            "33": -7.65,
            "34": -31.28,
            "35": -29.77,
            "36": -17.89,
            "37": 29.82,
            "38": -47.78,
            "39": -20.52,
            "40": 38.5,
            "41": 41.2,
            "42": 13.8,
            "43": -31.0,
            "44": 1.64,
            "45": -18.95,
            "46": -19.95,
            "47": -18.13,
            "48": -24.59,
            "49": 36.21,
            "50": 0.07,
            "51": -42.23,
            "52": -22.59
        },
        "10": {
            "0": 17.32,
            "1": -47.47,
            "2": 11.98,
            "3": 19.78,
            "4": 31.79,
            "5": 21.02,
            "6": -31.4,
            "7": -47.6,
            "8": 18.51,
            "9": 17.2,
            "11": 3.44,
            "12": -28.82,
            "13": -5.04,
            "14": -19.45,
            "15": 45.92,
            "16": -25.36,
            "17": -4.82,
            "18": -46.39,
            "19": 25.86,
            "20": -30.48,
            "21": -1.0,
            "22": -13.24,
            "23": 11.55,
            "24": 13.2,
            "25": 17.97,
            "26": -38.24,
            "27": 20.83,
            "28": 25.83,
            "29": -9.87,
            "30": -43.42,
            "31": 6.48,
            "32": -39.66,
            "33": 35.1,
            "34": 19.49,
            "35": -6.21,
            "36": -5.65,
            "37": 31.13,
            "38": -8.9,
            "39": 32.52,
            "40": -3.48,
            "41": -24.74,
            "42": -46.57,
            "43": 16.8,
            "44": -43.03,
            "45": -33.6,
            "46": 11.09,
            "47": 4.55,
            "48": 10.34,
            "49": -4.3,
            "50": 44.63,
            "51": -7.74,
            "52": 18.69
        },
        "11": {
            "0": 13.64,
            "1": 3.34,
            "2": 28.52,
            "3": 19.02,
            "4": 3.54,
            "5": 42.64,
            "6": -8.84,
            "7": -43.99,
            "8": -25.69,
            "9": 4.95,
            "10": 3.44,
            "12": -46.75,
            "13": -16.44,
            "14": 37.65,
            "15": 29.97,
            "16": -4.78,
            "17": 22.97,
            "18": 14.34,
            "19": 23.5,
            "20": -12.82,
            "21": 7.01,
            "22": -5.71,
            "23": -35.46,
            "24": 10.09,
            "25": -19.63,
            "26": 21.37,
            "27": 24.89,
            "28": 0.75,
            "29": -32.25,
            "30": -2.33,
            "31": -37.39,
            "32": 39.72,
            "33": 39.41,
            "34": -21.74,
            "35": 23.59,
            "36": -0.16,
            "37": 7.41,
            "38": 42.69,
            "39": -28.49,
            "40": 45.42,
            "41": -5.38,
            "42": 27.05,
            "43": 14.65,
            "44": -13.06,
            "45": 0.7,
            "46": -21.68,
            "47": 28.28,
            "48": -22.87,
            "49": -42.18,
            "50": -10.77,
            "51": 28.39,
            "52": 20.56
        },
        "12": {
            "0": -26.64,
            "1": -22.68,
            "2": 28.14,
            "3": -4.56,
            "4": 30.05,
            "5": -39.13,
            "6": -37.21,
            "7": -46.9,
            "8": 16.01,
            "9": 12.45,
            "10": -28.82,
            "11": -46.75,
            "13": 27.15,
            "14": -41.46,
            "15": -18.95,
            "16": 18.99,
            "17": 13.08,
            "18": 33.99,
            "19": -26.55,
            "20": 25.09,
            "21": -2.9,
            "22": 14.02,
            "23": 24.68,
            "24": 31.18,
            "25": -30.39,
            "26": -22.69,
            "27": -3.2,
            "28": -0.5,
            "29": 18.49,
            "30": -46.75,
            "31": 3.5,
            "32": -36.11,
            "33": 16.82,
            "34": 21.1,
            "35": -37.14,
            "36": 43.51,
            "37": -4.44,
            "38": 32.68,
            "39": 21.77,
            "40": -20.95,
            "41": 44.56,
            "42": 44.87,
            "43": -44.27,
            "44": -11.54,
            "45": -23.86,
            "46": 8.61,
            "47": -17.96,
            "48": -19.39,
            "49": -11.3,
            "50": 37.77,
            "51": -7.16,
            "52": 17.67
        },
        "13": {
            "0": -10.64,
            "1": -7.86,
            "2": 17.53,
            "3": -8.18,
            "4": 47.8,
            "5": -10.55,
            "6": 13.01,
            "7": -7.23,
            "8": -5.39,
            "9": -37.69,
            "10": -5.04,
            "11": -16.44,
            "12": 27.15,
            "14": 7.54,
            "15": 8.41,
            "16": 23.65,
            "17": -25.27,
            "18": 30.12,
            "19": 16.91,
            "20": 27.07,
            "21": 42.56,
            "22": -43.84,
            "23": 44.71,
            "24": 14.5,
            "25": 35.5,
            "26": -37.53,
            "27": -11.21,
            "28": 31.8,
            "29": -12.61,
            "30": 36.21,
            "31": 31.98,
            "32": -29.41,
            "33": 18.21,
            "34": -44.48,
            "35": -18.48,
            "36": -6.41,
            "37": 8.81,
            "38": -8.47,
            "39": 23.44,
            "40": -17.28,
            "41": 23.7,
            "42": 26.31,
            "43": 33.96,
            "44": -4.64,
            "45": 19.4,
            "46": -15.96,
            "47": 24.53,
            "48": -1.27,
            "49": 30.73,
            "50": -25.19,
            "51": 11.04,
            "52": 20.82
        },
        "14": {
            "0": 14.95,
            "1": -33.67,
            "2": 14.76,
            "3": 31.8,
            "4": -2.87,
            "5": -8.37,
            "6": -40.75,
            "7": 27.72,
            "8": -13.04,
            "9": 4.74,
            "10": -19.45,
            "11": 37.65,
            "12": -41.46,
            "13": 7.54,
            "15": 12.21,
            "16": 15.69,
            "17": 46.62,
            "18": 45.13,
            "19": 9.05,
            "20": -41.66,
            "21": 0.55,
            "22": 39.34,
            "23": -11.35,
            "24": -35.39,
            "25": 18.89,
            "26": -25.91,
            "27": -39.89,
            "28": 28.49,
            "29": 3.25,
            "30": -7.34,
            "31": -7.69,
            "32": 9.08,
            "33": -24.68,
            "34": -19.76,
            "35": 44.36,
            "36": -30.36,
            "37": -26.43,
            "38": 0.26,
            "39": 7.17,
            "40": 28.25,
            "41": -42.85,
            "42": 18.68,
            "43": 24.16,
            "44": 5.12,
            "45": -36.97,
            "46": 44.8,
            "47": 45.65,
            "48": -30.47,
            "49": -37.76,
            "50": 43.71,
            "51": 45.91,
            "52": -23.72
        },
        "15": {
            "0": 29.45,
            "1": 16.6,
            "2": 46.29,
            "3": -9.46,
            "4": 0.64,
            "5": 32.1,
            "6": -40.17,
            "7": -29.11,
            "8": -17.66,
            "9": -11.05,
            "10": 45.92,
            "11": 29.97,
            "12": -18.95,
            "13": 8.41,
            "14": 12.21,
            "16": 43.87,
            "17": -21.69,
            "18": -12.48,
            "19": -7.44,
            "20": 7.48,
            "21": -6.55,
            "22": -10.33,
            "23": 39.34,
            "24": 0.3,
            "25": 29.53,
            "26": 24.29,
            "27": -30.81,
            "28": 30.05,
            "29": 17.13,
            "30": -36.0,
            "31": 32.56,
            "32": 32.68,
            "33": 37.89,
            "34": 43.62,
            "35": 46.49,
            "36": 12.3,
            "37": -15.99,
            "38": 12.28,
            "39": 23.04,
            "40": 36.0,
            "41": 30.78,
            "42": 25.64,
            "43": 19.93,
            "44": 22.14,
            "45": -16.03,
            "46": -28.43,
            "47": 22.33,
            "48": -9.34,
            "49": -46.51,
            "50": -31.31,
            "51": 27.44,
            "52": -6.75
        },
        "16": {
            "0": -1.83,
            "1": -21.62,
            "2": -17.73,
            "3": 16.51,
            "4": 33.73,
            "5": -17.17,
            "6": -11.46,
            "7": -37.7,
            "8": -30.9,
            "9": 43.51,
            "10": -25.36,
            "11": -4.78,
            "12": 18.99,
            "13": 23.65,
            "14": 15.69,
            "15": 43.87,
            "17": 32.4,
            "18": -31.1,
            "19": -29.43,
            "20": 28.9,
            "21": 9.46,
            "22": -29.39,
            "23": 26.02,
            "24": -29.64,
            "25": -21.08,
            "26": -39.91,
            "27": -25.69,
            "28": 34.15,
            "29": 13.17,
            "30": -3.08,
            "31": 12.66,
            "32": 32.32,
            "33": 40.16,
            "34": 39.72,
            "35": -8.49,
            "36": -12.66,
            "37": 36.17,
            "38": 14.11,
            "39": -33.72,
            "40": -5.23,
            "41": -5.12,
            "42": -13.76,
            "43": -6.91,
            "44": -41.42,
            "45": -3.29,
            "46": 16.1,
            "47": -38.99,
            "48": -33.84,
            "49": -39.76,
            "50": -26.11,
            "51": 33.23,
            "52": -45.72
        },
        "17": {
            "0": -45.57,
            "1": 15.48,
            "2": -0.25,
            "3": 25.75,
            "4": 30.64,
            "5": 29.11,
            "6": 38.16,
            "7": -13.53,
            "8": -42.12,
            "9": -1.09,
            "10": -4.82,
            "11": 22.97,
            "12": 13.08,
            "13": -25.27,
            "14": 46.62,
            "15": -21.69,
            "16": 32.4,
            "18": 18.6,
            "19": 44.39,
            "20": 0.89,
            "21": 4.26,
            "22": 18.98,
            "23": 0.77,
            "24": -22.75,
            "25": -41.0,
            "26": -20.24,
            "27": -36.03,
            "28": 20.09,
            "29": -15.14,
            "30": 28.0,
            "31": -46.2,
            "32": 43.35,
            "33": -40.72,
            "34": 14.98,
            "35": 9.61,
            "36": -31.74,
            "37": -15.22,
            "38": -39.17,
            "39": 2.44,
            "40": -46.94,
            "41": 27.69,
            "42": 23.16,
            "43": -47.4,
            "44": 15.11,
            "45": 20.55,
            "46": -40.91,
            "47": 42.17,
            "48": 33.13,
            "49": 24.08,
            "50": -14.6,
            "51": -12.24,
            "52": -11.6
        },
        "18": {
            "0": -10.16,
            "1": -15.21,
            "2": 9.79,
            "3": -3.85,
            "4": -45.9,
            "5": -42.02,
            "6": 43.55,
            "7": -11.1,
            "8": -32.81,
            "9": -20.81,
            "10": -46.39,
            "11": 14.34,
            "12": 33.99,
            "13": 30.12,
            "14": 45.13,
            "15": -12.48,
            "16": -31.1,
            "17": 18.6,
            "19": -35.93,
            "20": -46.12,
            "21": -6.14,
            "22": 16.05,
            "23": 28.88,
            "24": -32.8,
            "25": -37.46,
            "26": -10.73,
            "27": -26.08,
            "28": -11.55,
            "29": 22.1,
            "30": -15.21,
            "31": -33.58,
            "32": 3.8,
            "33": 37.65,
            "34": -18.68,
            "35": 24.98,
            "36": -9.89,
            "37": 20.63,
            "38": 1.98,
            "39": 30.46,
            "40": 2.58,
            "41": -12.25,
            "42": 43.75,
            "43": -2.08,
            "44": -27.59,
            "45": 37.21,
            "46": -22.59,
            "47": -19.43,
            "48": -42.15,
            "49": 43.52,
            "50": 22.2,
            "51": 23.44,
            "52": 28.93
        },
        "19": {
            "0": -1.01,
            "1": 4.07,
            "2": 14.45,
            "3": 3.88,
            "4": -23.47,
            "5": 6.84,
            "6": -20.74,
            "7": 34.59,
            "8": -45.26,
            "9": 10.32,
            "10": 25.86,
            "11": 23.5,
            "12": -26.55,
            "13": 16.91,
            "14": 9.05,
            "15": -7.44,
            "16": -29.43,
            "17": 44.39,
            "18": -35.93,
            "20": 30.94,
            "21": 8.5,
            "22": 45.96,
            "23": -25.45,
            "24": -4.92,
            "25": 9.06,
            "26": -32.85,
            "27": -19.88,
            "28": -0.07,
            "29": 32.19,
            "30": -14.63,
            "31": -46.75,
            "32": -17.17,
            "33": -24.0,
            "34": 1.9,
            "35": 20.01,
            "36": -8.8,
            "37": 30.53,
            "38": -3.31,
            "39": 32.56,
            "40": 40.84,
            "41": -4.43,
            "42": -35.37,
            "43": 24.95,
            "44": -45.27,
            "45": -45.31,
            "46": -25.19,
            "47": -30.36,
            "48": 36.76,
            "49": 42.41,
            "50": 43.9,
            "51": -47.4,
            "52": -13.84
        },
        "20": {
            "0": -5.94,
            "1": -39.87,
            "2": 27.23,
            "3": -33.19,
            "4": -45.31,
            "5": -4.28,
            "6": 31.0,
            "7": -38.23,
            "8": -29.99,
            "9": -1.64,
            "10": -30.48,
            "11": -12.82,
            "12": 25.09,
            "13": 27.07,
            "14": -41.66,
            "15": 7.48,
            "16": 28.9,
            "17": 0.89,
            "18": -46.12,
            "19": 30.94,
            "21": -29.48,
            "22": -19.2,
            "23": -17.3,
            "24": 5.81,
            "25": -6.98,
            "26": 39.92,
            "27": -17.94,
            "28": -44.34,
            "29": 3.75,
            "30": 47.46,
            "31": 7.23,
            "32": -2.62,
            "33": -27.63,
            "34": 27.13,
            "35": -0.63,
            "36": -6.8,
            "37": 24.65,
            "38": 27.9,
            "39": -31.82,
            "40": 10.94,
            "41": -34.28,
            "42": -37.27,
            "43": 0.29,
            "44": 40.36,
            "45": -39.61,
            "46": 40.03,
            "47": -15.7,
            "48": 32.34,
            "49": 28.81,
            "50": -37.36,
            "51": -17.18,
            "52": -23.2
        },
        "21": {
            "0": -4.38,
            "1": -42.17,
            "2": 2.7,
            "3": 22.08,
            "4": 24.73,
            "5": 9.94,
            "6": -22.99,
            "7": -36.67,
            "8": 17.72,
            "9": -5.98,
            "10": -1.0,
            "11": 7.01,
            "12": -2.9,
            "13": 42.56,
            "14": 0.55,
            "15": -6.55,
            "16": 9.46,
            "17": 4.26,
            "18": -6.14,
            "19": 8.5,
            "20": -29.48,
            "22": 35.98,
            "23": -0.37,
            "24": -12.8,
            "25": 14.14,
            "26": 4.8,
            "27": 27.79,
            "28": 12.56,
            "29": 42.28,
            "30": 14.38,
            "31": -41.22,
            "32": -0.95,
            "33": 9.81,
            "34": 1.62,
            "35": -39.38,
            "36": 44.18,
            "37": -12.3,
            "38": -15.95,
            "39": 43.77,
            "40": 8.5,
            "41": -25.22,
            "42": 8.27,
            "43": 2.84,
            "44": 46.74,
            "45": 24.03,
            "46": 0.42,
            "47": -41.42,
            "48": -12.95,
            "49": -34.4,
            "50": -33.22,
            "51": 26.29,
            "52": 8.32
        },
        "22": {
            "0": 45.31,
            "1": -8.26,
            "2": 7.61,
            "3": 46.82,
            "4": -12.92,
            "5": -6.2,
            "6": -14.42,
            "7": -6.91,
            "8": 6.94,
            "9": 22.91,
            "10": -13.24,
            "11": -5.71,
            "12": 14.02,
            "13": -43.84,
            "14": 39.34,
            "15": -10.33,
            "16": -29.39,
            "17": 18.98,
            "18": 16.05,
            "19": 45.96,
            "20": -19.2,
            "21": 35.98,
            "23": 21.72,
            "24": -26.46,
            "25": 2.73,
            "26": 7.08,
            "27": -5.39,
            "28": 16.44,
            "29": -46.61,
            "30": -35.91,
            "31": 30.13,
            "32": -13.19,
            "33": -36.58,
            "34": 37.55,
            "35": 4.04,
            "36": -17.3,
            "37": -13.58,
            "38": -45.45,
            "39": 14.0,
            "40": 39.75,
            "41": -26.29,
            "42": 20.45,
            "43": 40.0,
            "44": -16.32,
            "45": 42.92,
            "46": 13.19,
            "47": -19.46,
            "48": -9.77,
            "49": -23.94,
            "50": 44.85,
            "51": 6.07,
            "52": 29.97
        },
        "23": {
            "0": 15.99,
            "1": 34.72,
            "2": 11.19,
            "3": 17.21,
            "4": 16.86,
            "5": 46.76,
            "6": 5.38,
            "7": 33.89,
            "8": 18.05,
            "9": -39.21,
            "10": 11.55,
            "11": -35.46,
            "12": 24.68,
            "13": 44.71,
            "14": -11.35,
            "15": 39.34,
            "16": 26.02,
            "17": 0.77,
            "18": 28.88,
            "19": -25.45,
            "20": -17.3,
            "21": -0.37,
            "22": 21.72,
            "24": -28.75,
            "25": -4.93,
            "26": 3.82,
            "27": 9.74,
            "28": -0.77,
            "29": -32.09,
            "30": 41.72,
            "31": 9.36,
            "32": 8.68,
            "33": -14.43,
            "34": 8.93,
            "35": -36.28,
            "36": -27.73,
            "37": -10.28,
            "38": 22.8,
            "39": 30.36,
            "40": -28.13,
            "41": 38.1,
            "42": -3.74,
            "43": 45.46,
            "44": 16.91,
            "45": 9.86,
            "46": -44.1,
            "47": -1.23,
            "48": -43.31,
            "49": 42.2,
            "50": 1.49,
            "51": -45.43,
            "52": 13.56
        },
        "24": {
            "0": 46.98,
            "1": 4.96,
            "2": -40.76,
            "3": 14.71,
            "4": 41.32,
            "5": 23.32,
            "6": 37.51,
            "7": 26.89,
            "8": -14.22,
            "9": 27.54,
            "10": 13.2,
            "11": 10.09,
            "12": 31.18,
            "13": 14.5,
            "14": -35.39,
            "15": 0.3,
            "16": -29.64,
            "17": -22.75,
            "18": -32.8,
            "19": -4.92,
            "20": 5.81,
            "21": -12.8,
            "22": -26.46,
            "23": -28.75,
            "25": 9.64,
            "26": -1.34,
            "27": 14.99,
            "28": -34.52,
            "29": 44.64,
            "30": 34.37,
            "31": 25.33,
            "32": -32.66,
            "33": -15.93,
            "34": -43.03,
            "35": 38.31,
            "36": -1.1,
            "37": -45.09,
            "38": -22.47,
            "39": -30.77,
            "40": 2.13,
            "41": -41.78,
            "42": -40.56,
            "43": -39.01,
            "44": 0.21,
            "45": 9.87,
            "46": -32.86,
            "47": -11.94,
            "48": -28.21,
            "49": -22.85,
            "50": -23.16,
            "51": 45.36,
            "52": 33.18
        },
        "25": {
            "0": -42.7,
            "1": -34.09,
            "2": 45.25,
            "3": -18.32,
            "4": -27.1,
            "5": 6.12,
            "6": -31.85,
            "7": 25.55,
            "8": 4.29,
            "9": 46.04,
            "10": 17.97,
            "11": -19.63,
            "12": -30.39,
            "13": 35.5,
            "14": 18.89,
            "15": 29.53,
            "16": -21.08,
            "17": -41.0,
            "18": -37.46,
            "19": 9.06,
            "20": -6.98,
            "21": 14.14,
            "22": 2.73,
            "23": -4.93,
            "24": 9.64,
            "26": 10.76,
            "27": -44.11,
            "28": 33.09,
            "29": -43.33,
            "30": -46.47,
            "31": -24.86,
            "32": 23.61,
            "33": 34.05,
            "34": 43.38,
            "35": -29.97,
            "36": 35.72,
            "37": -22.71,
            "38": 35.65,
            "39": 25.74,
            "40": 18.44,
            "41": -28.39,
            "42": -10.78,
            "43": 23.79,
            "44": -16.98,
            "45": -1.36,
            "46": 23.17,
            "47": 8.75,
            "48": -36.25,
            "49": -44.92,
            "50": -33.78,
            "51": 21.37,
            "52": 47.53
        },
        "26": {
            "0": 36.36,
            "1": -5.65,
            "2": -1.52,
            "3": 40.03,
            "4": 46.04,
            "5": -15.66,
            "6": -16.31,
            "7": -6.35,
            "8": -20.94,
            "9": 32.45,
            "10": -38.24,
            "11": 21.37,
            "12": -22.69,
            "13": -37.53,
            "14": -25.91,
            "15": 24.29,
            "16": -39.91,
            "17": -20.24,
            "18": -10.73,
            "19": -32.85,
            "20": 39.92,
            "21": 4.8,
            "22": 7.08,
            "23": 3.82,
            "24": -1.34,
            "25": 10.76,
            "27": -23.77,
            "28": 23.19,
            "29": 17.47,
            "30": -30.4,
            "31": 46.33,
            "32": 44.97,
            "33": -12.12,
            "34": -41.92,
            "35": -26.47,
            "36": 23.44,
            "37": -13.5,
            "38": 35.79,
            "39": 32.19,
            "40": 9.2,
            "41": -18.64,
            "42": -12.73,
            "43": -28.19,
            "44": -17.69,
            "45": 27.57,
            "46": -15.08,
            "47": -29.48,
            "48": -15.49,
            "49": 35.86,
            "50": -22.86,
            "51": -0.45,
            "52": -16.53
        },
        "27": {
            "0": 17.35,
            "1": -45.46,
            "2": -44.28,
            "3": 27.04,
            "4": 9.72,
            "5": -46.64,
            "6": 42.73,
            "7": 26.98,
            "8": -18.8,
            "9": 26.81,
            "10": 20.83,
            "11": 24.89,
            "12": -3.2,
            "13": -11.21,
            "14": -39.89,
            "15": -30.81,
            "16": -25.69,
            "17": -36.03,
            "18": -26.08,
            "19": -19.88,
            "20": -17.94,
            "21": 27.79,
            "22": -5.39,
            "23": 9.74,
            "24": 14.99,
            "25": -44.11,
            "26": -23.77,
            "28": 37.57,
            "29": 20.55,
            "30": -43.46,
            "31": -45.62,
            "32": 27.94,
            "33": 20.14,
            "34": -21.38,
            "35": -8.87,
            "36": -37.48,
            "37": 36.54,
            "38": 5.91,
            "39": -21.96,
            "40": -23.14,
            "41": 12.96,
            "42": 37.29,
            "43": -11.53,
            "44": 1.7,
            "45": -12.41,
            "46": -38.04,
            "47": -19.42,
            "48": 45.92,
            "49": -26.0,
            "50": -0.72,
            "51": 9.94,
            "52": -7.46
        },
        "28": {
            "0": 24.69,
            "1": -17.53,
            "2": 12.55,
            "3": 35.37,
            "4": 9.49,
            "5": -41.3,
            "6": -21.2,
            "7": 31.49,
            "8": -42.04,
            "9": -35.38,
            "10": 25.83,
            "11": 0.75,
            "12": -0.5,
            "13": 31.8,
            "14": 28.49,
            "15": 30.05,
            "16": 34.15,
            "17": 20.09,
            "18": -11.55,
            "19": -0.07,
            "20": -44.34,
            "21": 12.56,
            "22": 16.44,
            "23": -0.77,
            "24": -34.52,
            "25": 33.09,
            "26": 23.19,
            "27": 37.57,
            "29": 20.77,
            "30": 44.4,
            "31": -30.62,
            "32": 27.02,
            "33": 46.91,
            "34": -23.14,
            "35": 14.62,
            "36": -27.82,
            "37": -36.8,
            "38": 5.91,
            "39": 17.9,
            "40": 47.18,
            "41": 20.31,
            "42": 46.31,
            "43": -40.16,
            "44": 45.17,
            "45": 36.85,
            "46": 30.4,
            "47": 35.63,
            "48": -32.01,
            "49": -21.55,
            "50": -21.48,
            "51": 9.86,
            "52": -8.47
        },
        "29": {
            "0": -11.86,
            "1": 47.76,
            "2": -12.88,
            "3": -41.94,
            "4": 38.7,
            "5": 11.04,
            "6": 38.82,
            "7": -6.52,
            "8": -42.63,
            "9": 30.64,
            "10": -9.87,
            "11": -32.25,
            "12": 18.49,
            "13": -12.61,
            "14": 3.25,
            "15": 17.13,
            "16": 13.17,
            "17": -15.14,
            "18": 22.1,
            "19": 32.19,
            "20": 3.75,
            "21": 42.28,
            "22": -46.61,
            "23": -32.09,
            "24": 44.64,
            "25": -43.33,
            "26": 17.47,
            "27": 20.55,
            "28": 20.77,
            "30": -46.94,
            "31": 29.16,
            "32": -45.4,
            "33": -30.67,
            "34": -30.03,
            "35": 3.36,
            "36": -8.23,
            "37": -44.55,
            "38": -8.28,
            "39": -38.28,
            "40": 22.2,
            "41": 32.14,
            "42": -11.53,
            "43": 47.38,
            "44": -14.63,
            "45": 42.37,
            "46": 20.01,
            "47": 45.5,
            "48": 26.85,
            "49": 34.34,
            "50": 41.7,
            "51": 5.39,
            "52": -8.97
        },
        "30": {
            "0": 13.27,
            "1": 19.06,
            "2": -14.97,
            "3": -7.35,
            "4": 18.09,
            "5": -8.42,
            "6": -24.82,
            "7": -31.05,
            "8": 26.24,
            "9": 19.48,
            "10": -43.42,
            "11": -2.33,
            "12": -46.75,
            "13": 36.21,
            "14": -7.34,
            "15": -36.0,
            "16": -3.08,
            "17": 28.0,
            "18": -15.21,
            "19": -14.63,
            "20": 47.46,
            "21": 14.38,
            "22": -35.91,
            "23": 41.72,
            "24": 34.37,
            "25": -46.47,
            "26": -30.4,
            "27": -43.46,
            "28": 44.4,
            "29": -46.94,
            "31": 2.6,
            "32": 46.99,
            "33": -30.55,
            "34": -8.07,
            "35": 29.19,
            "36": 37.17,
            "37": -29.64,
            "38": 15.4,
            "39": 46.17,
            "40": 8.17,
            "41": -31.13,
            "42": -26.14,
            "43": -36.13,
            "44": -44.92,
            "45": 7.06,
            "46": -21.15,
            "47": 25.18,
            "48": 1.45,
            "49": 14.49,
            "50": -2.56,
            "51": 31.73,
            "52": 43.74
        },
        "31": {
            "0": 4.74,
            "1": 6.48,
            "2": -8.41,
            "3": -34.44,
            "4": -11.92,
            "5": -5.49,
            "6": -20.38,
            "7": 27.21,
            "8": -24.14,
            "9": -26.91,
            "10": 6.48,
            "11": -37.39,
            "12": 3.5,
            "13": 31.98,
            "14": -7.69,
            "15": 32.56,
            "16": 12.66,
            "17": -46.2,
            "18": -33.58,
            "19": -46.75,
            "20": 7.23,
            "21": -41.22,
            "22": 30.13,
            "23": 9.36,
            "24": 25.33,
            "25": -24.86,
            "26": 46.33,
            "27": -45.62,
            "28": -30.62,
            "29": 29.16,
            "30": 2.6,
            "32": 44.07,
            "33": 43.77,
            "34": 12.0,
            "35": -34.78,
            "36": -0.03,
            "37": -9.1,
            "38": 32.65,
            "39": -14.63,
            "40": 37.79,
            "41": 28.14,
            "42": 15.25,
            "43": 5.04,
            "44": -10.96,
            "45": 26.26,
            "46": 42.2,
            "47": 22.64,
            "48": -32.33,
            "49": 47.77,
            "50": 32.2,
            "51": 5.12,
            "52": -45.92
        },
        "32": {
            "0": -1.81,
            "1": 44.09,
            "2": -7.87,
            "3": 47.55,
            "4": 19.86,
            "5": 34.1,
            "6": 31.49,
            "7": 44.91,
            "8": 15.43,
            "9": 9.84,
            "10": -39.66,
            "11": 39.72,
            "12": -36.11,
            "13": -29.41,
            "14": 9.08,
            "15": 32.68,
            "16": 32.32,
            "17": 43.35,
            "18": 3.8,
            "19": -17.17,
            "20": -2.62,
            "21": -0.95,
            "22": -13.19,
            "23": 8.68,
            "24": -32.66,
            "25": 23.61,
            "26": 44.97,
            "27": 27.94,
            "28": 27.02,
            "29": -45.4,
            "30": 46.99,
            "31": 44.07,
            "33": 27.34,
            "34": -28.12,
            "35": -45.58,
            "36": 17.06,
            "37": 41.0,
            "38": 23.7,
            "39": -37.55,
            "40": -21.85,
            "41": -25.67,
            "42": -31.99,
            "43": -47.63,
            "44": 39.19,
            "45": -22.19,
            "46": 43.85,
            "47": -25.03,
            "48": -6.27,
            "49": -37.09,
            "50": 36.29,
            "51": 2.34,
            "52": -5.76
        },
        "33": {
            "0": -19.64,
            "1": 12.23,
            "2": 34.21,
            "3": 32.16,
            "4": -9.63,
            "5": -11.79,
            "6": 41.38,
            "7": 11.82,
            "8": -34.91,
            "9": -7.65,
            "10": 35.1,
            "11": 39.41,
            "12": 16.82,
            "13": 18.21,
            "14": -24.68,
            "15": 37.89,
            "16": 40.16,
            "17": -40.72,
            "18": 37.65,
            "19": -24.0,
            "20": -27.63,
            "21": 9.81,
            "22": -36.58,
            "23": -14.43,
            "24": -15.93,
            "25": 34.05,
            "26": -12.12,
            "27": 20.14,
            "28": 46.91,
            "29": -30.67,
            "30": -30.55,
            "31": 43.77,
            "32": 27.34,
            "34": -20.91,
            "35": 26.42,
            "36": 9.23,
            "37": -6.64,
            "38": 29.21,
            "39": 41.22,
            "40": 44.2,
            "41": -35.11,
            "42": 18.71,
            "43": 21.17,
            "44": 5.39,
            "45": 35.48,
            "46": -14.57,
            "47": -15.73,
            "48": -24.35,
            "49": -47.89,
            "50": 45.65,
            "51": -32.62,
            "52": -31.02
        },
        "34": {
            "0": -35.81,
            "1": -40.7,
            "2": 8.29,
            "3": 19.42,
            "4": -40.25,
            "5": -24.13,
            "6": 6.69,
            "7": -33.34,
            "8": 32.09,
            "9": -31.28,
            "10": 19.49,
            "11": -21.74,
            "12": 21.1,
            "13": -44.48,
            "14": -19.76,
            "15": 43.62,
            "16": 39.72,
            "17": 14.98,
            "18": -18.68,
            "19": 1.9,
            "20": 27.13,
            "21": 1.62,
            "22": 37.55,
            "23": 8.93,
            "24": -43.03,
            "25": 43.38,
            "26": -41.92,
            "27": -21.38,
            "28": -23.14,
            "29": -30.03,
            "30": -8.07,
            "31": 12.0,
            "32": -28.12,
            "33": -20.91,
            "35": 29.83,
            "36": 9.8,
            "37": -21.44,
            "38": 19.75,
            "39": -29.11,
            "40": -18.67,
            "41": -10.96,
            "42": 5.04,
            "43": -14.05,
            "44": 39.94,
            "45": -25.85,
            "46": -12.49,
            "47": -32.62,
            "48": -31.7,
            "49": -4.9,
            "50": 0.85,
            "51": -35.03,
            "52": -30.27
        },
        "35": {
            "0": 1.75,
            "1": -31.45,
            "2": -4.14,
            "3": 33.21,
            "4": -4.39,
            "5": 22.34,
            "6": -40.78,
            "7": 44.21,
            "8": -10.84,
            "9": -29.77,
            "10": -6.21,
            "11": 23.59,
            "12": -37.14,
            "13": -18.48,
            "14": 44.36,
            "15": 46.49,
            "16": -8.49,
            "17": 9.61,
            "18": 24.98,
            "19": 20.01,
            "20": -0.63,
            "21": -39.38,
            "22": 4.04,
            "23": -36.28,
            "24": 38.31,
            "25": -29.97,
            "26": -26.47,
            "27": -8.87,
            "28": 14.62,
            "29": 3.36,
            "30": 29.19,
            "31": -34.78,
            "32": -45.58,
            "33": 26.42,
            "34": 29.83,
            "36": 34.95,
            "37": 23.45,
            "38": -12.96,
            "39": 6.75,
            "40": 27.05,
            "41": -21.16,
            "42": -14.45,
            "43": 43.47,
            "44": -31.37,
            "45": -33.63,
            "46": 40.07,
            "47": 14.43,
            "48": 41.03,
            "49": 11.35,
            "50": 43.61,
            "51": -21.02,
            "52": -46.49
        },
        "36": {
            "0": 3.87,
            "1": 11.59,
            "2": -23.13,
            "3": -41.14,
            "4": 40.43,
            "5": -30.72,
            "6": -24.85,
            "7": 4.7,
            "8": 2.75,
            "9": -17.89,
            "10": -5.65,
            "11": -0.16,
            "12": 43.51,
            "13": -6.41,
            "14": -30.36,
            "15": 12.3,
            "16": -12.66,
            "17": -31.74,
            "18": -9.89,
            "19": -8.8,
            "20": -6.8,
            "21": 44.18,
            "22": -17.3,
            "23": -27.73,
            "24": -1.1,
            "25": 35.72,
            "26": 23.44,
            "27": -37.48,
            "28": -27.82,
            "29": -8.23,
            "30": 37.17,
            "31": -0.03,
            "32": 17.06,
            "33": 9.23,
            "34": 9.8,
            "35": 34.95,
            "37": 2.08,
            "38": -25.17,
            "39": -43.65,
            "40": 33.12,
            "41": -2.03,
            "42": 17.49,
            "43": 23.29,
            "44": -38.26,
            "45": -8.65,
            "46": 21.72,
            "47": 0.61,
            "48": -40.14,
            "49": -36.68,
            "50": -22.84,
            "51": -33.73,
            "52": 20.79
        },
        "37": {
            "0": -2.2,
            "1": -46.27,
            "2": 42.36,
            "3": 43.76,
            "4": 20.33,
            "5": -10.45,
            "6": -13.22,
            "7": -15.01,
            "8": 21.88,
            "9": 29.82,
            "10": 31.13,
            "11": 7.41,
            "12": -4.44,
            "13": 8.81,
            "14": -26.43,
            "15": -15.99,
            "16": 36.17,
            "17": -15.22,
            "18": 20.63,
            "19": 30.53,
            "20": 24.65,
            "21": -12.3,
            "22": -13.58,
            "23": -10.28,
            "24": -45.09,
            "25": -22.71,
            "26": -13.5,
            "27": 36.54,
            "28": -36.8,
            "29": -44.55,
            "30": -29.64,
            "31": -9.1,
            "32": 41.0,
            "33": -6.64,
            "34": -21.44,
            "35": 23.45,
            "36": 2.08,
            "38": 46.42,
            "39": -42.4,
            "40": -2.97,
            "41": 24.54,
            "42": -48.0,
            "43": 46.4,
            "44": 7.02,
            "45": 29.39,
            "46": 29.17,
            "47": 41.85,
            "48": 33.59,
            "49": 40.82,
            "50": 13.28,
            "51": 6.19,
            "52": 23.49
        },
        "38": {
            "0": -24.72,
            "1": 35.95,
            "2": 8.65,
            "3": -36.88,
            "4": -43.53,
            "5": 30.19,
            "6": -0.78,
            "7": -40.71,
            "8": -7.93,
            "9": -47.78,
            "10": -8.9,
            "11": 42.69,
            "12": 32.68,
            "13": -8.47,
            "14": 0.26,
            "15": 12.28,
            "16": 14.11,
            "17": -39.17,
            "18": 1.98,
            "19": -3.31,
            "20": 27.9,
            "21": -15.95,
            "22": -45.45,
            "23": 22.8,
            "24": -22.47,
            "25": 35.65,
            "26": 35.79,
            "27": 5.91,
            "28": 5.91,
            "29": -8.28,
            "30": 15.4,
            "31": 32.65,
            "32": 23.7,
            "33": 29.21,
            "34": 19.75,
            "35": -12.96,
            "36": -25.17,
            "37": 46.42,
            "39": 39.42,
            "40": -10.5,
            "41": 16.64,
            "42": -22.69,
            "43": -3.13,
            "44": 3.74,
            "45": 45.17,
            "46": 39.2,
            "47": 3.52,
            "48": 33.49,
            "49": -2.57,
            "50": -22.04,
            "51": -15.4,
            "52": -32.28
        },
        "39": {
            "0": -11.02,
            "1": 4.09,
            "2": 31.74,
            "3": 13.24,
            "4": 38.98,
            "5": 28.92,
            "6": -1.94,
            "7": 19.88,
            "8": 12.49,
            "9": -20.52,
            "10": 32.52,
            "11": -28.49,
            "12": 21.77,
            "13": 23.44,
            "14": 7.17,
            "15": 23.04,
            "16": -33.72,
            "17": 2.44,
            "18": 30.46,
            "19": 32.56,
            "20": -31.82,
            "21": 43.77,
            "22": 14.0,
            "23": 30.36,
            "24": -30.77,
            "25": 25.74,
            "26": 32.19,
            "27": -21.96,
            "28": 17.9,
            "29": -38.28,
            "30": 46.17,
            "31": -14.63,
            "32": -37.55,
            "33": 41.22,
            "34": -29.11,
            "35": 6.75,
            "36": -43.65,
            "37": -42.4,
            "38": 39.42,
            "40": -25.06,
            "41": 11.18,
            "42": -33.9,
            "43": 8.52,
            "44": -27.84,
            "45": 47.97,
            "46": 14.5,
            "47": -6.75,
            "48": -8.47,
            "49": 5.17,
            "50": 26.88,
            "51": -8.96,
            "52": 27.68
        },
        "40": {
            "0": 31.73,
            "1": -42.47,
            "2": 16.56,
            "3": -17.17,
            "4": 19.48,
            "5": -7.85,
            "6": -37.1,
            "7": 1.59,
            "8": 3.24,
            "9": 38.5,
            "10": -3.48,
            "11": 45.42,
            "12": -20.95,
            "13": -17.28,
            "14": 28.25,
            "15": 36.0,
            "16": -5.23,
            "17": -46.94,
            "18": 2.58,
            "19": 40.84,
            "20": 10.94,
            "21": 8.5,
            "22": 39.75,
            "23": -28.13,
            "24": 2.13,
            "25": 18.44,
            "26": 9.2,
            "27": -23.14,
            "28": 47.18,
            "29": 22.2,
            "30": 8.17,
            "31": 37.79,
            "32": -21.85,
            "33": 44.2,
            "34": -18.67,
            "35": 27.05,
            "36": 33.12,
            "37": -2.97,
            "38": -10.5,
            "39": -25.06,
            "41": 43.79,
            "42": 33.23,
            "43": 43.74,
            "44": 20.7,
            "45": -3.77,
            "46": -5.96,
            "47": -39.21,
            "48": -0.02,
            "49": -42.93,
            "50": 36.94,
            "51": 23.89,
            "52": -29.56
        },
        "41": {
            "0": -30.64,
            "1": 46.59,
            "2": 28.27,
            "3": 40.12,
            "4": -2.33,
            "5": -2.71,
            "6": 12.87,
            "7": -27.56,
            "8": -17.38,
            "9": 41.2,
            "10": -24.74,
            "11": -5.38,
            "12": 44.56,
            "13": 23.7,
            "14": -42.85,
            "15": 30.78,
            "16": -5.12,
            "17": 27.69,
            "18": -12.25,
            "19": -4.43,
            "20": -34.28,
            "21": -25.22,
            "22": -26.29,
            "23": 38.1,
            "24": -41.78,
            "25": -28.39,
            "26": -18.64,
            "27": 12.96,
            "28": 20.31,
            "29": 32.14,
            "30": -31.13,
            "31": 28.14,
            "32": -25.67,
            "33": -35.11,
            "34": -10.96,
            "35": -21.16,
            "36": -2.03,
            "37": 24.54,
            "38": 16.64,
            "39": 11.18,
            "40": 43.79,
            "42": 2.73,
            "43": -15.78,
            "44": 18.07,
            "45": 39.68,
            "46": 3.44,
            "47": 5.68,
            "48": -40.32,
            "49": 28.45,
            "50": -18.64,
            "51": -37.08,
            "52": -3.54
        },
        "42": {
            "0": -22.25,
            "1": -25.45,
            "2": 22.91,
            "3": 35.36,
            "4": -33.41,
            "5": 36.17,
            "6": -45.64,
            "7": -20.76,
            "8": -30.62,
            "9": 13.8,
            "10": -46.57,
            "11": 27.05,
            "12": 44.87,
            "13": 26.31,
            "14": 18.68,
            "15": 25.64,
            "16": -13.76,
            "17": 23.16,
            "18": 43.75,
            "19": -35.37,
            "20": -37.27,
            "21": 8.27,
            "22": 20.45,
            "23": -3.74,
            "24": -40.56,
            "25": -10.78,
            "26": -12.73,
            "27": 37.29,
            "28": 46.31,
            "29": -11.53,
            "30": -26.14,
            "31": 15.25,
            "32": -31.99,
            "33": 18.71,
            "34": 5.04,
            "35": -14.45,
            "36": 17.49,
            "37": -48.0,
            "38": -22.69,
            "39": -33.9,
            "40": 33.23,
            "41": 2.73,
            "43": -1.92,
            "44": 45.44,
            "45": -15.05,
            "46": 20.13,
            "47": -12.88,
            "48": -16.06,
            "49": 44.78,
            "50": -1.5,
            "51": 43.94,
            "52": 35.18
        },
        "43": {
            "0": 11.74,
            "1": -25.57,
            "2": 32.04,
            "3": -31.28,
            "4": 1.27,
            "5": 35.06,
            "6": -44.61,
            "7": 20.65,
            "8": -26.8,
            "9": -31.0,
            "10": 16.8,
            "11": 14.65,
            "12": -44.27,
            "13": 33.96,
            "14": 24.16,
            "15": 19.93,
            "16": -6.91,
            "17": -47.4,
            "18": -2.08,
            "19": 24.95,
            "20": 0.29,
            "21": 2.84,
            "22": 40.0,
            "23": 45.46,
            "24": -39.01,
            "25": 23.79,
            "26": -28.19,
            "27": -11.53,
            "28": -40.16,
            "29": 47.38,
            "30": -36.13,
            "31": 5.04,
            "32": -47.63,
            "33": 21.17,
            "34": -14.05,
            "35": 43.47,
            "36": 23.29,
            "37": 46.4,
            "38": -3.13,
            "39": 8.52,
            "40": 43.74,
            "41": -15.78,
            "42": -1.92,
            "44": -5.5,
            "45": -39.48,
            "46": -45.18,
            "47": -22.97,
            "48": -15.98,
            "49": 23.26,
            "50": -8.82,
            "51": 21.74,
            "52": -40.6
        },
        "44": {
            "0": 21.46,
            "1": -40.17,
            "2": -32.86,
            "3": -44.17,
            "4": -39.55,
            "5": 1.52,
            "6": -1.56,
            "7": 27.88,
            "8": 1.04,
            "9": 1.64,
            "10": -43.03,
            "11": -13.06,
            "12": -11.54,
            "13": -4.64,
            "14": 5.12,
            "15": 22.14,
            "16": -41.42,
            "17": 15.11,
            "18": -27.59,
            "19": -45.27,
            "20": 40.36,
            "21": 46.74,
            "22": -16.32,
            "23": 16.91,
            "24": 0.21,
            "25": -16.98,
            "26": -17.69,
            "27": 1.7,
            "28": 45.17,
            "29": -14.63,
            "30": -44.92,
            "31": -10.96,
            "32": 39.19,
            "33": 5.39,
            "34": 39.94,
            "35": -31.37,
            "36": -38.26,
            "37": 7.02,
            "38": 3.74,
            "39": -27.84,
            "40": 20.7,
            "41": 18.07,
            "42": 45.44,
            "43": -5.5,
            "45": 43.17,
            "46": 16.72,
            "47": -47.17,
            "48": -15.92,
            "49": -40.77,
            "50": 6.86,
            "51": 11.08,
            "52": -43.25
        },
        "45": {
            "0": 24.27,
            "1": 31.26,
            "2": -21.77,
            "3": -27.4,
            "4": 0.29,
            "5": -37.57,
            "6": -31.2,
            "7": -42.82,
            "8": 44.4,
            "9": -18.95,
            "10": -33.6,
            "11": 0.7,
            "12": -23.86,
            "13": 19.4,
            "14": -36.97,
            "15": -16.03,
            "16": -3.29,
            "17": 20.55,
            "18": 37.21,
            "19": -45.31,
            "20": -39.61,
            "21": 24.03,
            "22": 42.92,
            "23": 9.86,
            "24": 9.87,
            "25": -1.36,
            "26": 27.57,
            "27": -12.41,
            "28": 36.85,
            "29": 42.37,
            "30": 7.06,
            "31": 26.26,
            "32": -22.19,
            "33": 35.48,
            "34": -25.85,
            "35": -33.63,
            "36": -8.65,
            "37": 29.39,
            "38": 45.17,
            "39": 47.97,
            "40": -3.77,
            "41": 39.68,
            "42": -15.05,
            "43": -39.48,
            "44": 43.17,
            "46": -3.66,
            "47": 47.55,
            "48": -42.22,
            "49": 13.37,
            "50": 16.24,
            "51": 42.09,
            "52": 26.0
        },
        "46": {
            "0": 32.44,
            "1": -10.7,
            "2": 34.46,
            "3": -8.84,
            "4": -2.18,
            "5": 20.85,
            "6": -23.3,
            "7": 8.02,
            "8": 47.52,
            "9": -19.95,
            "10": 11.09,
            "11": -21.68,
            "12": 8.61,
            "13": -15.96,
            "14": 44.8,
            "15": -28.43,
            "16": 16.1,
            "17": -40.91,
            "18": -22.59,
            "19": -25.19,
            "20": 40.03,
            "21": 0.42,
            "22": 13.19,
            "23": -44.1,
            "24": -32.86,
            "25": 23.17,
            "26": -15.08,
            "27": -38.04,
            "28": 30.4,
            "29": 20.01,
            "30": -21.15,
            "31": 42.2,
            "32": 43.85,
            "33": -14.57,
            "34": -12.49,
            "35": 40.07,
            "36": 21.72,
            "37": 29.17,
            "38": 39.2,
            "39": 14.5,
            "40": -5.96,
            "41": 3.44,
            "42": 20.13,
            "43": -45.18,
            "44": 16.72,
            "45": -3.66,
            "47": 30.55,
            "48": -8.55,
            "49": 35.95,
            "50": -30.28,
            "51": 0.51,
            "52": 7.1
        },
        "47": {
            "0": 44.19,
            "1": -34.46,
            "2": 10.38,
            "3": 38.36,
            "4": -27.11,
            "5": 24.52,
            "6": 32.55,
            "7": -12.15,
            "8": -42.99,
            "9": -18.13,
            "10": 4.55,
            "11": 28.28,
            "12": -17.96,
            "13": 24.53,
            "14": 45.65,
            "15": 22.33,
            "16": -38.99,
            "17": 42.17,
            "18": -19.43,
            "19": -30.36,
            "20": -15.7,
            "21": -41.42,
            "22": -19.46,
            "23": -1.23,
            "24": -11.94,
            "25": 8.75,
            "26": -29.48,
            "27": -19.42,
            "28": 35.63,
            "29": 45.5,
            "30": 25.18,
            "31": 22.64,
            "32": -25.03,
            "33": -15.73,
            "34": -32.62,
            "35": 14.43,
            "36": 0.61,
            "37": 41.85,
            "38": 3.52,
            "39": -6.75,
            "40": -39.21,
            "41": 5.68,
            "42": -12.88,
            "43": -22.97,
            "44": -47.17,
            "45": 47.55,
            "46": 30.55,
            "48": 4.64,
            "49": -43.71,
            "50": 20.79,
            "51": 11.04,
            "52": -17.25
        },
        "48": {
            "0": -27.98,
            "1": 14.11,
            "2": -38.95,
            "3": 7.73,
            "4": -2.88,
            "5": 25.45,
            "6": -28.81,
            "7": 18.81,
            "8": 15.15,
            "9": -24.59,
            "10": 10.34,
            "11": -22.87,
            "12": -19.39,
            "13": -1.27,
            "14": -30.47,
            "15": -9.34,
            "16": -33.84,
            "17": 33.13,
            "18": -42.15,
            "19": 36.76,
            "20": 32.34,
            "21": -12.95,
            "22": -9.77,
            "23": -43.31,
            "24": -28.21,
            "25": -36.25,
            "26": -15.49,
            "27": 45.92,
            "28": -32.01,
            "29": 26.85,
            "30": 1.45,
            "31": -32.33,
            "32": -6.27,
            "33": -24.35,
            "34": -31.7,
            "35": 41.03,
            "36": -40.14,
            "37": 33.59,
            "38": 33.49,
            "39": -8.47,
            "40": -0.02,
            "41": -40.32,
            "42": -16.06,
            "43": -15.98,
            "44": -15.92,
            "45": -42.22,
            "46": -8.55,
            "47": 4.64,
            "49": 5.54,
            "50": -11.13,
            "51": 30.99,
            "52": 0.84
        },
        "49": {
            "0": -41.18,
            "1": 4.83,
            "2": 13.34,
            "3": 40.41,
            "4": 38.02,
            "5": -38.1,
            "6": -41.26,
            "7": 31.18,
            "8": 43.18,
            "9": 36.21,
            "10": -4.3,
            "11": -42.18,
            "12": -11.3,
            "13": 30.73,
            "14": -37.76,
            "15": -46.51,
            "16": -39.76,
            "17": 24.08,
            "18": 43.52,
            "19": 42.41,
            "20": 28.81,
            "21": -34.4,
            "22": -23.94,
            "23": 42.2,
            "24": -22.85,
            "25": -44.92,
            "26": 35.86,
            "27": -26.0,
            "28": -21.55,
            "29": 34.34,
            "30": 14.49,
            "31": 47.77,
            "32": -37.09,
            "33": -47.89,
            "34": -4.9,
            "35": 11.35,
            "36": -36.68,
            "37": 40.82,
            "38": -2.57,
            "39": 5.17,
            "40": -42.93,
            "41": 28.45,
            "42": 44.78,
            "43": 23.26,
            "44": -40.77,
            "45": 13.37,
            "46": 35.95,
            "47": -43.71,
            "48": 5.54,
            "50": 15.36,
            "51": 1.08,
            "52": 28.21
        },
        "50": {
            "0": -13.32,
            "1": -35.82,
            "2": 45.61,
            "3": -47.73,
            "4": -20.87,
            "5": 21.81,
            "6": 23.31,
            "7": -22.6,
            "8": 25.9,
            "9": 0.07,
            "10": 44.63,
            "11": -10.77,
            "12": 37.77,
            "13": -25.19,
            "14": 43.71,
            "15": -31.31,
            "16": -26.11,
            "17": -14.6,
            "18": 22.2,
            "19": 43.9,
            "20": -37.36,
            "21": -33.22,
            "22": 44.85,
            "23": 1.49,
            "24": -23.16,
            "25": -33.78,
            "26": -22.86,
            "27": -0.72,
            "28": -21.48,
            "29": 41.7,
            "30": -2.56,
            "31": 32.2,
            "32": 36.29,
            "33": 45.65,
            "34": 0.85,
            "35": 43.61,
            "36": -22.84,
            "37": 13.28,
            "38": -22.04,
            "39": 26.88,
            "40": 36.94,
            "41": -18.64,
            "42": -1.5,
            "43": -8.82,
            "44": 6.86,
            "45": 16.24,
            "46": -30.28,
            "47": 20.79,
            "48": -11.13,
            "49": 15.36,
            "51": 13.13,
            "52": -38.54
        },
        "51": {
            "0": 16.73,
            "1": -29.39,
            "2": 8.86,
            "3": 4.24,
            "4": -9.51,
            "5": 0.76,
            "6": 8.24,
            "7": 30.35,
            "8": 21.04,
            "9": -42.23,
            "10": -7.74,
            "11": 28.39,
            "12": -7.16,
            "13": 11.04,
            "14": 45.91,
            "15": 27.44,
            "16": 33.23,
            "17": -12.24,
            "18": 23.44,
            "19": -47.4,
            "20": -17.18,
            "21": 26.29,
            "22": 6.07,
            "23": -45.43,
            "24": 45.36,
            "25": 21.37,
            "26": -0.45,
            "27": 9.94,
            "28": 9.86,
            "29": 5.39,
            "30": 31.73,
            "31": 5.12,
            "32": 2.34,
            "33": -32.62,
            "34": -35.03,
            "35": -21.02,
            "36": -33.73,
            "37": 6.19,
            "38": -15.4,
            "39": -8.96,
            "40": 23.89,
            "41": -37.08,
            "42": 43.94,
            "43": 21.74,
            "44": 11.08,
            "45": 42.09,
            "46": 0.51,
            "47": 11.04,
            "48": 30.99,
            "49": 1.08,
            "50": 13.13,
            "52": 4.7
        },
        "52": {
            "0": 18.39,
            "1": 15.19,
            "2": 25.55,
            "3": 25.19,
            "4": -3.84,
            "5": -3.84,
            "6": 22.71,
            "7": 40.87,
            "8": 27.48,
            "9": -22.59,
            "10": 18.69,
            "11": 20.56,
            "12": 17.67,
            "13": 20.82,
            "14": -23.72,
            "15": -6.75,
            "16": -45.72,
            "17": -11.6,
            "18": 28.93,
            "19": -13.84,
            "20": -23.2,
            "21": 8.32,
            "22": 29.97,
            "23": 13.56,
            "24": 33.18,
            "25": 47.53,
            "26": -16.53,
            "27": -7.46,
            "28": -8.47,
            "29": -8.97,
            "30": 43.74,
            "31": -45.92,
            "32": -5.76,
            "33": -31.02,
            "34": -30.27,
            "35": -46.49,
            "36": 20.79,
            "37": 23.49,
            "38": -32.28,
            "39": 27.68,
            "40": -29.56,
            "41": -3.54,
            "42": 35.18,
            "43": -40.6,
            "44": -43.25,
            "45": 26.0,
            "46": 7.1,
            "47": -17.25,
            "48": 0.84,
            "49": 28.21,
            "50": -38.54,
            "51": 4.7
        }
    }
}