{
    "knapsack_size": 125600,
    "Gamma": 35,
    "n_items": 44,
    "costs": {
        "0": {
            "l": 171.57,
            "a": 357.49,
            "u": 387.77
        },
        "1": {
            "l": 211.96,
            "a": 321.02,
            "u": 365.25
        },
        "2": {
            "l": 230.08,
            "a": 280.46,
            "u": 363.98
        },
        "3": {
            "l": 239.31,
            "a": 252.95,
            "u": 383.17
        },
        "4": {
            "l": 163.33,
            "a": 252.21,
            "u": 319.06
        },
        "5": {
            "l": 114.96,
            "a": 207.05,
            "u": 369.78
        },
        "6": {
            "l": 314.21,
            "a": 326.86,
            "u": 372.43
        },
        "7": {
            "l": 160.13,
            "a": 240.73,
            "u": 258.39
        },
        "8": {
            "l": 197.63,
            "a": 211.36,
            "u": 218.56
        },
        "9": {
            "l": 240.05,
            "a": 300.71,
            "u": 302.24
        },
        "10": {
            "l": 187.1,
            "a": 253.86,
            "u": 371.09
        },
        "11": {
            "l": 191.24,
            "a": 201.19,
            "u": 374.3
        },
        "12": {
            "l": 226.68,
            "a": 283.14,
            "u": 285.21
        },
        "13": {
            "l": 164.44,
            "a": 348.89,
            "u": 391.51
        },
        "14": {
            "l": 147.93,
            "a": 194.76,
            "u": 265.57
        },
        "15": {
            "l": 308.39,
            "a": 333.3,
            "u": 398.48
        },
        "16": {
            "l": 312.49,
            "a": 340.91,
            "u": 359.76
        },
        "17": {
            "l": 194.51,
            "a": 275.83,
            "u": 397.67
        },
        "18": {
            "l": 210.1,
            "a": 221.95,
            "u": 307.78
        },
        "19": {
            "l": 253.63,
            "a": 289.83,
            "u": 367.47
        },
        "20": {
            "l": 306.45,
            "a": 343.74,
            "u": 366.02
        },
        "21": {
            "l": 191.93,
            "a": 356.93,
            "u": 367.26
        },
        "22": {
            "l": 124.64,
            "a": 216.23,
            "u": 312.84
        },
        "23": {
            "l": 315.15,
            "a": 339.82,
            "u": 346.07
        },
        "24": {
            "l": 194.92,
            "a": 287.1,
            "u": 307.12
        },
        "25": {
            "l": 277.03,
            "a": 356.79,
            "u": 390.13
        },
        "26": {
            "l": 165.84,
            "a": 244.94,
            "u": 311.25
        },
        "27": {
            "l": 251.83,
            "a": 363.39,
            "u": 398.28
        },
        "28": {
            "l": 117.66,
            "a": 217.98,
            "u": 259.87
        },
        "29": {
            "l": 161.35,
            "a": 337.66,
            "u": 353.14
        },
        "30": {
            "l": 242.59,
            "a": 297.73,
            "u": 313.43
        },
        "31": {
            "l": 122.82,
            "a": 320.83,
            "u": 345.56
        },
        "32": {
            "l": 168.81,
            "a": 351.01,
            "u": 356.06
        },
        "33": {
            "l": 204.87,
            "a": 259.45,
            "u": 309.63
        },
        "34": {
            "l": 233.94,
            "a": 235.04,
            "u": 389.53
        },
        "35": {
            "l": 259.69,
            "a": 270.45,
            "u": 378.28
        },
        "36": {
            "l": 235.81,
            "a": 255.46,
            "u": 351.51
        },
        "37": {
            "l": 236.51,
            "a": 246.15,
            "u": 379.86
        },
        "38": {
            "l": 235.65,
            "a": 249.02,
            "u": 333.83
        },
        "39": {
            "l": 137.22,
            "a": 207.18,
            "u": 326.87
        },
        "40": {
            "l": 300.27,
            "a": 346.85,
            "u": 376.88
        },
        "41": {
            "l": 287.88,
            "a": 320.01,
            "u": 328.86
        },
        "42": {
            "l": 287.51,
            "a": 314.62,
            "u": 340.78
        },
        "43": {
            "l": 240.92,
            "a": 351.57,
            "u": 354.16
        }
    },
    "profits": {
        "0": 440.88,
        "1": 442.23,
        "2": 423.13,
        "3": 305.89,
        "4": 294.03,
        "5": 265.56,
        "6": 384.2,
        "7": 419.08,
        "8": 235.2,
        "9": 402.93,
        "10": 291.91,
        "11": 297.17,
        "12": 351.21,
        "13": 429.88,
        "14": 229.07,
        "15": 418.66,
        "16": 381.66,
        "17": 305.73,
        "18": 367.5,
        "19": 371.52,
        "20": 361.94,
        "21": 422.82,
        "22": 230.56,
        "23": 341.61,
        "24": 358.13,
        "25": 361.6,
        "26": 294.71,
        "27": 395.6,
        "28": 308.47,
        "29": 438.26,
        "30": 369.46,
        "31": 429.93,
        "32": 382.2,
        "33": 397.26,
        "34": 244.24,
        "35": 347.69,
        "36": 258.01,
        "37": 336.49,
        "38": 312.1,
        "39": 432.59,
        "40": 385.8,
        "41": 379.61,
        "42": 333.94,
        "43": 355.75
    },
    "synergies": {
        "0": {
            "1": -35.5,
            "2": -25.33,
            "3": -32.59,
            "4": -45.85,
            "5": 11.98,
            "6": 36.36,
            "7": 1.35,
            "8": 32.5,
            "9": 27.18,
            "10": -27.2,
            "11": 4.61,
            "12": -23.27,
            "13": 32.72,
            "14": 40.92,
            "15": 36.21,
            "16": 46.82,
            "17": -42.79,
            "18": -46.48,
            "19": 13.52,
            "20": -27.98,
            "21": -31.48,
            "22": -23.69,
            "23": 4.03,
            "24": -5.47,
            "25": 1.35,
            "26": -35.6,
            "27": -29.29,
            "28": -30.59,
            "29": 42.65,
            "30": -47.48,
            "31": -37.07,
            "32": -34.25,
            "33": 31.4,
            "34": -35.18,
            "35": 30.63,
            "36": 38.78,
            "37": -7.75,
            "38": -33.11,
            "39": 31.39,
            "40": 0.96,
            "41": 40.8,
            "42": 37.65,
            "43": 1.95
        },
        "1": {
            "0": -35.5,
            "2": 40.25,
            "3": 18.78,
            "4": 27.73,
            "5": 2.4,
            "6": -23.86,
            "7": -41.05,
            "8": 27.65,
            "9": -18.81,
            "10": -22.7,
            "11": -44.56,
            "12": -42.45,
            "13": -43.74,
            "14": 16.3,
            "15": 7.5,
            "16": 30.7,
            "17": 10.98,
            "18": -4.36,
            "19": -46.34,
            "20": 6.34,
            "21": -4.09,
            "22": -16.4,
            "23": -17.13,
            "24": 40.93,
            "25": 31.83,
            "26": -43.89,
            "27": 28.71,
            "28": -30.69,
            "29": -25.19,
            "30": -24.91,
            "31": 7.82,
            "32": -35.69,
            "33": -14.35,
            "34": -24.92,
            "35": 47.36,
            "36": 5.41,
            "37": 44.99,
            "38": 4.41,
            "39": 38.41,
            "40": 41.6,
            "41": -3.22,
            "42": 34.84,
            "43": -32.17
        },
        "2": {
            "0": -25.33,
            "1": 40.25,
            "3": -7.81,
            "4": 15.59,
            "5": -12.71,
            "6": -35.63,
            "7": 31.87,
            "8": -0.75,
            "9": -43.71,
            "10": -47.32,
            "11": 43.68,
            "12": -0.88,
            "13": -9.61,
            "14": -3.49,
            "15": -37.64,
            "16": 41.23,
            "17": 19.98,
            "18": 36.94,
            "19": 34.06,
            "20": -35.98,
            "21": -32.41,
            "22": 7.51,
            "23": 39.71,
            "24": 35.65,
            "25": -1.0,
            "26": -1.76,
            "27": 35.54,
            "28": -32.66,
            "29": -46.08,
            "30": -31.97,
            "31": -6.64,
            "32": 21.41,
            "33": -21.08,
            "34": 7.32,
            "35": -44.85,
            "36": -25.79,
            "37": -34.8,
            "38": -47.03,
            "39": 42.84,
            "40": -24.46,
            "41": 45.53,
            "42": 2.4,
            "43": -30.45
        },
        "3": {
            "0": -32.59,
            "1": 18.78,
            "2": -7.81,
            "4": 10.09,
            "5": -39.77,
            "6": 42.4,
            "7": -17.87,
            "8": 27.13,
            "9": -37.99,
            "10": 14.65,
            "11": 43.77,
            "12": 24.64,
            "13": 22.04,
            "14": -45.56,
            "15": 29.68,
            "16": -33.37,
            "17": 30.24,
            "18": -44.05,
            "19": 0.23,
            "20": -8.27,
            "21": 36.68,
            "22": 41.42,
            "23": 0.51,
            "24": -7.7,
            "25": -28.54,
            "26": 4.95,
            "27": -20.09,
            "28": -18.96,
            "29": 33.99,
            "30": 1.12,
            "31": -3.24,
            "32": 24.25,
            "33": -1.23,
            "34": 33.62,
            "35": 40.85,
            "36": 35.98,
            "37": 7.15,
            "38": 39.41,
            "39": -27.04,
            "40": -23.65,
            "41": 1.87,
            "42": 19.36,
            "43": -20.76
        },
        "4": {
            "0": -45.85,
            "1": 27.73,
            "2": 15.59,
            "3": 10.09,
            "5": 7.82,
            "6": -25.85,
            "7": 4.77,
            "8": -23.42,
            "9": 19.86,
            "10": -17.71,
            "11": -32.11,
            "12": 44.91,
            "13": -14.64,
            "14": -8.84,
            "15": -14.44,
            "16": -11.87,
            "17": -2.04,
            "18": -12.18,
            "19": 27.43,
            "20": -14.48,
            "21": -43.06,
            "22": -36.41,
            "23": -2.92,
            "24": 25.12,
            "25": 21.94,
            "26": 6.16,
            "27": 36.43,
            "28": 18.15,
            "29": 6.84,
            "30": 7.3,
            "31": -20.91,
            "32": 18.51,
            "33": -41.18,
            "34": 43.14,
            "35": 47.44,
            "36": -20.37,
            "37": 29.93,
            "38": 7.01,
            "39": 28.09,
            "40": 41.07,
            "41": 8.26,
            "42": 19.86,
            "43": -27.05
        },
        "5": {
            "0": 11.98,
            "1": 2.4,
            "2": -12.71,
            "3": -39.77,
            "4": 7.82,
            "6": 4.45,
            "7": -0.0,
            "8": 32.78,
            "9": 43.71,
            "10": 20.84,
            "11": 27.58,
            "12": 27.84,
            "13": -23.56,
            "14": 38.68,
            "15": 40.62,
            "16": 1.87,
            "17": -35.16,
            "18": 13.53,
            "19": 17.29,
            "20": 16.11,
            "21": -35.91,
            "22": -27.15,
            "23": -21.33,
            "24": 29.45,
            "25": -6.9,
            "26": 7.1,
            "27": -9.44,
            "28": -19.48,
            "29": -9.93,
            "30": -26.58,
            "31": 46.29,
            "32": -10.31,
            "33": -41.98,
            "34": -1.54,
            "35": -22.9,
            "36": 33.5,
            "37": 40.66,
            "38": -46.31,
            "39": -25.49,
            "40": 35.14,
            "41": 46.73,
            "42": 10.35,
            "43": 25.11
        },
        "6": {
            "0": 36.36,
            "1": -23.86,
            "2": -35.63,
            "3": 42.4,
            "4": -25.85,
            "5": 4.45,
            "7": -32.12,
            "8": 3.45,
            "9": -1.2,
            "10": 27.62,
            "11": -5.82,
            "12": -37.75,
            "13": -45.02,
            "14": 27.05,
            "15": 47.06,
            "16": 5.01,
            "17": -46.03,
            "18": 14.68,
            "19": -7.73,
            "20": -4.37,
            "21": 39.33,
            "22": 24.49,
            "23": -23.61,
            "24": 41.6,
            "25": 1.04,
            "26": 4.05,
            "27": -10.93,
            "28": 42.07,
            "29": -27.92,
            "30": 9.23,
            "31": 0.91,
            "32": -3.7,
            "33": -46.42,
            "34": -44.79,
            "35": -45.01,
            "36": 7.67,
            "37": -37.39,
            "38": 5.92,
            "39": 18.94,
            "40": -18.15,
            "41": 33.46,
            "42": 29.33,
            "43": -9.46
        },
        "7": {
            "0": 1.35,
            "1": -41.05,
            "2": 31.87,
            "3": -17.87,
            "4": 4.77,
            "5": -0.0,
            "6": -32.12,
            "8": 33.28,
            "9": 37.32,
            "10": 16.08,
            "11": -36.29,
            "12": -24.36,
            "13": -40.55,
            "14": -27.66,
            "15": 13.05,
            "16": 45.39,
            "17": -38.68,
            "18": -27.41,
            "19": -1.18,
            "20": 39.23,
            "21": -14.41,
            "22": 6.0,
            "23": 2.7,
            "24": -26.43,
            "25": -19.09,
            "26": 3.72,
            "27": 34.93,
            "28": 22.32,
            "29": 12.82,
            "30": -18.17,
            "31": -10.99,
            "32": -46.28,
            "33": 9.51,
            "34": 33.4,
            "35": -27.04,
            "36": 25.75,
            "37": -18.58,
            "38": 1.77,
            "39": 7.1,
            "40": 42.17,
            "41": 37.56,
            "42": 46.97,
            "43": -29.2
        },
        "8": {
            "0": 32.5,
            "1": 27.65,
            "2": -0.75,
            "3": 27.13,
            "4": -23.42,
            "5": 32.78,
            "6": 3.45,
            "7": 33.28,
            "9": 28.79,
            "10": -31.94,
            "11": 29.56,
            "12": 26.18,
            "13": -6.97,
            "14": -35.23,
            "15": -1.18,
            "16": 40.9,
            "17": -43.22,
            "18": -37.15,
            "19": -27.17,
            "20": -18.59,
            "21": 34.13,
            "22": -8.19,
            "23": -36.27,
            "24": -47.88,
            "25": -24.24,
            "26": -46.42,
            "27": -15.65,
            "28": -35.4,
            "29": 3.48,
            "30": -19.94,
            "31": 33.2,
            "32": 33.44,
            "33": -41.48,
            "34": 22.77,
            "35": -23.0,
            "36": 7.93,
            "37": -1.86,
            "38": -37.87,
            "39": -28.24,
            "40": -25.8,
            "41": 6.25,
            "42": 43.21,
            "43": 12.4
        },
        "9": {
            "0": 27.18,
            "1": -18.81,
            "2": -43.71,
            "3": -37.99,
            "4": 19.86,
            "5": 43.71,
            "6": -1.2,
            "7": 37.32,
            "8": 28.79,
            "10": 41.16,
            "11": 35.06,
            "12": 19.58,
            "13": -9.58,
            "14": -47.05,
            "15": -35.66,
            "16": 47.27,
            "17": -38.06,
            "18": -31.72,
            "19": -14.69,
            "20": -35.26,
            "21": -26.46,
            "22": -15.04,
            "23": -15.37,
            "24": 25.37,
            "25": 43.07,
            "26": -37.78,
            "27": -21.96,
            "28": 6.54,
            "29": -10.55,
            "30": -6.4,
            "31": 7.73,
            "32": 37.63,
            "33": -25.54,
            "34": -40.07,
            "35": -23.83,
            "36": -7.64,
            "37": -39.51,
            "38": -16.53,
            "39": 37.12,
            "40": -25.92,
            "41": 27.34,
            "42": 21.04,
            "43": -23.7
        },
        "10": {
            "0": -27.2,
            "1": -22.7,
            "2": -47.32,
            "3": 14.65,
            "4": -17.71,
            "5": 20.84,
            "6": 27.62,
            "7": 16.08,
            "8": -31.94,
            "9": 41.16,
            "11": 13.85,
            "12": -12.31,
            "13": -9.45,
            "14": -23.67,
            "15": -7.49,
            "16": -40.27,
            "17": -45.15,
            "18": -2.91,
            "19": -0.61,
            "20": -4.86,
            "21": -10.27,
            "22": -47.47,
            "23": 23.08,
            "24": 35.77,
            "25": -4.25,
            "26": -25.49,
            "27": -18.88,
            "28": -38.68,
            "29": -7.76,
            "30": -14.54,
            "31": 42.23,
            "32": -34.84,
            "33": -28.44,
            "34": 13.98,
            "35": 45.44,
            "36": 20.95,
            "37": -40.23,
            "38": -39.85,
            "39": -15.46,
            "40": -6.82,
            "41": 38.82,
            "42": 45.53,
            "43": -0.21
        },
        "11": {
            "0": 4.61,
            "1": -44.56,
            "2": 43.68,
            "3": 43.77,
            "4": -32.11,
            "5": 27.58,
            "6": -5.82,
            "7": -36.29,
            "8": 29.56,
            "9": 35.06,
            "10": 13.85,
            "12": -18.34,
            "13": -15.27,
            "14": 31.84,
            "15": -1.42,
            "16": -20.87,
            "17": 27.37,
            "18": 37.07,
            "19": 6.9,
            "20": -46.43,
            "21": -19.25,
            "22": -3.21,
            "23": -29.89,
            "24": 12.93,
            "25": -34.2,
            "26": 29.8,
            "27": -0.98,
            "28": -19.46,
            "29": -0.09,
            "30": -14.23,
            "31": -0.23,
            "32": -39.25,
            "33": -36.03,
            "34": 0.93,
            "35": -8.1,
            "36": 9.47,
            "37": 28.9,
            "38": 20.18,
            "39": 37.93,
            "40": 13.52,
            "41": -38.36,
            "42": 17.53,
            "43": 18.96
        },
        "12": {
            "0": -23.27,
            "1": -42.45,
            "2": -0.88,
            "3": 24.64,
            "4": 44.91,
            "5": 27.84,
            "6": -37.75,
            "7": -24.36,
            "8": 26.18,
            "9": 19.58,
            "10": -12.31,
            "11": -18.34,
            "13": -41.94,
            "14": 46.05,
            "15": -2.29,
            "16": -12.69,
            "17": 30.52,
            "18": 40.12,
            "19": 3.17,
            "20": 11.21,
            "21": -38.41,
            "22": -3.17,
            "23": -28.88,
            "24": -27.96,
            "25": 31.94,
            "26": 31.1,
            "27": -29.02,
            "28": -7.36,
            "29": 47.58,
            "30": 10.95,
            "31": -23.8,
            "32": 7.43,
            "33": 23.63,
            "34": 16.33,
            "35": -0.3,
            "36": 1.36,
            "37": -6.11,
            "38": 28.81,
            "39": 22.16,
            "40": 5.91,
            "41": 43.52,
            "42": -33.0,
            "43": 45.6
        },
        "13": {
            "0": 32.72,
            "1": -43.74,
            "2": -9.61,
            "3": 22.04,
            "4": -14.64,
            "5": -23.56,
            "6": -45.02,
            "7": -40.55,
            "8": -6.97,
            "9": -9.58,
            "10": -9.45,
            "11": -15.27,
            "12": -41.94,
            "14": 21.73,
            "15": -30.04,
            "16": 46.87,
            "17": 45.04,
            "18": 12.62,
            "19": -4.56,
            "20": -32.22,
            "21": 10.53,
            "22": 47.78,
            "23": 20.87,
            "24": 40.96,
            "25": 45.51,
            "26": -33.88,
            "27": 43.76,
            "28": 21.14,
            "29": 26.22,
            "30": -17.66,
            "31": 26.83,
            "32": -6.21,
            "33": 39.42,
            "34": -44.09,
            "35": -1.98,
            "36": 20.65,
            "37": 29.77,
            "38": 12.66,
            "39": -25.62,
            "40": -47.39,
            "41": 42.98,
            "42": 37.1,
            "43": -33.14
        },
        "14": {
            "0": 40.92,
            "1": 16.3,
            "2": -3.49,
            "3": -45.56,
            "4": -8.84,
            "5": 38.68,
            "6": 27.05,
            "7": -27.66,
            "8": -35.23,
            "9": -47.05,
            "10": -23.67,
            "11": 31.84,
            "12": 46.05,
            "13": 21.73,
            "15": -18.8,
            "16": -3.91,
            "17": -25.18,
            "18": -40.82,
            "19": -14.63,
            "20": -39.24,
            "21": -23.64,
            "22": 47.17,
            "23": 4.24,
            "24": 42.76,
            "25": -26.62,
            "26": 41.93,
            "27": -30.81,
            "28": -17.62,
            "29": 34.67,
            "30": -30.93,
            "31": -20.68,
            "32": 32.51,
            "33": -8.72,
            "34": -0.79,
            "35": -38.16,
            "36": 11.49,
            "37": -43.02,
            "38": 5.82,
            "39": 47.04,
            "40": 45.87,
            "41": 13.91,
            "42": 19.47,
            "43": -9.98
        },
        "15": {
            "0": 36.21,
            "1": 7.5,
            "2": -37.64,
            "3": 29.68,
            "4": -14.44,
            "5": 40.62,
            "6": 47.06,
            "7": 13.05,
            "8": -1.18,
            "9": -35.66,
            "10": -7.49,
            "11": -1.42,
            "12": -2.29,
            "13": -30.04,
            "14": -18.8,
            "16": -21.66,
            "17": 26.03,
            "18": -7.08,
            "19": 19.94,
            "20": -44.88,
            "21": 42.51,
            "22": 8.04,
            "23": -36.69,
            "24": -4.33,
            "25": -27.27,
            "26": -46.6,
            "27": -32.18,
            "28": -19.13,
            "29": 34.5,
            "30": -25.52,
            "31": 39.09,
            "32": 41.34,
            "33": -24.16,
            "34": -1.68,
            "35": 18.35,
            "36": 11.11,
            "37": 15.71,
            "38": -23.28,
            "39": -20.6,
            "40": -31.74,
            "41": 1.22,
            "42": 45.04,
            "43": -4.04
        },
        "16": {
            "0": 46.82,
            "1": 30.7,
            "2": 41.23,
            "3": -33.37,
            "4": -11.87,
            "5": 1.87,
            "6": 5.01,
            "7": 45.39,
            "8": 40.9,
            "9": 47.27,
            "10": -40.27,
            "11": -20.87,
            "12": -12.69,
            "13": 46.87,
            "14": -3.91,
            "15": -21.66,
            "17": 23.68,
            "18": 21.1,
            "19": 30.36,
            "20": -13.91,
            "21": 9.85,
            "22": -44.72,
            "23": 36.06,
            "24": -12.29,
            "25": 36.47,
            "26": 33.71,
            "27": -36.69,
            "28": -35.88,
            "29": -3.82,
            "30": -33.66,
            "31": 36.4,
            "32": -6.06,
            "33": -11.07,
            "34": -43.62,
            "35": 47.21,
            "36": -20.37,
            "37": 38.34,
            "38": -38.09,
            "39": 21.9,
            "40": -37.28,
            "41": 13.06,
            "42": -4.58,
            "43": -4.6
        },
        "17": {
            "0": -42.79,
            "1": 10.98,
            "2": 19.98,
            "3": 30.24,
            "4": -2.04,
            "5": -35.16,
            "6": -46.03,
            "7": -38.68,
            "8": -43.22,
            "9": -38.06,
            "10": -45.15,
            "11": 27.37,
            "12": 30.52,
            "13": 45.04,
            "14": -25.18,
            "15": 26.03,
            "16": 23.68,
            "18": -46.14,
            "19": 41.13,
            "20": -18.31,
            "21": -14.29,
            "22": 5.74,
            "23": -0.31,
            "24": -14.52,
            "25": -4.17,
            "26": -45.32,
            "27": 10.63,
            "28": 3.74,
            "29": -17.03,
            "30": -26.77,
            "31": 39.27,
            "32": -29.91,
            "33": 30.37,
            "34": -28.43,
            "35": 40.32,
            "36": 21.58,
            "37": -16.46,
            "38": 9.8,
            "39": -2.72,
            "40": 28.4,
            "41": 16.87,
            "42": 29.59,
            "43": 2.41
        },
        "18": {
            "0": -46.48,
            "1": -4.36,
            "2": 36.94,
            "3": -44.05,
            "4": -12.18,
            "5": 13.53,
            "6": 14.68,
            "7": -27.41,
            "8": -37.15,
            "9": -31.72,
            "10": -2.91,
            "11": 37.07,
            "12": 40.12,
            "13": 12.62,
            "14": -40.82,
            "15": -7.08,
            "16": 21.1,
            "17": -46.14,
            "19": -1.28,
            "20": 1.22,
            "21": -27.25,
            "22": -4.86,
            "23": -19.41,
            "24": -17.15,
            "25": -28.46,
            "26": 25.33,
            "27": -6.05,
            "28": 42.27,
            "29": 24.35,
            "30": 12.63,
            "31": -24.87,
            "32": 43.45,
            "33": -7.43,
            "34": -14.63,
            "35": 32.27,
            "36": -43.56,
            "37": -30.68,
            "38": 14.25,
            "39": 15.76,
            "40": 44.95,
            "41": -30.44,
            "42": 3.71,
            "43": 1.7
        },
        "19": {
            "0": 13.52,
            "1": -46.34,
            "2": 34.06,
            "3": 0.23,
            "4": 27.43,
            "5": 17.29,
            "6": -7.73,
            "7": -1.18,
            "8": -27.17,
            "9": -14.69,
            "10": -0.61,
            "11": 6.9,
            "12": 3.17,
            "13": -4.56,
            "14": -14.63,
            "15": 19.94,
            "16": 30.36,
            "17": 41.13,
            "18": -1.28,
            "20": -42.93,
            "21": 39.12,
            "22": 38.51,
            "23": 16.24,
            "24": -2.88,
            "25": 13.6,
            "26": 9.74,
            "27": 5.01,
            "28": -19.6,
            "29": -12.87,
            "30": -8.1,
            "31": 36.12,
            "32": -0.84,
            "33": -19.31,
            "34": 31.19,
            "35": -40.9,
            "36": 43.39,
            "37": -42.91,
            "38": 13.0,
            "39": -16.79,
            "40": 2.27,
            "41": -23.6,
            "42": 26.48,
            "43": -21.62
        },
        "20": {
            "0": -27.98,
            "1": 6.34,
            "2": -35.98,
            "3": -8.27,
            "4": -14.48,
            "5": 16.11,
            "6": -4.37,
            "7": 39.23,
            "8": -18.59,
            "9": -35.26,
            "10": -4.86,
            "11": -46.43,
            "12": 11.21,
            "13": -32.22,
            "14": -39.24,
            "15": -44.88,
            "16": -13.91,
            "17": -18.31,
            "18": 1.22,
            "19": -42.93,
            "21": -8.5,
            "22": 13.45,
            "23": -47.48,
            "24": 39.61,
            "25": 2.4,
            "26": -43.66,
            "27": 33.08,
            "28": -14.83,
            "29": -34.12,
            "30": -17.22,
            "31": 40.69,
            "32": 30.75,
            "33": 33.77,
            "34": 41.76,
            "35": 23.5,
            "36": 24.36,
            "37": 0.44,
            "38": 38.15,
            "39": 47.66,
            "40": 41.66,
            "41": -23.03,
            "42": -7.36,
            "43": -35.88
        },
        "21": {
            "0": -31.48,
            "1": -4.09,
            "2": -32.41,
            "3": 36.68,
            "4": -43.06,
            "5": -35.91,
            "6": 39.33,
            "7": -14.41,
            "8": 34.13,
            "9": -26.46,
            "10": -10.27,
            "11": -19.25,
            "12": -38.41,
            "13": 10.53,
            "14": -23.64,
            "15": 42.51,
            "16": 9.85,
            "17": -14.29,
            "18": -27.25,
            "19": 39.12,
            "20": -8.5,
            "22": 28.58,
            "23": -45.53,
            "24": -7.93,
            "25": 35.75,
            "26": -36.14,
            "27": 23.34,
            "28": 11.81,
            "29": -43.58,
            "30": -17.87,
            "31": 9.6,
            "32": -23.46,
            "33": -37.61,
            "34": -1.09,
            "35": 6.47,
            "36": 40.66,
            "37": 41.92,
            "38": -13.97,
            "39": 25.18,
            "40": -29.97,
            "41": -2.88,
            "42": -28.49,
            "43": -39.59
        },
        "22": {
            "0": -23.69,
            "1": -16.4,
            "2": 7.51,
            "3": 41.42,
            "4": -36.41,
            "5": -27.15,
            "6": 24.49,
            "7": 6.0,
            "8": -8.19,
            "9": -15.04,
            "10": -47.47,
            "11": -3.21,
            "12": -3.17,
            "13": 47.78,
            "14": 47.17,
            "15": 8.04,
            "16": -44.72,
            "17": 5.74,
            "18": -4.86,
            "19": 38.51,
            "20": 13.45,
            "21": 28.58,
            "23": 16.96,
            "24": -1.13,
            "25": 16.85,
            "26": -30.87,
            "27": -34.97,
            "28": -20.41,
            "29": 27.74,
            "30": 12.22,
            "31": 23.6,
            "32": -47.09,
            "33": 39.48,
            "34": 31.32,
            "35": 26.37,
            "36": -1.51,
            "37": -39.28,
            "38": -29.47,
            "39": 3.93,
            "40": -45.13,
            "41": 34.54,
            "42": 28.54,
            "43": -23.75
        },
        "23": {
            "0": 4.03,
            "1": -17.13,
            "2": 39.71,
            "3": 0.51,
            "4": -2.92,
            "5": -21.33,
            "6": -23.61,
            "7": 2.7,
            "8": -36.27,
            "9": -15.37,
            "10": 23.08,
            "11": -29.89,
            "12": -28.88,
            "13": 20.87,
            "14": 4.24,
            "15": -36.69,
            "16": 36.06,
            "17": -0.31,
            "18": -19.41,
            "19": 16.24,
            "20": -47.48,
            "21": -45.53,
            "22": 16.96,
            "24": 40.99,
            "25": -12.63,
            "26": -39.5,
            "27": 45.88,
            "28": 17.09,
            "29": -25.95,
            "30": -1.21,
            "31": 45.58,
            "32": -32.13,
            "33": 43.89,
            "34": 33.23,
            "35": -43.0,
            "36": 13.18,
            "37": -16.49,
            "38": 38.86,
            "39": 46.97,
            "40": 40.82,
            "41": -10.88,
            "42": -15.84,
            "43": 28.58
        },
        "24": {
            "0": -5.47,
            "1": 40.93,
            "2": 35.65,
            "3": -7.7,
            "4": 25.12,
            "5": 29.45,
            "6": 41.6,
            "7": -26.43,
            "8": -47.88,
            "9": 25.37,
            "10": 35.77,
            "11": 12.93,
            "12": -27.96,
            "13": 40.96,
            "14": 42.76,
            "15": -4.33,
            "16": -12.29,
            "17": -14.52,
            "18": -17.15,
            "19": -2.88,
            "20": 39.61,
            "21": -7.93,
            "22": -1.13,
            "23": 40.99,
            "25": 12.64,
            "26": -39.35,
            "27": 43.3,
            "28": 35.11,
            "29": 13.95,
            "30": -12.72,
            "31": 24.72,
            "32": -19.41,
            "33": 27.77,
            "34": 14.1,
            "35": 18.14,
            "36": -34.54,
            "37": 5.58,
            "38": 46.57,
            "39": -39.84,
            "40": 44.17,
            "41": 25.64,
            "42": -11.92,
            "43": -34.83
        },
        "25": {
            "0": 1.35,
            "1": 31.83,
            "2": -1.0,
            "3": -28.54,
            "4": 21.94,
            "5": -6.9,
            "6": 1.04,
            "7": -19.09,
            "8": -24.24,
            "9": 43.07,
            "10": -4.25,
            "11": -34.2,
            "12": 31.94,
            "13": 45.51,
            "14": -26.62,
            "15": -27.27,
            "16": 36.47,
            "17": -4.17,
            "18": -28.46,
            "19": 13.6,
            "20": 2.4,
            "21": 35.75,
            "22": 16.85,
            "23": -12.63,
            "24": 12.64,
            "26": 33.2,
            "27": 15.53,
            "28": -36.92,
            "29": 21.34,
            "30": -22.16,
            "31": -14.67,
            "32": -24.0,
            "33": -5.14,
            "34": -32.66,
            "35": 29.83,
            "36": -21.26,
            "37": -12.19,
            "38": 0.04,
            "39": 33.34,
            "40": 29.43,
            "41": 15.92,
            "42": 4.96,
            "43": -10.78
        },
        "26": {
            "0": -35.6,
            "1": -43.89,
            "2": -1.76,
            "3": 4.95,
            "4": 6.16,
            "5": 7.1,
            "6": 4.05,
            "7": 3.72,
            "8": -46.42,
            "9": -37.78,
            "10": -25.49,
            "11": 29.8,
            "12": 31.1,
            "13": -33.88,
            "14": 41.93,
            "15": -46.6,
            "16": 33.71,
            "17": -45.32,
            "18": 25.33,
            "19": 9.74,
            "20": -43.66,
            "21": -36.14,
            "22": -30.87,
            "23": -39.5,
            "24": -39.35,
            "25": 33.2,
            "27": 25.07,
            "28": -35.22,
            "29": -21.36,
            "30": -29.62,
            "31": 43.83,
            "32": 46.11,
            "33": -40.94,
            "34": 8.22,
            "35": 9.53,
            "36": 17.65,
            "37": -10.92,
            "38": 5.13,
            "39": -23.08,
            "40": 25.63,
            "41": -46.48,
            "42": 36.5,
            "43": -38.41
        },
        "27": {
            "0": -29.29,
            "1": 28.71,
            "2": 35.54,
            "3": -20.09,
            "4": 36.43,
            "5": -9.44,
            "6": -10.93,
            "7": 34.93,
            "8": -15.65,
            "9": -21.96,
            "10": -18.88,
            "11": -0.98,
            "12": -29.02,
            "13": 43.76,
            "14": -30.81,
            "15": -32.18,
            "16": -36.69,
            "17": 10.63,
            "18": -6.05,
            "19": 5.01,
            "20": 33.08,
            "21": 23.34,
            "22": -34.97,
            "23": 45.88,
            "24": 43.3,
            "25": 15.53,
            "26": 25.07,
            "28": 0.4,
            "29": -6.48,
            "30": -31.61,
            "31": -3.95,
            "32": -1.66,
            "33": 14.61,
            "34": 8.97,
            "35": 5.73,
            "36": -29.54,
            "37": -3.65,
            "38": 0.01,
            "39": 4.85,
            "40": 23.87,
            "41": 8.06,
            "42": 6.86,
            "43": 42.6
        },
        "28": {
            "0": -30.59,
            "1": -30.69,
            "2": -32.66,
            "3": -18.96,
            "4": 18.15,
            "5": -19.48,
            "6": 42.07,
            "7": 22.32,
            "8": -35.4,
            "9": 6.54,
            "10": -38.68,
            "11": -19.46,
            "12": -7.36,
            "13": 21.14,
            "14": -17.62,
            "15": -19.13,
            "16": -35.88,
            "17": 3.74,
            "18": 42.27,
            "19": -19.6,
            "20": -14.83,
            "21": 11.81,
            "22": -20.41,
            "23": 17.09,
            "24": 35.11,
            "25": -36.92,
            "26": -35.22,
            "27": 0.4,
            "29": -31.0,
            "30": 45.88,
            "31": -14.93,
            "32": 22.04,
            "33": 14.86,
            "34": -3.99,
            "35": 41.97,
            "36": -18.69,
            "37": -24.28,
            "38": 24.99,
            "39": 35.9,
            "40": 4.77,
            "41": -24.57,
            "42": -26.31,
            "43": 23.93
        },
        "29": {
            "0": 42.65,
            "1": -25.19,
            "2": -46.08,
            "3": 33.99,
            "4": 6.84,
            "5": -9.93,
            "6": -27.92,
            "7": 12.82,
            "8": 3.48,
            "9": -10.55,
            "10": -7.76,
            "11": -0.09,
            "12": 47.58,
            "13": 26.22,
            "14": 34.67,
            "15": 34.5,
            "16": -3.82,
            "17": -17.03,
            "18": 24.35,
            "19": -12.87,
            "20": -34.12,
            "21": -43.58,
            "22": 27.74,
            "23": -25.95,
            "24": 13.95,
            "25": 21.34,
            "26": -21.36,
            "27": -6.48,
            "28": -31.0,
            "30": -15.41,
            "31": 25.29,
            "32": -6.67,
            "33": -22.18,
            "34": 30.47,
            "35": -7.06,
            "36": -21.73,
            "37": -25.52,
            "38": 25.19,
            "39": 13.77,
            "40": 4.47,
            "41": -17.13,
            "42": 29.58,
            "43": 32.5
        },
        "30": {
            "0": -47.48,
            "1": -24.91,
            "2": -31.97,
            "3": 1.12,
            "4": 7.3,
            "5": -26.58,
            "6": 9.23,
            "7": -18.17,
            "8": -19.94,
            "9": -6.4,
            "10": -14.54,
            "11": -14.23,
            "12": 10.95,
            "13": -17.66,
            "14": -30.93,
            "15": -25.52,
            "16": -33.66,
            "17": -26.77,
            "18": 12.63,
            "19": -8.1,
            "20": -17.22,
            "21": -17.87,
            "22": 12.22,
            "23": -1.21,
            "24": -12.72,
            "25": -22.16,
            "26": -29.62,
            "27": -31.61,
            "28": 45.88,
            "29": -15.41,
            "31": 47.79,
            "32": 17.25,
            "33": -39.25,
            "34": -43.76,
            "35": -24.45,
            "36": 9.71,
            "37": -44.99,
            "38": -2.25,
            "39": -21.0,
            "40": 46.59,
            "41": -40.06,
            "42": -13.22,
            "43": 23.15
        },
        "31": {
            "0": -37.07,
            "1": 7.82,
            "2": -6.64,
            "3": -3.24,
            "4": -20.91,
            "5": 46.29,
            "6": 0.91,
            "7": -10.99,
            "8": 33.2,
            "9": 7.73,
            "10": 42.23,
            "11": -0.23,
            "12": -23.8,
            "13": 26.83,
            "14": -20.68,
            "15": 39.09,
            "16": 36.4,
            "17": 39.27,
            "18": -24.87,
            "19": 36.12,
            "20": 40.69,
            "21": 9.6,
            "22": 23.6,
            "23": 45.58,
            "24": 24.72,
            "25": -14.67,
            "26": 43.83,
            "27": -3.95,
            "28": -14.93,
            "29": 25.29,
            "30": 47.79,
            "32": -17.24,
            "33": -39.95,
            "34": 33.63,
            "35": 40.31,
            "36": -20.93,
            "37": -38.18,
            "38": -23.11,
            "39": 14.0,
            "40": 11.27,
            "41": 0.01,
            "42": 36.96,
            "43": 14.76
        },
        "32": {
            "0": -34.25,
            "1": -35.69,
            "2": 21.41,
            "3": 24.25,
            "4": 18.51,
            "5": -10.31,
            "6": -3.7,
            "7": -46.28,
            "8": 33.44,
            "9": 37.63,
            "10": -34.84,
            "11": -39.25,
            "12": 7.43,
            "13": -6.21,
            "14": 32.51,
            "15": 41.34,
            "16": -6.06,
            "17": -29.91,
            "18": 43.45,
            "19": -0.84,
            "20": 30.75,
            "21": -23.46,
            "22": -47.09,
            "23": -32.13,
            "24": -19.41,
            "25": -24.0,
            "26": 46.11,
            "27": -1.66,
            "28": 22.04,
            "29": -6.67,
            "30": 17.25,
            "31": -17.24,
            "33": -43.45,
            "34": 37.52,
            "35": -38.33,
            "36": -25.04,
            "37": 36.93,
            "38": -46.93,
            "39": 6.19,
            "40": -45.39,
            "41": -22.88,
            "42": 38.32,
            "43": -17.33
        },
        "33": {
            "0": 31.4,
            "1": -14.35,
            "2": -21.08,
            "3": -1.23,
            "4": -41.18,
            "5": -41.98,
            "6": -46.42,
            "7": 9.51,
            "8": -41.48,
            "9": -25.54,
            "10": -28.44,
            "11": -36.03,
            "12": 23.63,
            "13": 39.42,
            "14": -8.72,
            "15": -24.16,
            "16": -11.07,
            "17": 30.37,
            "18": -7.43,
            "19": -19.31,
            "20": 33.77,
            "21": -37.61,
            "22": 39.48,
            "23": 43.89,
            "24": 27.77,
            "25": -5.14,
            "26": -40.94,
            "27": 14.61,
            "28": 14.86,
            "29": -22.18,
            "30": -39.25,
            "31": -39.95,
            "32": -43.45,
            "34": 41.77,
            "35": -15.71,
            "36": 4.53,
            "37": -25.04,
            "38": 37.44,
            "39": -9.15,
            "40": -13.69,
            "41": -32.7,
            "42": 7.46,
            "43": 18.16
        },
        "34": {
            "0": -35.18,
            "1": -24.92,
            "2": 7.32,
            "3": 33.62,
            "4": 43.14,
            "5": -1.54,
            "6": -44.79,
            "7": 33.4,
            "8": 22.77,
            "9": -40.07,
            "10": 13.98,
            "11": 0.93,
            "12": 16.33,
            "13": -44.09,
            "14": -0.79,
            "15": -1.68,
            "16": -43.62,
            "17": -28.43,
            "18": -14.63,
            "19": 31.19,
            "20": 41.76,
            "21": -1.09,
            "22": 31.32,
            "23": 33.23,
            "24": 14.1,
            "25": -32.66,
            "26": 8.22,
            "27": 8.97,
            "28": -3.99,
            "29": 30.47,
            "30": -43.76,
            "31": 33.63,
            "32": 37.52,
            "33": 41.77,
            "35": -19.33,
            "36": -11.12,
            "37": 28.02,
            "38": 4.65,
            "39": -22.8,
            "40": 42.88,
            "41": -37.27,
            "42": 28.01,
            "43": -19.71
        },
        "35": {
            "0": 30.63,
            "1": 47.36,
            "2": -44.85,
            "3": 40.85,
            "4": 47.44,
            "5": -22.9,
            "6": -45.01,
            "7": -27.04,
            "8": -23.0,
            "9": -23.83,
            "10": 45.44,
            "11": -8.1,
            "12": -0.3,
            "13": -1.98,
            "14": -38.16,
            "15": 18.35,
            "16": 47.21,
            "17": 40.32,
            "18": 32.27,
            "19": -40.9,
            "20": 23.5,
            "21": 6.47,
            "22": 26.37,
            "23": -43.0,
            "24": 18.14,
            "25": 29.83,
            "26": 9.53,
            "27": 5.73,
            "28": 41.97,
            "29": -7.06,
            "30": -24.45,
            "31": 40.31,
            "32": -38.33,
            "33": -15.71,
            "34": -19.33,
            "36": 15.95,
            "37": -35.18,
            "38": 42.69,
            "39": -8.24,
            "40": 37.28,
            "41": 10.41,
            "42": 45.89,
            "43": -10.65
        },
        "36": {
            "0": 38.78,
            "1": 5.41,
            "2": -25.79,
            "3": 35.98,
            "4": -20.37,
            "5": 33.5,
            "6": 7.67,
            "7": 25.75,
            "8": 7.93,
            "9": -7.64,
            "10": 20.95,
            "11": 9.47,
            "12": 1.36,
            "13": 20.65,
            "14": 11.49,
            "15": 11.11,
            "16": -20.37,
            "17": 21.58,
            "18": -43.56,
            "19": 43.39,
            "20": 24.36,
            "21": 40.66,
            "22": -1.51,
            "23": 13.18,
            "24": -34.54,
            "25": -21.26,
            "26": 17.65,
            "27": -29.54,
            "28": -18.69,
            "29": -21.73,
            "30": 9.71,
            "31": -20.93,
            "32": -25.04,
            "33": 4.53,
            "34": -11.12,
            "35": 15.95,
            "37": 14.65,
            "38": 26.07,
            "39": 14.17,
            "40": 1.29,
            "41": -2.49,
            "42": 31.06,
            "43": 3.96
        },
        "37": {
            "0": -7.75,
            "1": 44.99,
            "2": -34.8,
            "3": 7.15,
            "4": 29.93,
            "5": 40.66,
            "6": -37.39,
            "7": -18.58,
            "8": -1.86,
            "9": -39.51,
            "10": -40.23,
            "11": 28.9,
            "12": -6.11,
            "13": 29.77,
            "14": -43.02,
            "15": 15.71,
            "16": 38.34,
            "17": -16.46,
            "18": -30.68,
            "19": -42.91,
            "20": 0.44,
            "21": 41.92,
            "22": -39.28,
            "23": -16.49,
            "24": 5.58,
            "25": -12.19,
            "26": -10.92,
            "27": -3.65,
            "28": -24.28,
            "29": -25.52,
            "30": -44.99,
            "31": -38.18,
            "32": 36.93,
            "33": -25.04,
            "34": 28.02,
            "35": -35.18,
            "36": 14.65,
            "38": -40.73,
            "39": -38.59,
            "40": -3.2,
            "41": -42.31,
            "42": 10.96,
            "43": -35.65
        },
        "38": {
            "0": -33.11,
            "1": 4.41,
            "2": -47.03,
            "3": 39.41,
            "4": 7.01,
            "5": -46.31,
            "6": 5.92,
            "7": 1.77,
            "8": -37.87,
            "9": -16.53,
            "10": -39.85,
            "11": 20.18,
            "12": 28.81,
            "13": 12.66,
            "14": 5.82,
            "15": -23.28,
            "16": -38.09,
            "17": 9.8,
            "18": 14.25,
            "19": 13.0,
            "20": 38.15,
            "21": -13.97,
            "22": -29.47,
            "23": 38.86,
            "24": 46.57,
            "25": 0.04,
            "26": 5.13,
            "27": 0.01,
            "28": 24.99,
            "29": 25.19,
            "30": -2.25,
            "31": -23.11,
            "32": -46.93,
            "33": 37.44,
            "34": 4.65,
            "35": 42.69,
            "36": 26.07,
            "37": -40.73,
            "39": 47.15,
            "40": -30.14,
            "41": -29.92,
            "42": 8.75,
            "43": 29.51
        },
        "39": {
            "0": 31.39,
            "1": 38.41,
            "2": 42.84,
            "3": -27.04,
            "4": 28.09,
            "5": -25.49,
            "6": 18.94,
            "7": 7.1,
            "8": -28.24,
            "9": 37.12,
            "10": -15.46,
            "11": 37.93,
            "12": 22.16,
            "13": -25.62,
            "14": 47.04,
            "15": -20.6,
            "16": 21.9,
            "17": -2.72,
            "18": 15.76,
            "19": -16.79,
            "20": 47.66,
            "21": 25.18,
            "22": 3.93,
            "23": 46.97,
            "24": -39.84,
            "25": 33.34,
            "26": -23.08,
            "27": 4.85,
            "28": 35.9,
            "29": 13.77,
            "30": -21.0,
            "31": 14.0,
            "32": 6.19,
            "33": -9.15,
            "34": -22.8,
            "35": -8.24,
            "36": 14.17,
            "37": -38.59,
            "38": 47.15,
            "40": -37.26,
            "41": -25.11,
            "42": 26.77,
            "43": 6.91
        },
        "40": {
            "0": 0.96,
            "1": 41.6,
            "2": -24.46,
            "3": -23.65,
            "4": 41.07,
            "5": 35.14,
            "6": -18.15,
            "7": 42.17,
            "8": -25.8,
            "9": -25.92,
            "10": -6.82,
            "11": 13.52,
            "12": 5.91,
            "13": -47.39,
            "14": 45.87,
            "15": -31.74,
            "16": -37.28,
            "17": 28.4,
            "18": 44.95,
            "19": 2.27,
            "20": 41.66,
            "21": -29.97,
            "22": -45.13,
            "23": 40.82,
            "24": 44.17,
            "25": 29.43,
            "26": 25.63,
            "27": 23.87,
            "28": 4.77,
            "29": 4.47,
            "30": 46.59,
            "31": 11.27,
            "32": -45.39,
            "33": -13.69,
            "34": 42.88,
            "35": 37.28,
            "36": 1.29,
            "37": -3.2,
            "38": -30.14,
            "39": -37.26,
            "41": -43.12,
            "42": 35.01,
            "43": 12.68
        },
        "41": {
            "0": 40.8,
            "1": -3.22,
            "2": 45.53,
            "3": 1.87,
            "4": 8.26,
            "5": 46.73,
            "6": 33.46,
            "7": 37.56,
            "8": 6.25,
            "9": 27.34,
            "10": 38.82,
            "11": -38.36,
            "12": 43.52,
            "13": 42.98,
            "14": 13.91,
            "15": 1.22,
            "16": 13.06,
            "17": 16.87,
            "18": -30.44,
            "19": -23.6,
            "20": -23.03,
            "21": -2.88,
            "22": 34.54,
            "23": -10.88,
            "24": 25.64,
            "25": 15.92,
            "26": -46.48,
            "27": 8.06,
            "28": -24.57,
            "29": -17.13,
            "30": -40.06,
            "31": 0.01,
            "32": -22.88,
            "33": -32.7,
            "34": -37.27,
            "35": 10.41,
            "36": -2.49,
            "37": -42.31,
            "38": -29.92,
            "39": -25.11,
            "40": -43.12,
            "42": -31.45,
            "43": 0.8
        },
        "42": {
            "0": 37.65,
            "1": 34.84,
            "2": 2.4,
            "3": 19.36,
            "4": 19.86,
            "5": 10.35,
            "6": 29.33,
            "7": 46.97,
            "8": 43.21,
            "9": 21.04,
            "10": 45.53,
            "11": 17.53,
            "12": -33.0,
            "13": 37.1,
            "14": 19.47,
            "15": 45.04,
            "16": -4.58,
            "17": 29.59,
            "18": 3.71,
            "19": 26.48,
            "20": -7.36,
            "21": -28.49,
            "22": 28.54,
            "23": -15.84,
            "24": -11.92,
            "25": 4.96,
            "26": 36.5,
            "27": 6.86,
            "28": -26.31,
            "29": 29.58,
            "30": -13.22,
            "31": 36.96,
            "32": 38.32,
            "33": 7.46,
            "34": 28.01,
            "35": 45.89,
            "36": 31.06,
            "37": 10.96,
            "38": 8.75,
            "39": 26.77,
            "40": 35.01,
            "41": -31.45,
            "43": -2.68
        },
        "43": {
            "0": 1.95,
            "1": -32.17,
            "2": -30.45,
            "3": -20.76,
            "4": -27.05,
            "5": 25.11,
            "6": -9.46,
            "7": -29.2,
            "8": 12.4,
            "9": -23.7,
            "10": -0.21,
            "11": 18.96,
            "12": 45.6,
            "13": -33.14,
            "14": -9.98,
            "15": -4.04,
            "16": -4.6,
            "17": 2.41,
            "18": 1.7,
            "19": -21.62,
            "20": -35.88,
            "21": -39.59,
            "22": -23.75,
            "23": 28.58,
            "24": -34.83,
            "25": -10.78,
            "26": -38.41,
            "27": 42.6,
            "28": 23.93,
            "29": 32.5,
            "30": 23.15,
            "31": 14.76,
            "32": -17.33,
            "33": 18.16,
            "34": -19.71,
            "35": -10.65,
            "36": 3.96,
            "37": -35.65,
            "38": 29.51,
            "39": 6.91,
            "40": 12.68,
            "41": 0.8,
            "42": -2.68
        }
    }
}