{
    "knapsack_size": 12000,
    "Gamma": 38,
    "n_items": 46,
    "costs": {
        "0": {
            "l": 222.7,
            "a": 351.05,
            "u": 387.7
        },
        "1": {
            "l": 210.9,
            "a": 285.11,
            "u": 286.14
        },
        "2": {
            "l": 306.4,
            "a": 327.02,
            "u": 385.07
        },
        "3": {
            "l": 151.95,
            "a": 213.24,
            "u": 276.98
        },
        "4": {
            "l": 183.11,
            "a": 272.26,
            "u": 304.24
        },
        "5": {
            "l": 172.98,
            "a": 272.55,
            "u": 375.99
        },
        "6": {
            "l": 205.64,
            "a": 284.27,
            "u": 390.49
        },
        "7": {
            "l": 283.73,
            "a": 327.5,
            "u": 352.81
        },
        "8": {
            "l": 159.23,
            "a": 223.05,
            "u": 250.92
        },
        "9": {
            "l": 211.73,
            "a": 234.88,
            "u": 395.86
        },
        "10": {
            "l": 231.02,
            "a": 337.32,
            "u": 371.84
        },
        "11": {
            "l": 193.15,
            "a": 247.57,
            "u": 354.81
        },
        "12": {
            "l": 295.96,
            "a": 351.04,
            "u": 373.39
        },
        "13": {
            "l": 239.71,
            "a": 368.85,
            "u": 374.15
        },
        "14": {
            "l": 206.25,
            "a": 230.66,
            "u": 389.11
        },
        "15": {
            "l": 272.37,
            "a": 283.25,
            "u": 300.12
        },
        "16": {
            "l": 307.56,
            "a": 315.88,
            "u": 352.92
        },
        "17": {
            "l": 183.91,
            "a": 332.94,
            "u": 343.66
        },
        "18": {
            "l": 138.28,
            "a": 323.16,
            "u": 335.0
        },
        "19": {
            "l": 285.78,
            "a": 361.54,
            "u": 389.59
        },
        "20": {
            "l": 299.43,
            "a": 336.98,
            "u": 387.14
        },
        "21": {
            "l": 266.92,
            "a": 286.62,
            "u": 329.86
        },
        "22": {
            "l": 191.56,
            "a": 302.2,
            "u": 379.3
        },
        "23": {
            "l": 267.39,
            "a": 284.02,
            "u": 366.15
        },
        "24": {
            "l": 256.39,
            "a": 329.65,
            "u": 337.57
        },
        "25": {
            "l": 294.49,
            "a": 326.39,
            "u": 336.27
        },
        "26": {
            "l": 279.26,
            "a": 289.64,
            "u": 326.22
        },
        "27": {
            "l": 260.25,
            "a": 314.27,
            "u": 382.82
        },
        "28": {
            "l": 315.57,
            "a": 326.19,
            "u": 353.26
        },
        "29": {
            "l": 164.99,
            "a": 292.18,
            "u": 320.34
        },
        "30": {
            "l": 167.55,
            "a": 256.2,
            "u": 332.79
        },
        "31": {
            "l": 277.67,
            "a": 295.07,
            "u": 341.02
        },
        "32": {
            "l": 146.31,
            "a": 148.27,
            "u": 340.57
        },
        "33": {
            "l": 244.72,
            "a": 289.19,
            "u": 328.57
        },
        "34": {
            "l": 196.78,
            "a": 286.75,
            "u": 365.64
        },
        "35": {
            "l": 280.78,
            "a": 349.2,
            "u": 354.13
        },
        "36": {
            "l": 240.75,
            "a": 308.29,
            "u": 382.5
        },
        "37": {
            "l": 131.8,
            "a": 230.72,
            "u": 313.91
        },
        "38": {
            "l": 262.97,
            "a": 299.52,
            "u": 382.5
        },
        "39": {
            "l": 171.48,
            "a": 185.13,
            "u": 309.21
        },
        "40": {
            "l": 240.23,
            "a": 365.93,
            "u": 386.69
        },
        "41": {
            "l": 209.35,
            "a": 329.99,
            "u": 337.11
        },
        "42": {
            "l": 217.91,
            "a": 321.49,
            "u": 393.59
        },
        "43": {
            "l": 315.44,
            "a": 336.98,
            "u": 385.19
        },
        "44": {
            "l": 205.0,
            "a": 318.03,
            "u": 326.45
        },
        "45": {
            "l": 216.67,
            "a": 299.8,
            "u": 323.98
        }
    },
    "profits": {
        "0": 398.6,
        "1": 327.59,
        "2": 367.72,
        "3": 365.27,
        "4": 297.07,
        "5": 404.52,
        "6": 299.15,
        "7": 374.22,
        "8": 371.4,
        "9": 261.56,
        "10": 339.52,
        "11": 300.96,
        "12": 386.05,
        "13": 436.23,
        "14": 372.84,
        "15": 448.09,
        "16": 377.31,
        "17": 386.77,
        "18": 345.6,
        "19": 427.74,
        "20": 417.91,
        "21": 288.86,
        "22": 358.97,
        "23": 446.59,
        "24": 340.1,
        "25": 439.86,
        "26": 414.67,
        "27": 429.36,
        "28": 384.41,
        "29": 407.22,
        "30": 413.96,
        "31": 415.15,
        "32": 268.8,
        "33": 370.73,
        "34": 355.03,
        "35": 375.44,
        "36": 420.99,
        "37": 237.11,
        "38": 355.66,
        "39": 229.85,
        "40": 372.99,
        "41": 355.25,
        "42": 430.74,
        "43": 428.88,
        "44": 327.23,
        "45": 352.99
    },
    "synergies": {
        "0": {
            "1": -42.1,
            "2": -34.41,
            "3": 40.56,
            "4": 11.43,
            "5": -16.56,
            "6": 1.72,
            "7": -14.53,
            "8": 41.16,
            "9": 44.48,
            "10": 29.16,
            "11": -46.94,
            "12": -7.28,
            "13": 29.8,
            "14": -13.65,
            "15": 19.45,
            "16": -47.61,
            "17": 27.86,
            "18": 47.01,
            "19": 32.93,
            "20": -0.51,
            "21": 42.36,
            "22": -21.08,
            "23": -46.97,
            "24": -7.18,
            "25": 26.27,
            "26": 47.31,
            "27": -35.25,
            "28": -2.67,
            "29": -1.42,
            "30": 43.16,
            "31": 10.73,
            "32": 25.26,
            "33": 31.17,
            "34": 21.3,
            "35": -26.09,
            "36": -4.24,
            "37": 19.48,
            "38": -44.7,
            "39": 46.84,
            "40": 4.54,
            "41": 19.17,
            "42": 29.23,
            "43": -22.54,
            "44": 16.68,
            "45": -34.9
        },
        "1": {
            "0": -42.1,
            "2": -47.65,
            "3": 30.27,
            "4": 2.04,
            "5": 24.41,
            "6": 47.58,
            "7": -44.55,
            "8": -47.71,
            "9": 28.31,
            "10": 15.17,
            "11": -30.47,
            "12": 35.95,
            "13": -43.45,
            "14": -30.37,
            "15": -18.22,
            "16": 22.61,
            "17": -29.46,
            "18": 3.73,
            "19": -46.18,
            "20": -23.49,
            "21": 9.98,
            "22": -46.69,
            "23": 47.97,
            "24": -0.12,
            "25": 5.66,
            "26": -45.37,
            "27": 21.61,
            "28": -30.4,
            "29": 15.56,
            "30": 7.65,
            "31": -44.6,
            "32": -43.25,
            "33": 25.36,
            "34": 40.65,
            "35": -15.58,
            "36": -29.79,
            "37": -5.28,
            "38": -42.48,
            "39": 12.17,
            "40": 38.8,
            "41": -8.96,
            "42": -31.73,
            "43": 16.13,
            "44": 28.36,
            "45": -6.09
        },
        "2": {
            "0": -34.41,
            "1": -47.65,
            "3": 0.66,
            "4": 45.59,
            "5": 27.66,
            "6": -20.39,
            "7": -17.02,
            "8": 11.54,
            "9": -6.72,
            "10": 5.84,
            "11": 28.34,
            "12": 35.65,
            "13": 39.16,
            "14": -1.26,
            "15": 30.5,
            "16": -31.81,
            "17": 5.62,
            "18": -0.69,
            "19": 23.77,
            "20": 0.54,
            "21": 34.0,
            "22": 11.56,
            "23": 44.63,
            "24": -12.44,
            "25": -26.44,
            "26": 14.36,
            "27": -19.24,
            "28": 8.52,
            "29": 5.01,
            "30": -22.53,
            "31": 29.91,
            "32": -12.12,
            "33": -31.15,
            "34": 39.84,
            "35": -39.27,
            "36": 34.48,
            "37": -36.4,
            "38": 27.73,
            "39": 19.32,
            "40": -42.76,
            "41": -8.68,
            "42": 4.11,
            "43": -38.6,
            "44": -47.06,
            "45": 0.78
        },
        "3": {
            "0": 40.56,
            "1": 30.27,
            "2": 0.66,
            "4": -11.75,
            "5": -39.51,
            "6": 23.06,
            "7": 36.63,
            "8": -11.99,
            "9": -14.33,
            "10": 39.98,
            "11": 44.13,
            "12": 20.15,
            "13": 38.53,
            "14": 28.65,
            "15": 41.83,
            "16": -16.15,
            "17": -19.01,
            "18": 12.5,
            "19": 31.59,
            "20": 16.17,
            "21": -7.19,
            "22": 25.15,
            "23": -38.71,
            "24": 26.16,
            "25": 1.24,
            "26": -3.93,
            "27": -25.86,
            "28": 7.58,
            "29": -29.86,
            "30": 29.75,
            "31": 32.91,
            "32": -46.52,
            "33": 47.15,
            "34": 18.71,
            "35": -45.78,
            "36": -37.06,
            "37": 18.52,
            "38": 29.71,
            "39": -24.58,
            "40": 38.57,
            "41": 44.92,
            "42": 13.55,
            "43": -9.65,
            "44": -45.86,
            "45": -47.32
        },
        "4": {
            "0": 11.43,
            "1": 2.04,
            "2": 45.59,
            "3": -11.75,
            "5": -17.42,
            "6": 45.91,
            "7": 39.38,
            "8": -37.64,
            "9": 43.97,
            "10": 2.53,
            "11": 44.08,
            "12": 17.57,
            "13": -30.11,
            "14": -44.48,
            "15": 34.58,
            "16": 21.44,
            "17": 2.08,
            "18": 32.99,
            "19": -0.09,
            "20": -4.21,
            "21": 20.84,
            "22": -8.73,
            "23": -22.64,
            "24": -36.62,
            "25": -29.9,
            "26": 44.28,
            "27": 36.37,
            "28": -9.47,
            "29": 12.53,
            "30": 23.36,
            "31": -0.14,
            "32": -1.29,
            "33": 20.18,
            "34": -20.59,
            "35": -43.64,
            "36": 32.25,
            "37": -10.39,
            "38": -46.51,
            "39": 22.93,
            "40": -31.74,
            "41": 30.39,
            "42": -0.78,
            "43": 47.32,
            "44": -9.29,
            "45": -45.75
        },
        "5": {
            "0": -16.56,
            "1": 24.41,
            "2": 27.66,
            "3": -39.51,
            "4": -17.42,
            "6": 38.79,
            "7": -31.74,
            "8": -9.49,
            "9": 35.25,
            "10": -37.64,
            "11": 9.3,
            "12": -22.83,
            "13": -32.72,
            "14": -9.6,
            "15": -5.24,
            "16": 5.61,
            "17": -26.85,
            "18": 7.81,
            "19": -26.3,
            "20": 24.35,
            "21": 47.37,
            "22": -33.91,
            "23": 25.58,
            "24": 4.55,
            "25": -25.16,
            "26": -19.4,
            "27": 45.84,
            "28": 35.81,
            "29": 24.87,
            "30": 5.73,
            "31": -12.98,
            "32": 32.97,
            "33": -2.47,
            "34": -25.09,
            "35": 23.57,
            "36": -24.82,
            "37": -8.52,
            "38": -13.97,
            "39": -42.57,
            "40": -21.43,
            "41": -32.88,
            "42": 45.21,
            "43": 26.11,
            "44": 46.23,
            "45": -13.33
        },
        "6": {
            "0": 1.72,
            "1": 47.58,
            "2": -20.39,
            "3": 23.06,
            "4": 45.91,
            "5": 38.79,
            "7": -22.01,
            "8": 44.5,
            "9": -27.53,
            "10": -24.53,
            "11": 23.13,
            "12": 47.65,
            "13": -36.75,
            "14": -19.88,
            "15": 32.5,
            "16": 0.43,
            "17": 15.08,
            "18": 33.38,
            "19": 45.18,
            "20": 42.23,
            "21": 46.95,
            "22": -39.05,
            "23": -25.34,
            "24": -10.13,
            "25": 41.98,
            "26": 28.63,
            "27": 35.78,
            "28": 13.63,
            "29": 6.63,
            "30": 28.24,
            "31": 36.3,
            "32": 0.78,
            "33": -42.83,
            "34": -20.67,
            "35": -43.95,
            "36": 43.48,
            "37": -0.16,
            "38": 10.97,
            "39": -25.64,
            "40": -45.73,
            "41": 11.75,
            "42": -33.05,
            "43": -29.54,
            "44": 25.56,
            "45": -27.97
        },
        "7": {
            "0": -14.53,
            "1": -44.55,
            "2": -17.02,
            "3": 36.63,
            "4": 39.38,
            "5": -31.74,
            "6": -22.01,
            "8": 35.88,
            "9": 18.07,
            "10": -42.1,
            "11": 12.3,
            "12": -17.64,
            "13": -2.3,
            "14": 46.75,
            "15": 44.39,
            "16": -42.6,
            "17": 19.65,
            "18": 47.21,
            "19": -44.69,
            "20": -0.59,
            "21": 4.44,
            "22": -22.47,
            "23": 31.09,
            "24": -39.08,
            "25": 8.64,
            "26": 47.57,
            "27": -31.24,
            "28": -41.5,
            "29": 25.28,
            "30": 45.04,
            "31": -40.15,
            "32": -41.51,
            "33": -10.82,
            "34": -15.2,
            "35": 29.41,
            "36": -12.35,
            "37": -46.49,
            "38": 30.57,
            "39": 7.33,
            "40": -3.42,
            "41": -39.41,
            "42": 47.44,
            "43": -3.44,
            "44": 11.16,
            "45": -37.74
        },
        "8": {
            "0": 41.16,
            "1": -47.71,
            "2": 11.54,
            "3": -11.99,
            "4": -37.64,
            "5": -9.49,
            "6": 44.5,
            "7": 35.88,
            "9": -15.83,
            "10": 4.24,
            "11": -3.8,
            "12": 23.26,
            "13": 14.65,
            "14": -29.33,
            "15": -46.76,
            "16": 19.83,
            "17": 39.38,
            "18": 29.49,
            "19": -45.79,
            "20": 17.68,
            "21": 12.11,
            "22": 16.12,
            "23": 33.34,
            "24": 30.0,
            "25": 25.02,
            "26": -4.93,
            "27": -20.42,
            "28": 23.34,
            "29": -28.98,
            "30": 42.39,
            "31": 16.1,
            "32": 24.98,
            "33": -8.94,
            "34": 23.2,
            "35": -31.32,
            "36": -39.02,
            "37": 25.88,
            "38": -24.42,
            "39": -10.18,
            "40": -47.72,
            "41": -42.86,
            "42": 22.5,
            "43": 1.81,
            "44": -11.88,
            "45": 40.05
        },
        "9": {
            "0": 44.48,
            "1": 28.31,
            "2": -6.72,
            "3": -14.33,
            "4": 43.97,
            "5": 35.25,
            "6": -27.53,
            "7": 18.07,
            "8": -15.83,
            "10": -38.91,
            "11": 4.23,
            "12": 2.99,
            "13": -47.46,
            "14": 17.15,
            "15": -31.4,
            "16": 26.02,
            "17": -2.71,
            "18": -17.87,
            "19": 41.97,
            "20": 13.72,
            "21": 38.0,
            "22": -13.8,
            "23": -0.56,
            "24": -9.39,
            "25": 2.21,
            "26": 5.54,
            "27": -8.58,
            "28": -38.97,
            "29": 34.66,
            "30": 34.52,
            "31": -43.11,
            "32": -14.34,
            "33": 11.42,
            "34": 13.42,
            "35": 34.8,
            "36": -23.54,
            "37": -9.36,
            "38": -42.1,
            "39": -20.57,
            "40": -41.14,
            "41": -13.3,
            "42": 15.69,
            "43": -9.83,
            "44": 44.76,
            "45": 19.72
        },
        "10": {
            "0": 29.16,
            "1": 15.17,
            "2": 5.84,
            "3": 39.98,
            "4": 2.53,
            "5": -37.64,
            "6": -24.53,
            "7": -42.1,
            "8": 4.24,
            "9": -38.91,
            "11": 0.51,
            "12": 20.95,
            "13": 42.21,
            "14": -17.31,
            "15": -2.22,
            "16": -42.16,
            "17": -19.28,
            "18": 18.16,
            "19": -23.71,
            "20": 10.54,
            "21": -20.59,
            "22": -43.55,
            "23": -17.01,
            "24": -4.51,
            "25": -6.7,
            "26": 38.4,
            "27": 14.98,
            "28": -38.65,
            "29": 2.02,
            "30": -4.45,
            "31": -32.87,
            "32": 34.33,
            "33": -40.31,
            "34": -13.81,
            "35": 32.09,
            "36": -42.47,
            "37": 30.75,
            "38": 34.56,
            "39": -41.43,
            "40": 7.11,
            "41": 15.7,
            "42": -18.88,
            "43": -25.92,
            "44": -27.31,
            "45": -18.94
        },
        "11": {
            "0": -46.94,
            "1": -30.47,
            "2": 28.34,
            "3": 44.13,
            "4": 44.08,
            "5": 9.3,
            "6": 23.13,
            "7": 12.3,
            "8": -3.8,
            "9": 4.23,
            "10": 0.51,
            "12": 2.59,
            "13": -30.86,
            "14": 4.92,
            "15": -16.62,
            "16": 40.31,
            "17": -7.9,
            "18": -44.71,
            "19": 7.51,
            "20": 29.44,
            "21": 22.86,
            "22": 17.01,
            "23": -23.21,
            "24": 11.7,
            "25": 47.27,
            "26": -46.59,
            "27": 2.78,
            "28": 8.65,
            "29": -1.16,
            "30": -37.04,
            "31": -36.21,
            "32": -6.71,
            "33": 9.15,
            "34": -5.58,
            "35": -3.68,
            "36": 17.67,
            "37": 11.45,
            "38": -26.99,
            "39": 32.42,
            "40": -12.8,
            "41": 31.02,
            "42": 31.12,
            "43": 31.48,
            "44": -31.54,
            "45": -37.75
        },
        "12": {
            "0": -7.28,
            "1": 35.95,
            "2": 35.65,
            "3": 20.15,
            "4": 17.57,
            "5": -22.83,
            "6": 47.65,
            "7": -17.64,
            "8": 23.26,
            "9": 2.99,
            "10": 20.95,
            "11": 2.59,
            "13": -44.3,
            "14": -46.33,
            "15": -25.45,
            "16": -40.49,
            "17": 13.34,
            "18": 20.46,
            "19": 3.58,
            "20": -25.75,
            "21": 5.19,
            "22": -31.52,
            "23": 33.0,
            "24": -23.63,
            "25": -16.82,
            "26": 44.36,
            "27": -23.65,
            "28": 21.21,
            "29": 16.35,
            "30": 15.28,
            "31": -37.01,
            "32": -44.92,
            "33": 25.46,
            "34": -35.57,
            "35": -9.71,
            "36": -35.2,
            "37": -12.4,
            "38": 10.37,
            "39": -9.79,
            "40": -15.24,
            "41": -5.94,
            "42": -35.93,
            "43": -45.2,
            "44": -41.17,
            "45": -13.73
        },
        "13": {
            "0": 29.8,
            "1": -43.45,
            "2": 39.16,
            "3": 38.53,
            "4": -30.11,
            "5": -32.72,
            "6": -36.75,
            "7": -2.3,
            "8": 14.65,
            "9": -47.46,
            "10": 42.21,
            "11": -30.86,
            "12": -44.3,
            "14": 2.75,
            "15": -17.36,
            "16": -33.51,
            "17": 39.56,
            "18": -45.98,
            "19": 34.49,
            "20": -38.1,
            "21": 31.24,
            "22": 25.23,
            "23": -28.46,
            "24": 20.65,
            "25": -4.81,
            "26": -22.19,
            "27": -32.63,
            "28": -27.15,
            "29": -16.73,
            "30": 36.56,
            "31": -24.6,
            "32": -14.87,
            "33": 34.31,
            "34": 32.86,
            "35": 14.7,
            "36": 25.87,
            "37": -36.49,
            "38": -41.18,
            "39": 33.57,
            "40": 43.33,
            "41": 32.79,
            "42": -6.8,
            "43": 7.99,
            "44": 17.85,
            "45": -18.1
        },
        "14": {
            "0": -13.65,
            "1": -30.37,
            "2": -1.26,
            "3": 28.65,
            "4": -44.48,
            "5": -9.6,
            "6": -19.88,
            "7": 46.75,
            "8": -29.33,
            "9": 17.15,
            "10": -17.31,
            "11": 4.92,
            "12": -46.33,
            "13": 2.75,
            "15": 11.11,
            "16": -16.0,
            "17": 26.54,
            "18": -17.23,
            "19": -25.13,
            "20": 23.52,
            "21": -17.66,
            "22": 46.53,
            "23": 21.04,
            "24": 40.95,
            "25": -44.78,
            "26": 23.72,
            "27": 31.67,
            "28": -11.44,
            "29": -37.99,
            "30": -45.01,
            "31": 40.04,
            "32": 15.77,
            "33": 46.14,
            "34": 16.93,
            "35": -14.97,
            "36": -46.01,
            "37": 18.24,
            "38": -30.92,
            "39": 25.6,
            "40": 23.21,
            "41": -35.25,
            "42": 17.97,
            "43": -19.33,
            "44": 13.92,
            "45": -29.47
        },
        "15": {
            "0": 19.45,
            "1": -18.22,
            "2": 30.5,
            "3": 41.83,
            "4": 34.58,
            "5": -5.24,
            "6": 32.5,
            "7": 44.39,
            "8": -46.76,
            "9": -31.4,
            "10": -2.22,
            "11": -16.62,
            "12": -25.45,
            "13": -17.36,
            "14": 11.11,
            "16": 43.42,
            "17": 29.49,
            "18": -23.51,
            "19": 24.69,
            "20": 35.75,
            "21": 14.49,
            "22": -10.93,
            "23": -41.61,
            "24": 26.57,
            "25": 13.63,
            "26": -10.59,
            "27": -21.91,
            "28": 29.34,
            "29": 42.25,
            "30": 24.57,
            "31": 36.76,
            "32": 46.0,
            "33": 31.26,
            "34": 42.26,
            "35": -35.95,
            "36": 36.27,
            "37": 15.58,
            "38": 5.09,
            "39": -38.76,
            "40": -11.2,
            "41": -23.37,
            "42": 25.14,
            "43": -15.21,
            "44": 10.5,
            "45": -37.98
        },
        "16": {
            "0": -47.61,
            "1": 22.61,
            "2": -31.81,
            "3": -16.15,
            "4": 21.44,
            "5": 5.61,
            "6": 0.43,
            "7": -42.6,
            "8": 19.83,
            "9": 26.02,
            "10": -42.16,
            "11": 40.31,
            "12": -40.49,
            "13": -33.51,
            "14": -16.0,
            "15": 43.42,
            "17": -32.0,
            "18": -29.5,
            "19": -14.51,
            "20": -42.11,
            "21": 17.77,
            "22": -29.86,
            "23": -16.72,
            "24": -18.45,
            "25": 45.52,
            "26": 15.47,
            "27": 30.59,
            "28": -23.02,
            "29": -41.0,
            "30": -2.21,
            "31": -40.53,
            "32": 9.37,
            "33": -18.0,
            "34": 20.13,
            "35": 47.73,
            "36": 0.11,
            "37": 10.91,
            "38": -17.13,
            "39": 34.33,
            "40": -30.77,
            "41": -14.72,
            "42": 41.71,
            "43": 29.57,
            "44": -34.42,
            "45": -27.54
        },
        "17": {
            "0": 27.86,
            "1": -29.46,
            "2": 5.62,
            "3": -19.01,
            "4": 2.08,
            "5": -26.85,
            "6": 15.08,
            "7": 19.65,
            "8": 39.38,
            "9": -2.71,
            "10": -19.28,
            "11": -7.9,
            "12": 13.34,
            "13": 39.56,
            "14": 26.54,
            "15": 29.49,
            "16": -32.0,
            "18": 19.41,
            "19": 13.33,
            "20": 39.55,
            "21": -6.88,
            "22": 37.19,
            "23": -17.35,
            "24": -5.32,
            "25": -24.3,
            "26": 18.04,
            "27": -10.15,
            "28": -31.85,
            "29": -7.78,
            "30": 39.16,
            "31": 29.78,
            "32": -26.25,
            "33": 9.42,
            "34": 31.73,
            "35": 31.7,
            "36": 39.46,
            "37": -8.83,
            "38": -25.57,
            "39": -12.47,
            "40": -34.59,
            "41": -6.55,
            "42": 45.16,
            "43": -16.53,
            "44": -45.62,
            "45": -24.1
        },
        "18": {
            "0": 47.01,
            "1": 3.73,
            "2": -0.69,
            "3": 12.5,
            "4": 32.99,
            "5": 7.81,
            "6": 33.38,
            "7": 47.21,
            "8": 29.49,
            "9": -17.87,
            "10": 18.16,
            "11": -44.71,
            "12": 20.46,
            "13": -45.98,
            "14": -17.23,
            "15": -23.51,
            "16": -29.5,
            "17": 19.41,
            "19": 21.51,
            "20": -15.05,
            "21": -32.31,
            "22": 40.4,
            "23": -33.17,
            "24": 36.8,
            "25": 30.06,
            "26": 47.16,
            "27": -7.15,
            "28": 45.63,
            "29": -35.41,
            "30": -18.47,
            "31": -5.32,
            "32": -9.91,
            "33": 13.27,
            "34": -33.47,
            "35": -16.33,
            "36": 44.91,
            "37": 18.8,
            "38": -38.28,
            "39": 27.11,
            "40": -34.31,
            "41": -13.24,
            "42": 38.96,
            "43": -8.16,
            "44": 27.63,
            "45": 30.12
        },
        "19": {
            "0": 32.93,
            "1": -46.18,
            "2": 23.77,
            "3": 31.59,
            "4": -0.09,
            "5": -26.3,
            "6": 45.18,
            "7": -44.69,
            "8": -45.79,
            "9": 41.97,
            "10": -23.71,
            "11": 7.51,
            "12": 3.58,
            "13": 34.49,
            "14": -25.13,
            "15": 24.69,
            "16": -14.51,
            "17": 13.33,
            "18": 21.51,
            "20": 15.02,
            "21": 28.44,
            "22": -13.07,
            "23": -28.9,
            "24": -17.51,
            "25": -42.65,
            "26": -42.76,
            "27": -24.29,
            "28": 10.13,
            "29": -9.6,
            "30": -3.77,
            "31": -35.35,
            "32": -6.61,
            "33": -21.53,
            "34": 41.18,
            "35": 9.38,
            "36": 11.35,
            "37": 29.45,
            "38": 31.74,
            "39": 3.52,
            "40": 20.88,
            "41": -24.53,
            "42": -14.96,
            "43": -41.98,
            "44": 34.8,
            "45": 12.46
        },
        "20": {
            "0": -0.51,
            "1": -23.49,
            "2": 0.54,
            "3": 16.17,
            "4": -4.21,
            "5": 24.35,
            "6": 42.23,
            "7": -0.59,
            "8": 17.68,
            "9": 13.72,
            "10": 10.54,
            "11": 29.44,
            "12": -25.75,
            "13": -38.1,
            "14": 23.52,
            "15": 35.75,
            "16": -42.11,
            "17": 39.55,
            "18": -15.05,
            "19": 15.02,
            "21": 37.01,
            "22": 26.86,
            "23": 39.44,
            "24": -11.45,
            "25": 3.45,
            "26": -28.99,
            "27": -30.94,
            "28": 3.17,
            "29": -4.71,
            "30": -45.06,
            "31": 32.55,
            "32": 16.3,
            "33": 9.63,
            "34": -30.85,
            "35": 34.63,
            "36": -37.88,
            "37": 14.42,
            "38": 28.47,
            "39": 39.51,
            "40": -35.19,
            "41": 2.87,
            "42": -42.37,
            "43": 36.2,
            "44": -19.45,
            "45": -47.28
        },
        "21": {
            "0": 42.36,
            "1": 9.98,
            "2": 34.0,
            "3": -7.19,
            "4": 20.84,
            "5": 47.37,
            "6": 46.95,
            "7": 4.44,
            "8": 12.11,
            "9": 38.0,
            "10": -20.59,
            "11": 22.86,
            "12": 5.19,
            "13": 31.24,
            "14": -17.66,
            "15": 14.49,
            "16": 17.77,
            "17": -6.88,
            "18": -32.31,
            "19": 28.44,
            "20": 37.01,
            "22": -37.08,
            "23": -45.32,
            "24": 34.4,
            "25": -12.56,
            "26": -44.4,
            "27": 6.87,
            "28": -47.21,
            "29": -21.21,
            "30": 39.93,
            "31": 4.34,
            "32": -29.71,
            "33": -34.97,
            "34": 42.58,
            "35": 17.75,
            "36": 31.84,
            "37": -6.26,
            "38": -15.61,
            "39": 11.65,
            "40": -10.95,
            "41": 18.86,
            "42": -6.43,
            "43": 6.55,
            "44": -9.7,
            "45": -28.47
        },
        "22": {
            "0": -21.08,
            "1": -46.69,
            "2": 11.56,
            "3": 25.15,
            "4": -8.73,
            "5": -33.91,
            "6": -39.05,
            "7": -22.47,
            "8": 16.12,
            "9": -13.8,
            "10": -43.55,
            "11": 17.01,
            "12": -31.52,
            "13": 25.23,
            "14": 46.53,
            "15": -10.93,
            "16": -29.86,
            "17": 37.19,
            "18": 40.4,
            "19": -13.07,
            "20": 26.86,
            "21": -37.08,
            "23": -2.49,
            "24": 41.61,
            "25": -20.55,
            "26": -3.82,
            "27": -17.93,
            "28": -43.58,
            "29": 35.06,
            "30": 13.58,
            "31": -27.81,
            "32": 35.47,
            "33": 37.97,
            "34": 44.59,
            "35": -10.47,
            "36": 36.5,
            "37": -21.75,
            "38": -12.05,
            "39": 11.24,
            "40": -27.6,
            "41": 16.89,
            "42": -31.42,
            "43": 34.84,
            "44": -39.99,
            "45": -44.99
        },
        "23": {
            "0": -46.97,
            "1": 47.97,
            "2": 44.63,
            "3": -38.71,
            "4": -22.64,
            "5": 25.58,
            "6": -25.34,
            "7": 31.09,
            "8": 33.34,
            "9": -0.56,
            "10": -17.01,
            "11": -23.21,
            "12": 33.0,
            "13": -28.46,
            "14": 21.04,
            "15": -41.61,
            "16": -16.72,
            "17": -17.35,
            "18": -33.17,
            "19": -28.9,
            "20": 39.44,
            "21": -45.32,
            "22": -2.49,
            "24": 40.56,
            "25": -15.8,
            "26": -24.67,
            "27": 2.54,
            "28": -46.95,
            "29": 40.57,
            "30": -46.05,
            "31": -8.66,
            "32": -43.68,
            "33": -43.37,
            "34": -24.01,
            "35": 15.55,
            "36": -36.41,
            "37": -13.4,
            "38": -30.05,
            "39": 1.04,
            "40": -34.67,
            "41": -12.12,
            "42": -11.03,
            "43": 7.91,
            "44": 19.83,
            "45": 18.8
        },
        "24": {
            "0": -7.18,
            "1": -0.12,
            "2": -12.44,
            "3": 26.16,
            "4": -36.62,
            "5": 4.55,
            "6": -10.13,
            "7": -39.08,
            "8": 30.0,
            "9": -9.39,
            "10": -4.51,
            "11": 11.7,
            "12": -23.63,
            "13": 20.65,
            "14": 40.95,
            "15": 26.57,
            "16": -18.45,
            "17": -5.32,
            "18": 36.8,
            "19": -17.51,
            "20": -11.45,
            "21": 34.4,
            "22": 41.61,
            "23": 40.56,
            "25": 22.56,
            "26": 24.44,
            "27": -30.83,
            "28": -25.18,
            "29": 15.59,
            "30": 4.62,
            "31": -46.06,
            "32": 37.4,
            "33": -24.97,
            "34": -13.37,
            "35": 38.27,
            "36": -15.88,
            "37": -45.97,
            "38": -25.55,
            "39": -19.19,
            "40": 25.59,
            "41": 37.18,
            "42": 47.82,
            "43": 3.07,
            "44": 13.67,
            "45": -32.17
        },
        "25": {
            "0": 26.27,
            "1": 5.66,
            "2": -26.44,
            "3": 1.24,
            "4": -29.9,
            "5": -25.16,
            "6": 41.98,
            "7": 8.64,
            "8": 25.02,
            "9": 2.21,
            "10": -6.7,
            "11": 47.27,
            "12": -16.82,
            "13": -4.81,
            "14": -44.78,
            "15": 13.63,
            "16": 45.52,
            "17": -24.3,
            "18": 30.06,
            "19": -42.65,
            "20": 3.45,
            "21": -12.56,
            "22": -20.55,
            "23": -15.8,
            "24": 22.56,
            "26": 46.89,
            "27": -24.94,
            "28": 24.03,
            "29": -8.15,
            "30": -6.64,
            "31": 19.92,
            "32": -42.48,
            "33": -44.22,
            "34": -41.67,
            "35": -10.73,
            "36": 24.48,
            "37": 34.04,
            "38": -6.18,
            "39": 16.57,
            "40": -20.62,
            "41": -8.15,
            "42": -29.84,
            "43": 30.95,
            "44": 25.85,
            "45": -24.27
        },
        "26": {
            "0": 47.31,
            "1": -45.37,
            "2": 14.36,
            "3": -3.93,
            "4": 44.28,
            "5": -19.4,
            "6": 28.63,
            "7": 47.57,
            "8": -4.93,
            "9": 5.54,
            "10": 38.4,
            "11": -46.59,
            "12": 44.36,
            "13": -22.19,
            "14": 23.72,
            "15": -10.59,
            "16": 15.47,
            "17": 18.04,
            "18": 47.16,
            "19": -42.76,
            "20": -28.99,
            "21": -44.4,
            "22": -3.82,
            "23": -24.67,
            "24": 24.44,
            "25": 46.89,
            "27": -15.87,
            "28": 7.39,
            "29": -41.64,
            "30": 10.63,
            "31": -39.98,
            "32": -20.84,
            "33": -27.14,
            "34": -15.97,
            "35": -33.29,
            "36": 29.98,
            "37": -33.82,
            "38": 5.14,
            "39": 37.34,
            "40": -5.71,
            "41": 26.58,
            "42": -33.87,
            "43": -31.67,
            "44": 46.98,
            "45": -33.83
        },
        "27": {
            "0": -35.25,
            "1": 21.61,
            "2": -19.24,
            "3": -25.86,
            "4": 36.37,
            "5": 45.84,
            "6": 35.78,
            "7": -31.24,
            "8": -20.42,
            "9": -8.58,
            "10": 14.98,
            "11": 2.78,
            "12": -23.65,
            "13": -32.63,
            "14": 31.67,
            "15": -21.91,
            "16": 30.59,
            "17": -10.15,
            "18": -7.15,
            "19": -24.29,
            "20": -30.94,
            "21": 6.87,
            "22": -17.93,
            "23": 2.54,
            "24": -30.83,
            "25": -24.94,
            "26": -15.87,
            "28": -27.25,
            "29": -17.12,
            "30": 47.79,
            "31": 13.32,
            "32": 9.43,
            "33": 13.74,
            "34": -6.83,
            "35": 38.02,
            "36": -34.38,
            "37": -30.18,
            "38": 44.67,
            "39": -12.16,
            "40": 21.62,
            "41": 15.72,
            "42": -47.26,
            "43": -36.07,
            "44": 25.05,
            "45": 36.23
        },
        "28": {
            "0": -2.67,
            "1": -30.4,
            "2": 8.52,
            "3": 7.58,
            "4": -9.47,
            "5": 35.81,
            "6": 13.63,
            "7": -41.5,
            "8": 23.34,
            "9": -38.97,
            "10": -38.65,
            "11": 8.65,
            "12": 21.21,
            "13": -27.15,
            "14": -11.44,
            "15": 29.34,
            "16": -23.02,
            "17": -31.85,
            "18": 45.63,
            "19": 10.13,
            "20": 3.17,
            "21": -47.21,
            "22": -43.58,
            "23": -46.95,
            "24": -25.18,
            "25": 24.03,
            "26": 7.39,
            "27": -27.25,
            "29": 37.33,
            "30": -15.58,
            "31": -23.98,
            "32": -42.02,
            "33": -38.44,
            "34": -6.95,
            "35": -31.68,
            "36": -3.03,
            "37": -3.15,
            "38": -12.21,
            "39": -17.07,
            "40": -9.96,
            "41": 24.24,
            "42": -13.12,
            "43": -23.08,
            "44": -38.57,
            "45": -20.67
        },
        "29": {
            "0": -1.42,
            "1": 15.56,
            "2": 5.01,
            "3": -29.86,
            "4": 12.53,
            "5": 24.87,
            "6": 6.63,
            "7": 25.28,
            "8": -28.98,
            "9": 34.66,
            "10": 2.02,
            "11": -1.16,
            "12": 16.35,
            "13": -16.73,
            "14": -37.99,
            "15": 42.25,
            "16": -41.0,
            "17": -7.78,
            "18": -35.41,
            "19": -9.6,
            "20": -4.71,
            "21": -21.21,
            "22": 35.06,
            "23": 40.57,
            "24": 15.59,
            "25": -8.15,
            "26": -41.64,
            "27": -17.12,
            "28": 37.33,
            "30": 19.21,
            "31": 33.91,
            "32": 4.02,
            "33": 19.66,
            "34": -0.28,
            "35": 28.33,
            "36": 28.05,
            "37": 38.97,
            "38": -16.56,
            "39": 23.91,
            "40": 18.92,
            "41": -15.88,
            "42": -2.05,
            "43": 19.24,
            "44": 32.17,
            "45": -36.28
        },
        "30": {
            "0": 43.16,
            "1": 7.65,
            "2": -22.53,
            "3": 29.75,
            "4": 23.36,
            "5": 5.73,
            "6": 28.24,
            "7": 45.04,
            "8": 42.39,
            "9": 34.52,
            "10": -4.45,
            "11": -37.04,
            "12": 15.28,
            "13": 36.56,
            "14": -45.01,
            "15": 24.57,
            "16": -2.21,
            "17": 39.16,
            "18": -18.47,
            "19": -3.77,
            "20": -45.06,
            "21": 39.93,
            "22": 13.58,
            "23": -46.05,
            "24": 4.62,
            "25": -6.64,
            "26": 10.63,
            "27": 47.79,
            "28": -15.58,
            "29": 19.21,
            "31": -38.8,
            "32": -18.38,
            "33": 47.84,
            "34": 23.68,
            "35": -2.47,
            "36": -41.22,
            "37": -17.0,
            "38": 14.34,
            "39": -41.37,
            "40": -24.85,
            "41": -19.27,
            "42": 34.35,
            "43": 39.22,
            "44": -30.45,
            "45": -23.92
        },
        "31": {
            "0": 10.73,
            "1": -44.6,
            "2": 29.91,
            "3": 32.91,
            "4": -0.14,
            "5": -12.98,
            "6": 36.3,
            "7": -40.15,
            "8": 16.1,
            "9": -43.11,
            "10": -32.87,
            "11": -36.21,
            "12": -37.01,
            "13": -24.6,
            "14": 40.04,
            "15": 36.76,
            "16": -40.53,
            "17": 29.78,
            "18": -5.32,
            "19": -35.35,
            "20": 32.55,
            "21": 4.34,
            "22": -27.81,
            "23": -8.66,
            "24": -46.06,
            "25": 19.92,
            "26": -39.98,
            "27": 13.32,
            "28": -23.98,
            "29": 33.91,
            "30": -38.8,
            "32": -33.99,
            "33": 21.35,
            "34": 5.48,
            "35": 11.32,
            "36": 7.18,
            "37": -38.5,
            "38": -16.49,
            "39": -33.99,
            "40": -41.51,
            "41": 25.7,
            "42": 36.28,
            "43": 7.23,
            "44": 23.31,
            "45": 40.19
        },
        "32": {
            "0": 25.26,
            "1": -43.25,
            "2": -12.12,
            "3": -46.52,
            "4": -1.29,
            "5": 32.97,
            "6": 0.78,
            "7": -41.51,
            "8": 24.98,
            "9": -14.34,
            "10": 34.33,
            "11": -6.71,
            "12": -44.92,
            "13": -14.87,
            "14": 15.77,
            "15": 46.0,
            "16": 9.37,
            "17": -26.25,
            "18": -9.91,
            "19": -6.61,
            "20": 16.3,
            "21": -29.71,
            "22": 35.47,
            "23": -43.68,
            "24": 37.4,
            "25": -42.48,
            "26": -20.84,
            "27": 9.43,
            "28": -42.02,
            "29": 4.02,
            "30": -18.38,
            "31": -33.99,
            "33": -34.87,
            "34": -47.63,
            "35": 41.77,
            "36": -29.61,
            "37": -42.85,
            "38": 19.22,
            "39": 8.91,
            "40": 11.91,
            "41": -37.58,
            "42": 38.95,
            "43": -5.45,
            "44": 30.48,
            "45": 25.28
        },
        "33": {
            "0": 31.17,
            "1": 25.36,
            "2": -31.15,
            "3": 47.15,
            "4": 20.18,
            "5": -2.47,
            "6": -42.83,
            "7": -10.82,
            "8": -8.94,
            "9": 11.42,
            "10": -40.31,
            "11": 9.15,
            "12": 25.46,
            "13": 34.31,
            "14": 46.14,
            "15": 31.26,
            "16": -18.0,
            "17": 9.42,
            "18": 13.27,
            "19": -21.53,
            "20": 9.63,
            "21": -34.97,
            "22": 37.97,
            "23": -43.37,
            "24": -24.97,
            "25": -44.22,
            "26": -27.14,
            "27": 13.74,
            "28": -38.44,
            "29": 19.66,
            "30": 47.84,
            "31": 21.35,
            "32": -34.87,
            "34": -47.04,
            "35": 43.42,
            "36": -13.35,
            "37": 5.14,
            "38": -40.35,
            "39": 42.17,
            "40": 27.96,
            "41": -11.95,
            "42": -36.94,
            "43": -33.2,
            "44": -47.16,
            "45": -16.96
        },
        "34": {
            "0": 21.3,
            "1": 40.65,
            "2": 39.84,
            "3": 18.71,
            "4": -20.59,
            "5": -25.09,
            "6": -20.67,
            "7": -15.2,
            "8": 23.2,
            "9": 13.42,
            "10": -13.81,
            "11": -5.58,
            "12": -35.57,
            "13": 32.86,
            "14": 16.93,
            "15": 42.26,
            "16": 20.13,
            "17": 31.73,
            "18": -33.47,
            "19": 41.18,
            "20": -30.85,
            "21": 42.58,
            "22": 44.59,
            "23": -24.01,
            "24": -13.37,
            "25": -41.67,
            "26": -15.97,
            "27": -6.83,
            "28": -6.95,
            "29": -0.28,
            "30": 23.68,
            "31": 5.48,
            "32": -47.63,
            "33": -47.04,
            "35": -21.02,
            "36": -44.21,
            "37": 5.24,
            "38": -1.48,
            "39": -27.44,
            "40": 14.32,
            "41": 19.83,
            "42": -43.67,
            "43": 18.82,
            "44": 0.65,
            "45": 38.94
        },
        "35": {
            "0": -26.09,
            "1": -15.58,
            "2": -39.27,
            "3": -45.78,
            "4": -43.64,
            "5": 23.57,
            "6": -43.95,
            "7": 29.41,
            "8": -31.32,
            "9": 34.8,
            "10": 32.09,
            "11": -3.68,
            "12": -9.71,
            "13": 14.7,
            "14": -14.97,
            "15": -35.95,
            "16": 47.73,
            "17": 31.7,
            "18": -16.33,
            "19": 9.38,
            "20": 34.63,
            "21": 17.75,
            "22": -10.47,
            "23": 15.55,
            "24": 38.27,
            "25": -10.73,
            "26": -33.29,
            "27": 38.02,
            "28": -31.68,
            "29": 28.33,
            "30": -2.47,
            "31": 11.32,
            "32": 41.77,
            "33": 43.42,
            "34": -21.02,
            "36": -44.75,
            "37": -28.65,
            "38": 46.87,
            "39": 25.35,
            "40": 35.97,
            "41": 44.65,
            "42": -39.64,
            "43": 35.14,
            "44": -23.21,
            "45": -6.93
        },
        "36": {
            "0": -4.24,
            "1": -29.79,
            "2": 34.48,
            "3": -37.06,
            "4": 32.25,
            "5": -24.82,
            "6": 43.48,
            "7": -12.35,
            "8": -39.02,
            "9": -23.54,
            "10": -42.47,
            "11": 17.67,
            "12": -35.2,
            "13": 25.87,
            "14": -46.01,
            "15": 36.27,
            "16": 0.11,
            "17": 39.46,
            "18": 44.91,
            "19": 11.35,
            "20": -37.88,
            "21": 31.84,
            "22": 36.5,
            "23": -36.41,
            "24": -15.88,
            "25": 24.48,
            "26": 29.98,
            "27": -34.38,
            "28": -3.03,
            "29": 28.05,
            "30": -41.22,
            "31": 7.18,
            "32": -29.61,
            "33": -13.35,
            "34": -44.21,
            "35": -44.75,
            "37": -31.81,
            "38": 15.74,
            "39": 39.09,
            "40": -18.49,
            "41": -4.31,
            "42": -30.4,
            "43": 43.39,
            "44": -31.4,
            "45": -4.24
        },
        "37": {
            "0": 19.48,
            "1": -5.28,
            "2": -36.4,
            "3": 18.52,
            "4": -10.39,
            "5": -8.52,
            "6": -0.16,
            "7": -46.49,
            "8": 25.88,
            "9": -9.36,
            "10": 30.75,
            "11": 11.45,
            "12": -12.4,
            "13": -36.49,
            "14": 18.24,
            "15": 15.58,
            "16": 10.91,
            "17": -8.83,
            "18": 18.8,
            "19": 29.45,
            "20": 14.42,
            "21": -6.26,
            "22": -21.75,
            "23": -13.4,
            "24": -45.97,
            "25": 34.04,
            "26": -33.82,
            "27": -30.18,
            "28": -3.15,
            "29": 38.97,
            "30": -17.0,
            "31": -38.5,
            "32": -42.85,
            "33": 5.14,
            "34": 5.24,
            "35": -28.65,
            "36": -31.81,
            "38": -22.81,
            "39": 44.95,
            "40": -6.88,
            "41": 39.3,
            "42": -43.73,
            "43": -5.49,
            "44": -29.54,
            "45": -35.09
        },
        "38": {
            "0": -44.7,
            "1": -42.48,
            "2": 27.73,
            "3": 29.71,
            "4": -46.51,
            "5": -13.97,
            "6": 10.97,
            "7": 30.57,
            "8": -24.42,
            "9": -42.1,
            "10": 34.56,
            "11": -26.99,
            "12": 10.37,
            "13": -41.18,
            "14": -30.92,
            "15": 5.09,
            "16": -17.13,
            "17": -25.57,
            "18": -38.28,
            "19": 31.74,
            "20": 28.47,
            "21": -15.61,
            "22": -12.05,
            "23": -30.05,
            "24": -25.55,
            "25": -6.18,
            "26": 5.14,
            "27": 44.67,
            "28": -12.21,
            "29": -16.56,
            "30": 14.34,
            "31": -16.49,
            "32": 19.22,
            "33": -40.35,
            "34": -1.48,
            "35": 46.87,
            "36": 15.74,
            "37": -22.81,
            "39": -28.94,
            "40": -33.56,
            "41": 8.97,
            "42": 44.94,
            "43": 31.79,
            "44": 1.65,
            "45": -32.54
        },
        "39": {
            "0": 46.84,
            "1": 12.17,
            "2": 19.32,
            "3": -24.58,
            "4": 22.93,
            "5": -42.57,
            "6": -25.64,
            "7": 7.33,
            "8": -10.18,
            "9": -20.57,
            "10": -41.43,
            "11": 32.42,
            "12": -9.79,
            "13": 33.57,
            "14": 25.6,
            "15": -38.76,
            "16": 34.33,
            "17": -12.47,
            "18": 27.11,
            "19": 3.52,
            "20": 39.51,
            "21": 11.65,
            "22": 11.24,
            "23": 1.04,
            "24": -19.19,
            "25": 16.57,
            "26": 37.34,
            "27": -12.16,
            "28": -17.07,
            "29": 23.91,
            "30": -41.37,
            "31": -33.99,
            "32": 8.91,
            "33": 42.17,
            "34": -27.44,
            "35": 25.35,
            "36": 39.09,
            "37": 44.95,
            "38": -28.94,
            "40": -37.33,
            "41": -30.32,
            "42": -38.49,
            "43": 36.55,
            "44": 40.64,
            "45": 1.03
        },
        "40": {
            "0": 4.54,
            "1": 38.8,
            "2": -42.76,
            "3": 38.57,
            "4": -31.74,
            "5": -21.43,
            "6": -45.73,
            "7": -3.42,
            "8": -47.72,
            "9": -41.14,
            "10": 7.11,
            "11": -12.8,
            "12": -15.24,
            "13": 43.33,
            "14": 23.21,
            "15": -11.2,
            "16": -30.77,
            "17": -34.59,
            "18": -34.31,
            "19": 20.88,
            "20": -35.19,
            "21": -10.95,
            "22": -27.6,
            "23": -34.67,
            "24": 25.59,
            "25": -20.62,
            "26": -5.71,
            "27": 21.62,
            "28": -9.96,
            "29": 18.92,
            "30": -24.85,
            "31": -41.51,
            "32": 11.91,
            "33": 27.96,
            "34": 14.32,
            "35": 35.97,
            "36": -18.49,
            "37": -6.88,
            "38": -33.56,
            "39": -37.33,
            "41": -2.59,
            "42": -18.94,
            "43": 32.47,
            "44": -2.31,
            "45": -19.15
        },
        "41": {
            "0": 19.17,
            "1": -8.96,
            "2": -8.68,
            "3": 44.92,
            "4": 30.39,
            "5": -32.88,
            "6": 11.75,
            "7": -39.41,
            "8": -42.86,
            "9": -13.3,
            "10": 15.7,
            "11": 31.02,
            "12": -5.94,
            "13": 32.79,
            "14": -35.25,
            "15": -23.37,
            "16": -14.72,
            "17": -6.55,
            "18": -13.24,
            "19": -24.53,
            "20": 2.87,
            "21": 18.86,
            "22": 16.89,
            "23": -12.12,
            "24": 37.18,
            "25": -8.15,
            "26": 26.58,
            "27": 15.72,
            "28": 24.24,
            "29": -15.88,
            "30": -19.27,
            "31": 25.7,
            "32": -37.58,
            "33": -11.95,
            "34": 19.83,
            "35": 44.65,
            "36": -4.31,
            "37": 39.3,
            "38": 8.97,
            "39": -30.32,
            "40": -2.59,
            "42": 37.95,
            "43": -40.17,
            "44": -45.78,
            "45": -9.05
        },
        "42": {
            "0": 29.23,
            "1": -31.73,
            "2": 4.11,
            "3": 13.55,
            "4": -0.78,
            "5": 45.21,
            "6": -33.05,
            "7": 47.44,
            "8": 22.5,
            "9": 15.69,
            "10": -18.88,
            "11": 31.12,
            "12": -35.93,
            "13": -6.8,
            "14": 17.97,
            "15": 25.14,
            "16": 41.71,
            "17": 45.16,
            "18": 38.96,
            "19": -14.96,
            "20": -42.37,
            "21": -6.43,
            "22": -31.42,
            "23": -11.03,
            "24": 47.82,
            "25": -29.84,
            "26": -33.87,
            "27": -47.26,
            "28": -13.12,
            "29": -2.05,
            "30": 34.35,
            "31": 36.28,
            "32": 38.95,
            "33": -36.94,
            "34": -43.67,
            "35": -39.64,
            "36": -30.4,
            "37": -43.73,
            "38": 44.94,
            "39": -38.49,
            "40": -18.94,
            "41": 37.95,
            "43": -47.39,
            "44": 9.48,
            "45": -4.17
        },
        "43": {
            "0": -22.54,
            "1": 16.13,
            "2": -38.6,
            "3": -9.65,
            "4": 47.32,
            "5": 26.11,
            "6": -29.54,
            "7": -3.44,
            "8": 1.81,
            "9": -9.83,
            "10": -25.92,
            "11": 31.48,
            "12": -45.2,
            "13": 7.99,
            "14": -19.33,
            "15": -15.21,
            "16": 29.57,
            "17": -16.53,
            "18": -8.16,
            "19": -41.98,
            "20": 36.2,
            "21": 6.55,
            "22": 34.84,
            "23": 7.91,
            "24": 3.07,
            "25": 30.95,
            "26": -31.67,
            "27": -36.07,
            "28": -23.08,
            "29": 19.24,
            "30": 39.22,
            "31": 7.23,
            "32": -5.45,
            "33": -33.2,
            "34": 18.82,
            "35": 35.14,
            "36": 43.39,
            "37": -5.49,
            "38": 31.79,
            "39": 36.55,
            "40": 32.47,
            "41": -40.17,
            "42": -47.39,
            "44": -6.88,
            "45": -45.28
        },
        "44": {
            "0": 16.68,
            "1": 28.36,
            "2": -47.06,
            "3": -45.86,
            "4": -9.29,
            "5": 46.23,
            "6": 25.56,
            "7": 11.16,
            "8": -11.88,
            "9": 44.76,
            "10": -27.31,
            "11": -31.54,
            "12": -41.17,
            "13": 17.85,
            "14": 13.92,
            "15": 10.5,
            "16": -34.42,
            "17": -45.62,
            "18": 27.63,
            "19": 34.8,
            "20": -19.45,
            "21": -9.7,
            "22": -39.99,
            "23": 19.83,
            "24": 13.67,
            "25": 25.85,
            "26": 46.98,
            "27": 25.05,
            "28": -38.57,
            "29": 32.17,
            "30": -30.45,
            "31": 23.31,
            "32": 30.48,
            "33": -47.16,
            "34": 0.65,
            "35": -23.21,
            "36": -31.4,
            "37": -29.54,
            "38": 1.65,
            "39": 40.64,
            "40": -2.31,
            "41": -45.78,
            "42": 9.48,
            "43": -6.88,
            "45": 46.67
        },
        "45": {
            "0": -34.9,
            "1": -6.09,
            "2": 0.78,
            "3": -47.32,
            "4": -45.75,
            "5": -13.33,
            "6": -27.97,
            "7": -37.74,
            "8": 40.05,
            "9": 19.72,
            "10": -18.94,
            "11": -37.75,
            "12": -13.73,
            "13": -18.1,
            "14": -29.47,
            "15": -37.98,
            "16": -27.54,
            "17": -24.1,
            "18": 30.12,
            "19": 12.46,
            "20": -47.28,
            "21": -28.47,
            "22": -44.99,
            "23": 18.8,
            "24": -32.17,
            "25": -24.27,
            "26": -33.83,
            "27": 36.23,
            "28": -20.67,
            "29": -36.28,
            "30": -23.92,
            "31": 40.19,
            "32": 25.28,
            "33": -16.96,
            "34": 38.94,
            "35": -6.93,
            "36": -4.24,
            "37": -35.09,
            "38": -32.54,
            "39": 1.03,
            "40": -19.15,
            "41": -9.05,
            "42": -4.17,
            "43": -45.28,
            "44": 46.67
        }
    }
}