{
    "knapsack_size": 1500,
    "n_items": 48,
    "costs": {
        "0": {
            "l": 58,
            "a": 115,
            "u": 140
        },
        "1": {
            "l": 45,
            "a": 58,
            "u": 72
        },
        "2": {
            "l": 56,
            "a": 96,
            "u": 119
        },
        "3": {
            "l": 47,
            "a": 91,
            "u": 109
        },
        "4": {
            "l": 55,
            "a": 64,
            "u": 91
        },
        "5": {
            "l": 47,
            "a": 87,
            "u": 114
        },
        "6": {
            "l": 48,
            "a": 82,
            "u": 115
        },
        "7": {
            "l": 61,
            "a": 68,
            "u": 84
        },
        "8": {
            "l": 57,
            "a": 80,
            "u": 119
        },
        "9": {
            "l": 46,
            "a": 63,
            "u": 85
        },
        "10": {
            "l": 66,
            "a": 74,
            "u": 86
        },
        "11": {
            "l": 52,
            "a": 80,
            "u": 105
        },
        "12": {
            "l": 54,
            "a": 57,
            "u": 85
        },
        "13": {
            "l": 53,
            "a": 100,
            "u": 135
        },
        "14": {
            "l": 54,
            "a": 82,
            "u": 122
        },
        "15": {
            "l": 47,
            "a": 65,
            "u": 96
        },
        "16": {
            "l": 65,
            "a": 128,
            "u": 177
        },
        "17": {
            "l": 68,
            "a": 72,
            "u": 79
        },
        "18": {
            "l": 62,
            "a": 118,
            "u": 141
        },
        "19": {
            "l": 56,
            "a": 84,
            "u": 119
        },
        "20": {
            "l": 61,
            "a": 115,
            "u": 140
        },
        "21": {
            "l": 58,
            "a": 58,
            "u": 83
        },
        "22": {
            "l": 64,
            "a": 90,
            "u": 120
        },
        "23": {
            "l": 46,
            "a": 64,
            "u": 91
        },
        "24": {
            "l": 68,
            "a": 118,
            "u": 135
        },
        "25": {
            "l": 67,
            "a": 128,
            "u": 163
        },
        "26": {
            "l": 64,
            "a": 75,
            "u": 110
        },
        "27": {
            "l": 55,
            "a": 68,
            "u": 86
        },
        "28": {
            "l": 46,
            "a": 83,
            "u": 98
        },
        "29": {
            "l": 46,
            "a": 61,
            "u": 70
        },
        "30": {
            "l": 65,
            "a": 66,
            "u": 95
        },
        "31": {
            "l": 57,
            "a": 68,
            "u": 89
        },
        "32": {
            "l": 62,
            "a": 80,
            "u": 93
        },
        "33": {
            "l": 47,
            "a": 89,
            "u": 108
        },
        "34": {
            "l": 50,
            "a": 51,
            "u": 73
        },
        "35": {
            "l": 57,
            "a": 78,
            "u": 104
        },
        "36": {
            "l": 67,
            "a": 113,
            "u": 169
        },
        "37": {
            "l": 49,
            "a": 83,
            "u": 107
        },
        "38": {
            "l": 55,
            "a": 89,
            "u": 125
        },
        "39": {
            "l": 60,
            "a": 116,
            "u": 125
        },
        "40": {
            "l": 61,
            "a": 62,
            "u": 72
        },
        "41": {
            "l": 45,
            "a": 53,
            "u": 75
        },
        "42": {
            "l": 62,
            "a": 72,
            "u": 88
        },
        "43": {
            "l": 59,
            "a": 109,
            "u": 138
        },
        "44": {
            "l": 46,
            "a": 78,
            "u": 95
        },
        "45": {
            "l": 54,
            "a": 55,
            "u": 82
        },
        "46": {
            "l": 52,
            "a": 77,
            "u": 82
        },
        "47": {
            "l": 59,
            "a": 60,
            "u": 80
        }
    },
    "profits": {
        "0": 188,
        "1": 115,
        "2": 167,
        "3": 151,
        "4": 123,
        "5": 158,
        "6": 146,
        "7": 114,
        "8": 157,
        "9": 111,
        "10": 137,
        "11": 153,
        "12": 99,
        "13": 187,
        "14": 155,
        "15": 127,
        "16": 226,
        "17": 109,
        "18": 181,
        "19": 150,
        "20": 206,
        "21": 92,
        "22": 142,
        "23": 123,
        "24": 215,
        "25": 213,
        "26": 126,
        "27": 105,
        "28": 145,
        "29": 112,
        "30": 108,
        "31": 117,
        "32": 158,
        "33": 140,
        "34": 89,
        "35": 130,
        "36": 207,
        "37": 165,
        "38": 144,
        "39": 195,
        "40": 95,
        "41": 83,
        "42": 112,
        "43": 209,
        "44": 117,
        "45": 104,
        "46": 141,
        "47": 97
    },
    "synergies": {
        "0": {
            "1": 31,
            "2": -26,
            "3": 45,
            "4": 6,
            "5": -41,
            "6": -1,
            "7": -31,
            "8": 3,
            "9": -1,
            "10": -40,
            "11": 9,
            "12": 28,
            "13": 28,
            "14": 7,
            "15": 2,
            "16": -19,
            "17": -38,
            "18": -34,
            "19": -31,
            "20": 10,
            "21": -22,
            "22": 1,
            "23": 30,
            "24": -41,
            "25": 49,
            "26": -20,
            "27": -6,
            "28": 4,
            "29": -12,
            "30": -33,
            "31": 8,
            "32": 44,
            "33": 21,
            "34": -25,
            "35": 2,
            "36": -39,
            "37": 41,
            "38": 45,
            "39": 1,
            "40": -14,
            "41": -23,
            "42": 39,
            "43": -38,
            "44": -32,
            "45": -12,
            "46": -2,
            "47": 31
        },
        "1": {
            "0": 31,
            "2": -29,
            "3": 39,
            "4": 3,
            "5": 25,
            "6": -31,
            "7": 17,
            "8": -48,
            "9": 1,
            "10": 32,
            "11": -32,
            "12": -31,
            "13": 48,
            "14": -29,
            "15": -14,
            "16": 32,
            "17": -24,
            "18": 9,
            "19": -19,
            "20": 12,
            "21": -24,
            "22": -10,
            "23": -22,
            "24": 4,
            "25": 22,
            "26": -37,
            "27": 42,
            "28": -17,
            "29": 10,
            "30": -36,
            "31": 41,
            "32": 22,
            "33": 33,
            "34": -32,
            "35": 30,
            "36": 9,
            "37": 48,
            "38": -31,
            "39": 44,
            "40": -1,
            "41": 29,
            "42": -6,
            "43": 28,
            "44": 35,
            "45": -14,
            "46": 28,
            "47": 37
        },
        "2": {
            "0": -26,
            "1": -29,
            "3": -4,
            "4": -41,
            "5": 6,
            "6": 42,
            "7": 34,
            "8": -6,
            "9": 8,
            "10": -3,
            "11": -37,
            "12": 43,
            "13": -6,
            "14": -36,
            "15": -5,
            "16": 2,
            "17": -22,
            "18": -37,
            "19": 8,
            "20": 1,
            "21": -31,
            "22": -40,
            "23": 27,
            "24": 14,
            "25": 43,
            "26": -18,
            "27": 45,
            "28": -16,
            "29": 8,
            "30": 32,
            "31": 4,
            "32": 15,
            "33": 0,
            "34": -47,
            "35": -34,
            "36": 13,
            "37": -38,
            "38": -45,
            "39": 13,
            "40": -8,
            "41": -29,
            "42": -16,
            "43": -29,
            "44": -29,
            "45": -25,
            "46": 3,
            "47": 39
        },
        "3": {
            "0": 45,
            "1": 39,
            "2": -4,
            "4": -44,
            "5": -3,
            "6": -24,
            "7": 39,
            "8": 0,
            "9": 20,
            "10": 40,
            "11": 15,
            "12": -22,
            "13": -19,
            "14": -27,
            "15": -10,
            "16": 40,
            "17": -30,
            "18": 2,
            "19": -6,
            "20": -15,
            "21": 2,
            "22": 7,
            "23": -6,
            "24": 33,
            "25": 49,
            "26": 35,
            "27": -49,
            "28": -44,
            "29": 20,
            "30": -2,
            "31": 33,
            "32": 29,
            "33": 9,
            "34": -28,
            "35": -25,
            "36": -17,
            "37": -17,
            "38": -47,
            "39": 12,
            "40": -25,
            "41": -3,
            "42": -29,
            "43": 10,
            "44": 22,
            "45": 26,
            "46": 44,
            "47": -16
        },
        "4": {
            "0": 6,
            "1": 3,
            "2": -41,
            "3": -44,
            "5": 32,
            "6": -40,
            "7": 9,
            "8": 48,
            "9": -8,
            "10": -6,
            "11": -16,
            "12": 31,
            "13": 7,
            "14": 34,
            "15": 20,
            "16": 3,
            "17": 9,
            "18": -32,
            "19": -9,
            "20": -34,
            "21": -27,
            "22": -8,
            "23": 14,
            "24": -43,
            "25": 10,
            "26": -37,
            "27": -35,
            "28": 18,
            "29": 21,
            "30": -13,
            "31": 4,
            "32": -9,
            "33": -48,
            "34": -43,
            "35": -49,
            "36": 43,
            "37": -41,
            "38": -2,
            "39": -20,
            "40": 48,
            "41": 20,
            "42": 46,
            "43": 20,
            "44": -45,
            "45": 40,
            "46": 26,
            "47": -28
        },
        "5": {
            "0": -41,
            "1": 25,
            "2": 6,
            "3": -3,
            "4": 32,
            "6": -46,
            "7": 15,
            "8": 42,
            "9": 35,
            "10": 13,
            "11": 29,
            "12": 31,
            "13": 29,
            "14": 45,
            "15": 26,
            "16": -39,
            "17": 13,
            "18": 7,
            "19": 19,
            "20": 3,
            "21": 39,
            "22": -43,
            "23": 2,
            "24": 32,
            "25": 13,
            "26": -22,
            "27": -36,
            "28": -2,
            "29": 3,
            "30": -25,
            "31": -47,
            "32": -1,
            "33": 2,
            "34": -45,
            "35": 34,
            "36": 41,
            "37": 30,
            "38": -17,
            "39": -47,
            "40": -23,
            "41": -29,
            "42": 48,
            "43": 46,
            "44": -3,
            "45": -13,
            "46": -8,
            "47": 41
        },
        "6": {
            "0": -1,
            "1": -31,
            "2": 42,
            "3": -24,
            "4": -40,
            "5": -46,
            "7": -36,
            "8": -42,
            "9": -24,
            "10": -12,
            "11": -16,
            "12": -13,
            "13": -37,
            "14": -48,
            "15": 13,
            "16": 5,
            "17": 35,
            "18": 41,
            "19": 2,
            "20": 20,
            "21": -20,
            "22": 31,
            "23": -27,
            "24": 20,
            "25": -21,
            "26": 23,
            "27": -31,
            "28": -34,
            "29": 28,
            "30": 46,
            "31": -9,
            "32": 17,
            "33": -4,
            "34": 12,
            "35": -23,
            "36": -11,
            "37": 19,
            "38": -1,
            "39": 28,
            "40": -42,
            "41": -9,
            "42": 41,
            "43": 8,
            "44": 39,
            "45": -12,
            "46": -5,
            "47": -44
        },
        "7": {
            "0": -31,
            "1": 17,
            "2": 34,
            "3": 39,
            "4": 9,
            "5": 15,
            "6": -36,
            "8": 1,
            "9": 15,
            "10": -26,
            "11": -7,
            "12": 1,
            "13": -15,
            "14": -43,
            "15": -2,
            "16": 36,
            "17": 15,
            "18": -8,
            "19": 7,
            "20": -1,
            "21": 19,
            "22": 23,
            "23": -10,
            "24": -48,
            "25": -14,
            "26": 11,
            "27": -38,
            "28": -13,
            "29": -13,
            "30": 6,
            "31": 44,
            "32": -36,
            "33": -19,
            "34": 18,
            "35": -5,
            "36": -42,
            "37": 28,
            "38": 10,
            "39": 0,
            "40": -2,
            "41": -4,
            "42": -26,
            "43": 41,
            "44": 12,
            "45": 49,
            "46": 34,
            "47": -29
        },
        "8": {
            "0": 3,
            "1": -48,
            "2": -6,
            "3": 0,
            "4": 48,
            "5": 42,
            "6": -42,
            "7": 1,
            "9": 10,
            "10": -4,
            "11": 6,
            "12": -12,
            "13": 43,
            "14": -3,
            "15": -19,
            "16": -27,
            "17": -40,
            "18": 33,
            "19": -15,
            "20": -13,
            "21": 6,
            "22": -18,
            "23": -36,
            "24": 39,
            "25": 4,
            "26": 6,
            "27": -49,
            "28": 32,
            "29": -42,
            "30": 30,
            "31": 5,
            "32": -34,
            "33": 33,
            "34": -17,
            "35": 36,
            "36": -48,
            "37": -10,
            "38": -28,
            "39": -6,
            "40": 34,
            "41": -36,
            "42": -34,
            "43": 37,
            "44": 4,
            "45": 13,
            "46": 14,
            "47": 48
        },
        "9": {
            "0": -1,
            "1": 1,
            "2": 8,
            "3": 20,
            "4": -8,
            "5": 35,
            "6": -24,
            "7": 15,
            "8": 10,
            "10": 6,
            "11": -14,
            "12": -28,
            "13": -45,
            "14": 23,
            "15": -31,
            "16": 28,
            "17": -28,
            "18": 43,
            "19": 22,
            "20": -22,
            "21": 9,
            "22": 7,
            "23": -17,
            "24": 20,
            "25": 23,
            "26": -8,
            "27": -39,
            "28": -11,
            "29": -10,
            "30": 18,
            "31": -33,
            "32": -8,
            "33": 48,
            "34": 0,
            "35": 4,
            "36": 0,
            "37": 27,
            "38": -47,
            "39": -10,
            "40": -35,
            "41": 21,
            "42": 31,
            "43": 10,
            "44": 46,
            "45": -4,
            "46": -48,
            "47": -45
        },
        "10": {
            "0": -40,
            "1": 32,
            "2": -3,
            "3": 40,
            "4": -6,
            "5": 13,
            "6": -12,
            "7": -26,
            "8": -4,
            "9": 6,
            "11": 16,
            "12": -1,
            "13": -34,
            "14": 32,
            "15": -11,
            "16": 22,
            "17": 40,
            "18": 40,
            "19": -3,
            "20": 48,
            "21": -30,
            "22": -3,
            "23": -16,
            "24": -30,
            "25": 19,
            "26": -11,
            "27": 4,
            "28": -21,
            "29": 19,
            "30": -8,
            "31": 0,
            "32": 16,
            "33": 46,
            "34": 21,
            "35": 20,
            "36": 8,
            "37": 0,
            "38": -6,
            "39": 37,
            "40": -3,
            "41": -44,
            "42": -29,
            "43": 19,
            "44": 12,
            "45": -47,
            "46": -40,
            "47": 28
        },
        "11": {
            "0": 9,
            "1": -32,
            "2": -37,
            "3": 15,
            "4": -16,
            "5": 29,
            "6": -16,
            "7": -7,
            "8": 6,
            "9": -14,
            "10": 16,
            "12": -6,
            "13": -40,
            "14": 20,
            "15": -20,
            "16": -8,
            "17": -41,
            "18": -21,
            "19": 6,
            "20": 34,
            "21": 21,
            "22": -31,
            "23": 9,
            "24": -12,
            "25": -14,
            "26": -11,
            "27": -4,
            "28": 25,
            "29": -38,
            "30": -36,
            "31": -13,
            "32": 0,
            "33": -27,
            "34": 37,
            "35": 20,
            "36": 16,
            "37": -23,
            "38": 9,
            "39": 30,
            "40": -6,
            "41": 35,
            "42": 46,
            "43": 35,
            "44": -29,
            "45": -48,
            "46": 12,
            "47": 43
        },
        "12": {
            "0": 28,
            "1": -31,
            "2": 43,
            "3": -22,
            "4": 31,
            "5": 31,
            "6": -13,
            "7": 1,
            "8": -12,
            "9": -28,
            "10": -1,
            "11": -6,
            "13": 44,
            "14": 42,
            "15": -26,
            "16": 32,
            "17": 14,
            "18": -45,
            "19": 0,
            "20": -11,
            "21": 28,
            "22": 11,
            "23": 18,
            "24": 24,
            "25": 25,
            "26": 29,
            "27": 41,
            "28": 25,
            "29": -24,
            "30": 24,
            "31": 2,
            "32": 15,
            "33": 48,
            "34": 42,
            "35": -44,
            "36": -4,
            "37": 48,
            "38": 48,
            "39": 27,
            "40": -22,
            "41": -27,
            "42": 26,
            "43": -44,
            "44": 9,
            "45": 39,
            "46": 7,
            "47": -21
        },
        "13": {
            "0": 28,
            "1": 48,
            "2": -6,
            "3": -19,
            "4": 7,
            "5": 29,
            "6": -37,
            "7": -15,
            "8": 43,
            "9": -45,
            "10": -34,
            "11": -40,
            "12": 44,
            "14": -48,
            "15": -29,
            "16": 9,
            "17": -23,
            "18": 18,
            "19": -39,
            "20": 14,
            "21": -18,
            "22": -22,
            "23": -4,
            "24": -5,
            "25": 34,
            "26": 43,
            "27": 24,
            "28": -25,
            "29": 28,
            "30": -40,
            "31": 21,
            "32": -18,
            "33": 32,
            "34": 37,
            "35": 36,
            "36": 12,
            "37": 47,
            "38": 4,
            "39": -19,
            "40": -6,
            "41": -22,
            "42": 49,
            "43": 29,
            "44": 1,
            "45": -42,
            "46": -26,
            "47": 0
        },
        "14": {
            "0": 7,
            "1": -29,
            "2": -36,
            "3": -27,
            "4": 34,
            "5": 45,
            "6": -48,
            "7": -43,
            "8": -3,
            "9": 23,
            "10": 32,
            "11": 20,
            "12": 42,
            "13": -48,
            "15": -4,
            "16": -29,
            "17": -23,
            "18": -49,
            "19": 18,
            "20": 42,
            "21": -5,
            "22": -36,
            "23": 18,
            "24": 37,
            "25": -45,
            "26": 13,
            "27": 47,
            "28": 31,
            "29": -48,
            "30": -44,
            "31": 18,
            "32": 18,
            "33": -3,
            "34": 39,
            "35": 18,
            "36": -5,
            "37": 26,
            "38": -21,
            "39": -33,
            "40": 0,
            "41": 35,
            "42": 40,
            "43": 32,
            "44": -34,
            "45": -33,
            "46": 8,
            "47": -49
        },
        "15": {
            "0": 2,
            "1": -14,
            "2": -5,
            "3": -10,
            "4": 20,
            "5": 26,
            "6": 13,
            "7": -2,
            "8": -19,
            "9": -31,
            "10": -11,
            "11": -20,
            "12": -26,
            "13": -29,
            "14": -4,
            "16": 12,
            "17": 8,
            "18": -4,
            "19": -46,
            "20": 31,
            "21": 28,
            "22": -45,
            "23": 40,
            "24": -26,
            "25": 11,
            "26": 20,
            "27": 0,
            "28": -1,
            "29": -1,
            "30": -37,
            "31": 18,
            "32": 29,
            "33": 26,
            "34": -47,
            "35": -32,
            "36": -11,
            "37": 47,
            "38": 7,
            "39": 17,
            "40": 37,
            "41": 24,
            "42": 22,
            "43": -7,
            "44": -22,
            "45": 25,
            "46": -49,
            "47": -43
        },
        "16": {
            "0": -19,
            "1": 32,
            "2": 2,
            "3": 40,
            "4": 3,
            "5": -39,
            "6": 5,
            "7": 36,
            "8": -27,
            "9": 28,
            "10": 22,
            "11": -8,
            "12": 32,
            "13": 9,
            "14": -29,
            "15": 12,
            "17": 33,
            "18": -16,
            "19": -1,
            "20": -44,
            "21": -38,
            "22": 16,
            "23": 42,
            "24": -27,
            "25": 37,
            "26": -4,
            "27": -41,
            "28": -21,
            "29": 0,
            "30": 16,
            "31": -16,
            "32": -33,
            "33": -2,
            "34": 21,
            "35": 41,
            "36": 42,
            "37": -15,
            "38": -41,
            "39": -44,
            "40": -7,
            "41": 9,
            "42": 28,
            "43": 13,
            "44": 27,
            "45": 27,
            "46": -17,
            "47": 11
        },
        "17": {
            "0": -38,
            "1": -24,
            "2": -22,
            "3": -30,
            "4": 9,
            "5": 13,
            "6": 35,
            "7": 15,
            "8": -40,
            "9": -28,
            "10": 40,
            "11": -41,
            "12": 14,
            "13": -23,
            "14": -23,
            "15": 8,
            "16": 33,
            "18": -27,
            "19": -19,
            "20": -43,
            "21": 16,
            "22": 21,
            "23": 4,
            "24": -36,
            "25": -20,
            "26": 0,
            "27": 44,
            "28": 5,
            "29": -26,
            "30": 0,
            "31": 44,
            "32": -20,
            "33": 3,
            "34": 29,
            "35": 33,
            "36": 49,
            "37": 21,
            "38": -16,
            "39": 33,
            "40": 22,
            "41": 0,
            "42": 27,
            "43": 29,
            "44": -30,
            "45": 42,
            "46": 31,
            "47": -14
        },
        "18": {
            "0": -34,
            "1": 9,
            "2": -37,
            "3": 2,
            "4": -32,
            "5": 7,
            "6": 41,
            "7": -8,
            "8": 33,
            "9": 43,
            "10": 40,
            "11": -21,
            "12": -45,
            "13": 18,
            "14": -49,
            "15": -4,
            "16": -16,
            "17": -27,
            "19": 0,
            "20": 1,
            "21": -45,
            "22": 34,
            "23": -35,
            "24": -13,
            "25": -4,
            "26": 36,
            "27": -42,
            "28": -21,
            "29": 42,
            "30": 9,
            "31": 10,
            "32": -6,
            "33": -44,
            "34": -3,
            "35": 39,
            "36": 4,
            "37": 5,
            "38": -21,
            "39": 38,
            "40": 23,
            "41": -36,
            "42": 17,
            "43": -28,
            "44": -36,
            "45": -24,
            "46": -40,
            "47": -43
        },
        "19": {
            "0": -31,
            "1": -19,
            "2": 8,
            "3": -6,
            "4": -9,
            "5": 19,
            "6": 2,
            "7": 7,
            "8": -15,
            "9": 22,
            "10": -3,
            "11": 6,
            "12": 0,
            "13": -39,
            "14": 18,
            "15": -46,
            "16": -1,
            "17": -19,
            "18": 0,
            "20": -19,
            "21": -44,
            "22": 1,
            "23": 29,
            "24": -14,
            "25": -15,
            "26": -31,
            "27": 15,
            "28": 47,
            "29": 7,
            "30": -18,
            "31": 2,
            "32": -2,
            "33": 37,
            "34": 42,
            "35": -10,
            "36": 38,
            "37": 37,
            "38": 41,
            "39": 18,
            "40": 4,
            "41": 29,
            "42": 13,
            "43": 9,
            "44": 14,
            "45": 19,
            "46": 0,
            "47": 25
        },
        "20": {
            "0": 10,
            "1": 12,
            "2": 1,
            "3": -15,
            "4": -34,
            "5": 3,
            "6": 20,
            "7": -1,
            "8": -13,
            "9": -22,
            "10": 48,
            "11": 34,
            "12": -11,
            "13": 14,
            "14": 42,
            "15": 31,
            "16": -44,
            "17": -43,
            "18": 1,
            "19": -19,
            "21": 9,
            "22": -17,
            "23": -28,
            "24": -49,
            "25": 15,
            "26": 4,
            "27": 39,
            "28": -9,
            "29": -20,
            "30": 36,
            "31": -34,
            "32": 0,
            "33": -35,
            "34": -17,
            "35": 6,
            "36": -33,
            "37": 12,
            "38": 16,
            "39": -46,
            "40": 36,
            "41": -49,
            "42": 41,
            "43": -32,
            "44": -42,
            "45": -11,
            "46": -44,
            "47": 47
        },
        "21": {
            "0": -22,
            "1": -24,
            "2": -31,
            "3": 2,
            "4": -27,
            "5": 39,
            "6": -20,
            "7": 19,
            "8": 6,
            "9": 9,
            "10": -30,
            "11": 21,
            "12": 28,
            "13": -18,
            "14": -5,
            "15": 28,
            "16": -38,
            "17": 16,
            "18": -45,
            "19": -44,
            "20": 9,
            "22": -38,
            "23": -38,
            "24": 40,
            "25": 41,
            "26": 26,
            "27": 20,
            "28": -1,
            "29": 37,
            "30": 20,
            "31": 30,
            "32": 25,
            "33": -9,
            "34": -31,
            "35": -34,
            "36": 10,
            "37": 29,
            "38": -23,
            "39": -3,
            "40": 17,
            "41": 32,
            "42": -36,
            "43": 16,
            "44": -2,
            "45": 12,
            "46": -41,
            "47": -30
        },
        "22": {
            "0": 1,
            "1": -10,
            "2": -40,
            "3": 7,
            "4": -8,
            "5": -43,
            "6": 31,
            "7": 23,
            "8": -18,
            "9": 7,
            "10": -3,
            "11": -31,
            "12": 11,
            "13": -22,
            "14": -36,
            "15": -45,
            "16": 16,
            "17": 21,
            "18": 34,
            "19": 1,
            "20": -17,
            "21": -38,
            "23": 34,
            "24": 33,
            "25": 36,
            "26": 39,
            "27": 12,
            "28": 48,
            "29": 18,
            "30": 38,
            "31": 47,
            "32": 28,
            "33": 33,
            "34": -46,
            "35": 29,
            "36": -49,
            "37": 41,
            "38": -4,
            "39": -37,
            "40": 13,
            "41": 9,
            "42": 25,
            "43": 18,
            "44": -9,
            "45": 29,
            "46": -27,
            "47": -37
        },
        "23": {
            "0": 30,
            "1": -22,
            "2": 27,
            "3": -6,
            "4": 14,
            "5": 2,
            "6": -27,
            "7": -10,
            "8": -36,
            "9": -17,
            "10": -16,
            "11": 9,
            "12": 18,
            "13": -4,
            "14": 18,
            "15": 40,
            "16": 42,
            "17": 4,
            "18": -35,
            "19": 29,
            "20": -28,
            "21": -38,
            "22": 34,
            "24": -30,
            "25": -12,
            "26": -23,
            "27": -14,
            "28": -21,
            "29": 39,
            "30": -44,
            "31": 39,
            "32": 6,
            "33": 29,
            "34": 29,
            "35": -9,
            "36": 29,
            "37": -32,
            "38": 10,
            "39": -34,
            "40": -35,
            "41": -42,
            "42": -44,
            "43": -5,
            "44": -35,
            "45": -9,
            "46": 4,
            "47": 22
        },
        "24": {
            "0": -41,
            "1": 4,
            "2": 14,
            "3": 33,
            "4": -43,
            "5": 32,
            "6": 20,
            "7": -48,
            "8": 39,
            "9": 20,
            "10": -30,
            "11": -12,
            "12": 24,
            "13": -5,
            "14": 37,
            "15": -26,
            "16": -27,
            "17": -36,
            "18": -13,
            "19": -14,
            "20": -49,
            "21": 40,
            "22": 33,
            "23": -30,
            "25": 35,
            "26": -14,
            "27": -49,
            "28": -29,
            "29": 47,
            "30": -8,
            "31": -13,
            "32": 24,
            "33": 32,
            "34": -19,
            "35": -29,
            "36": 6,
            "37": 9,
            "38": -47,
            "39": 7,
            "40": -9,
            "41": -37,
            "42": 14,
            "43": 41,
            "44": 15,
            "45": -6,
            "46": 35,
            "47": 20
        },
        "25": {
            "0": 49,
            "1": 22,
            "2": 43,
            "3": 49,
            "4": 10,
            "5": 13,
            "6": -21,
            "7": -14,
            "8": 4,
            "9": 23,
            "10": 19,
            "11": -14,
            "12": 25,
            "13": 34,
            "14": -45,
            "15": 11,
            "16": 37,
            "17": -20,
            "18": -4,
            "19": -15,
            "20": 15,
            "21": 41,
            "22": 36,
            "23": -12,
            "24": 35,
            "26": 25,
            "27": -21,
            "28": 33,
            "29": -5,
            "30": -32,
            "31": -29,
            "32": 30,
            "33": 22,
            "34": 38,
            "35": -10,
            "36": 31,
            "37": 15,
            "38": -5,
            "39": -20,
            "40": -36,
            "41": -26,
            "42": 27,
            "43": 0,
            "44": 19,
            "45": -21,
            "46": -21,
            "47": -4
        },
        "26": {
            "0": -20,
            "1": -37,
            "2": -18,
            "3": 35,
            "4": -37,
            "5": -22,
            "6": 23,
            "7": 11,
            "8": 6,
            "9": -8,
            "10": -11,
            "11": -11,
            "12": 29,
            "13": 43,
            "14": 13,
            "15": 20,
            "16": -4,
            "17": 0,
            "18": 36,
            "19": -31,
            "20": 4,
            "21": 26,
            "22": 39,
            "23": -23,
            "24": -14,
            "25": 25,
            "27": 23,
            "28": -2,
            "29": 6,
            "30": -49,
            "31": -36,
            "32": 20,
            "33": 26,
            "34": -28,
            "35": -49,
            "36": -47,
            "37": -17,
            "38": -44,
            "39": 2,
            "40": 47,
            "41": 1,
            "42": 4,
            "43": 17,
            "44": -22,
            "45": 26,
            "46": 7,
            "47": 30
        },
        "27": {
            "0": -6,
            "1": 42,
            "2": 45,
            "3": -49,
            "4": -35,
            "5": -36,
            "6": -31,
            "7": -38,
            "8": -49,
            "9": -39,
            "10": 4,
            "11": -4,
            "12": 41,
            "13": 24,
            "14": 47,
            "15": 0,
            "16": -41,
            "17": 44,
            "18": -42,
            "19": 15,
            "20": 39,
            "21": 20,
            "22": 12,
            "23": -14,
            "24": -49,
            "25": -21,
            "26": 23,
            "28": -41,
            "29": -48,
            "30": -44,
            "31": 30,
            "32": -3,
            "33": 18,
            "34": 17,
            "35": -13,
            "36": 35,
            "37": 6,
            "38": 17,
            "39": 10,
            "40": 6,
            "41": 23,
            "42": -44,
            "43": -4,
            "44": -11,
            "45": 8,
            "46": 39,
            "47": 2
        },
        "28": {
            "0": 4,
            "1": -17,
            "2": -16,
            "3": -44,
            "4": 18,
            "5": -2,
            "6": -34,
            "7": -13,
            "8": 32,
            "9": -11,
            "10": -21,
            "11": 25,
            "12": 25,
            "13": -25,
            "14": 31,
            "15": -1,
            "16": -21,
            "17": 5,
            "18": -21,
            "19": 47,
            "20": -9,
            "21": -1,
            "22": 48,
            "23": -21,
            "24": -29,
            "25": 33,
            "26": -2,
            "27": -41,
            "29": 3,
            "30": 41,
            "31": 44,
            "32": 18,
            "33": -17,
            "34": 48,
            "35": 14,
            "36": 45,
            "37": -36,
            "38": 39,
            "39": 5,
            "40": 5,
            "41": -33,
            "42": -2,
            "43": 2,
            "44": -2,
            "45": -1,
            "46": -21,
            "47": -49
        },
        "29": {
            "0": -12,
            "1": 10,
            "2": 8,
            "3": 20,
            "4": 21,
            "5": 3,
            "6": 28,
            "7": -13,
            "8": -42,
            "9": -10,
            "10": 19,
            "11": -38,
            "12": -24,
            "13": 28,
            "14": -48,
            "15": -1,
            "16": 0,
            "17": -26,
            "18": 42,
            "19": 7,
            "20": -20,
            "21": 37,
            "22": 18,
            "23": 39,
            "24": 47,
            "25": -5,
            "26": 6,
            "27": -48,
            "28": 3,
            "30": 34,
            "31": -43,
            "32": -45,
            "33": -49,
            "34": 14,
            "35": -13,
            "36": -12,
            "37": -46,
            "38": -19,
            "39": -3,
            "40": 40,
            "41": 19,
            "42": -16,
            "43": -27,
            "44": 47,
            "45": 38,
            "46": -38,
            "47": -34
        },
        "30": {
            "0": -33,
            "1": -36,
            "2": 32,
            "3": -2,
            "4": -13,
            "5": -25,
            "6": 46,
            "7": 6,
            "8": 30,
            "9": 18,
            "10": -8,
            "11": -36,
            "12": 24,
            "13": -40,
            "14": -44,
            "15": -37,
            "16": 16,
            "17": 0,
            "18": 9,
            "19": -18,
            "20": 36,
            "21": 20,
            "22": 38,
            "23": -44,
            "24": -8,
            "25": -32,
            "26": -49,
            "27": -44,
            "28": 41,
            "29": 34,
            "31": -20,
            "32": 49,
            "33": -4,
            "34": -18,
            "35": -46,
            "36": 30,
            "37": 5,
            "38": -36,
            "39": 48,
            "40": -26,
            "41": 0,
            "42": 10,
            "43": -10,
            "44": 13,
            "45": 28,
            "46": -34,
            "47": 31
        },
        "31": {
            "0": 8,
            "1": 41,
            "2": 4,
            "3": 33,
            "4": 4,
            "5": -47,
            "6": -9,
            "7": 44,
            "8": 5,
            "9": -33,
            "10": 0,
            "11": -13,
            "12": 2,
            "13": 21,
            "14": 18,
            "15": 18,
            "16": -16,
            "17": 44,
            "18": 10,
            "19": 2,
            "20": -34,
            "21": 30,
            "22": 47,
            "23": 39,
            "24": -13,
            "25": -29,
            "26": -36,
            "27": 30,
            "28": 44,
            "29": -43,
            "30": -20,
            "32": -38,
            "33": 23,
            "34": -25,
            "35": -8,
            "36": 4,
            "37": 43,
            "38": -20,
            "39": 36,
            "40": 33,
            "41": 47,
            "42": 47,
            "43": -22,
            "44": -16,
            "45": 5,
            "46": 33,
            "47": 30
        },
        "32": {
            "0": 44,
            "1": 22,
            "2": 15,
            "3": 29,
            "4": -9,
            "5": -1,
            "6": 17,
            "7": -36,
            "8": -34,
            "9": -8,
            "10": 16,
            "11": 0,
            "12": 15,
            "13": -18,
            "14": 18,
            "15": 29,
            "16": -33,
            "17": -20,
            "18": -6,
            "19": -2,
            "20": 0,
            "21": 25,
            "22": 28,
            "23": 6,
            "24": 24,
            "25": 30,
            "26": 20,
            "27": -3,
            "28": 18,
            "29": -45,
            "30": 49,
            "31": -38,
            "33": -46,
            "34": 27,
            "35": 44,
            "36": -18,
            "37": -35,
            "38": 0,
            "39": 46,
            "40": 28,
            "41": 30,
            "42": 38,
            "43": -36,
            "44": -11,
            "45": -1,
            "46": 12,
            "47": 3
        },
        "33": {
            "0": 21,
            "1": 33,
            "2": 0,
            "3": 9,
            "4": -48,
            "5": 2,
            "6": -4,
            "7": -19,
            "8": 33,
            "9": 48,
            "10": 46,
            "11": -27,
            "12": 48,
            "13": 32,
            "14": -3,
            "15": 26,
            "16": -2,
            "17": 3,
            "18": -44,
            "19": 37,
            "20": -35,
            "21": -9,
            "22": 33,
            "23": 29,
            "24": 32,
            "25": 22,
            "26": 26,
            "27": 18,
            "28": -17,
            "29": -49,
            "30": -4,
            "31": 23,
            "32": -46,
            "34": 11,
            "35": -15,
            "36": -6,
            "37": 37,
            "38": 5,
            "39": -7,
            "40": 6,
            "41": 20,
            "42": -29,
            "43": 9,
            "44": 23,
            "45": 26,
            "46": -5,
            "47": 47
        },
        "34": {
            "0": -25,
            "1": -32,
            "2": -47,
            "3": -28,
            "4": -43,
            "5": -45,
            "6": 12,
            "7": 18,
            "8": -17,
            "9": 0,
            "10": 21,
            "11": 37,
            "12": 42,
            "13": 37,
            "14": 39,
            "15": -47,
            "16": 21,
            "17": 29,
            "18": -3,
            "19": 42,
            "20": -17,
            "21": -31,
            "22": -46,
            "23": 29,
            "24": -19,
            "25": 38,
            "26": -28,
            "27": 17,
            "28": 48,
            "29": 14,
            "30": -18,
            "31": -25,
            "32": 27,
            "33": 11,
            "35": 24,
            "36": -41,
            "37": 28,
            "38": 12,
            "39": -26,
            "40": -20,
            "41": 26,
            "42": 16,
            "43": -39,
            "44": 11,
            "45": 23,
            "46": -5,
            "47": 2
        },
        "35": {
            "0": 2,
            "1": 30,
            "2": -34,
            "3": -25,
            "4": -49,
            "5": 34,
            "6": -23,
            "7": -5,
            "8": 36,
            "9": 4,
            "10": 20,
            "11": 20,
            "12": -44,
            "13": 36,
            "14": 18,
            "15": -32,
            "16": 41,
            "17": 33,
            "18": 39,
            "19": -10,
            "20": 6,
            "21": -34,
            "22": 29,
            "23": -9,
            "24": -29,
            "25": -10,
            "26": -49,
            "27": -13,
            "28": 14,
            "29": -13,
            "30": -46,
            "31": -8,
            "32": 44,
            "33": -15,
            "34": 24,
            "36": 1,
            "37": -47,
            "38": 30,
            "39": 22,
            "40": -19,
            "41": -45,
            "42": 3,
            "43": 40,
            "44": -40,
            "45": 5,
            "46": 18,
            "47": -23
        },
        "36": {
            "0": -39,
            "1": 9,
            "2": 13,
            "3": -17,
            "4": 43,
            "5": 41,
            "6": -11,
            "7": -42,
            "8": -48,
            "9": 0,
            "10": 8,
            "11": 16,
            "12": -4,
            "13": 12,
            "14": -5,
            "15": -11,
            "16": 42,
            "17": 49,
            "18": 4,
            "19": 38,
            "20": -33,
            "21": 10,
            "22": -49,
            "23": 29,
            "24": 6,
            "25": 31,
            "26": -47,
            "27": 35,
            "28": 45,
            "29": -12,
            "30": 30,
            "31": 4,
            "32": -18,
            "33": -6,
            "34": -41,
            "35": 1,
            "37": 49,
            "38": -14,
            "39": 6,
            "40": -26,
            "41": -2,
            "42": 10,
            "43": 31,
            "44": -25,
            "45": 46,
            "46": 16,
            "47": 44
        },
        "37": {
            "0": 41,
            "1": 48,
            "2": -38,
            "3": -17,
            "4": -41,
            "5": 30,
            "6": 19,
            "7": 28,
            "8": -10,
            "9": 27,
            "10": 0,
            "11": -23,
            "12": 48,
            "13": 47,
            "14": 26,
            "15": 47,
            "16": -15,
            "17": 21,
            "18": 5,
            "19": 37,
            "20": 12,
            "21": 29,
            "22": 41,
            "23": -32,
            "24": 9,
            "25": 15,
            "26": -17,
            "27": 6,
            "28": -36,
            "29": -46,
            "30": 5,
            "31": 43,
            "32": -35,
            "33": 37,
            "34": 28,
            "35": -47,
            "36": 49,
            "38": 35,
            "39": -32,
            "40": -39,
            "41": -5,
            "42": -12,
            "43": 26,
            "44": 41,
            "45": 43,
            "46": 5,
            "47": -48
        },
        "38": {
            "0": 45,
            "1": -31,
            "2": -45,
            "3": -47,
            "4": -2,
            "5": -17,
            "6": -1,
            "7": 10,
            "8": -28,
            "9": -47,
            "10": -6,
            "11": 9,
            "12": 48,
            "13": 4,
            "14": -21,
            "15": 7,
            "16": -41,
            "17": -16,
            "18": -21,
            "19": 41,
            "20": 16,
            "21": -23,
            "22": -4,
            "23": 10,
            "24": -47,
            "25": -5,
            "26": -44,
            "27": 17,
            "28": 39,
            "29": -19,
            "30": -36,
            "31": -20,
            "32": 0,
            "33": 5,
            "34": 12,
            "35": 30,
            "36": -14,
            "37": 35,
            "39": -38,
            "40": -12,
            "41": -40,
            "42": 32,
            "43": -23,
            "44": -29,
            "45": 33,
            "46": 11,
            "47": -31
        },
        "39": {
            "0": 1,
            "1": 44,
            "2": 13,
            "3": 12,
            "4": -20,
            "5": -47,
            "6": 28,
            "7": 0,
            "8": -6,
            "9": -10,
            "10": 37,
            "11": 30,
            "12": 27,
            "13": -19,
            "14": -33,
            "15": 17,
            "16": -44,
            "17": 33,
            "18": 38,
            "19": 18,
            "20": -46,
            "21": -3,
            "22": -37,
            "23": -34,
            "24": 7,
            "25": -20,
            "26": 2,
            "27": 10,
            "28": 5,
            "29": -3,
            "30": 48,
            "31": 36,
            "32": 46,
            "33": -7,
            "34": -26,
            "35": 22,
            "36": 6,
            "37": -32,
            "38": -38,
            "40": 39,
            "41": -47,
            "42": 29,
            "43": -34,
            "44": 31,
            "45": 3,
            "46": 42,
            "47": -4
        },
        "40": {
            "0": -14,
            "1": -1,
            "2": -8,
            "3": -25,
            "4": 48,
            "5": -23,
            "6": -42,
            "7": -2,
            "8": 34,
            "9": -35,
            "10": -3,
            "11": -6,
            "12": -22,
            "13": -6,
            "14": 0,
            "15": 37,
            "16": -7,
            "17": 22,
            "18": 23,
            "19": 4,
            "20": 36,
            "21": 17,
            "22": 13,
            "23": -35,
            "24": -9,
            "25": -36,
            "26": 47,
            "27": 6,
            "28": 5,
            "29": 40,
            "30": -26,
            "31": 33,
            "32": 28,
            "33": 6,
            "34": -20,
            "35": -19,
            "36": -26,
            "37": -39,
            "38": -12,
            "39": 39,
            "41": 4,
            "42": -15,
            "43": 38,
            "44": -31,
            "45": 16,
            "46": 16,
            "47": -24
        },
        "41": {
            "0": -23,
            "1": 29,
            "2": -29,
            "3": -3,
            "4": 20,
            "5": -29,
            "6": -9,
            "7": -4,
            "8": -36,
            "9": 21,
            "10": -44,
            "11": 35,
            "12": -27,
            "13": -22,
            "14": 35,
            "15": 24,
            "16": 9,
            "17": 0,
            "18": -36,
            "19": 29,
            "20": -49,
            "21": 32,
            "22": 9,
            "23": -42,
            "24": -37,
            "25": -26,
            "26": 1,
            "27": 23,
            "28": -33,
            "29": 19,
            "30": 0,
            "31": 47,
            "32": 30,
            "33": 20,
            "34": 26,
            "35": -45,
            "36": -2,
            "37": -5,
            "38": -40,
            "39": -47,
            "40": 4,
            "42": 46,
            "43": -27,
            "44": 48,
            "45": 3,
            "46": 41,
            "47": -38
        },
        "42": {
            "0": 39,
            "1": -6,
            "2": -16,
            "3": -29,
            "4": 46,
            "5": 48,
            "6": 41,
            "7": -26,
            "8": -34,
            "9": 31,
            "10": -29,
            "11": 46,
            "12": 26,
            "13": 49,
            "14": 40,
            "15": 22,
            "16": 28,
            "17": 27,
            "18": 17,
            "19": 13,
            "20": 41,
            "21": -36,
            "22": 25,
            "23": -44,
            "24": 14,
            "25": 27,
            "26": 4,
            "27": -44,
            "28": -2,
            "29": -16,
            "30": 10,
            "31": 47,
            "32": 38,
            "33": -29,
            "34": 16,
            "35": 3,
            "36": 10,
            "37": -12,
            "38": 32,
            "39": 29,
            "40": -15,
            "41": 46,
            "43": -48,
            "44": -40,
            "45": 44,
            "46": 12,
            "47": 12
        },
        "43": {
            "0": -38,
            "1": 28,
            "2": -29,
            "3": 10,
            "4": 20,
            "5": 46,
            "6": 8,
            "7": 41,
            "8": 37,
            "9": 10,
            "10": 19,
            "11": 35,
            "12": -44,
            "13": 29,
            "14": 32,
            "15": -7,
            "16": 13,
            "17": 29,
            "18": -28,
            "19": 9,
            "20": -32,
            "21": 16,
            "22": 18,
            "23": -5,
            "24": 41,
            "25": 0,
            "26": 17,
            "27": -4,
            "28": 2,
            "29": -27,
            "30": -10,
            "31": -22,
            "32": -36,
            "33": 9,
            "34": -39,
            "35": 40,
            "36": 31,
            "37": 26,
            "38": -23,
            "39": -34,
            "40": 38,
            "41": -27,
            "42": -48,
            "44": -32,
            "45": -31,
            "46": 42,
            "47": 16
        },
        "44": {
            "0": -32,
            "1": 35,
            "2": -29,
            "3": 22,
            "4": -45,
            "5": -3,
            "6": 39,
            "7": 12,
            "8": 4,
            "9": 46,
            "10": 12,
            "11": -29,
            "12": 9,
            "13": 1,
            "14": -34,
            "15": -22,
            "16": 27,
            "17": -30,
            "18": -36,
            "19": 14,
            "20": -42,
            "21": -2,
            "22": -9,
            "23": -35,
            "24": 15,
            "25": 19,
            "26": -22,
            "27": -11,
            "28": -2,
            "29": 47,
            "30": 13,
            "31": -16,
            "32": -11,
            "33": 23,
            "34": 11,
            "35": -40,
            "36": -25,
            "37": 41,
            "38": -29,
            "39": 31,
            "40": -31,
            "41": 48,
            "42": -40,
            "43": -32,
            "45": -3,
            "46": -48,
            "47": 40
        },
        "45": {
            "0": -12,
            "1": -14,
            "2": -25,
            "3": 26,
            "4": 40,
            "5": -13,
            "6": -12,
            "7": 49,
            "8": 13,
            "9": -4,
            "10": -47,
            "11": -48,
            "12": 39,
            "13": -42,
            "14": -33,
            "15": 25,
            "16": 27,
            "17": 42,
            "18": -24,
            "19": 19,
            "20": -11,
            "21": 12,
            "22": 29,
            "23": -9,
            "24": -6,
            "25": -21,
            "26": 26,
            "27": 8,
            "28": -1,
            "29": 38,
            "30": 28,
            "31": 5,
            "32": -1,
            "33": 26,
            "34": 23,
            "35": 5,
            "36": 46,
            "37": 43,
            "38": 33,
            "39": 3,
            "40": 16,
            "41": 3,
            "42": 44,
            "43": -31,
            "44": -3,
            "46": 13,
            "47": -13
        },
        "46": {
            "0": -2,
            "1": 28,
            "2": 3,
            "3": 44,
            "4": 26,
            "5": -8,
            "6": -5,
            "7": 34,
            "8": 14,
            "9": -48,
            "10": -40,
            "11": 12,
            "12": 7,
            "13": -26,
            "14": 8,
            "15": -49,
            "16": -17,
            "17": 31,
            "18": -40,
            "19": 0,
            "20": -44,
            "21": -41,
            "22": -27,
            "23": 4,
            "24": 35,
            "25": -21,
            "26": 7,
            "27": 39,
            "28": -21,
            "29": -38,
            "30": -34,
            "31": 33,
            "32": 12,
            "33": -5,
            "34": -5,
            "35": 18,
            "36": 16,
            "37": 5,
            "38": 11,
            "39": 42,
            "40": 16,
            "41": 41,
            "42": 12,
            "43": 42,
            "44": -48,
            "45": 13,
            "47": 7
        },
        "47": {
            "0": 31,
            "1": 37,
            "2": 39,
            "3": -16,
            "4": -28,
            "5": 41,
            "6": -44,
            "7": -29,
            "8": 48,
            "9": -45,
            "10": 28,
            "11": 43,
            "12": -21,
            "13": 0,
            "14": -49,
            "15": -43,
            "16": 11,
            "17": -14,
            "18": -43,
            "19": 25,
            "20": 47,
            "21": -30,
            "22": -37,
            "23": 22,
            "24": 20,
            "25": -4,
            "26": 30,
            "27": 2,
            "28": -49,
            "29": -34,
            "30": 31,
            "31": 30,
            "32": 3,
            "33": 47,
            "34": 2,
            "35": -23,
            "36": 44,
            "37": -48,
            "38": -31,
            "39": -4,
            "40": -24,
            "41": -38,
            "42": 12,
            "43": 16,
            "44": 40,
            "45": -13,
            "46": 7
        }
    },
    "Gamma": 24
}