{
    "knapsack_size": 10000,
    "Gamma": 49,
    "n_items": 50,
    "costs": {
        "0": {
            "u": 204,
            "a": 173,
            "l": 63
        },
        "1": {
            "u": 204,
            "a": 124,
            "l": 46
        },
        "2": {
            "u": 204,
            "a": 157,
            "l": 77
        },
        "3": {
            "u": 204,
            "a": 180,
            "l": 66
        },
        "4": {
            "u": 204,
            "a": 134,
            "l": 51
        },
        "5": {
            "u": 204,
            "a": 137,
            "l": 47
        },
        "6": {
            "u": 204,
            "a": 199,
            "l": 72
        },
        "7": {
            "u": 204,
            "a": 154,
            "l": 76
        },
        "8": {
            "u": 204,
            "a": 152,
            "l": 62
        },
        "9": {
            "u": 204,
            "a": 108,
            "l": 44
        },
        "10": {
            "u": 204,
            "a": 158,
            "l": 77
        },
        "11": {
            "u": 204,
            "a": 139,
            "l": 58
        },
        "12": {
            "u": 204,
            "a": 194,
            "l": 91
        },
        "13": {
            "u": 204,
            "a": 141,
            "l": 51
        },
        "14": {
            "u": 204,
            "a": 153,
            "l": 61
        },
        "15": {
            "u": 204,
            "a": 198,
            "l": 98
        },
        "16": {
            "u": 204,
            "a": 141,
            "l": 57
        },
        "17": {
            "u": 204,
            "a": 115,
            "l": 55
        },
        "18": {
            "u": 204,
            "a": 178,
            "l": 66
        },
        "19": {
            "u": 204,
            "a": 138,
            "l": 63
        },
        "20": {
            "u": 204,
            "a": 185,
            "l": 72
        },
        "21": {
            "u": 204,
            "a": 198,
            "l": 97
        },
        "22": {
            "u": 204,
            "a": 139,
            "l": 53
        },
        "23": {
            "u": 204,
            "a": 105,
            "l": 48
        },
        "24": {
            "u": 204,
            "a": 131,
            "l": 47
        },
        "25": {
            "u": 204,
            "a": 187,
            "l": 69
        },
        "26": {
            "u": 204,
            "a": 125,
            "l": 49
        },
        "27": {
            "u": 204,
            "a": 112,
            "l": 51
        },
        "28": {
            "u": 204,
            "a": 105,
            "l": 52
        },
        "29": {
            "u": 204,
            "a": 133,
            "l": 50
        },
        "30": {
            "u": 204,
            "a": 112,
            "l": 44
        },
        "31": {
            "u": 204,
            "a": 142,
            "l": 55
        },
        "32": {
            "u": 204,
            "a": 132,
            "l": 59
        },
        "33": {
            "u": 204,
            "a": 155,
            "l": 74
        },
        "34": {
            "u": 204,
            "a": 180,
            "l": 88
        },
        "35": {
            "u": 204,
            "a": 141,
            "l": 58
        },
        "36": {
            "u": 204,
            "a": 149,
            "l": 61
        },
        "37": {
            "u": 204,
            "a": 186,
            "l": 85
        },
        "38": {
            "u": 204,
            "a": 146,
            "l": 54
        },
        "39": {
            "u": 204,
            "a": 195,
            "l": 65
        },
        "40": {
            "u": 204,
            "a": 148,
            "l": 60
        },
        "41": {
            "u": 204,
            "a": 110,
            "l": 37
        },
        "42": {
            "u": 204,
            "a": 164,
            "l": 68
        },
        "43": {
            "u": 204,
            "a": 171,
            "l": 58
        },
        "44": {
            "u": 204,
            "a": 178,
            "l": 76
        },
        "45": {
            "u": 204,
            "a": 157,
            "l": 70
        },
        "46": {
            "u": 204,
            "a": 176,
            "l": 83
        },
        "47": {
            "u": 204,
            "a": 180,
            "l": 60
        },
        "48": {
            "u": 204,
            "a": 124,
            "l": 61
        },
        "49": {
            "u": 205,
            "a": 110,
            "l": 52
        }
    },
    "profits": {
        "0": 483,
        "1": 322,
        "2": 363,
        "3": 471,
        "4": 418,
        "5": 236,
        "6": 412,
        "7": 497,
        "8": 288,
        "9": 243,
        "10": 437,
        "11": 225,
        "12": 358,
        "13": 299,
        "14": 475,
        "15": 461,
        "16": 447,
        "17": 208,
        "18": 370,
        "19": 220,
        "20": 439,
        "21": 340,
        "22": 269,
        "23": 259,
        "24": 480,
        "25": 444,
        "26": 352,
        "27": 244,
        "28": 352,
        "29": 382,
        "30": 336,
        "31": 323,
        "32": 263,
        "33": 479,
        "34": 275,
        "35": 492,
        "36": 397,
        "37": 352,
        "38": 503,
        "39": 466,
        "40": 470,
        "41": 206,
        "42": 371,
        "43": 363,
        "44": 421,
        "45": 254,
        "46": 417,
        "47": 334,
        "48": 344,
        "49": 206
    },
    "synergies": {
        "0": {
            "1": -30,
            "2": 32,
            "3": 40,
            "4": 32,
            "5": -47,
            "6": 42,
            "7": 31,
            "8": -18,
            "9": 0,
            "10": -24,
            "11": -38,
            "12": 14,
            "13": -13,
            "14": 42,
            "15": -32,
            "16": -41,
            "17": 44,
            "18": -8,
            "19": 44,
            "20": 10,
            "21": 15,
            "22": 33,
            "23": 43,
            "24": 11,
            "25": 32,
            "26": -40,
            "27": -29,
            "28": -19,
            "29": 39,
            "30": -48,
            "31": -7,
            "32": 46,
            "33": -22,
            "34": -35,
            "35": 37,
            "36": 47,
            "37": 5,
            "38": -39,
            "39": 10,
            "40": 48,
            "41": 0,
            "42": -17,
            "43": 24,
            "44": 15,
            "45": 37,
            "46": -1,
            "47": -37,
            "48": 17,
            "49": 32
        },
        "1": {
            "0": -30,
            "2": -49,
            "3": -22,
            "4": 30,
            "5": -28,
            "6": 40,
            "7": 30,
            "8": -44,
            "9": -16,
            "10": -23,
            "11": -16,
            "12": -35,
            "13": -31,
            "14": 16,
            "15": 35,
            "16": 21,
            "17": 19,
            "18": 20,
            "19": 26,
            "20": 25,
            "21": -12,
            "22": 36,
            "23": 27,
            "24": 0,
            "25": 14,
            "26": 24,
            "27": -40,
            "28": -47,
            "29": 8,
            "30": 8,
            "31": 0,
            "32": 29,
            "33": 46,
            "34": 38,
            "35": -27,
            "36": -18,
            "37": -4,
            "38": 29,
            "39": -30,
            "40": -22,
            "41": -45,
            "42": 39,
            "43": -47,
            "44": 30,
            "45": 32,
            "46": 22,
            "47": 48,
            "48": 11,
            "49": -29
        },
        "2": {
            "0": 32,
            "1": -49,
            "3": -9,
            "4": 22,
            "5": -44,
            "6": -10,
            "7": 20,
            "8": -46,
            "9": 45,
            "10": 37,
            "11": -5,
            "12": -47,
            "13": -49,
            "14": -5,
            "15": -22,
            "16": 35,
            "17": -37,
            "18": 3,
            "19": -1,
            "20": 48,
            "21": 8,
            "22": -2,
            "23": -1,
            "24": 38,
            "25": 2,
            "26": -24,
            "27": 23,
            "28": -38,
            "29": 26,
            "30": 13,
            "31": -39,
            "32": 38,
            "33": 4,
            "34": 48,
            "35": 45,
            "36": -18,
            "37": -36,
            "38": -13,
            "39": -35,
            "40": 20,
            "41": -39,
            "42": -25,
            "43": -48,
            "44": -36,
            "45": -28,
            "46": 10,
            "47": 5,
            "48": -23,
            "49": -35
        },
        "3": {
            "0": 40,
            "1": -22,
            "2": -9,
            "4": -31,
            "5": 35,
            "6": -6,
            "7": 30,
            "8": 34,
            "9": 32,
            "10": -42,
            "11": -33,
            "12": -2,
            "13": 20,
            "14": 42,
            "15": 39,
            "16": -9,
            "17": 43,
            "18": -2,
            "19": -13,
            "20": -14,
            "21": -14,
            "22": -37,
            "23": 8,
            "24": 29,
            "25": 21,
            "26": 0,
            "27": 18,
            "28": -25,
            "29": 12,
            "30": 22,
            "31": 36,
            "32": -17,
            "33": -29,
            "34": 47,
            "35": -7,
            "36": 19,
            "37": -32,
            "38": -31,
            "39": 42,
            "40": -7,
            "41": -10,
            "42": -16,
            "43": 1,
            "44": -2,
            "45": -2,
            "46": 42,
            "47": 13,
            "48": 20,
            "49": -24
        },
        "4": {
            "0": 32,
            "1": 30,
            "2": 22,
            "3": -31,
            "5": 27,
            "6": -11,
            "7": 14,
            "8": -17,
            "9": 42,
            "10": -21,
            "11": 44,
            "12": 35,
            "13": 12,
            "14": 19,
            "15": -35,
            "16": -16,
            "17": 6,
            "18": -24,
            "19": -42,
            "20": -34,
            "21": 24,
            "22": -7,
            "23": 6,
            "24": 26,
            "25": 11,
            "26": 5,
            "27": -27,
            "28": -26,
            "29": 46,
            "30": -45,
            "31": 23,
            "32": -15,
            "33": 24,
            "34": 30,
            "35": 46,
            "36": -5,
            "37": -35,
            "38": 17,
            "39": -48,
            "40": -1,
            "41": 16,
            "42": 47,
            "43": -8,
            "44": -19,
            "45": 27,
            "46": -42,
            "47": -21,
            "48": 0,
            "49": 19
        },
        "5": {
            "0": -47,
            "1": -28,
            "2": -44,
            "3": 35,
            "4": 27,
            "6": -3,
            "7": -1,
            "8": 47,
            "9": 2,
            "10": 43,
            "11": 39,
            "12": 2,
            "13": 11,
            "14": -3,
            "15": 49,
            "16": 38,
            "17": -10,
            "18": 45,
            "19": -38,
            "20": -6,
            "21": -1,
            "22": -4,
            "23": 23,
            "24": -27,
            "25": -46,
            "26": -39,
            "27": -16,
            "28": -48,
            "29": -38,
            "30": 4,
            "31": 33,
            "32": -21,
            "33": -37,
            "34": 6,
            "35": 25,
            "36": 42,
            "37": -43,
            "38": 31,
            "39": 28,
            "40": 22,
            "41": 40,
            "42": 4,
            "43": -7,
            "44": 38,
            "45": -36,
            "46": 33,
            "47": -41,
            "48": 21,
            "49": 37
        },
        "6": {
            "0": 42,
            "1": 40,
            "2": -10,
            "3": -6,
            "4": -11,
            "5": -3,
            "7": 7,
            "8": 8,
            "9": -14,
            "10": -10,
            "11": 0,
            "12": -16,
            "13": 45,
            "14": 39,
            "15": 41,
            "16": 43,
            "17": -28,
            "18": -25,
            "19": -43,
            "20": -12,
            "21": -36,
            "22": -17,
            "23": -26,
            "24": -2,
            "25": 10,
            "26": 6,
            "27": 27,
            "28": 5,
            "29": 16,
            "30": -9,
            "31": -23,
            "32": 17,
            "33": -26,
            "34": 6,
            "35": 44,
            "36": 27,
            "37": -16,
            "38": -48,
            "39": 48,
            "40": -40,
            "41": -38,
            "42": -40,
            "43": 19,
            "44": 26,
            "45": -25,
            "46": 44,
            "47": 7,
            "48": -48,
            "49": -47
        },
        "7": {
            "0": 31,
            "1": 30,
            "2": 20,
            "3": 30,
            "4": 14,
            "5": -1,
            "6": 7,
            "8": -10,
            "9": 28,
            "10": -13,
            "11": 13,
            "12": -8,
            "13": 34,
            "14": -39,
            "15": 37,
            "16": -33,
            "17": 24,
            "18": -17,
            "19": 48,
            "20": 9,
            "21": -17,
            "22": 32,
            "23": -19,
            "24": -33,
            "25": -27,
            "26": 8,
            "27": 29,
            "28": -19,
            "29": 9,
            "30": 25,
            "31": -25,
            "32": -31,
            "33": 16,
            "34": -39,
            "35": -1,
            "36": -4,
            "37": 20,
            "38": -22,
            "39": -1,
            "40": 48,
            "41": -22,
            "42": 13,
            "43": 1,
            "44": -41,
            "45": 10,
            "46": 5,
            "47": -6,
            "48": 14,
            "49": -42
        },
        "8": {
            "0": -18,
            "1": -44,
            "2": -46,
            "3": 34,
            "4": -17,
            "5": 47,
            "6": 8,
            "7": -10,
            "9": -47,
            "10": -35,
            "11": 35,
            "12": 0,
            "13": -35,
            "14": 20,
            "15": -29,
            "16": 12,
            "17": -20,
            "18": 20,
            "19": -19,
            "20": -20,
            "21": 10,
            "22": -39,
            "23": 16,
            "24": -38,
            "25": 28,
            "26": -12,
            "27": -49,
            "28": 23,
            "29": -27,
            "30": 1,
            "31": -23,
            "32": -20,
            "33": 35,
            "34": 38,
            "35": 4,
            "36": -10,
            "37": -17,
            "38": -21,
            "39": -8,
            "40": -26,
            "41": 44,
            "42": 36,
            "43": -35,
            "44": -2,
            "45": 46,
            "46": 36,
            "47": 15,
            "48": -10,
            "49": -4
        },
        "9": {
            "0": 0,
            "1": -16,
            "2": 45,
            "3": 32,
            "4": 42,
            "5": 2,
            "6": -14,
            "7": 28,
            "8": -47,
            "10": 21,
            "11": -29,
            "12": 43,
            "13": -4,
            "14": 46,
            "15": 38,
            "16": -31,
            "17": -14,
            "18": 22,
            "19": -23,
            "20": 23,
            "21": -23,
            "22": 14,
            "23": -6,
            "24": 37,
            "25": 48,
            "26": -47,
            "27": 29,
            "28": 29,
            "29": 23,
            "30": -7,
            "31": -25,
            "32": -6,
            "33": -29,
            "34": 3,
            "35": -4,
            "36": 13,
            "37": -2,
            "38": -4,
            "39": 6,
            "40": -32,
            "41": -6,
            "42": 16,
            "43": -16,
            "44": 13,
            "45": 13,
            "46": -23,
            "47": 46,
            "48": -26,
            "49": -11
        },
        "10": {
            "0": -24,
            "1": -23,
            "2": 37,
            "3": -42,
            "4": -21,
            "5": 43,
            "6": -10,
            "7": -13,
            "8": -35,
            "9": 21,
            "11": 17,
            "12": 8,
            "13": -30,
            "14": 41,
            "15": 8,
            "16": -41,
            "17": 25,
            "18": 11,
            "19": -42,
            "20": -5,
            "21": -42,
            "22": 9,
            "23": -20,
            "24": 8,
            "25": 46,
            "26": 41,
            "27": -15,
            "28": 0,
            "29": 13,
            "30": 4,
            "31": 29,
            "32": 24,
            "33": -21,
            "34": 26,
            "35": 31,
            "36": -10,
            "37": 38,
            "38": -4,
            "39": 0,
            "40": 8,
            "41": 47,
            "42": -11,
            "43": -30,
            "44": 34,
            "45": 6,
            "46": -41,
            "47": 43,
            "48": 15,
            "49": 34
        },
        "11": {
            "0": -38,
            "1": -16,
            "2": -5,
            "3": -33,
            "4": 44,
            "5": 39,
            "6": 0,
            "7": 13,
            "8": 35,
            "9": -29,
            "10": 17,
            "12": -4,
            "13": -26,
            "14": -39,
            "15": -2,
            "16": 0,
            "17": -36,
            "18": 34,
            "19": -19,
            "20": -29,
            "21": 26,
            "22": 35,
            "23": -5,
            "24": 18,
            "25": -8,
            "26": -5,
            "27": 11,
            "28": -14,
            "29": 36,
            "30": 32,
            "31": 21,
            "32": 29,
            "33": -21,
            "34": 49,
            "35": -3,
            "36": 25,
            "37": 8,
            "38": -3,
            "39": -36,
            "40": -46,
            "41": 23,
            "42": -13,
            "43": 25,
            "44": 20,
            "45": 18,
            "46": 48,
            "47": 18,
            "48": -19,
            "49": -16
        },
        "12": {
            "0": 14,
            "1": -35,
            "2": -47,
            "3": -2,
            "4": 35,
            "5": 2,
            "6": -16,
            "7": -8,
            "8": 0,
            "9": 43,
            "10": 8,
            "11": -4,
            "13": -14,
            "14": -41,
            "15": -31,
            "16": -46,
            "17": -35,
            "18": 27,
            "19": 11,
            "20": -24,
            "21": -27,
            "22": -26,
            "23": 11,
            "24": 39,
            "25": 8,
            "26": 25,
            "27": 13,
            "28": 27,
            "29": -38,
            "30": 33,
            "31": -38,
            "32": -5,
            "33": 49,
            "34": -24,
            "35": 30,
            "36": 12,
            "37": 6,
            "38": 46,
            "39": -25,
            "40": -7,
            "41": 15,
            "42": 35,
            "43": -16,
            "44": -34,
            "45": -11,
            "46": -18,
            "47": -28,
            "48": 8,
            "49": 19
        },
        "13": {
            "0": -13,
            "1": -31,
            "2": -49,
            "3": 20,
            "4": 12,
            "5": 11,
            "6": 45,
            "7": 34,
            "8": -35,
            "9": -4,
            "10": -30,
            "11": -26,
            "12": -14,
            "14": -21,
            "15": -33,
            "16": 24,
            "17": -39,
            "18": 38,
            "19": 44,
            "20": 44,
            "21": 46,
            "22": -7,
            "23": 17,
            "24": -44,
            "25": 29,
            "26": 1,
            "27": 27,
            "28": 25,
            "29": -5,
            "30": -3,
            "31": 32,
            "32": -40,
            "33": -22,
            "34": -41,
            "35": -30,
            "36": 2,
            "37": 28,
            "38": -49,
            "39": 22,
            "40": 12,
            "41": 2,
            "42": -18,
            "43": 7,
            "44": -44,
            "45": 16,
            "46": -33,
            "47": 4,
            "48": -44,
            "49": -45
        },
        "14": {
            "0": 42,
            "1": 16,
            "2": -5,
            "3": 42,
            "4": 19,
            "5": -3,
            "6": 39,
            "7": -39,
            "8": 20,
            "9": 46,
            "10": 41,
            "11": -39,
            "12": -41,
            "13": -21,
            "15": -29,
            "16": -29,
            "17": -8,
            "18": -32,
            "19": -40,
            "20": -9,
            "21": -6,
            "22": -14,
            "23": -18,
            "24": 21,
            "25": 20,
            "26": -6,
            "27": 28,
            "28": -27,
            "29": 5,
            "30": -34,
            "31": 25,
            "32": -34,
            "33": 41,
            "34": 21,
            "35": -16,
            "36": -28,
            "37": -6,
            "38": 11,
            "39": 38,
            "40": 25,
            "41": 28,
            "42": 49,
            "43": -36,
            "44": 34,
            "45": 12,
            "46": 34,
            "47": 42,
            "48": 37,
            "49": 28
        },
        "15": {
            "0": -32,
            "1": 35,
            "2": -22,
            "3": 39,
            "4": -35,
            "5": 49,
            "6": 41,
            "7": 37,
            "8": -29,
            "9": 38,
            "10": 8,
            "11": -2,
            "12": -31,
            "13": -33,
            "14": -29,
            "16": -14,
            "17": 32,
            "18": 43,
            "19": -46,
            "20": -28,
            "21": -44,
            "22": -32,
            "23": -39,
            "24": -17,
            "25": -33,
            "26": -11,
            "27": -21,
            "28": 33,
            "29": 47,
            "30": 42,
            "31": 42,
            "32": 5,
            "33": -45,
            "34": 37,
            "35": 8,
            "36": -29,
            "37": 38,
            "38": 37,
            "39": 20,
            "40": 32,
            "41": 3,
            "42": 18,
            "43": -14,
            "44": 32,
            "45": 14,
            "46": -25,
            "47": -27,
            "48": 41,
            "49": -21
        },
        "16": {
            "0": -41,
            "1": 21,
            "2": 35,
            "3": -9,
            "4": -16,
            "5": 38,
            "6": 43,
            "7": -33,
            "8": 12,
            "9": -31,
            "10": -41,
            "11": 0,
            "12": -46,
            "13": 24,
            "14": -29,
            "15": -14,
            "17": -21,
            "18": -41,
            "19": 10,
            "20": 44,
            "21": -20,
            "22": 32,
            "23": -48,
            "24": 42,
            "25": 4,
            "26": 49,
            "27": -29,
            "28": -33,
            "29": -45,
            "30": 24,
            "31": -30,
            "32": 15,
            "33": -32,
            "34": -13,
            "35": -1,
            "36": -44,
            "37": 20,
            "38": -17,
            "39": -49,
            "40": 12,
            "41": 31,
            "42": -17,
            "43": 23,
            "44": -36,
            "45": -45,
            "46": 44,
            "47": -42,
            "48": 28,
            "49": 46
        },
        "17": {
            "0": 44,
            "1": 19,
            "2": -37,
            "3": 43,
            "4": 6,
            "5": -10,
            "6": -28,
            "7": 24,
            "8": -20,
            "9": -14,
            "10": 25,
            "11": -36,
            "12": -35,
            "13": -39,
            "14": -8,
            "15": 32,
            "16": -21,
            "18": 20,
            "19": -9,
            "20": -24,
            "21": -5,
            "22": -10,
            "23": -42,
            "24": -6,
            "25": 19,
            "26": -14,
            "27": -21,
            "28": -44,
            "29": 12,
            "30": 22,
            "31": -17,
            "32": -17,
            "33": 26,
            "34": 19,
            "35": 49,
            "36": -31,
            "37": 28,
            "38": -33,
            "39": -27,
            "40": -27,
            "41": -15,
            "42": 25,
            "43": 21,
            "44": 7,
            "45": 44,
            "46": 12,
            "47": -1,
            "48": 48,
            "49": 36
        },
        "18": {
            "0": -8,
            "1": 20,
            "2": 3,
            "3": -2,
            "4": -24,
            "5": 45,
            "6": -25,
            "7": -17,
            "8": 20,
            "9": 22,
            "10": 11,
            "11": 34,
            "12": 27,
            "13": 38,
            "14": -32,
            "15": 43,
            "16": -41,
            "17": 20,
            "19": -3,
            "20": -21,
            "21": 45,
            "22": -32,
            "23": -43,
            "24": 23,
            "25": 13,
            "26": -26,
            "27": -36,
            "28": -2,
            "29": 13,
            "30": 29,
            "31": 23,
            "32": 28,
            "33": -24,
            "34": 29,
            "35": -20,
            "36": -25,
            "37": -3,
            "38": 16,
            "39": 16,
            "40": 11,
            "41": 15,
            "42": -14,
            "43": 43,
            "44": 6,
            "45": 6,
            "46": -41,
            "47": -34,
            "48": -48,
            "49": -6
        },
        "19": {
            "0": 44,
            "1": 26,
            "2": -1,
            "3": -13,
            "4": -42,
            "5": -38,
            "6": -43,
            "7": 48,
            "8": -19,
            "9": -23,
            "10": -42,
            "11": -19,
            "12": 11,
            "13": 44,
            "14": -40,
            "15": -46,
            "16": 10,
            "17": -9,
            "18": -3,
            "20": -30,
            "21": -28,
            "22": 36,
            "23": 7,
            "24": 22,
            "25": 30,
            "26": -18,
            "27": 48,
            "28": 14,
            "29": -21,
            "30": -13,
            "31": -32,
            "32": 5,
            "33": 0,
            "34": -21,
            "35": 39,
            "36": -37,
            "37": 49,
            "38": 32,
            "39": 12,
            "40": 40,
            "41": -27,
            "42": -41,
            "43": 32,
            "44": 12,
            "45": 49,
            "46": 6,
            "47": 19,
            "48": 13,
            "49": 38
        },
        "20": {
            "0": 10,
            "1": 25,
            "2": 48,
            "3": -14,
            "4": -34,
            "5": -6,
            "6": -12,
            "7": 9,
            "8": -20,
            "9": 23,
            "10": -5,
            "11": -29,
            "12": -24,
            "13": 44,
            "14": -9,
            "15": -28,
            "16": 44,
            "17": -24,
            "18": -21,
            "19": -30,
            "21": 19,
            "22": -9,
            "23": -31,
            "24": 17,
            "25": -40,
            "26": -39,
            "27": -3,
            "28": -39,
            "29": 0,
            "30": 26,
            "31": -31,
            "32": -6,
            "33": -25,
            "34": 0,
            "35": 21,
            "36": 30,
            "37": -35,
            "38": -49,
            "39": -35,
            "40": -12,
            "41": 26,
            "42": 27,
            "43": -7,
            "44": -27,
            "45": 39,
            "46": 49,
            "47": 3,
            "48": 16,
            "49": -47
        },
        "21": {
            "0": 15,
            "1": -12,
            "2": 8,
            "3": -14,
            "4": 24,
            "5": -1,
            "6": -36,
            "7": -17,
            "8": 10,
            "9": -23,
            "10": -42,
            "11": 26,
            "12": -27,
            "13": 46,
            "14": -6,
            "15": -44,
            "16": -20,
            "17": -5,
            "18": 45,
            "19": -28,
            "20": 19,
            "22": -37,
            "23": -16,
            "24": 23,
            "25": -31,
            "26": 9,
            "27": 40,
            "28": -29,
            "29": 7,
            "30": 5,
            "31": 40,
            "32": -13,
            "33": -6,
            "34": -33,
            "35": 22,
            "36": -4,
            "37": 17,
            "38": 10,
            "39": 23,
            "40": 47,
            "41": -1,
            "42": -2,
            "43": -19,
            "44": 27,
            "45": -30,
            "46": 44,
            "47": -1,
            "48": -36,
            "49": -24
        },
        "22": {
            "0": 33,
            "1": 36,
            "2": -2,
            "3": -37,
            "4": -7,
            "5": -4,
            "6": -17,
            "7": 32,
            "8": -39,
            "9": 14,
            "10": 9,
            "11": 35,
            "12": -26,
            "13": -7,
            "14": -14,
            "15": -32,
            "16": 32,
            "17": -10,
            "18": -32,
            "19": 36,
            "20": -9,
            "21": -37,
            "23": -34,
            "24": 24,
            "25": -17,
            "26": 30,
            "27": 46,
            "28": -15,
            "29": 15,
            "30": 42,
            "31": 38,
            "32": 42,
            "33": -24,
            "34": 9,
            "35": -17,
            "36": -12,
            "37": -13,
            "38": -7,
            "39": -36,
            "40": 17,
            "41": -49,
            "42": 12,
            "43": -32,
            "44": -35,
            "45": -7,
            "46": -43,
            "47": 37,
            "48": 36,
            "49": 33
        },
        "23": {
            "0": 43,
            "1": 27,
            "2": -1,
            "3": 8,
            "4": 6,
            "5": 23,
            "6": -26,
            "7": -19,
            "8": 16,
            "9": -6,
            "10": -20,
            "11": -5,
            "12": 11,
            "13": 17,
            "14": -18,
            "15": -39,
            "16": -48,
            "17": -42,
            "18": -43,
            "19": 7,
            "20": -31,
            "21": -16,
            "22": -34,
            "24": 29,
            "25": 3,
            "26": -22,
            "27": 12,
            "28": -24,
            "29": 39,
            "30": -17,
            "31": 22,
            "32": -44,
            "33": 27,
            "34": 15,
            "35": -46,
            "36": 47,
            "37": 11,
            "38": 46,
            "39": 9,
            "40": 19,
            "41": -16,
            "42": 33,
            "43": -46,
            "44": -32,
            "45": 29,
            "46": 13,
            "47": -10,
            "48": 9,
            "49": -35
        },
        "24": {
            "0": 11,
            "1": 0,
            "2": 38,
            "3": 29,
            "4": 26,
            "5": -27,
            "6": -2,
            "7": -33,
            "8": -38,
            "9": 37,
            "10": 8,
            "11": 18,
            "12": 39,
            "13": -44,
            "14": 21,
            "15": -17,
            "16": 42,
            "17": -6,
            "18": 23,
            "19": 22,
            "20": 17,
            "21": 23,
            "22": 24,
            "23": 29,
            "25": -21,
            "26": -29,
            "27": -39,
            "28": -33,
            "29": 39,
            "30": -41,
            "31": -44,
            "32": -7,
            "33": 32,
            "34": -10,
            "35": -40,
            "36": 3,
            "37": 25,
            "38": 40,
            "39": 3,
            "40": 24,
            "41": -21,
            "42": -17,
            "43": -2,
            "44": 15,
            "45": 33,
            "46": -31,
            "47": 40,
            "48": -47,
            "49": 3
        },
        "25": {
            "0": 32,
            "1": 14,
            "2": 2,
            "3": 21,
            "4": 11,
            "5": -46,
            "6": 10,
            "7": -27,
            "8": 28,
            "9": 48,
            "10": 46,
            "11": -8,
            "12": 8,
            "13": 29,
            "14": 20,
            "15": -33,
            "16": 4,
            "17": 19,
            "18": 13,
            "19": 30,
            "20": -40,
            "21": -31,
            "22": -17,
            "23": 3,
            "24": -21,
            "26": -14,
            "27": -49,
            "28": 9,
            "29": -33,
            "30": 12,
            "31": -28,
            "32": -30,
            "33": 20,
            "34": -19,
            "35": -33,
            "36": -44,
            "37": 26,
            "38": 36,
            "39": -7,
            "40": 32,
            "41": -16,
            "42": -36,
            "43": -35,
            "44": -42,
            "45": 4,
            "46": 9,
            "47": -31,
            "48": -30,
            "49": 26
        },
        "26": {
            "0": -40,
            "1": 24,
            "2": -24,
            "3": 0,
            "4": 5,
            "5": -39,
            "6": 6,
            "7": 8,
            "8": -12,
            "9": -47,
            "10": 41,
            "11": -5,
            "12": 25,
            "13": 1,
            "14": -6,
            "15": -11,
            "16": 49,
            "17": -14,
            "18": -26,
            "19": -18,
            "20": -39,
            "21": 9,
            "22": 30,
            "23": -22,
            "24": -29,
            "25": -14,
            "27": 15,
            "28": 40,
            "29": 10,
            "30": -4,
            "31": 20,
            "32": 14,
            "33": 3,
            "34": -47,
            "35": -41,
            "36": -33,
            "37": -17,
            "38": 43,
            "39": -16,
            "40": 34,
            "41": -21,
            "42": 15,
            "43": -41,
            "44": -37,
            "45": -25,
            "46": -3,
            "47": -31,
            "48": 43,
            "49": 37
        },
        "27": {
            "0": -29,
            "1": -40,
            "2": 23,
            "3": 18,
            "4": -27,
            "5": -16,
            "6": 27,
            "7": 29,
            "8": -49,
            "9": 29,
            "10": -15,
            "11": 11,
            "12": 13,
            "13": 27,
            "14": 28,
            "15": -21,
            "16": -29,
            "17": -21,
            "18": -36,
            "19": 48,
            "20": -3,
            "21": 40,
            "22": 46,
            "23": 12,
            "24": -39,
            "25": -49,
            "26": 15,
            "28": 19,
            "29": 45,
            "30": -27,
            "31": -34,
            "32": 16,
            "33": -3,
            "34": -14,
            "35": 39,
            "36": 45,
            "37": -6,
            "38": 26,
            "39": 15,
            "40": -40,
            "41": -3,
            "42": 36,
            "43": -26,
            "44": -46,
            "45": -35,
            "46": -43,
            "47": 3,
            "48": -38,
            "49": 43
        },
        "28": {
            "0": -19,
            "1": -47,
            "2": -38,
            "3": -25,
            "4": -26,
            "5": -48,
            "6": 5,
            "7": -19,
            "8": 23,
            "9": 29,
            "10": 0,
            "11": -14,
            "12": 27,
            "13": 25,
            "14": -27,
            "15": 33,
            "16": -33,
            "17": -44,
            "18": -2,
            "19": 14,
            "20": -39,
            "21": -29,
            "22": -15,
            "23": -24,
            "24": -33,
            "25": 9,
            "26": 40,
            "27": 19,
            "29": 43,
            "30": -16,
            "31": -32,
            "32": -41,
            "33": -14,
            "34": 35,
            "35": 10,
            "36": 48,
            "37": 46,
            "38": 46,
            "39": -48,
            "40": 21,
            "41": 39,
            "42": 35,
            "43": -27,
            "44": 43,
            "45": -18,
            "46": -45,
            "47": 19,
            "48": -4,
            "49": 30
        },
        "29": {
            "0": 39,
            "1": 8,
            "2": 26,
            "3": 12,
            "4": 46,
            "5": -38,
            "6": 16,
            "7": 9,
            "8": -27,
            "9": 23,
            "10": 13,
            "11": 36,
            "12": -38,
            "13": -5,
            "14": 5,
            "15": 47,
            "16": -45,
            "17": 12,
            "18": 13,
            "19": -21,
            "20": 0,
            "21": 7,
            "22": 15,
            "23": 39,
            "24": 39,
            "25": -33,
            "26": 10,
            "27": 45,
            "28": 43,
            "30": 24,
            "31": 22,
            "32": -27,
            "33": -45,
            "34": -15,
            "35": -35,
            "36": 6,
            "37": 39,
            "38": -3,
            "39": 45,
            "40": -20,
            "41": -23,
            "42": 20,
            "43": -46,
            "44": 23,
            "45": -21,
            "46": -40,
            "47": 45,
            "48": 38,
            "49": 36
        },
        "30": {
            "0": -48,
            "1": 8,
            "2": 13,
            "3": 22,
            "4": -45,
            "5": 4,
            "6": -9,
            "7": 25,
            "8": 1,
            "9": -7,
            "10": 4,
            "11": 32,
            "12": 33,
            "13": -3,
            "14": -34,
            "15": 42,
            "16": 24,
            "17": 22,
            "18": 29,
            "19": -13,
            "20": 26,
            "21": 5,
            "22": 42,
            "23": -17,
            "24": -41,
            "25": 12,
            "26": -4,
            "27": -27,
            "28": -16,
            "29": 24,
            "31": 43,
            "32": -23,
            "33": 44,
            "34": 19,
            "35": 3,
            "36": 34,
            "37": 15,
            "38": -39,
            "39": -8,
            "40": 30,
            "41": 30,
            "42": 47,
            "43": 35,
            "44": 1,
            "45": 0,
            "46": -47,
            "47": -23,
            "48": 18,
            "49": -28
        },
        "31": {
            "0": -7,
            "1": 0,
            "2": -39,
            "3": 36,
            "4": 23,
            "5": 33,
            "6": -23,
            "7": -25,
            "8": -23,
            "9": -25,
            "10": 29,
            "11": 21,
            "12": -38,
            "13": 32,
            "14": 25,
            "15": 42,
            "16": -30,
            "17": -17,
            "18": 23,
            "19": -32,
            "20": -31,
            "21": 40,
            "22": 38,
            "23": 22,
            "24": -44,
            "25": -28,
            "26": 20,
            "27": -34,
            "28": -32,
            "29": 22,
            "30": 43,
            "32": 40,
            "33": 35,
            "34": -36,
            "35": -38,
            "36": 39,
            "37": -12,
            "38": 34,
            "39": -22,
            "40": -44,
            "41": -2,
            "42": 14,
            "43": -25,
            "44": -29,
            "45": 20,
            "46": -31,
            "47": -29,
            "48": 6,
            "49": 15
        },
        "32": {
            "0": 46,
            "1": 29,
            "2": 38,
            "3": -17,
            "4": -15,
            "5": -21,
            "6": 17,
            "7": -31,
            "8": -20,
            "9": -6,
            "10": 24,
            "11": 29,
            "12": -5,
            "13": -40,
            "14": -34,
            "15": 5,
            "16": 15,
            "17": -17,
            "18": 28,
            "19": 5,
            "20": -6,
            "21": -13,
            "22": 42,
            "23": -44,
            "24": -7,
            "25": -30,
            "26": 14,
            "27": 16,
            "28": -41,
            "29": -27,
            "30": -23,
            "31": 40,
            "33": 38,
            "34": 13,
            "35": 5,
            "36": -6,
            "37": 30,
            "38": 11,
            "39": 13,
            "40": 42,
            "41": 19,
            "42": -42,
            "43": -34,
            "44": 6,
            "45": -48,
            "46": 6,
            "47": -10,
            "48": 2,
            "49": -44
        },
        "33": {
            "0": -22,
            "1": 46,
            "2": 4,
            "3": -29,
            "4": 24,
            "5": -37,
            "6": -26,
            "7": 16,
            "8": 35,
            "9": -29,
            "10": -21,
            "11": -21,
            "12": 49,
            "13": -22,
            "14": 41,
            "15": -45,
            "16": -32,
            "17": 26,
            "18": -24,
            "19": 0,
            "20": -25,
            "21": -6,
            "22": -24,
            "23": 27,
            "24": 32,
            "25": 20,
            "26": 3,
            "27": -3,
            "28": -14,
            "29": -45,
            "30": 44,
            "31": 35,
            "32": 38,
            "34": 3,
            "35": -7,
            "36": 26,
            "37": -21,
            "38": -19,
            "39": -47,
            "40": -21,
            "41": -1,
            "42": -15,
            "43": -47,
            "44": 30,
            "45": -37,
            "46": -19,
            "47": -15,
            "48": -10,
            "49": -22
        },
        "34": {
            "0": -35,
            "1": 38,
            "2": 48,
            "3": 47,
            "4": 30,
            "5": 6,
            "6": 6,
            "7": -39,
            "8": 38,
            "9": 3,
            "10": 26,
            "11": 49,
            "12": -24,
            "13": -41,
            "14": 21,
            "15": 37,
            "16": -13,
            "17": 19,
            "18": 29,
            "19": -21,
            "20": 0,
            "21": -33,
            "22": 9,
            "23": 15,
            "24": -10,
            "25": -19,
            "26": -47,
            "27": -14,
            "28": 35,
            "29": -15,
            "30": 19,
            "31": -36,
            "32": 13,
            "33": 3,
            "35": -13,
            "36": -22,
            "37": 28,
            "38": 14,
            "39": 35,
            "40": -36,
            "41": -25,
            "42": 0,
            "43": -9,
            "44": -16,
            "45": 43,
            "46": -38,
            "47": -17,
            "48": 17,
            "49": -15
        },
        "35": {
            "0": 37,
            "1": -27,
            "2": 45,
            "3": -7,
            "4": 46,
            "5": 25,
            "6": 44,
            "7": -1,
            "8": 4,
            "9": -4,
            "10": 31,
            "11": -3,
            "12": 30,
            "13": -30,
            "14": -16,
            "15": 8,
            "16": -1,
            "17": 49,
            "18": -20,
            "19": 39,
            "20": 21,
            "21": 22,
            "22": -17,
            "23": -46,
            "24": -40,
            "25": -33,
            "26": -41,
            "27": 39,
            "28": 10,
            "29": -35,
            "30": 3,
            "31": -38,
            "32": 5,
            "33": -7,
            "34": -13,
            "36": 9,
            "37": 37,
            "38": -37,
            "39": -26,
            "40": 48,
            "41": 24,
            "42": -27,
            "43": -48,
            "44": 16,
            "45": 28,
            "46": -40,
            "47": -2,
            "48": 33,
            "49": 17
        },
        "36": {
            "0": 47,
            "1": -18,
            "2": -18,
            "3": 19,
            "4": -5,
            "5": 42,
            "6": 27,
            "7": -4,
            "8": -10,
            "9": 13,
            "10": -10,
            "11": 25,
            "12": 12,
            "13": 2,
            "14": -28,
            "15": -29,
            "16": -44,
            "17": -31,
            "18": -25,
            "19": -37,
            "20": 30,
            "21": -4,
            "22": -12,
            "23": 47,
            "24": 3,
            "25": -44,
            "26": -33,
            "27": 45,
            "28": 48,
            "29": 6,
            "30": 34,
            "31": 39,
            "32": -6,
            "33": 26,
            "34": -22,
            "35": 9,
            "37": 24,
            "38": -47,
            "39": -15,
            "40": 25,
            "41": 14,
            "42": 45,
            "43": 47,
            "44": -41,
            "45": -35,
            "46": -13,
            "47": -3,
            "48": 23,
            "49": 21
        },
        "37": {
            "0": 5,
            "1": -4,
            "2": -36,
            "3": -32,
            "4": -35,
            "5": -43,
            "6": -16,
            "7": 20,
            "8": -17,
            "9": -2,
            "10": 38,
            "11": 8,
            "12": 6,
            "13": 28,
            "14": -6,
            "15": 38,
            "16": 20,
            "17": 28,
            "18": -3,
            "19": 49,
            "20": -35,
            "21": 17,
            "22": -13,
            "23": 11,
            "24": 25,
            "25": 26,
            "26": -17,
            "27": -6,
            "28": 46,
            "29": 39,
            "30": 15,
            "31": -12,
            "32": 30,
            "33": -21,
            "34": 28,
            "35": 37,
            "36": 24,
            "38": -24,
            "39": -28,
            "40": -30,
            "41": -43,
            "42": 29,
            "43": 14,
            "44": -10,
            "45": -17,
            "46": 26,
            "47": -25,
            "48": -2,
            "49": 44
        },
        "38": {
            "0": -39,
            "1": 29,
            "2": -13,
            "3": -31,
            "4": 17,
            "5": 31,
            "6": -48,
            "7": -22,
            "8": -21,
            "9": -4,
            "10": -4,
            "11": -3,
            "12": 46,
            "13": -49,
            "14": 11,
            "15": 37,
            "16": -17,
            "17": -33,
            "18": 16,
            "19": 32,
            "20": -49,
            "21": 10,
            "22": -7,
            "23": 46,
            "24": 40,
            "25": 36,
            "26": 43,
            "27": 26,
            "28": 46,
            "29": -3,
            "30": -39,
            "31": 34,
            "32": 11,
            "33": -19,
            "34": 14,
            "35": -37,
            "36": -47,
            "37": -24,
            "39": -21,
            "40": 5,
            "41": -16,
            "42": 13,
            "43": -6,
            "44": 41,
            "45": -30,
            "46": -14,
            "47": 24,
            "48": -44,
            "49": -29
        },
        "39": {
            "0": 10,
            "1": -30,
            "2": -35,
            "3": 42,
            "4": -48,
            "5": 28,
            "6": 48,
            "7": -1,
            "8": -8,
            "9": 6,
            "10": 0,
            "11": -36,
            "12": -25,
            "13": 22,
            "14": 38,
            "15": 20,
            "16": -49,
            "17": -27,
            "18": 16,
            "19": 12,
            "20": -35,
            "21": 23,
            "22": -36,
            "23": 9,
            "24": 3,
            "25": -7,
            "26": -16,
            "27": 15,
            "28": -48,
            "29": 45,
            "30": -8,
            "31": -22,
            "32": 13,
            "33": -47,
            "34": 35,
            "35": -26,
            "36": -15,
            "37": -28,
            "38": -21,
            "40": -17,
            "41": 3,
            "42": 21,
            "43": 15,
            "44": -16,
            "45": -49,
            "46": -15,
            "47": -39,
            "48": -31,
            "49": 48
        },
        "40": {
            "0": 48,
            "1": -22,
            "2": 20,
            "3": -7,
            "4": -1,
            "5": 22,
            "6": -40,
            "7": 48,
            "8": -26,
            "9": -32,
            "10": 8,
            "11": -46,
            "12": -7,
            "13": 12,
            "14": 25,
            "15": 32,
            "16": 12,
            "17": -27,
            "18": 11,
            "19": 40,
            "20": -12,
            "21": 47,
            "22": 17,
            "23": 19,
            "24": 24,
            "25": 32,
            "26": 34,
            "27": -40,
            "28": 21,
            "29": -20,
            "30": 30,
            "31": -44,
            "32": 42,
            "33": -21,
            "34": -36,
            "35": 48,
            "36": 25,
            "37": -30,
            "38": 5,
            "39": -17,
            "41": 42,
            "42": 47,
            "43": 25,
            "44": -46,
            "45": 28,
            "46": -6,
            "47": -42,
            "48": 42,
            "49": -40
        },
        "41": {
            "0": 0,
            "1": -45,
            "2": -39,
            "3": -10,
            "4": 16,
            "5": 40,
            "6": -38,
            "7": -22,
            "8": 44,
            "9": -6,
            "10": 47,
            "11": 23,
            "12": 15,
            "13": 2,
            "14": 28,
            "15": 3,
            "16": 31,
            "17": -15,
            "18": 15,
            "19": -27,
            "20": 26,
            "21": -1,
            "22": -49,
            "23": -16,
            "24": -21,
            "25": -16,
            "26": -21,
            "27": -3,
            "28": 39,
            "29": -23,
            "30": 30,
            "31": -2,
            "32": 19,
            "33": -1,
            "34": -25,
            "35": 24,
            "36": 14,
            "37": -43,
            "38": -16,
            "39": 3,
            "40": 42,
            "42": 2,
            "43": -23,
            "44": -35,
            "45": 14,
            "46": -14,
            "47": 3,
            "48": -38,
            "49": 42
        },
        "42": {
            "0": -17,
            "1": 39,
            "2": -25,
            "3": -16,
            "4": 47,
            "5": 4,
            "6": -40,
            "7": 13,
            "8": 36,
            "9": 16,
            "10": -11,
            "11": -13,
            "12": 35,
            "13": -18,
            "14": 49,
            "15": 18,
            "16": -17,
            "17": 25,
            "18": -14,
            "19": -41,
            "20": 27,
            "21": -2,
            "22": 12,
            "23": 33,
            "24": -17,
            "25": -36,
            "26": 15,
            "27": 36,
            "28": 35,
            "29": 20,
            "30": 47,
            "31": 14,
            "32": -42,
            "33": -15,
            "34": 0,
            "35": -27,
            "36": 45,
            "37": 29,
            "38": 13,
            "39": 21,
            "40": 47,
            "41": 2,
            "43": 7,
            "44": 48,
            "45": -38,
            "46": 33,
            "47": -23,
            "48": 4,
            "49": 31
        },
        "43": {
            "0": 24,
            "1": -47,
            "2": -48,
            "3": 1,
            "4": -8,
            "5": -7,
            "6": 19,
            "7": 1,
            "8": -35,
            "9": -16,
            "10": -30,
            "11": 25,
            "12": -16,
            "13": 7,
            "14": -36,
            "15": -14,
            "16": 23,
            "17": 21,
            "18": 43,
            "19": 32,
            "20": -7,
            "21": -19,
            "22": -32,
            "23": -46,
            "24": -2,
            "25": -35,
            "26": -41,
            "27": -26,
            "28": -27,
            "29": -46,
            "30": 35,
            "31": -25,
            "32": -34,
            "33": -47,
            "34": -9,
            "35": -48,
            "36": 47,
            "37": 14,
            "38": -6,
            "39": 15,
            "40": 25,
            "41": -23,
            "42": 7,
            "44": -24,
            "45": 48,
            "46": 1,
            "47": -39,
            "48": -36,
            "49": 0
        },
        "44": {
            "0": 15,
            "1": 30,
            "2": -36,
            "3": -2,
            "4": -19,
            "5": 38,
            "6": 26,
            "7": -41,
            "8": -2,
            "9": 13,
            "10": 34,
            "11": 20,
            "12": -34,
            "13": -44,
            "14": 34,
            "15": 32,
            "16": -36,
            "17": 7,
            "18": 6,
            "19": 12,
            "20": -27,
            "21": 27,
            "22": -35,
            "23": -32,
            "24": 15,
            "25": -42,
            "26": -37,
            "27": -46,
            "28": 43,
            "29": 23,
            "30": 1,
            "31": -29,
            "32": 6,
            "33": 30,
            "34": -16,
            "35": 16,
            "36": -41,
            "37": -10,
            "38": 41,
            "39": -16,
            "40": -46,
            "41": -35,
            "42": 48,
            "43": -24,
            "45": -36,
            "46": -45,
            "47": 40,
            "48": 14,
            "49": 23
        },
        "45": {
            "0": 37,
            "1": 32,
            "2": -28,
            "3": -2,
            "4": 27,
            "5": -36,
            "6": -25,
            "7": 10,
            "8": 46,
            "9": 13,
            "10": 6,
            "11": 18,
            "12": -11,
            "13": 16,
            "14": 12,
            "15": 14,
            "16": -45,
            "17": 44,
            "18": 6,
            "19": 49,
            "20": 39,
            "21": -30,
            "22": -7,
            "23": 29,
            "24": 33,
            "25": 4,
            "26": -25,
            "27": -35,
            "28": -18,
            "29": -21,
            "30": 0,
            "31": 20,
            "32": -48,
            "33": -37,
            "34": 43,
            "35": 28,
            "36": -35,
            "37": -17,
            "38": -30,
            "39": -49,
            "40": 28,
            "41": 14,
            "42": -38,
            "43": 48,
            "44": -36,
            "46": 11,
            "47": -27,
            "48": -17,
            "49": 36
        },
        "46": {
            "0": -1,
            "1": 22,
            "2": 10,
            "3": 42,
            "4": -42,
            "5": 33,
            "6": 44,
            "7": 5,
            "8": 36,
            "9": -23,
            "10": -41,
            "11": 48,
            "12": -18,
            "13": -33,
            "14": 34,
            "15": -25,
            "16": 44,
            "17": 12,
            "18": -41,
            "19": 6,
            "20": 49,
            "21": 44,
            "22": -43,
            "23": 13,
            "24": -31,
            "25": 9,
            "26": -3,
            "27": -43,
            "28": -45,
            "29": -40,
            "30": -47,
            "31": -31,
            "32": 6,
            "33": -19,
            "34": -38,
            "35": -40,
            "36": -13,
            "37": 26,
            "38": -14,
            "39": -15,
            "40": -6,
            "41": -14,
            "42": 33,
            "43": 1,
            "44": -45,
            "45": 11,
            "47": 22,
            "48": -26,
            "49": 2
        },
        "47": {
            "0": -37,
            "1": 48,
            "2": 5,
            "3": 13,
            "4": -21,
            "5": -41,
            "6": 7,
            "7": -6,
            "8": 15,
            "9": 46,
            "10": 43,
            "11": 18,
            "12": -28,
            "13": 4,
            "14": 42,
            "15": -27,
            "16": -42,
            "17": -1,
            "18": -34,
            "19": 19,
            "20": 3,
            "21": -1,
            "22": 37,
            "23": -10,
            "24": 40,
            "25": -31,
            "26": -31,
            "27": 3,
            "28": 19,
            "29": 45,
            "30": -23,
            "31": -29,
            "32": -10,
            "33": -15,
            "34": -17,
            "35": -2,
            "36": -3,
            "37": -25,
            "38": 24,
            "39": -39,
            "40": -42,
            "41": 3,
            "42": -23,
            "43": -39,
            "44": 40,
            "45": -27,
            "46": 22,
            "48": -8,
            "49": -45
        },
        "48": {
            "0": 17,
            "1": 11,
            "2": -23,
            "3": 20,
            "4": 0,
            "5": 21,
            "6": -48,
            "7": 14,
            "8": -10,
            "9": -26,
            "10": 15,
            "11": -19,
            "12": 8,
            "13": -44,
            "14": 37,
            "15": 41,
            "16": 28,
            "17": 48,
            "18": -48,
            "19": 13,
            "20": 16,
            "21": -36,
            "22": 36,
            "23": 9,
            "24": -47,
            "25": -30,
            "26": 43,
            "27": -38,
            "28": -4,
            "29": 38,
            "30": 18,
            "31": 6,
            "32": 2,
            "33": -10,
            "34": 17,
            "35": 33,
            "36": 23,
            "37": -2,
            "38": -44,
            "39": -31,
            "40": 42,
            "41": -38,
            "42": 4,
            "43": -36,
            "44": 14,
            "45": -17,
            "46": -26,
            "47": -8,
            "49": -23
        },
        "49": {
            "0": 32,
            "1": -29,
            "2": -35,
            "3": -24,
            "4": 19,
            "5": 37,
            "6": -47,
            "7": -42,
            "8": -4,
            "9": -11,
            "10": 34,
            "11": -16,
            "12": 19,
            "13": -45,
            "14": 28,
            "15": -21,
            "16": 46,
            "17": 36,
            "18": -6,
            "19": 38,
            "20": -47,
            "21": -24,
            "22": 33,
            "23": -35,
            "24": 3,
            "25": 26,
            "26": 37,
            "27": 43,
            "28": 30,
            "29": 36,
            "30": -28,
            "31": 15,
            "32": -44,
            "33": -22,
            "34": -15,
            "35": 17,
            "36": 21,
            "37": 44,
            "38": -29,
            "39": 48,
            "40": -40,
            "41": 42,
            "42": 31,
            "43": 0,
            "44": 23,
            "45": 36,
            "46": 2,
            "47": -45,
            "48": -23
        }
    }
}