{
    "knapsack_size": 5000,
    "Gamma": 15,
    "n_items": 47,
    "costs": {
        "0": {
            "l": 71.08,
            "a": 72.66,
            "u": 85.35
        },
        "1": {
            "l": 50.32,
            "a": 87.99,
            "u": 93.84
        },
        "2": {
            "l": 82.76,
            "a": 114.24,
            "u": 168.84
        },
        "3": {
            "l": 37.62,
            "a": 130.52,
            "u": 139.18
        },
        "4": {
            "l": 29.01,
            "a": 158.64,
            "u": 182.57
        },
        "5": {
            "l": 8.6,
            "a": 162.98,
            "u": 187.75
        },
        "6": {
            "l": 13.44,
            "a": 16.47,
            "u": 27.26
        },
        "7": {
            "l": 93.34,
            "a": 116.5,
            "u": 117.05
        },
        "8": {
            "l": 31.92,
            "a": 114.02,
            "u": 133.55
        },
        "9": {
            "l": 29.09,
            "a": 193.26,
            "u": 198.63
        },
        "10": {
            "l": 57.96,
            "a": 78.12,
            "u": 113.07
        },
        "11": {
            "l": 20.62,
            "a": 64.7,
            "u": 78.24
        },
        "12": {
            "l": 2.55,
            "a": 106.85,
            "u": 199.88
        },
        "13": {
            "l": 90.27,
            "a": 102.56,
            "u": 110.24
        },
        "14": {
            "l": 63.02,
            "a": 122.7,
            "u": 168.64
        },
        "15": {
            "l": 57.19,
            "a": 82.33,
            "u": 167.81
        },
        "16": {
            "l": 65.19,
            "a": 101.25,
            "u": 167.69
        },
        "17": {
            "l": 4.98,
            "a": 187.63,
            "u": 191.64
        },
        "18": {
            "l": 38.42,
            "a": 198.15,
            "u": 199.38
        },
        "19": {
            "l": 70.69,
            "a": 127.2,
            "u": 170.52
        },
        "20": {
            "l": 20.8,
            "a": 158.01,
            "u": 188.44
        },
        "21": {
            "l": 39.05,
            "a": 120.91,
            "u": 123.55
        },
        "22": {
            "l": 54.37,
            "a": 133.88,
            "u": 141.67
        },
        "23": {
            "l": 57.63,
            "a": 162.03,
            "u": 186.35
        },
        "24": {
            "l": 9.19,
            "a": 160.77,
            "u": 193.99
        },
        "25": {
            "l": 12.42,
            "a": 123.68,
            "u": 142.86
        },
        "26": {
            "l": 14.72,
            "a": 163.81,
            "u": 198.66
        },
        "27": {
            "l": 19.67,
            "a": 120.36,
            "u": 150.34
        },
        "28": {
            "l": 45.72,
            "a": 124.48,
            "u": 199.76
        },
        "29": {
            "l": 8.68,
            "a": 126.79,
            "u": 184.27
        },
        "30": {
            "l": 28.13,
            "a": 30.83,
            "u": 141.28
        },
        "31": {
            "l": 28.86,
            "a": 41.08,
            "u": 103.92
        },
        "32": {
            "l": 89.39,
            "a": 93.57,
            "u": 109.3
        },
        "33": {
            "l": 81.09,
            "a": 190.64,
            "u": 198.85
        },
        "34": {
            "l": 3.59,
            "a": 38.47,
            "u": 129.85
        },
        "35": {
            "l": 22.35,
            "a": 168.18,
            "u": 191.38
        },
        "36": {
            "l": 40.69,
            "a": 150.26,
            "u": 152.95
        },
        "37": {
            "l": 80.21,
            "a": 196.57,
            "u": 197.46
        },
        "38": {
            "l": 58.33,
            "a": 146.3,
            "u": 195.96
        },
        "39": {
            "l": 63.85,
            "a": 71.26,
            "u": 120.53
        },
        "40": {
            "l": 10.05,
            "a": 18.75,
            "u": 97.49
        },
        "41": {
            "l": 94.15,
            "a": 165.45,
            "u": 182.58
        },
        "42": {
            "l": 35.89,
            "a": 129.43,
            "u": 152.81
        },
        "43": {
            "l": 41.56,
            "a": 123.33,
            "u": 184.49
        },
        "44": {
            "l": 54.36,
            "a": 186.36,
            "u": 191.4
        },
        "45": {
            "l": 22.14,
            "a": 158.9,
            "u": 173.48
        },
        "46": {
            "l": 5.95,
            "a": 133.98,
            "u": 157.72
        }
    },
    "profits": {
        "0": 148.07,
        "1": 204.11,
        "2": 255.08,
        "3": 216.93,
        "4": 232.11,
        "5": 257.41,
        "6": 171.88,
        "7": 244.76,
        "8": 197.2,
        "9": 214.83,
        "10": 203.46,
        "11": 177.13,
        "12": 235.47,
        "13": 191.56,
        "14": 232.73,
        "15": 189.24,
        "16": 242.21,
        "17": 272.88,
        "18": 263.17,
        "19": 224.6,
        "20": 203.41,
        "21": 194.77,
        "22": 182.37,
        "23": 230.27,
        "24": 225.58,
        "25": 297.99,
        "26": 257.59,
        "27": 187.25,
        "28": 293.7,
        "29": 193.64,
        "30": 183.14,
        "31": 285.11,
        "32": 119.62,
        "33": 278.31,
        "34": 270.12,
        "35": 216.63,
        "36": 247.63,
        "37": 255.62,
        "38": 266.91,
        "39": 165.85,
        "40": 299.06,
        "41": 223.79,
        "42": 226.87,
        "43": 215.22,
        "44": 236.91,
        "45": 192.25,
        "46": 284.27
    },
    "synergies": {
        "0": {
            "1": 33.4,
            "2": 25.99,
            "3": 36.64,
            "4": -9.44,
            "5": -40.31,
            "6": -35.63,
            "7": 5.76,
            "8": 6.49,
            "9": 42.48,
            "10": 32.57,
            "11": 33.57,
            "12": -20.03,
            "13": -18.84,
            "14": 44.92,
            "15": -38.57,
            "16": 7.21,
            "17": -27.71,
            "18": -6.36,
            "19": 32.0,
            "20": -39.11,
            "21": 24.75,
            "22": 48.9,
            "23": 12.97,
            "24": 12.29,
            "25": -4.91,
            "26": 20.3,
            "27": -47.89,
            "28": 8.9,
            "29": 42.51,
            "30": 13.36,
            "31": -1.78,
            "32": 30.54,
            "33": -4.93,
            "34": 17.61,
            "35": -14.91,
            "36": 35.45,
            "37": -24.42,
            "38": 19.09,
            "39": 1.39,
            "40": 24.56,
            "41": -46.22,
            "42": 3.22,
            "43": -33.02,
            "44": -40.43,
            "45": 2.83,
            "46": 20.31
        },
        "1": {
            "0": 33.4,
            "2": 45.59,
            "3": 8.32,
            "4": 43.91,
            "5": -27.73,
            "6": -45.43,
            "7": -34.79,
            "8": 6.28,
            "9": 1.18,
            "10": -43.93,
            "11": -13.35,
            "12": -41.52,
            "13": 1.81,
            "14": -11.0,
            "15": 41.69,
            "16": -48.98,
            "17": -35.24,
            "18": 27.73,
            "19": 34.65,
            "20": -0.75,
            "21": 6.34,
            "22": -43.32,
            "23": 47.04,
            "24": -6.49,
            "25": -24.81,
            "26": -8.01,
            "27": 33.25,
            "28": -24.2,
            "29": -0.28,
            "30": 27.65,
            "31": 36.41,
            "32": -28.93,
            "33": 36.48,
            "34": 14.08,
            "35": 39.68,
            "36": -13.27,
            "37": 45.31,
            "38": 44.33,
            "39": 28.12,
            "40": -31.54,
            "41": -10.09,
            "42": 41.57,
            "43": 37.69,
            "44": 42.4,
            "45": 30.19,
            "46": -20.85
        },
        "2": {
            "0": 25.99,
            "1": 45.59,
            "3": -31.91,
            "4": -11.31,
            "5": -0.01,
            "6": -1.27,
            "7": -27.02,
            "8": -9.81,
            "9": 17.78,
            "10": -45.52,
            "11": -46.85,
            "12": -10.82,
            "13": 25.0,
            "14": 17.61,
            "15": -37.33,
            "16": -25.14,
            "17": 5.74,
            "18": 25.39,
            "19": 37.04,
            "20": -48.95,
            "21": -21.67,
            "22": 35.7,
            "23": 46.95,
            "24": -26.52,
            "25": -49.52,
            "26": -48.05,
            "27": 18.35,
            "28": 46.3,
            "29": 29.55,
            "30": 24.48,
            "31": -1.63,
            "32": 4.68,
            "33": -49.63,
            "34": 40.6,
            "35": -40.88,
            "36": 2.42,
            "37": -42.45,
            "38": 9.13,
            "39": 42.12,
            "40": 38.42,
            "41": -22.07,
            "42": -26.31,
            "43": -10.79,
            "44": 36.38,
            "45": 2.53,
            "46": -0.57
        },
        "3": {
            "0": 36.64,
            "1": 8.32,
            "2": -31.91,
            "4": 11.75,
            "5": -15.77,
            "6": 23.19,
            "7": 28.24,
            "8": -41.67,
            "9": -36.05,
            "10": -28.07,
            "11": 29.57,
            "12": 44.74,
            "13": -5.29,
            "14": 26.6,
            "15": -2.23,
            "16": 18.59,
            "17": -2.17,
            "18": -23.45,
            "19": -31.73,
            "20": 46.89,
            "21": -33.43,
            "22": -17.47,
            "23": 6.16,
            "24": -31.48,
            "25": 32.83,
            "26": 7.19,
            "27": 22.78,
            "28": 40.6,
            "29": 20.57,
            "30": -45.5,
            "31": -26.54,
            "32": -8.94,
            "33": 40.52,
            "34": 25.48,
            "35": 12.31,
            "36": -34.1,
            "37": 46.98,
            "38": 11.87,
            "39": -20.75,
            "40": 26.74,
            "41": -14.29,
            "42": 22.69,
            "43": -40.83,
            "44": 42.76,
            "45": -22.92,
            "46": 2.57
        },
        "4": {
            "0": -9.44,
            "1": 43.91,
            "2": -11.31,
            "3": 11.75,
            "5": 2.6,
            "6": 23.11,
            "7": -19.05,
            "8": 47.5,
            "9": -30.55,
            "10": 35.47,
            "11": -45.64,
            "12": 9.36,
            "13": 41.3,
            "14": 31.03,
            "15": -16.68,
            "16": -34.43,
            "17": 42.39,
            "18": -30.12,
            "19": 4.82,
            "20": 19.88,
            "21": -31.92,
            "22": 32.74,
            "23": -12.45,
            "24": 30.62,
            "25": 49.71,
            "26": -31.95,
            "27": 0.34,
            "28": 22.06,
            "29": 23.06,
            "30": 30.32,
            "31": 26.36,
            "32": 47.82,
            "33": -6.63,
            "34": 24.03,
            "35": -23.09,
            "36": 29.84,
            "37": -5.19,
            "38": 38.91,
            "39": -28.15,
            "40": -12.06,
            "41": 20.97,
            "42": -24.38,
            "43": -31.27,
            "44": 42.54,
            "45": -19.02,
            "46": 5.74
        },
        "5": {
            "0": -40.31,
            "1": -27.73,
            "2": -0.01,
            "3": -15.77,
            "4": 2.6,
            "6": -7.37,
            "7": -9.72,
            "8": 20.45,
            "9": 25.07,
            "10": -34.41,
            "11": 27.89,
            "12": -21.91,
            "13": -16.3,
            "14": -31.61,
            "15": -6.48,
            "16": -30.3,
            "17": 28.39,
            "18": 47.61,
            "19": -45.32,
            "20": -1.42,
            "21": -29.71,
            "22": 2.11,
            "23": 18.79,
            "24": 37.5,
            "25": 48.05,
            "26": 38.08,
            "27": 19.35,
            "28": -6.82,
            "29": -2.99,
            "30": 46.86,
            "31": 40.17,
            "32": 13.26,
            "33": -41.77,
            "34": 13.0,
            "35": -12.26,
            "36": 47.77,
            "37": 46.7,
            "38": 33.48,
            "39": 7.81,
            "40": -11.19,
            "41": -4.78,
            "42": -18.88,
            "43": 12.46,
            "44": 43.75,
            "45": -11.43,
            "46": 34.56
        },
        "6": {
            "0": -35.63,
            "1": -45.43,
            "2": -1.27,
            "3": 23.19,
            "4": 23.11,
            "5": -7.37,
            "7": 45.32,
            "8": -37.6,
            "9": 22.69,
            "10": -23.9,
            "11": 16.69,
            "12": 45.97,
            "13": 49.14,
            "14": 47.98,
            "15": 47.33,
            "16": -41.0,
            "17": -23.66,
            "18": -3.27,
            "19": 23.5,
            "20": 41.2,
            "21": 19.37,
            "22": -17.75,
            "23": -30.02,
            "24": 37.5,
            "25": 43.87,
            "26": -22.23,
            "27": -18.56,
            "28": 41.77,
            "29": 21.01,
            "30": -1.37,
            "31": -15.8,
            "32": 27.53,
            "33": -30.67,
            "34": 43.5,
            "35": 0.48,
            "36": -21.69,
            "37": -30.47,
            "38": 19.76,
            "39": -1.85,
            "40": 34.77,
            "41": 3.27,
            "42": 11.41,
            "43": 22.11,
            "44": -14.12,
            "45": 32.57,
            "46": 6.59
        },
        "7": {
            "0": 5.76,
            "1": -34.79,
            "2": -27.02,
            "3": 28.24,
            "4": -19.05,
            "5": -9.72,
            "6": 45.32,
            "8": -49.38,
            "9": -10.82,
            "10": -3.12,
            "11": 12.85,
            "12": -20.77,
            "13": -35.83,
            "14": -37.35,
            "15": 2.09,
            "16": 18.59,
            "17": -38.78,
            "18": -43.81,
            "19": -8.68,
            "20": 25.0,
            "21": -7.27,
            "22": -23.42,
            "23": -40.24,
            "24": -29.13,
            "25": -29.97,
            "26": 28.5,
            "27": 33.67,
            "28": -27.96,
            "29": -0.2,
            "30": 22.22,
            "31": -11.06,
            "32": 44.9,
            "33": -23.82,
            "34": -9.92,
            "35": -7.8,
            "36": 28.53,
            "37": -24.19,
            "38": 45.25,
            "39": 21.68,
            "40": 48.97,
            "41": 28.01,
            "42": 16.16,
            "43": -3.01,
            "44": 6.98,
            "45": -43.62,
            "46": -18.85
        },
        "8": {
            "0": 6.49,
            "1": 6.28,
            "2": -9.81,
            "3": -41.67,
            "4": 47.5,
            "5": 20.45,
            "6": -37.6,
            "7": -49.38,
            "9": 9.69,
            "10": -31.38,
            "11": 25.71,
            "12": -30.67,
            "13": -1.71,
            "14": 49.01,
            "15": -10.89,
            "16": 49.67,
            "17": -34.66,
            "18": 9.23,
            "19": -4.77,
            "20": 20.51,
            "21": -0.07,
            "22": -39.22,
            "23": 3.58,
            "24": -45.73,
            "25": -3.73,
            "26": -41.04,
            "27": 9.84,
            "28": 17.14,
            "29": -46.51,
            "30": 27.97,
            "31": -19.0,
            "32": -14.03,
            "33": -17.34,
            "34": 49.16,
            "35": -48.1,
            "36": 21.37,
            "37": -25.03,
            "38": 13.09,
            "39": -13.41,
            "40": 39.63,
            "41": 37.85,
            "42": 45.52,
            "43": 17.08,
            "44": 14.34,
            "45": 29.79,
            "46": -28.7
        },
        "9": {
            "0": 42.48,
            "1": 1.18,
            "2": 17.78,
            "3": -36.05,
            "4": -30.55,
            "5": 25.07,
            "6": 22.69,
            "7": -10.82,
            "8": 9.69,
            "10": 2.88,
            "11": 33.14,
            "12": 27.23,
            "13": 10.89,
            "14": -37.3,
            "15": 5.58,
            "16": 19.27,
            "17": 22.45,
            "18": 24.07,
            "19": -46.87,
            "20": -32.24,
            "21": 7.88,
            "22": 47.16,
            "23": 29.36,
            "24": -41.8,
            "25": -9.24,
            "26": 42.71,
            "27": 49.23,
            "28": 43.13,
            "29": -7.33,
            "30": -46.19,
            "31": -10.72,
            "32": -10.37,
            "33": 34.15,
            "34": 42.81,
            "35": -4.59,
            "36": -46.49,
            "37": -31.98,
            "38": 18.97,
            "39": 41.01,
            "40": 45.46,
            "41": -3.49,
            "42": -34.18,
            "43": 31.15,
            "44": -9.18,
            "45": 15.63,
            "46": 44.4
        },
        "10": {
            "0": 32.57,
            "1": -43.93,
            "2": -45.52,
            "3": -28.07,
            "4": 35.47,
            "5": -34.41,
            "6": -23.9,
            "7": -3.12,
            "8": -31.38,
            "9": 2.88,
            "11": -26.43,
            "12": -6.62,
            "13": -25.83,
            "14": 36.59,
            "15": -26.57,
            "16": 12.5,
            "17": -0.12,
            "18": -8.36,
            "19": -28.39,
            "20": 6.06,
            "21": -39.68,
            "22": 2.05,
            "23": 8.64,
            "24": -30.85,
            "25": -31.19,
            "26": -18.92,
            "27": -9.31,
            "28": 29.5,
            "29": 27.0,
            "30": -7.16,
            "31": 32.6,
            "32": -41.41,
            "33": 11.14,
            "34": -33.82,
            "35": 33.77,
            "36": -4.82,
            "37": -44.44,
            "38": 1.8,
            "39": 39.67,
            "40": 48.54,
            "41": -36.9,
            "42": 47.84,
            "43": 19.02,
            "44": 30.85,
            "45": 18.57,
            "46": -2.81
        },
        "11": {
            "0": 33.57,
            "1": -13.35,
            "2": -46.85,
            "3": 29.57,
            "4": -45.64,
            "5": 27.89,
            "6": 16.69,
            "7": 12.85,
            "8": 25.71,
            "9": 33.14,
            "10": -26.43,
            "12": -29.44,
            "13": 36.62,
            "14": -5.37,
            "15": -33.64,
            "16": 36.96,
            "17": 35.4,
            "18": 42.83,
            "19": -24.82,
            "20": 38.95,
            "21": -15.2,
            "22": 2.02,
            "23": -26.43,
            "24": 38.32,
            "25": -35.89,
            "26": 29.3,
            "27": 45.34,
            "28": 47.51,
            "29": -18.38,
            "30": 13.64,
            "31": -18.27,
            "32": 23.65,
            "33": -40.29,
            "34": 39.99,
            "35": 32.91,
            "36": -37.33,
            "37": -45.04,
            "38": -7.6,
            "39": -3.44,
            "40": -36.89,
            "41": 2.07,
            "42": 27.63,
            "43": -37.18,
            "44": 34.43,
            "45": 16.7,
            "46": -25.52
        },
        "12": {
            "0": -20.03,
            "1": -41.52,
            "2": -10.82,
            "3": 44.74,
            "4": 9.36,
            "5": -21.91,
            "6": 45.97,
            "7": -20.77,
            "8": -30.67,
            "9": 27.23,
            "10": -6.62,
            "11": -29.44,
            "13": -11.1,
            "14": 27.18,
            "15": 25.16,
            "16": 28.65,
            "17": -11.74,
            "18": -32.28,
            "19": -3.11,
            "20": -4.86,
            "21": 37.1,
            "22": 42.43,
            "23": -31.75,
            "24": 0.39,
            "25": 35.97,
            "26": -40.17,
            "27": 11.45,
            "28": -3.1,
            "29": 36.49,
            "30": -22.07,
            "31": 41.81,
            "32": 22.17,
            "33": 11.63,
            "34": -44.84,
            "35": 11.17,
            "36": -43.44,
            "37": 19.32,
            "38": 48.26,
            "39": 16.99,
            "40": 4.25,
            "41": 0.89,
            "42": 32.03,
            "43": -4.69,
            "44": 45.16,
            "45": -9.11,
            "46": 14.22
        },
        "13": {
            "0": -18.84,
            "1": 1.81,
            "2": 25.0,
            "3": -5.29,
            "4": 41.3,
            "5": -16.3,
            "6": 49.14,
            "7": -35.83,
            "8": -1.71,
            "9": 10.89,
            "10": -25.83,
            "11": 36.62,
            "12": -11.1,
            "14": -31.57,
            "15": -49.53,
            "16": 48.65,
            "17": 12.95,
            "18": 13.6,
            "19": 45.76,
            "20": -22.73,
            "21": -12.42,
            "22": 14.27,
            "23": 29.31,
            "24": -25.05,
            "25": 14.52,
            "26": -12.04,
            "27": 25.79,
            "28": -13.31,
            "29": 32.94,
            "30": 27.9,
            "31": -21.63,
            "32": 19.71,
            "33": -29.23,
            "34": 10.04,
            "35": -29.68,
            "36": 32.34,
            "37": -29.84,
            "38": 27.07,
            "39": -2.94,
            "40": -46.77,
            "41": -1.51,
            "42": -10.65,
            "43": -23.11,
            "44": 7.0,
            "45": 20.92,
            "46": 28.2
        },
        "14": {
            "0": 44.92,
            "1": -11.0,
            "2": 17.61,
            "3": 26.6,
            "4": 31.03,
            "5": -31.61,
            "6": 47.98,
            "7": -37.35,
            "8": 49.01,
            "9": -37.3,
            "10": 36.59,
            "11": -5.37,
            "12": 27.18,
            "13": -31.57,
            "15": 14.94,
            "16": -23.8,
            "17": 17.69,
            "18": 11.1,
            "19": 1.83,
            "20": 18.88,
            "21": 14.37,
            "22": 31.66,
            "23": 2.4,
            "24": -17.29,
            "25": -35.2,
            "26": -38.83,
            "27": 28.22,
            "28": 41.64,
            "29": 13.7,
            "30": 4.58,
            "31": -25.56,
            "32": -21.62,
            "33": 25.06,
            "34": 9.21,
            "35": -40.9,
            "36": -5.54,
            "37": -23.65,
            "38": -9.19,
            "39": 45.3,
            "40": -14.05,
            "41": -42.84,
            "42": -46.31,
            "43": -21.38,
            "44": 47.01,
            "45": 7.37,
            "46": 4.34
        },
        "15": {
            "0": -38.57,
            "1": 41.69,
            "2": -37.33,
            "3": -2.23,
            "4": -16.68,
            "5": -6.48,
            "6": 47.33,
            "7": 2.09,
            "8": -10.89,
            "9": 5.58,
            "10": -26.57,
            "11": -33.64,
            "12": 25.16,
            "13": -49.53,
            "14": 14.94,
            "16": 36.28,
            "17": 5.76,
            "18": -49.73,
            "19": 38.21,
            "20": -31.39,
            "21": -42.84,
            "22": 38.43,
            "23": -6.84,
            "24": 32.29,
            "25": 12.46,
            "26": 14.15,
            "27": -22.44,
            "28": -34.55,
            "29": -48.62,
            "30": 2.73,
            "31": 34.79,
            "32": 25.04,
            "33": 15.16,
            "34": -15.97,
            "35": 11.95,
            "36": -25.58,
            "37": 0.81,
            "38": 44.8,
            "39": -9.72,
            "40": 20.96,
            "41": 22.76,
            "42": 9.97,
            "43": 10.47,
            "44": 4.83,
            "45": -19.05,
            "46": -33.78
        },
        "16": {
            "0": 7.21,
            "1": -48.98,
            "2": -25.14,
            "3": 18.59,
            "4": -34.43,
            "5": -30.3,
            "6": -41.0,
            "7": 18.59,
            "8": 49.67,
            "9": 19.27,
            "10": 12.5,
            "11": 36.96,
            "12": 28.65,
            "13": 48.65,
            "14": -23.8,
            "15": 36.28,
            "17": 9.1,
            "18": -38.05,
            "19": 43.4,
            "20": -21.98,
            "21": 36.93,
            "22": 12.51,
            "23": -40.91,
            "24": 16.17,
            "25": 3.95,
            "26": -27.78,
            "27": 49.04,
            "28": -4.27,
            "29": 6.01,
            "30": -10.2,
            "31": 6.49,
            "32": -4.66,
            "33": 12.98,
            "34": -6.27,
            "35": 42.37,
            "36": -21.67,
            "37": -45.53,
            "38": -17.26,
            "39": -28.97,
            "40": -11.35,
            "41": -46.1,
            "42": -46.54,
            "43": -32.88,
            "44": -25.1,
            "45": -18.1,
            "46": -8.76
        },
        "17": {
            "0": -27.71,
            "1": -35.24,
            "2": 5.74,
            "3": -2.17,
            "4": 42.39,
            "5": 28.39,
            "6": -23.66,
            "7": -38.78,
            "8": -34.66,
            "9": 22.45,
            "10": -0.12,
            "11": 35.4,
            "12": -11.74,
            "13": 12.95,
            "14": 17.69,
            "15": 5.76,
            "16": 9.1,
            "18": 46.35,
            "19": -22.09,
            "20": 42.14,
            "21": 25.25,
            "22": 12.69,
            "23": -18.2,
            "24": -33.32,
            "25": -40.33,
            "26": -35.33,
            "27": 5.63,
            "28": 24.29,
            "29": 30.66,
            "30": -17.59,
            "31": 18.99,
            "32": 38.69,
            "33": 23.68,
            "34": -9.15,
            "35": 46.67,
            "36": 37.77,
            "37": 32.92,
            "38": -21.99,
            "39": 21.21,
            "40": 17.54,
            "41": 10.82,
            "42": 42.41,
            "43": -49.1,
            "44": -3.07,
            "45": 27.8,
            "46": -4.43
        },
        "18": {
            "0": -6.36,
            "1": 27.73,
            "2": 25.39,
            "3": -23.45,
            "4": -30.12,
            "5": 47.61,
            "6": -3.27,
            "7": -43.81,
            "8": 9.23,
            "9": 24.07,
            "10": -8.36,
            "11": 42.83,
            "12": -32.28,
            "13": 13.6,
            "14": 11.1,
            "15": -49.73,
            "16": -38.05,
            "17": 46.35,
            "19": -44.15,
            "20": -6.58,
            "21": -2.38,
            "22": -34.84,
            "23": -19.59,
            "24": -4.19,
            "25": -38.25,
            "26": 37.08,
            "27": -37.02,
            "28": -13.09,
            "29": -32.31,
            "30": 30.68,
            "31": 32.07,
            "32": 32.44,
            "33": -47.21,
            "34": -34.14,
            "35": -44.77,
            "36": -49.75,
            "37": -6.98,
            "38": 42.06,
            "39": -44.51,
            "40": 9.36,
            "41": 6.33,
            "42": -30.77,
            "43": 13.18,
            "44": 12.95,
            "45": 13.96,
            "46": 32.45
        },
        "19": {
            "0": 32.0,
            "1": 34.65,
            "2": 37.04,
            "3": -31.73,
            "4": 4.82,
            "5": -45.32,
            "6": 23.5,
            "7": -8.68,
            "8": -4.77,
            "9": -46.87,
            "10": -28.39,
            "11": -24.82,
            "12": -3.11,
            "13": 45.76,
            "14": 1.83,
            "15": 38.21,
            "16": 43.4,
            "17": -22.09,
            "18": -44.15,
            "20": 41.01,
            "21": -28.55,
            "22": 6.75,
            "23": 36.38,
            "24": -11.87,
            "25": 33.02,
            "26": 19.93,
            "27": 48.51,
            "28": -19.16,
            "29": 40.07,
            "30": 27.76,
            "31": -20.22,
            "32": 7.9,
            "33": 31.17,
            "34": -16.15,
            "35": -19.33,
            "36": 20.62,
            "37": -9.09,
            "38": 23.52,
            "39": -7.62,
            "40": 30.96,
            "41": 19.64,
            "42": -14.73,
            "43": -36.7,
            "44": 11.26,
            "45": -29.94,
            "46": 22.17
        },
        "20": {
            "0": -39.11,
            "1": -0.75,
            "2": -48.95,
            "3": 46.89,
            "4": 19.88,
            "5": -1.42,
            "6": 41.2,
            "7": 25.0,
            "8": 20.51,
            "9": -32.24,
            "10": 6.06,
            "11": 38.95,
            "12": -4.86,
            "13": -22.73,
            "14": 18.88,
            "15": -31.39,
            "16": -21.98,
            "17": 42.14,
            "18": -6.58,
            "19": 41.01,
            "21": -13.25,
            "22": 17.15,
            "23": -42.47,
            "24": 34.98,
            "25": 28.12,
            "26": 12.45,
            "27": -28.95,
            "28": -17.26,
            "29": 18.34,
            "30": -45.56,
            "31": 6.42,
            "32": -24.63,
            "33": -28.93,
            "34": 39.5,
            "35": 49.14,
            "36": 40.26,
            "37": 31.4,
            "38": 8.58,
            "39": 6.32,
            "40": -5.0,
            "41": -22.22,
            "42": 49.1,
            "43": -45.46,
            "44": 41.83,
            "45": 16.09,
            "46": 47.65
        },
        "21": {
            "0": 24.75,
            "1": 6.34,
            "2": -21.67,
            "3": -33.43,
            "4": -31.92,
            "5": -29.71,
            "6": 19.37,
            "7": -7.27,
            "8": -0.07,
            "9": 7.88,
            "10": -39.68,
            "11": -15.2,
            "12": 37.1,
            "13": -12.42,
            "14": 14.37,
            "15": -42.84,
            "16": 36.93,
            "17": 25.25,
            "18": -2.38,
            "19": -28.55,
            "20": -13.25,
            "22": -32.16,
            "23": 28.78,
            "24": 15.95,
            "25": 1.53,
            "26": -8.97,
            "27": 25.05,
            "28": -5.04,
            "29": 10.06,
            "30": -21.15,
            "31": -23.26,
            "32": 10.12,
            "33": 49.18,
            "34": -9.24,
            "35": -31.78,
            "36": 10.38,
            "37": 10.45,
            "38": -7.05,
            "39": 34.85,
            "40": 47.52,
            "41": -43.74,
            "42": 7.37,
            "43": -37.91,
            "44": 10.68,
            "45": -25.63,
            "46": 27.49
        },
        "22": {
            "0": 48.9,
            "1": -43.32,
            "2": 35.7,
            "3": -17.47,
            "4": 32.74,
            "5": 2.11,
            "6": -17.75,
            "7": -23.42,
            "8": -39.22,
            "9": 47.16,
            "10": 2.05,
            "11": 2.02,
            "12": 42.43,
            "13": 14.27,
            "14": 31.66,
            "15": 38.43,
            "16": 12.51,
            "17": 12.69,
            "18": -34.84,
            "19": 6.75,
            "20": 17.15,
            "21": -32.16,
            "23": 29.92,
            "24": -44.16,
            "25": 36.01,
            "26": -23.94,
            "27": -43.54,
            "28": 7.31,
            "29": 32.2,
            "30": -46.26,
            "31": 44.86,
            "32": -43.02,
            "33": 25.38,
            "34": 34.61,
            "35": 28.69,
            "36": -44.77,
            "37": -1.0,
            "38": -47.36,
            "39": -29.74,
            "40": -15.65,
            "41": 39.72,
            "42": 12.9,
            "43": 30.53,
            "44": 5.56,
            "45": -37.96,
            "46": 3.32
        },
        "23": {
            "0": 12.97,
            "1": 47.04,
            "2": 46.95,
            "3": 6.16,
            "4": -12.45,
            "5": 18.79,
            "6": -30.02,
            "7": -40.24,
            "8": 3.58,
            "9": 29.36,
            "10": 8.64,
            "11": -26.43,
            "12": -31.75,
            "13": 29.31,
            "14": 2.4,
            "15": -6.84,
            "16": -40.91,
            "17": -18.2,
            "18": -19.59,
            "19": 36.38,
            "20": -42.47,
            "21": 28.78,
            "22": 29.92,
            "24": -31.14,
            "25": 44.48,
            "26": -39.79,
            "27": -30.28,
            "28": 0.57,
            "29": -34.63,
            "30": 2.3,
            "31": -33.27,
            "32": 20.68,
            "33": 4.18,
            "34": 34.64,
            "35": -38.59,
            "36": 27.5,
            "37": 23.66,
            "38": 26.22,
            "39": -41.01,
            "40": -5.01,
            "41": 22.78,
            "42": -46.92,
            "43": -25.39,
            "44": -36.23,
            "45": -0.58,
            "46": 34.77
        },
        "24": {
            "0": 12.29,
            "1": -6.49,
            "2": -26.52,
            "3": -31.48,
            "4": 30.62,
            "5": 37.5,
            "6": 37.5,
            "7": -29.13,
            "8": -45.73,
            "9": -41.8,
            "10": -30.85,
            "11": 38.32,
            "12": 0.39,
            "13": -25.05,
            "14": -17.29,
            "15": 32.29,
            "16": 16.17,
            "17": -33.32,
            "18": -4.19,
            "19": -11.87,
            "20": 34.98,
            "21": 15.95,
            "22": -44.16,
            "23": -31.14,
            "25": 13.63,
            "26": -9.61,
            "27": 31.57,
            "28": -30.4,
            "29": 30.53,
            "30": 49.54,
            "31": -9.18,
            "32": -21.41,
            "33": -28.82,
            "34": 0.44,
            "35": 37.17,
            "36": -8.16,
            "37": 26.4,
            "38": 40.0,
            "39": 4.99,
            "40": -3.97,
            "41": 19.91,
            "42": 43.48,
            "43": -40.23,
            "44": -20.12,
            "45": -30.06,
            "46": 24.85
        },
        "25": {
            "0": -4.91,
            "1": -24.81,
            "2": -49.52,
            "3": 32.83,
            "4": 49.71,
            "5": 48.05,
            "6": 43.87,
            "7": -29.97,
            "8": -3.73,
            "9": -9.24,
            "10": -31.19,
            "11": -35.89,
            "12": 35.97,
            "13": 14.52,
            "14": -35.2,
            "15": 12.46,
            "16": 3.95,
            "17": -40.33,
            "18": -38.25,
            "19": 33.02,
            "20": 28.12,
            "21": 1.53,
            "22": 36.01,
            "23": 44.48,
            "24": 13.63,
            "26": 12.11,
            "27": -44.77,
            "28": -39.03,
            "29": 39.95,
            "30": -25.03,
            "31": -42.77,
            "32": 23.14,
            "33": -23.81,
            "34": 15.24,
            "35": -43.07,
            "36": -9.03,
            "37": 41.52,
            "38": -42.97,
            "39": 39.45,
            "40": -49.0,
            "41": 29.52,
            "42": 30.59,
            "43": -46.42,
            "44": 20.56,
            "45": -31.62,
            "46": -13.3
        },
        "26": {
            "0": 20.3,
            "1": -8.01,
            "2": -48.05,
            "3": 7.19,
            "4": -31.95,
            "5": 38.08,
            "6": -22.23,
            "7": 28.5,
            "8": -41.04,
            "9": 42.71,
            "10": -18.92,
            "11": 29.3,
            "12": -40.17,
            "13": -12.04,
            "14": -38.83,
            "15": 14.15,
            "16": -27.78,
            "17": -35.33,
            "18": 37.08,
            "19": 19.93,
            "20": 12.45,
            "21": -8.97,
            "22": -23.94,
            "23": -39.79,
            "24": -9.61,
            "25": 12.11,
            "27": -2.93,
            "28": 0.42,
            "29": 21.66,
            "30": 39.21,
            "31": -21.09,
            "32": -42.7,
            "33": 28.45,
            "34": 39.58,
            "35": 17.04,
            "36": 26.5,
            "37": 21.28,
            "38": -27.98,
            "39": -21.87,
            "40": -45.73,
            "41": 4.21,
            "42": 3.04,
            "43": -1.04,
            "44": -41.35,
            "45": 22.39,
            "46": -49.59
        },
        "27": {
            "0": -47.89,
            "1": 33.25,
            "2": 18.35,
            "3": 22.78,
            "4": 0.34,
            "5": 19.35,
            "6": -18.56,
            "7": 33.67,
            "8": 9.84,
            "9": 49.23,
            "10": -9.31,
            "11": 45.34,
            "12": 11.45,
            "13": 25.79,
            "14": 28.22,
            "15": -22.44,
            "16": 49.04,
            "17": 5.63,
            "18": -37.02,
            "19": 48.51,
            "20": -28.95,
            "21": 25.05,
            "22": -43.54,
            "23": -30.28,
            "24": 31.57,
            "25": -44.77,
            "26": -2.93,
            "28": -14.96,
            "29": -18.56,
            "30": 31.87,
            "31": 43.77,
            "32": -7.04,
            "33": 14.11,
            "34": 34.17,
            "35": 23.59,
            "36": 10.51,
            "37": 5.83,
            "38": -37.28,
            "39": -18.56,
            "40": -3.34,
            "41": -28.68,
            "42": -22.67,
            "43": 0.27,
            "44": -39.26,
            "45": -12.44,
            "46": 47.03
        },
        "28": {
            "0": 8.9,
            "1": -24.2,
            "2": 46.3,
            "3": 40.6,
            "4": 22.06,
            "5": -6.82,
            "6": 41.77,
            "7": -27.96,
            "8": 17.14,
            "9": 43.13,
            "10": 29.5,
            "11": 47.51,
            "12": -3.1,
            "13": -13.31,
            "14": 41.64,
            "15": -34.55,
            "16": -4.27,
            "17": 24.29,
            "18": -13.09,
            "19": -19.16,
            "20": -17.26,
            "21": -5.04,
            "22": 7.31,
            "23": 0.57,
            "24": -30.4,
            "25": -39.03,
            "26": 0.42,
            "27": -14.96,
            "29": 37.14,
            "30": -32.27,
            "31": 30.96,
            "32": -39.92,
            "33": 25.12,
            "34": -5.05,
            "35": -20.4,
            "36": -10.74,
            "37": -30.93,
            "38": -32.47,
            "39": 35.49,
            "40": -23.12,
            "41": 39.43,
            "42": -15.63,
            "43": 36.59,
            "44": 49.51,
            "45": 39.66,
            "46": -26.07
        },
        "29": {
            "0": 42.51,
            "1": -0.28,
            "2": 29.55,
            "3": 20.57,
            "4": 23.06,
            "5": -2.99,
            "6": 21.01,
            "7": -0.2,
            "8": -46.51,
            "9": -7.33,
            "10": 27.0,
            "11": -18.38,
            "12": 36.49,
            "13": 32.94,
            "14": 13.7,
            "15": -48.62,
            "16": 6.01,
            "17": 30.66,
            "18": -32.31,
            "19": 40.07,
            "20": 18.34,
            "21": 10.06,
            "22": 32.2,
            "23": -34.63,
            "24": 30.53,
            "25": 39.95,
            "26": 21.66,
            "27": -18.56,
            "28": 37.14,
            "30": -43.99,
            "31": -37.14,
            "32": -37.36,
            "33": 24.88,
            "34": 26.74,
            "35": 30.52,
            "36": -9.59,
            "37": 38.32,
            "38": -20.35,
            "39": 3.97,
            "40": 23.38,
            "41": -9.63,
            "42": 5.99,
            "43": -17.54,
            "44": -25.71,
            "45": -8.43,
            "46": -11.0
        },
        "30": {
            "0": 13.36,
            "1": 27.65,
            "2": 24.48,
            "3": -45.5,
            "4": 30.32,
            "5": 46.86,
            "6": -1.37,
            "7": 22.22,
            "8": 27.97,
            "9": -46.19,
            "10": -7.16,
            "11": 13.64,
            "12": -22.07,
            "13": 27.9,
            "14": 4.58,
            "15": 2.73,
            "16": -10.2,
            "17": -17.59,
            "18": 30.68,
            "19": 27.76,
            "20": -45.56,
            "21": -21.15,
            "22": -46.26,
            "23": 2.3,
            "24": 49.54,
            "25": -25.03,
            "26": 39.21,
            "27": 31.87,
            "28": -32.27,
            "29": -43.99,
            "31": 6.41,
            "32": 29.41,
            "33": 29.74,
            "34": -19.52,
            "35": -25.07,
            "36": -35.77,
            "37": -26.49,
            "38": -45.94,
            "39": 43.74,
            "40": -21.76,
            "41": 5.16,
            "42": 46.97,
            "43": 11.56,
            "44": -7.1,
            "45": -36.19,
            "46": 28.78
        },
        "31": {
            "0": -1.78,
            "1": 36.41,
            "2": -1.63,
            "3": -26.54,
            "4": 26.36,
            "5": 40.17,
            "6": -15.8,
            "7": -11.06,
            "8": -19.0,
            "9": -10.72,
            "10": 32.6,
            "11": -18.27,
            "12": 41.81,
            "13": -21.63,
            "14": -25.56,
            "15": 34.79,
            "16": 6.49,
            "17": 18.99,
            "18": 32.07,
            "19": -20.22,
            "20": 6.42,
            "21": -23.26,
            "22": 44.86,
            "23": -33.27,
            "24": -9.18,
            "25": -42.77,
            "26": -21.09,
            "27": 43.77,
            "28": 30.96,
            "29": -37.14,
            "30": 6.41,
            "32": 1.65,
            "33": -35.21,
            "34": 8.12,
            "35": 18.81,
            "36": -7.14,
            "37": -23.5,
            "38": 45.78,
            "39": 13.44,
            "40": -31.52,
            "41": -12.38,
            "42": -45.85,
            "43": -29.15,
            "44": -20.41,
            "45": 23.72,
            "46": -46.31
        },
        "32": {
            "0": 30.54,
            "1": -28.93,
            "2": 4.68,
            "3": -8.94,
            "4": 47.82,
            "5": 13.26,
            "6": 27.53,
            "7": 44.9,
            "8": -14.03,
            "9": -10.37,
            "10": -41.41,
            "11": 23.65,
            "12": 22.17,
            "13": 19.71,
            "14": -21.62,
            "15": 25.04,
            "16": -4.66,
            "17": 38.69,
            "18": 32.44,
            "19": 7.9,
            "20": -24.63,
            "21": 10.12,
            "22": -43.02,
            "23": 20.68,
            "24": -21.41,
            "25": 23.14,
            "26": -42.7,
            "27": -7.04,
            "28": -39.92,
            "29": -37.36,
            "30": 29.41,
            "31": 1.65,
            "33": 17.29,
            "34": -19.97,
            "35": 17.19,
            "36": 27.81,
            "37": 33.91,
            "38": -33.36,
            "39": -44.8,
            "40": -32.89,
            "41": 40.89,
            "42": -41.94,
            "43": 16.7,
            "44": 42.01,
            "45": -37.56,
            "46": 19.76
        },
        "33": {
            "0": -4.93,
            "1": 36.48,
            "2": -49.63,
            "3": 40.52,
            "4": -6.63,
            "5": -41.77,
            "6": -30.67,
            "7": -23.82,
            "8": -17.34,
            "9": 34.15,
            "10": 11.14,
            "11": -40.29,
            "12": 11.63,
            "13": -29.23,
            "14": 25.06,
            "15": 15.16,
            "16": 12.98,
            "17": 23.68,
            "18": -47.21,
            "19": 31.17,
            "20": -28.93,
            "21": 49.18,
            "22": 25.38,
            "23": 4.18,
            "24": -28.82,
            "25": -23.81,
            "26": 28.45,
            "27": 14.11,
            "28": 25.12,
            "29": 24.88,
            "30": 29.74,
            "31": -35.21,
            "32": 17.29,
            "34": 14.09,
            "35": -11.45,
            "36": -26.04,
            "37": 45.83,
            "38": 39.76,
            "39": 16.76,
            "40": 27.36,
            "41": -12.11,
            "42": -48.67,
            "43": -24.15,
            "44": -4.65,
            "45": 47.76,
            "46": 26.19
        },
        "34": {
            "0": 17.61,
            "1": 14.08,
            "2": 40.6,
            "3": 25.48,
            "4": 24.03,
            "5": 13.0,
            "6": 43.5,
            "7": -9.92,
            "8": 49.16,
            "9": 42.81,
            "10": -33.82,
            "11": 39.99,
            "12": -44.84,
            "13": 10.04,
            "14": 9.21,
            "15": -15.97,
            "16": -6.27,
            "17": -9.15,
            "18": -34.14,
            "19": -16.15,
            "20": 39.5,
            "21": -9.24,
            "22": 34.61,
            "23": 34.64,
            "24": 0.44,
            "25": 15.24,
            "26": 39.58,
            "27": 34.17,
            "28": -5.05,
            "29": 26.74,
            "30": -19.52,
            "31": 8.12,
            "32": -19.97,
            "33": 14.09,
            "35": 18.65,
            "36": 14.85,
            "37": 28.28,
            "38": 24.62,
            "39": -8.57,
            "40": -27.71,
            "41": -40.36,
            "42": 35.34,
            "43": 28.16,
            "44": 27.6,
            "45": 19.94,
            "46": -0.58
        },
        "35": {
            "0": -14.91,
            "1": 39.68,
            "2": -40.88,
            "3": 12.31,
            "4": -23.09,
            "5": -12.26,
            "6": 0.48,
            "7": -7.8,
            "8": -48.1,
            "9": -4.59,
            "10": 33.77,
            "11": 32.91,
            "12": 11.17,
            "13": -29.68,
            "14": -40.9,
            "15": 11.95,
            "16": 42.37,
            "17": 46.67,
            "18": -44.77,
            "19": -19.33,
            "20": 49.14,
            "21": -31.78,
            "22": 28.69,
            "23": -38.59,
            "24": 37.17,
            "25": -43.07,
            "26": 17.04,
            "27": 23.59,
            "28": -20.4,
            "29": 30.52,
            "30": -25.07,
            "31": 18.81,
            "32": 17.19,
            "33": -11.45,
            "34": 18.65,
            "36": 4.87,
            "37": -14.47,
            "38": -48.09,
            "39": 9.47,
            "40": -0.96,
            "41": -47.86,
            "42": -8.87,
            "43": -36.0,
            "44": 45.54,
            "45": 6.38,
            "46": -21.3
        },
        "36": {
            "0": 35.45,
            "1": -13.27,
            "2": 2.42,
            "3": -34.1,
            "4": 29.84,
            "5": 47.77,
            "6": -21.69,
            "7": 28.53,
            "8": 21.37,
            "9": -46.49,
            "10": -4.82,
            "11": -37.33,
            "12": -43.44,
            "13": 32.34,
            "14": -5.54,
            "15": -25.58,
            "16": -21.67,
            "17": 37.77,
            "18": -49.75,
            "19": 20.62,
            "20": 40.26,
            "21": 10.38,
            "22": -44.77,
            "23": 27.5,
            "24": -8.16,
            "25": -9.03,
            "26": 26.5,
            "27": 10.51,
            "28": -10.74,
            "29": -9.59,
            "30": -35.77,
            "31": -7.14,
            "32": 27.81,
            "33": -26.04,
            "34": 14.85,
            "35": 4.87,
            "37": 40.7,
            "38": 49.78,
            "39": -43.73,
            "40": 3.44,
            "41": 13.62,
            "42": -26.64,
            "43": -48.68,
            "44": 47.2,
            "45": -40.55,
            "46": -17.37
        },
        "37": {
            "0": -24.42,
            "1": 45.31,
            "2": -42.45,
            "3": 46.98,
            "4": -5.19,
            "5": 46.7,
            "6": -30.47,
            "7": -24.19,
            "8": -25.03,
            "9": -31.98,
            "10": -44.44,
            "11": -45.04,
            "12": 19.32,
            "13": -29.84,
            "14": -23.65,
            "15": 0.81,
            "16": -45.53,
            "17": 32.92,
            "18": -6.98,
            "19": -9.09,
            "20": 31.4,
            "21": 10.45,
            "22": -1.0,
            "23": 23.66,
            "24": 26.4,
            "25": 41.52,
            "26": 21.28,
            "27": 5.83,
            "28": -30.93,
            "29": 38.32,
            "30": -26.49,
            "31": -23.5,
            "32": 33.91,
            "33": 45.83,
            "34": 28.28,
            "35": -14.47,
            "36": 40.7,
            "38": -40.75,
            "39": 10.78,
            "40": -11.44,
            "41": 0.47,
            "42": -37.05,
            "43": 1.24,
            "44": 36.66,
            "45": -41.83,
            "46": 40.55
        },
        "38": {
            "0": 19.09,
            "1": 44.33,
            "2": 9.13,
            "3": 11.87,
            "4": 38.91,
            "5": 33.48,
            "6": 19.76,
            "7": 45.25,
            "8": 13.09,
            "9": 18.97,
            "10": 1.8,
            "11": -7.6,
            "12": 48.26,
            "13": 27.07,
            "14": -9.19,
            "15": 44.8,
            "16": -17.26,
            "17": -21.99,
            "18": 42.06,
            "19": 23.52,
            "20": 8.58,
            "21": -7.05,
            "22": -47.36,
            "23": 26.22,
            "24": 40.0,
            "25": -42.97,
            "26": -27.98,
            "27": -37.28,
            "28": -32.47,
            "29": -20.35,
            "30": -45.94,
            "31": 45.78,
            "32": -33.36,
            "33": 39.76,
            "34": 24.62,
            "35": -48.09,
            "36": 49.78,
            "37": -40.75,
            "39": -42.8,
            "40": 29.59,
            "41": 15.04,
            "42": 31.1,
            "43": -34.99,
            "44": -21.0,
            "45": -19.83,
            "46": 24.2
        },
        "39": {
            "0": 1.39,
            "1": 28.12,
            "2": 42.12,
            "3": -20.75,
            "4": -28.15,
            "5": 7.81,
            "6": -1.85,
            "7": 21.68,
            "8": -13.41,
            "9": 41.01,
            "10": 39.67,
            "11": -3.44,
            "12": 16.99,
            "13": -2.94,
            "14": 45.3,
            "15": -9.72,
            "16": -28.97,
            "17": 21.21,
            "18": -44.51,
            "19": -7.62,
            "20": 6.32,
            "21": 34.85,
            "22": -29.74,
            "23": -41.01,
            "24": 4.99,
            "25": 39.45,
            "26": -21.87,
            "27": -18.56,
            "28": 35.49,
            "29": 3.97,
            "30": 43.74,
            "31": 13.44,
            "32": -44.8,
            "33": 16.76,
            "34": -8.57,
            "35": 9.47,
            "36": -43.73,
            "37": 10.78,
            "38": -42.8,
            "40": -48.4,
            "41": -44.83,
            "42": 0.36,
            "43": -25.1,
            "44": -28.97,
            "45": -46.4,
            "46": -17.82
        },
        "40": {
            "0": 24.56,
            "1": -31.54,
            "2": 38.42,
            "3": 26.74,
            "4": -12.06,
            "5": -11.19,
            "6": 34.77,
            "7": 48.97,
            "8": 39.63,
            "9": 45.46,
            "10": 48.54,
            "11": -36.89,
            "12": 4.25,
            "13": -46.77,
            "14": -14.05,
            "15": 20.96,
            "16": -11.35,
            "17": 17.54,
            "18": 9.36,
            "19": 30.96,
            "20": -5.0,
            "21": 47.52,
            "22": -15.65,
            "23": -5.01,
            "24": -3.97,
            "25": -49.0,
            "26": -45.73,
            "27": -3.34,
            "28": -23.12,
            "29": 23.38,
            "30": -21.76,
            "31": -31.52,
            "32": -32.89,
            "33": 27.36,
            "34": -27.71,
            "35": -0.96,
            "36": 3.44,
            "37": -11.44,
            "38": 29.59,
            "39": -48.4,
            "41": 33.84,
            "42": -13.39,
            "43": 38.09,
            "44": -38.29,
            "45": -44.94,
            "46": 6.53
        },
        "41": {
            "0": -46.22,
            "1": -10.09,
            "2": -22.07,
            "3": -14.29,
            "4": 20.97,
            "5": -4.78,
            "6": 3.27,
            "7": 28.01,
            "8": 37.85,
            "9": -3.49,
            "10": -36.9,
            "11": 2.07,
            "12": 0.89,
            "13": -1.51,
            "14": -42.84,
            "15": 22.76,
            "16": -46.1,
            "17": 10.82,
            "18": 6.33,
            "19": 19.64,
            "20": -22.22,
            "21": -43.74,
            "22": 39.72,
            "23": 22.78,
            "24": 19.91,
            "25": 29.52,
            "26": 4.21,
            "27": -28.68,
            "28": 39.43,
            "29": -9.63,
            "30": 5.16,
            "31": -12.38,
            "32": 40.89,
            "33": -12.11,
            "34": -40.36,
            "35": -47.86,
            "36": 13.62,
            "37": 0.47,
            "38": 15.04,
            "39": -44.83,
            "40": 33.84,
            "42": 23.15,
            "43": -10.78,
            "44": 13.23,
            "45": 33.9,
            "46": 28.3
        },
        "42": {
            "0": 3.22,
            "1": 41.57,
            "2": -26.31,
            "3": 22.69,
            "4": -24.38,
            "5": -18.88,
            "6": 11.41,
            "7": 16.16,
            "8": 45.52,
            "9": -34.18,
            "10": 47.84,
            "11": 27.63,
            "12": 32.03,
            "13": -10.65,
            "14": -46.31,
            "15": 9.97,
            "16": -46.54,
            "17": 42.41,
            "18": -30.77,
            "19": -14.73,
            "20": 49.1,
            "21": 7.37,
            "22": 12.9,
            "23": -46.92,
            "24": 43.48,
            "25": 30.59,
            "26": 3.04,
            "27": -22.67,
            "28": -15.63,
            "29": 5.99,
            "30": 46.97,
            "31": -45.85,
            "32": -41.94,
            "33": -48.67,
            "34": 35.34,
            "35": -8.87,
            "36": -26.64,
            "37": -37.05,
            "38": 31.1,
            "39": 0.36,
            "40": -13.39,
            "41": 23.15,
            "43": 32.27,
            "44": 24.21,
            "45": -47.65,
            "46": -12.18
        },
        "43": {
            "0": -33.02,
            "1": 37.69,
            "2": -10.79,
            "3": -40.83,
            "4": -31.27,
            "5": 12.46,
            "6": 22.11,
            "7": -3.01,
            "8": 17.08,
            "9": 31.15,
            "10": 19.02,
            "11": -37.18,
            "12": -4.69,
            "13": -23.11,
            "14": -21.38,
            "15": 10.47,
            "16": -32.88,
            "17": -49.1,
            "18": 13.18,
            "19": -36.7,
            "20": -45.46,
            "21": -37.91,
            "22": 30.53,
            "23": -25.39,
            "24": -40.23,
            "25": -46.42,
            "26": -1.04,
            "27": 0.27,
            "28": 36.59,
            "29": -17.54,
            "30": 11.56,
            "31": -29.15,
            "32": 16.7,
            "33": -24.15,
            "34": 28.16,
            "35": -36.0,
            "36": -48.68,
            "37": 1.24,
            "38": -34.99,
            "39": -25.1,
            "40": 38.09,
            "41": -10.78,
            "42": 32.27,
            "44": 9.6,
            "45": -29.9,
            "46": -13.69
        },
        "44": {
            "0": -40.43,
            "1": 42.4,
            "2": 36.38,
            "3": 42.76,
            "4": 42.54,
            "5": 43.75,
            "6": -14.12,
            "7": 6.98,
            "8": 14.34,
            "9": -9.18,
            "10": 30.85,
            "11": 34.43,
            "12": 45.16,
            "13": 7.0,
            "14": 47.01,
            "15": 4.83,
            "16": -25.1,
            "17": -3.07,
            "18": 12.95,
            "19": 11.26,
            "20": 41.83,
            "21": 10.68,
            "22": 5.56,
            "23": -36.23,
            "24": -20.12,
            "25": 20.56,
            "26": -41.35,
            "27": -39.26,
            "28": 49.51,
            "29": -25.71,
            "30": -7.1,
            "31": -20.41,
            "32": 42.01,
            "33": -4.65,
            "34": 27.6,
            "35": 45.54,
            "36": 47.2,
            "37": 36.66,
            "38": -21.0,
            "39": -28.97,
            "40": -38.29,
            "41": 13.23,
            "42": 24.21,
            "43": 9.6,
            "45": -28.28,
            "46": 18.35
        },
        "45": {
            "0": 2.83,
            "1": 30.19,
            "2": 2.53,
            "3": -22.92,
            "4": -19.02,
            "5": -11.43,
            "6": 32.57,
            "7": -43.62,
            "8": 29.79,
            "9": 15.63,
            "10": 18.57,
            "11": 16.7,
            "12": -9.11,
            "13": 20.92,
            "14": 7.37,
            "15": -19.05,
            "16": -18.1,
            "17": 27.8,
            "18": 13.96,
            "19": -29.94,
            "20": 16.09,
            "21": -25.63,
            "22": -37.96,
            "23": -0.58,
            "24": -30.06,
            "25": -31.62,
            "26": 22.39,
            "27": -12.44,
            "28": 39.66,
            "29": -8.43,
            "30": -36.19,
            "31": 23.72,
            "32": -37.56,
            "33": 47.76,
            "34": 19.94,
            "35": 6.38,
            "36": -40.55,
            "37": -41.83,
            "38": -19.83,
            "39": -46.4,
            "40": -44.94,
            "41": 33.9,
            "42": -47.65,
            "43": -29.9,
            "44": -28.28,
            "46": -13.84
        },
        "46": {
            "0": 20.31,
            "1": -20.85,
            "2": -0.57,
            "3": 2.57,
            "4": 5.74,
            "5": 34.56,
            "6": 6.59,
            "7": -18.85,
            "8": -28.7,
            "9": 44.4,
            "10": -2.81,
            "11": -25.52,
            "12": 14.22,
            "13": 28.2,
            "14": 4.34,
            "15": -33.78,
            "16": -8.76,
            "17": -4.43,
            "18": 32.45,
            "19": 22.17,
            "20": 47.65,
            "21": 27.49,
            "22": 3.32,
            "23": 34.77,
            "24": 24.85,
            "25": -13.3,
            "26": -49.59,
            "27": 47.03,
            "28": -26.07,
            "29": -11.0,
            "30": 28.78,
            "31": -46.31,
            "32": 19.76,
            "33": 26.19,
            "34": -0.58,
            "35": -21.3,
            "36": -17.37,
            "37": 40.55,
            "38": 24.2,
            "39": -17.82,
            "40": 6.53,
            "41": 28.3,
            "42": -12.18,
            "43": -13.69,
            "44": 18.35,
            "45": -13.84
        }
    }
}