{
    "knapsack_size": 1500,
    "n_items": 60,
    "costs": {
        "0": {
            "l": 48,
            "a": 51,
            "u": 59
        },
        "1": {
            "l": 50,
            "a": 70,
            "u": 78
        },
        "2": {
            "l": 58,
            "a": 98,
            "u": 124
        },
        "3": {
            "l": 50,
            "a": 52,
            "u": 60
        },
        "4": {
            "l": 58,
            "a": 84,
            "u": 119
        },
        "5": {
            "l": 46,
            "a": 57,
            "u": 83
        },
        "6": {
            "l": 69,
            "a": 115,
            "u": 123
        },
        "7": {
            "l": 49,
            "a": 92,
            "u": 96
        },
        "8": {
            "l": 58,
            "a": 73,
            "u": 90
        },
        "9": {
            "l": 55,
            "a": 103,
            "u": 109
        },
        "10": {
            "l": 53,
            "a": 83,
            "u": 114
        },
        "11": {
            "l": 58,
            "a": 112,
            "u": 132
        },
        "12": {
            "l": 66,
            "a": 121,
            "u": 151
        },
        "13": {
            "l": 56,
            "a": 109,
            "u": 131
        },
        "14": {
            "l": 58,
            "a": 67,
            "u": 83
        },
        "15": {
            "l": 67,
            "a": 104,
            "u": 127
        },
        "16": {
            "l": 65,
            "a": 121,
            "u": 147
        },
        "17": {
            "l": 66,
            "a": 73,
            "u": 85
        },
        "18": {
            "l": 68,
            "a": 122,
            "u": 174
        },
        "19": {
            "l": 45,
            "a": 57,
            "u": 85
        },
        "20": {
            "l": 52,
            "a": 66,
            "u": 89
        },
        "21": {
            "l": 61,
            "a": 82,
            "u": 108
        },
        "22": {
            "l": 61,
            "a": 118,
            "u": 129
        },
        "23": {
            "l": 45,
            "a": 73,
            "u": 106
        },
        "24": {
            "l": 45,
            "a": 45,
            "u": 65
        },
        "25": {
            "l": 67,
            "a": 129,
            "u": 129
        },
        "26": {
            "l": 59,
            "a": 87,
            "u": 123
        },
        "27": {
            "l": 56,
            "a": 111,
            "u": 146
        },
        "28": {
            "l": 68,
            "a": 107,
            "u": 141
        },
        "29": {
            "l": 65,
            "a": 116,
            "u": 159
        },
        "30": {
            "l": 69,
            "a": 132,
            "u": 136
        },
        "31": {
            "l": 69,
            "a": 94,
            "u": 107
        },
        "32": {
            "l": 49,
            "a": 49,
            "u": 58
        },
        "33": {
            "l": 48,
            "a": 71,
            "u": 80
        },
        "34": {
            "l": 65,
            "a": 89,
            "u": 122
        },
        "35": {
            "l": 46,
            "a": 73,
            "u": 89
        },
        "36": {
            "l": 61,
            "a": 75,
            "u": 110
        },
        "37": {
            "l": 63,
            "a": 98,
            "u": 119
        },
        "38": {
            "l": 60,
            "a": 84,
            "u": 123
        },
        "39": {
            "l": 61,
            "a": 65,
            "u": 89
        },
        "40": {
            "l": 46,
            "a": 69,
            "u": 73
        },
        "41": {
            "l": 66,
            "a": 105,
            "u": 146
        },
        "42": {
            "l": 69,
            "a": 77,
            "u": 92
        },
        "43": {
            "l": 50,
            "a": 62,
            "u": 80
        },
        "44": {
            "l": 61,
            "a": 81,
            "u": 115
        },
        "45": {
            "l": 47,
            "a": 72,
            "u": 85
        },
        "46": {
            "l": 67,
            "a": 119,
            "u": 122
        },
        "47": {
            "l": 59,
            "a": 82,
            "u": 93
        },
        "48": {
            "l": 60,
            "a": 67,
            "u": 73
        },
        "49": {
            "l": 47,
            "a": 75,
            "u": 109
        },
        "50": {
            "l": 59,
            "a": 78,
            "u": 103
        },
        "51": {
            "l": 66,
            "a": 69,
            "u": 73
        },
        "52": {
            "l": 49,
            "a": 81,
            "u": 110
        },
        "53": {
            "l": 63,
            "a": 108,
            "u": 159
        },
        "54": {
            "l": 68,
            "a": 97,
            "u": 126
        },
        "55": {
            "l": 64,
            "a": 76,
            "u": 79
        },
        "56": {
            "l": 62,
            "a": 64,
            "u": 64
        },
        "57": {
            "l": 51,
            "a": 53,
            "u": 68
        },
        "58": {
            "l": 63,
            "a": 72,
            "u": 81
        },
        "59": {
            "l": 54,
            "a": 92,
            "u": 104
        }
    },
    "profits": {
        "0": 78,
        "1": 112,
        "2": 181,
        "3": 98,
        "4": 151,
        "5": 112,
        "6": 226,
        "7": 177,
        "8": 119,
        "9": 158,
        "10": 155,
        "11": 214,
        "12": 201,
        "13": 177,
        "14": 130,
        "15": 190,
        "16": 215,
        "17": 137,
        "18": 212,
        "19": 104,
        "20": 113,
        "21": 157,
        "22": 203,
        "23": 110,
        "24": 72,
        "25": 240,
        "26": 148,
        "27": 195,
        "28": 207,
        "29": 205,
        "30": 258,
        "31": 172,
        "32": 74,
        "33": 110,
        "34": 171,
        "35": 125,
        "36": 134,
        "37": 147,
        "38": 131,
        "39": 111,
        "40": 129,
        "41": 173,
        "42": 137,
        "43": 111,
        "44": 131,
        "45": 141,
        "46": 225,
        "47": 162,
        "48": 123,
        "49": 143,
        "50": 129,
        "51": 122,
        "52": 137,
        "53": 193,
        "54": 169,
        "55": 135,
        "56": 119,
        "57": 101,
        "58": 118,
        "59": 161
    },
    "synergies": {
        "0": {
            "1": 23,
            "2": -29,
            "3": -34,
            "4": -30,
            "5": 2,
            "6": 41,
            "7": 13,
            "8": -49,
            "9": -19,
            "10": -32,
            "11": 18,
            "12": 12,
            "13": -14,
            "14": 40,
            "15": 20,
            "16": 45,
            "17": -15,
            "18": 7,
            "19": -28,
            "20": -2,
            "21": -46,
            "22": 38,
            "23": 30,
            "24": 48,
            "25": -18,
            "26": 42,
            "27": -19,
            "28": 41,
            "29": -35,
            "30": 21,
            "31": -47,
            "32": 27,
            "33": -31,
            "34": 11,
            "35": 32,
            "36": 25,
            "37": -38,
            "38": -22,
            "39": 23,
            "40": -9,
            "41": -15,
            "42": -5,
            "43": -8,
            "44": 7,
            "45": -11,
            "46": 25,
            "47": -29,
            "48": -20,
            "49": -14,
            "50": -32,
            "51": -15,
            "52": -36,
            "53": -32,
            "54": 13,
            "55": 0,
            "56": -15,
            "57": 16,
            "58": 45,
            "59": -25
        },
        "1": {
            "0": 23,
            "2": -1,
            "3": 3,
            "4": -45,
            "5": -8,
            "6": 19,
            "7": -22,
            "8": -18,
            "9": 44,
            "10": -46,
            "11": 46,
            "12": -2,
            "13": 32,
            "14": 0,
            "15": -32,
            "16": 13,
            "17": 12,
            "18": 8,
            "19": 35,
            "20": 23,
            "21": -46,
            "22": -48,
            "23": -11,
            "24": 40,
            "25": -47,
            "26": 5,
            "27": 36,
            "28": -13,
            "29": 19,
            "30": -29,
            "31": -10,
            "32": -18,
            "33": -42,
            "34": 0,
            "35": -15,
            "36": -44,
            "37": 40,
            "38": 2,
            "39": 9,
            "40": -46,
            "41": 7,
            "42": -13,
            "43": -46,
            "44": 22,
            "45": 36,
            "46": -26,
            "47": -13,
            "48": 27,
            "49": -23,
            "50": 30,
            "51": 43,
            "52": -38,
            "53": -21,
            "54": 42,
            "55": -26,
            "56": 11,
            "57": 2,
            "58": 34,
            "59": -20
        },
        "2": {
            "0": -29,
            "1": -1,
            "3": -23,
            "4": 4,
            "5": -15,
            "6": 5,
            "7": 20,
            "8": -32,
            "9": -41,
            "10": -1,
            "11": -46,
            "12": 0,
            "13": -32,
            "14": -8,
            "15": 43,
            "16": -47,
            "17": 28,
            "18": -17,
            "19": 21,
            "20": -47,
            "21": 26,
            "22": -46,
            "23": -34,
            "24": -11,
            "25": 9,
            "26": 21,
            "27": -35,
            "28": 30,
            "29": 30,
            "30": 38,
            "31": -9,
            "32": -35,
            "33": 6,
            "34": -3,
            "35": -1,
            "36": 27,
            "37": -9,
            "38": 17,
            "39": 12,
            "40": -13,
            "41": -35,
            "42": 19,
            "43": -15,
            "44": -13,
            "45": 27,
            "46": 25,
            "47": -30,
            "48": 27,
            "49": -17,
            "50": -16,
            "51": -6,
            "52": 2,
            "53": 21,
            "54": 0,
            "55": -11,
            "56": 10,
            "57": 48,
            "58": 33,
            "59": -2
        },
        "3": {
            "0": -34,
            "1": 3,
            "2": -23,
            "4": 35,
            "5": 16,
            "6": 8,
            "7": 26,
            "8": 19,
            "9": -32,
            "10": 21,
            "11": -15,
            "12": -3,
            "13": 47,
            "14": -19,
            "15": -9,
            "16": 22,
            "17": -26,
            "18": 21,
            "19": -48,
            "20": 49,
            "21": 1,
            "22": 3,
            "23": -7,
            "24": 27,
            "25": 12,
            "26": 28,
            "27": 38,
            "28": 16,
            "29": 8,
            "30": -7,
            "31": -15,
            "32": 11,
            "33": -39,
            "34": 38,
            "35": -49,
            "36": 11,
            "37": 18,
            "38": 30,
            "39": 0,
            "40": 48,
            "41": 6,
            "42": 35,
            "43": -32,
            "44": -36,
            "45": -7,
            "46": 48,
            "47": 39,
            "48": 30,
            "49": -9,
            "50": -30,
            "51": 48,
            "52": 24,
            "53": -47,
            "54": -3,
            "55": -48,
            "56": 24,
            "57": 11,
            "58": -42,
            "59": -36
        },
        "4": {
            "0": -30,
            "1": -45,
            "2": 4,
            "3": 35,
            "5": 46,
            "6": -34,
            "7": 37,
            "8": -30,
            "9": 42,
            "10": 17,
            "11": -31,
            "12": 26,
            "13": -36,
            "14": -27,
            "15": 17,
            "16": 16,
            "17": -31,
            "18": -48,
            "19": -13,
            "20": 45,
            "21": -3,
            "22": -34,
            "23": 5,
            "24": 5,
            "25": -37,
            "26": -38,
            "27": -10,
            "28": 3,
            "29": 23,
            "30": -45,
            "31": -18,
            "32": -9,
            "33": 22,
            "34": -21,
            "35": 45,
            "36": -33,
            "37": -36,
            "38": -3,
            "39": -48,
            "40": 3,
            "41": -15,
            "42": -3,
            "43": 36,
            "44": 0,
            "45": 47,
            "46": 13,
            "47": 41,
            "48": 2,
            "49": 48,
            "50": 23,
            "51": 44,
            "52": 37,
            "53": 45,
            "54": 9,
            "55": -17,
            "56": -18,
            "57": 13,
            "58": -2,
            "59": 16
        },
        "5": {
            "0": 2,
            "1": -8,
            "2": -15,
            "3": 16,
            "4": 46,
            "6": 20,
            "7": 18,
            "8": -2,
            "9": -21,
            "10": -18,
            "11": 3,
            "12": -25,
            "13": 39,
            "14": -47,
            "15": 2,
            "16": -14,
            "17": -3,
            "18": -36,
            "19": -11,
            "20": 34,
            "21": 45,
            "22": 4,
            "23": -15,
            "24": -41,
            "25": 32,
            "26": 40,
            "27": 15,
            "28": 6,
            "29": 46,
            "30": 24,
            "31": -24,
            "32": -11,
            "33": 29,
            "34": -14,
            "35": 2,
            "36": -13,
            "37": 4,
            "38": -22,
            "39": -5,
            "40": -8,
            "41": 0,
            "42": 0,
            "43": -17,
            "44": -14,
            "45": -10,
            "46": -20,
            "47": -25,
            "48": 5,
            "49": 44,
            "50": 30,
            "51": 9,
            "52": 15,
            "53": -36,
            "54": -1,
            "55": 36,
            "56": 14,
            "57": 0,
            "58": 41,
            "59": 40
        },
        "6": {
            "0": 41,
            "1": 19,
            "2": 5,
            "3": 8,
            "4": -34,
            "5": 20,
            "7": -15,
            "8": -44,
            "9": 13,
            "10": 46,
            "11": -32,
            "12": 42,
            "13": 15,
            "14": 11,
            "15": 23,
            "16": -4,
            "17": 42,
            "18": 2,
            "19": -23,
            "20": 33,
            "21": -1,
            "22": -7,
            "23": 17,
            "24": 11,
            "25": -19,
            "26": 17,
            "27": -38,
            "28": -43,
            "29": 33,
            "30": 0,
            "31": -39,
            "32": 30,
            "33": -39,
            "34": -43,
            "35": 32,
            "36": -44,
            "37": 29,
            "38": 40,
            "39": -25,
            "40": -18,
            "41": -5,
            "42": -1,
            "43": -32,
            "44": -33,
            "45": 33,
            "46": 32,
            "47": 10,
            "48": -7,
            "49": -39,
            "50": 44,
            "51": -9,
            "52": -23,
            "53": -37,
            "54": -42,
            "55": -6,
            "56": 14,
            "57": 15,
            "58": 4,
            "59": -36
        },
        "7": {
            "0": 13,
            "1": -22,
            "2": 20,
            "3": 26,
            "4": 37,
            "5": 18,
            "6": -15,
            "8": 3,
            "9": -7,
            "10": -38,
            "11": -26,
            "12": -27,
            "13": 29,
            "14": -15,
            "15": -27,
            "16": -17,
            "17": 42,
            "18": 3,
            "19": -33,
            "20": 4,
            "21": -45,
            "22": 33,
            "23": -6,
            "24": -16,
            "25": 26,
            "26": -45,
            "27": 0,
            "28": 42,
            "29": -10,
            "30": -23,
            "31": -7,
            "32": -37,
            "33": 33,
            "34": 9,
            "35": 32,
            "36": -19,
            "37": 23,
            "38": 20,
            "39": -46,
            "40": -7,
            "41": -28,
            "42": -32,
            "43": -16,
            "44": -45,
            "45": -22,
            "46": -29,
            "47": 6,
            "48": -46,
            "49": -15,
            "50": 6,
            "51": 30,
            "52": 44,
            "53": 40,
            "54": -8,
            "55": -32,
            "56": -39,
            "57": 28,
            "58": 23,
            "59": 31
        },
        "8": {
            "0": -49,
            "1": -18,
            "2": -32,
            "3": 19,
            "4": -30,
            "5": -2,
            "6": -44,
            "7": 3,
            "9": -40,
            "10": -12,
            "11": 7,
            "12": 16,
            "13": -27,
            "14": 40,
            "15": 11,
            "16": 15,
            "17": 35,
            "18": 6,
            "19": 26,
            "20": -19,
            "21": -2,
            "22": 30,
            "23": -49,
            "24": 40,
            "25": 13,
            "26": -36,
            "27": 34,
            "28": -3,
            "29": -18,
            "30": -5,
            "31": -13,
            "32": -44,
            "33": 12,
            "34": 33,
            "35": 28,
            "36": -14,
            "37": 16,
            "38": -22,
            "39": -28,
            "40": -10,
            "41": 38,
            "42": 33,
            "43": -48,
            "44": -11,
            "45": 19,
            "46": 16,
            "47": 8,
            "48": -49,
            "49": 14,
            "50": 18,
            "51": -40,
            "52": -49,
            "53": -35,
            "54": 18,
            "55": 45,
            "56": 40,
            "57": 19,
            "58": -18,
            "59": -37
        },
        "9": {
            "0": -19,
            "1": 44,
            "2": -41,
            "3": -32,
            "4": 42,
            "5": -21,
            "6": 13,
            "7": -7,
            "8": -40,
            "10": 38,
            "11": 36,
            "12": -19,
            "13": -46,
            "14": -18,
            "15": 32,
            "16": 8,
            "17": 40,
            "18": 26,
            "19": -38,
            "20": -39,
            "21": 23,
            "22": -2,
            "23": 1,
            "24": -33,
            "25": -14,
            "26": -22,
            "27": 9,
            "28": -49,
            "29": 13,
            "30": 21,
            "31": -15,
            "32": 3,
            "33": -37,
            "34": -43,
            "35": 35,
            "36": -44,
            "37": -36,
            "38": 17,
            "39": 46,
            "40": 11,
            "41": -39,
            "42": -48,
            "43": -9,
            "44": -18,
            "45": -14,
            "46": -11,
            "47": -38,
            "48": 11,
            "49": 49,
            "50": 7,
            "51": -34,
            "52": 48,
            "53": -1,
            "54": 44,
            "55": -26,
            "56": -20,
            "57": 15,
            "58": -10,
            "59": 0
        },
        "10": {
            "0": -32,
            "1": -46,
            "2": -1,
            "3": 21,
            "4": 17,
            "5": -18,
            "6": 46,
            "7": -38,
            "8": -12,
            "9": 38,
            "11": 45,
            "12": -23,
            "13": -48,
            "14": -46,
            "15": 24,
            "16": -15,
            "17": -2,
            "18": 13,
            "19": 1,
            "20": 0,
            "21": -33,
            "22": -37,
            "23": -45,
            "24": -11,
            "25": 42,
            "26": -39,
            "27": -28,
            "28": -18,
            "29": 13,
            "30": 7,
            "31": 15,
            "32": 11,
            "33": 49,
            "34": -9,
            "35": 47,
            "36": 0,
            "37": 32,
            "38": 9,
            "39": -30,
            "40": 11,
            "41": 38,
            "42": -11,
            "43": -8,
            "44": 11,
            "45": -5,
            "46": 21,
            "47": -15,
            "48": -22,
            "49": -28,
            "50": -15,
            "51": 8,
            "52": 11,
            "53": 41,
            "54": 22,
            "55": -27,
            "56": 38,
            "57": 49,
            "58": 0,
            "59": 1
        },
        "11": {
            "0": 18,
            "1": 46,
            "2": -46,
            "3": -15,
            "4": -31,
            "5": 3,
            "6": -32,
            "7": -26,
            "8": 7,
            "9": 36,
            "10": 45,
            "12": -11,
            "13": 20,
            "14": -2,
            "15": -3,
            "16": 42,
            "17": -15,
            "18": -34,
            "19": -16,
            "20": -32,
            "21": 49,
            "22": -6,
            "23": 6,
            "24": 3,
            "25": -5,
            "26": 40,
            "27": 49,
            "28": -31,
            "29": 1,
            "30": 27,
            "31": 45,
            "32": -5,
            "33": -44,
            "34": 41,
            "35": -39,
            "36": 29,
            "37": -24,
            "38": -23,
            "39": 9,
            "40": 27,
            "41": -9,
            "42": 45,
            "43": -16,
            "44": -37,
            "45": 38,
            "46": 24,
            "47": 46,
            "48": -28,
            "49": 29,
            "50": -33,
            "51": 16,
            "52": 24,
            "53": 8,
            "54": -32,
            "55": -13,
            "56": 34,
            "57": 8,
            "58": -47,
            "59": -30
        },
        "12": {
            "0": 12,
            "1": -2,
            "2": 0,
            "3": -3,
            "4": 26,
            "5": -25,
            "6": 42,
            "7": -27,
            "8": 16,
            "9": -19,
            "10": -23,
            "11": -11,
            "13": -17,
            "14": 6,
            "15": -48,
            "16": -5,
            "17": 26,
            "18": 16,
            "19": 39,
            "20": -9,
            "21": 34,
            "22": -3,
            "23": -18,
            "24": -49,
            "25": 42,
            "26": 46,
            "27": -21,
            "28": -23,
            "29": -25,
            "30": -8,
            "31": 40,
            "32": 3,
            "33": 1,
            "34": 8,
            "35": 30,
            "36": -16,
            "37": 45,
            "38": 46,
            "39": -35,
            "40": -41,
            "41": -28,
            "42": -35,
            "43": 36,
            "44": 24,
            "45": 43,
            "46": -36,
            "47": 17,
            "48": 34,
            "49": -23,
            "50": -9,
            "51": -25,
            "52": -9,
            "53": 47,
            "54": 38,
            "55": 42,
            "56": 36,
            "57": 8,
            "58": -44,
            "59": -42
        },
        "13": {
            "0": -14,
            "1": 32,
            "2": -32,
            "3": 47,
            "4": -36,
            "5": 39,
            "6": 15,
            "7": 29,
            "8": -27,
            "9": -46,
            "10": -48,
            "11": 20,
            "12": -17,
            "14": -28,
            "15": -43,
            "16": 9,
            "17": 25,
            "18": -22,
            "19": -18,
            "20": -13,
            "21": -23,
            "22": 0,
            "23": -36,
            "24": -40,
            "25": -45,
            "26": 43,
            "27": -35,
            "28": -6,
            "29": -14,
            "30": 13,
            "31": -49,
            "32": 1,
            "33": 41,
            "34": 33,
            "35": -33,
            "36": 40,
            "37": 6,
            "38": -32,
            "39": -35,
            "40": -43,
            "41": -9,
            "42": 42,
            "43": -35,
            "44": -9,
            "45": -31,
            "46": -7,
            "47": 36,
            "48": 43,
            "49": -1,
            "50": 12,
            "51": 25,
            "52": -34,
            "53": -3,
            "54": 17,
            "55": 21,
            "56": -37,
            "57": -19,
            "58": -2,
            "59": 16
        },
        "14": {
            "0": 40,
            "1": 0,
            "2": -8,
            "3": -19,
            "4": -27,
            "5": -47,
            "6": 11,
            "7": -15,
            "8": 40,
            "9": -18,
            "10": -46,
            "11": -2,
            "12": 6,
            "13": -28,
            "15": -13,
            "16": 30,
            "17": -40,
            "18": 28,
            "19": -38,
            "20": 1,
            "21": -48,
            "22": -13,
            "23": -15,
            "24": -44,
            "25": -8,
            "26": -20,
            "27": 19,
            "28": 38,
            "29": 46,
            "30": 26,
            "31": 36,
            "32": -14,
            "33": -49,
            "34": 19,
            "35": -31,
            "36": -36,
            "37": 7,
            "38": 32,
            "39": -47,
            "40": 49,
            "41": -8,
            "42": 23,
            "43": -4,
            "44": 13,
            "45": 27,
            "46": 46,
            "47": -25,
            "48": 0,
            "49": 36,
            "50": 17,
            "51": -1,
            "52": -23,
            "53": -11,
            "54": -43,
            "55": 3,
            "56": 15,
            "57": 16,
            "58": -39,
            "59": -2
        },
        "15": {
            "0": 20,
            "1": -32,
            "2": 43,
            "3": -9,
            "4": 17,
            "5": 2,
            "6": 23,
            "7": -27,
            "8": 11,
            "9": 32,
            "10": 24,
            "11": -3,
            "12": -48,
            "13": -43,
            "14": -13,
            "16": 24,
            "17": 10,
            "18": -36,
            "19": -31,
            "20": 23,
            "21": 8,
            "22": -20,
            "23": -20,
            "24": -48,
            "25": 13,
            "26": 42,
            "27": 36,
            "28": 20,
            "29": -26,
            "30": -28,
            "31": 17,
            "32": -9,
            "33": -9,
            "34": -6,
            "35": 39,
            "36": 46,
            "37": -12,
            "38": 19,
            "39": -45,
            "40": -31,
            "41": 2,
            "42": -45,
            "43": 38,
            "44": 42,
            "45": 27,
            "46": -11,
            "47": -41,
            "48": -39,
            "49": 9,
            "50": 49,
            "51": 48,
            "52": 27,
            "53": -25,
            "54": -2,
            "55": -17,
            "56": -21,
            "57": -26,
            "58": -47,
            "59": 8
        },
        "16": {
            "0": 45,
            "1": 13,
            "2": -47,
            "3": 22,
            "4": 16,
            "5": -14,
            "6": -4,
            "7": -17,
            "8": 15,
            "9": 8,
            "10": -15,
            "11": 42,
            "12": -5,
            "13": 9,
            "14": 30,
            "15": 24,
            "17": -43,
            "18": 1,
            "19": -33,
            "20": 24,
            "21": -25,
            "22": 33,
            "23": 5,
            "24": -17,
            "25": -42,
            "26": 11,
            "27": -29,
            "28": 35,
            "29": 38,
            "30": 28,
            "31": -10,
            "32": 11,
            "33": -29,
            "34": 0,
            "35": -30,
            "36": 3,
            "37": 25,
            "38": 47,
            "39": 2,
            "40": 7,
            "41": 28,
            "42": -11,
            "43": -24,
            "44": 38,
            "45": 41,
            "46": -19,
            "47": -37,
            "48": 25,
            "49": 29,
            "50": 25,
            "51": 15,
            "52": -26,
            "53": -2,
            "54": -39,
            "55": -11,
            "56": -45,
            "57": 28,
            "58": 35,
            "59": 43
        },
        "17": {
            "0": -15,
            "1": 12,
            "2": 28,
            "3": -26,
            "4": -31,
            "5": -3,
            "6": 42,
            "7": 42,
            "8": 35,
            "9": 40,
            "10": -2,
            "11": -15,
            "12": 26,
            "13": 25,
            "14": -40,
            "15": 10,
            "16": -43,
            "18": 21,
            "19": 39,
            "20": -35,
            "21": -44,
            "22": -1,
            "23": 43,
            "24": 21,
            "25": -34,
            "26": -22,
            "27": 43,
            "28": -17,
            "29": 46,
            "30": -6,
            "31": -43,
            "32": 0,
            "33": -24,
            "34": -15,
            "35": 24,
            "36": 4,
            "37": -23,
            "38": -19,
            "39": 45,
            "40": 10,
            "41": 44,
            "42": -35,
            "43": 2,
            "44": 47,
            "45": -19,
            "46": -22,
            "47": 38,
            "48": -9,
            "49": -34,
            "50": -24,
            "51": -46,
            "52": 16,
            "53": 33,
            "54": -33,
            "55": -47,
            "56": -41,
            "57": 0,
            "58": 8,
            "59": -23
        },
        "18": {
            "0": 7,
            "1": 8,
            "2": -17,
            "3": 21,
            "4": -48,
            "5": -36,
            "6": 2,
            "7": 3,
            "8": 6,
            "9": 26,
            "10": 13,
            "11": -34,
            "12": 16,
            "13": -22,
            "14": 28,
            "15": -36,
            "16": 1,
            "17": 21,
            "19": -23,
            "20": -40,
            "21": 0,
            "22": -38,
            "23": 42,
            "24": 17,
            "25": -14,
            "26": 0,
            "27": 30,
            "28": 12,
            "29": 1,
            "30": -17,
            "31": 37,
            "32": -36,
            "33": -23,
            "34": 30,
            "35": -14,
            "36": -31,
            "37": -4,
            "38": 3,
            "39": 42,
            "40": -19,
            "41": -8,
            "42": 30,
            "43": 13,
            "44": -22,
            "45": -24,
            "46": -12,
            "47": -12,
            "48": 12,
            "49": 1,
            "50": 40,
            "51": 27,
            "52": -46,
            "53": -22,
            "54": -44,
            "55": -15,
            "56": -16,
            "57": 46,
            "58": 20,
            "59": 31
        },
        "19": {
            "0": -28,
            "1": 35,
            "2": 21,
            "3": -48,
            "4": -13,
            "5": -11,
            "6": -23,
            "7": -33,
            "8": 26,
            "9": -38,
            "10": 1,
            "11": -16,
            "12": 39,
            "13": -18,
            "14": -38,
            "15": -31,
            "16": -33,
            "17": 39,
            "18": -23,
            "20": 33,
            "21": 16,
            "22": 28,
            "23": -3,
            "24": 30,
            "25": -36,
            "26": 34,
            "27": -10,
            "28": -18,
            "29": 24,
            "30": -22,
            "31": -22,
            "32": -46,
            "33": -6,
            "34": -40,
            "35": -28,
            "36": -4,
            "37": 2,
            "38": 12,
            "39": 19,
            "40": -26,
            "41": -47,
            "42": -15,
            "43": -5,
            "44": 49,
            "45": -5,
            "46": -18,
            "47": -39,
            "48": -2,
            "49": -32,
            "50": -29,
            "51": 47,
            "52": 14,
            "53": -48,
            "54": -6,
            "55": -36,
            "56": -22,
            "57": -16,
            "58": -41,
            "59": -35
        },
        "20": {
            "0": -2,
            "1": 23,
            "2": -47,
            "3": 49,
            "4": 45,
            "5": 34,
            "6": 33,
            "7": 4,
            "8": -19,
            "9": -39,
            "10": 0,
            "11": -32,
            "12": -9,
            "13": -13,
            "14": 1,
            "15": 23,
            "16": 24,
            "17": -35,
            "18": -40,
            "19": 33,
            "21": -17,
            "22": -24,
            "23": 20,
            "24": -29,
            "25": 37,
            "26": -8,
            "27": 14,
            "28": -47,
            "29": -27,
            "30": -6,
            "31": -37,
            "32": 23,
            "33": 33,
            "34": 11,
            "35": 14,
            "36": 0,
            "37": 48,
            "38": 18,
            "39": -18,
            "40": -6,
            "41": -7,
            "42": -28,
            "43": -24,
            "44": 7,
            "45": 15,
            "46": -12,
            "47": -35,
            "48": -36,
            "49": 6,
            "50": -39,
            "51": 25,
            "52": 20,
            "53": 41,
            "54": 16,
            "55": -43,
            "56": -15,
            "57": -18,
            "58": -11,
            "59": -49
        },
        "21": {
            "0": -46,
            "1": -46,
            "2": 26,
            "3": 1,
            "4": -3,
            "5": 45,
            "6": -1,
            "7": -45,
            "8": -2,
            "9": 23,
            "10": -33,
            "11": 49,
            "12": 34,
            "13": -23,
            "14": -48,
            "15": 8,
            "16": -25,
            "17": -44,
            "18": 0,
            "19": 16,
            "20": -17,
            "22": 20,
            "23": -14,
            "24": 20,
            "25": -13,
            "26": 17,
            "27": 24,
            "28": 12,
            "29": -12,
            "30": -19,
            "31": 32,
            "32": 43,
            "33": 37,
            "34": -14,
            "35": 17,
            "36": 17,
            "37": 15,
            "38": -14,
            "39": 0,
            "40": -25,
            "41": -22,
            "42": -36,
            "43": -6,
            "44": 35,
            "45": 19,
            "46": -7,
            "47": -3,
            "48": -43,
            "49": -42,
            "50": 43,
            "51": 9,
            "52": -4,
            "53": 16,
            "54": 35,
            "55": 13,
            "56": -5,
            "57": 29,
            "58": -9,
            "59": 25
        },
        "22": {
            "0": 38,
            "1": -48,
            "2": -46,
            "3": 3,
            "4": -34,
            "5": 4,
            "6": -7,
            "7": 33,
            "8": 30,
            "9": -2,
            "10": -37,
            "11": -6,
            "12": -3,
            "13": 0,
            "14": -13,
            "15": -20,
            "16": 33,
            "17": -1,
            "18": -38,
            "19": 28,
            "20": -24,
            "21": 20,
            "23": 2,
            "24": -7,
            "25": -37,
            "26": -5,
            "27": -42,
            "28": -45,
            "29": 19,
            "30": -6,
            "31": 33,
            "32": -34,
            "33": -8,
            "34": -18,
            "35": 6,
            "36": -13,
            "37": -3,
            "38": 16,
            "39": 9,
            "40": -41,
            "41": 25,
            "42": -9,
            "43": 26,
            "44": -10,
            "45": -44,
            "46": 3,
            "47": 17,
            "48": -42,
            "49": 25,
            "50": 43,
            "51": -41,
            "52": 12,
            "53": 36,
            "54": 42,
            "55": -7,
            "56": 2,
            "57": -28,
            "58": 7,
            "59": -11
        },
        "23": {
            "0": 30,
            "1": -11,
            "2": -34,
            "3": -7,
            "4": 5,
            "5": -15,
            "6": 17,
            "7": -6,
            "8": -49,
            "9": 1,
            "10": -45,
            "11": 6,
            "12": -18,
            "13": -36,
            "14": -15,
            "15": -20,
            "16": 5,
            "17": 43,
            "18": 42,
            "19": -3,
            "20": 20,
            "21": -14,
            "22": 2,
            "24": -47,
            "25": -44,
            "26": 29,
            "27": -8,
            "28": -22,
            "29": 31,
            "30": -38,
            "31": -23,
            "32": -4,
            "33": 4,
            "34": -40,
            "35": -45,
            "36": 6,
            "37": 26,
            "38": -20,
            "39": 28,
            "40": -6,
            "41": 38,
            "42": 46,
            "43": 8,
            "44": -27,
            "45": 42,
            "46": -5,
            "47": -20,
            "48": 36,
            "49": 24,
            "50": -40,
            "51": 3,
            "52": -48,
            "53": 23,
            "54": -30,
            "55": -17,
            "56": -16,
            "57": -9,
            "58": -3,
            "59": -24
        },
        "24": {
            "0": 48,
            "1": 40,
            "2": -11,
            "3": 27,
            "4": 5,
            "5": -41,
            "6": 11,
            "7": -16,
            "8": 40,
            "9": -33,
            "10": -11,
            "11": 3,
            "12": -49,
            "13": -40,
            "14": -44,
            "15": -48,
            "16": -17,
            "17": 21,
            "18": 17,
            "19": 30,
            "20": -29,
            "21": 20,
            "22": -7,
            "23": -47,
            "25": 15,
            "26": 35,
            "27": 9,
            "28": -6,
            "29": -41,
            "30": -32,
            "31": -18,
            "32": 27,
            "33": 0,
            "34": 35,
            "35": -25,
            "36": -24,
            "37": 10,
            "38": 23,
            "39": -19,
            "40": -48,
            "41": 10,
            "42": -35,
            "43": 14,
            "44": 48,
            "45": -38,
            "46": -11,
            "47": -37,
            "48": -13,
            "49": 26,
            "50": 5,
            "51": -49,
            "52": -38,
            "53": -35,
            "54": 12,
            "55": 8,
            "56": -9,
            "57": 37,
            "58": -36,
            "59": -8
        },
        "25": {
            "0": -18,
            "1": -47,
            "2": 9,
            "3": 12,
            "4": -37,
            "5": 32,
            "6": -19,
            "7": 26,
            "8": 13,
            "9": -14,
            "10": 42,
            "11": -5,
            "12": 42,
            "13": -45,
            "14": -8,
            "15": 13,
            "16": -42,
            "17": -34,
            "18": -14,
            "19": -36,
            "20": 37,
            "21": -13,
            "22": -37,
            "23": -44,
            "24": 15,
            "26": 44,
            "27": -15,
            "28": 5,
            "29": 10,
            "30": 22,
            "31": -5,
            "32": -43,
            "33": -22,
            "34": 21,
            "35": -23,
            "36": 14,
            "37": 46,
            "38": -38,
            "39": 26,
            "40": 44,
            "41": 31,
            "42": -29,
            "43": -38,
            "44": 12,
            "45": 25,
            "46": 11,
            "47": 22,
            "48": 0,
            "49": 18,
            "50": -38,
            "51": -4,
            "52": -23,
            "53": -47,
            "54": -46,
            "55": 37,
            "56": 36,
            "57": 19,
            "58": -46,
            "59": -7
        },
        "26": {
            "0": 42,
            "1": 5,
            "2": 21,
            "3": 28,
            "4": -38,
            "5": 40,
            "6": 17,
            "7": -45,
            "8": -36,
            "9": -22,
            "10": -39,
            "11": 40,
            "12": 46,
            "13": 43,
            "14": -20,
            "15": 42,
            "16": 11,
            "17": -22,
            "18": 0,
            "19": 34,
            "20": -8,
            "21": 17,
            "22": -5,
            "23": 29,
            "24": 35,
            "25": 44,
            "27": 20,
            "28": -1,
            "29": -9,
            "30": 42,
            "31": -41,
            "32": 0,
            "33": -24,
            "34": -5,
            "35": 1,
            "36": -2,
            "37": -48,
            "38": 3,
            "39": -19,
            "40": -39,
            "41": -15,
            "42": 48,
            "43": -12,
            "44": -12,
            "45": 49,
            "46": 30,
            "47": 42,
            "48": 41,
            "49": -40,
            "50": 37,
            "51": 47,
            "52": -12,
            "53": -7,
            "54": -33,
            "55": 13,
            "56": 35,
            "57": -30,
            "58": -49,
            "59": -26
        },
        "27": {
            "0": -19,
            "1": 36,
            "2": -35,
            "3": 38,
            "4": -10,
            "5": 15,
            "6": -38,
            "7": 0,
            "8": 34,
            "9": 9,
            "10": -28,
            "11": 49,
            "12": -21,
            "13": -35,
            "14": 19,
            "15": 36,
            "16": -29,
            "17": 43,
            "18": 30,
            "19": -10,
            "20": 14,
            "21": 24,
            "22": -42,
            "23": -8,
            "24": 9,
            "25": -15,
            "26": 20,
            "28": -15,
            "29": 11,
            "30": -48,
            "31": -29,
            "32": 3,
            "33": -27,
            "34": -24,
            "35": 28,
            "36": -34,
            "37": 41,
            "38": -8,
            "39": 18,
            "40": 43,
            "41": 29,
            "42": -11,
            "43": -40,
            "44": -46,
            "45": -41,
            "46": 21,
            "47": 24,
            "48": 34,
            "49": 17,
            "50": 11,
            "51": -15,
            "52": 7,
            "53": 43,
            "54": 14,
            "55": -17,
            "56": -14,
            "57": 31,
            "58": -49,
            "59": 4
        },
        "28": {
            "0": 41,
            "1": -13,
            "2": 30,
            "3": 16,
            "4": 3,
            "5": 6,
            "6": -43,
            "7": 42,
            "8": -3,
            "9": -49,
            "10": -18,
            "11": -31,
            "12": -23,
            "13": -6,
            "14": 38,
            "15": 20,
            "16": 35,
            "17": -17,
            "18": 12,
            "19": -18,
            "20": -47,
            "21": 12,
            "22": -45,
            "23": -22,
            "24": -6,
            "25": 5,
            "26": -1,
            "27": -15,
            "29": 6,
            "30": 26,
            "31": 23,
            "32": -23,
            "33": 2,
            "34": 44,
            "35": -8,
            "36": 28,
            "37": -12,
            "38": 16,
            "39": -3,
            "40": 11,
            "41": -9,
            "42": 18,
            "43": -17,
            "44": 2,
            "45": 47,
            "46": -10,
            "47": 6,
            "48": 38,
            "49": -11,
            "50": -3,
            "51": 35,
            "52": 12,
            "53": 0,
            "54": -42,
            "55": -14,
            "56": 33,
            "57": -29,
            "58": -44,
            "59": -13
        },
        "29": {
            "0": -35,
            "1": 19,
            "2": 30,
            "3": 8,
            "4": 23,
            "5": 46,
            "6": 33,
            "7": -10,
            "8": -18,
            "9": 13,
            "10": 13,
            "11": 1,
            "12": -25,
            "13": -14,
            "14": 46,
            "15": -26,
            "16": 38,
            "17": 46,
            "18": 1,
            "19": 24,
            "20": -27,
            "21": -12,
            "22": 19,
            "23": 31,
            "24": -41,
            "25": 10,
            "26": -9,
            "27": 11,
            "28": 6,
            "30": 28,
            "31": -45,
            "32": 1,
            "33": -15,
            "34": 38,
            "35": -29,
            "36": -10,
            "37": -17,
            "38": -35,
            "39": -4,
            "40": 43,
            "41": -21,
            "42": 6,
            "43": -26,
            "44": 14,
            "45": 43,
            "46": -14,
            "47": -19,
            "48": 41,
            "49": -20,
            "50": 42,
            "51": 6,
            "52": 3,
            "53": 17,
            "54": 11,
            "55": 46,
            "56": 35,
            "57": -12,
            "58": -7,
            "59": 6
        },
        "30": {
            "0": 21,
            "1": -29,
            "2": 38,
            "3": -7,
            "4": -45,
            "5": 24,
            "6": 0,
            "7": -23,
            "8": -5,
            "9": 21,
            "10": 7,
            "11": 27,
            "12": -8,
            "13": 13,
            "14": 26,
            "15": -28,
            "16": 28,
            "17": -6,
            "18": -17,
            "19": -22,
            "20": -6,
            "21": -19,
            "22": -6,
            "23": -38,
            "24": -32,
            "25": 22,
            "26": 42,
            "27": -48,
            "28": 26,
            "29": 28,
            "31": 43,
            "32": -40,
            "33": -36,
            "34": 27,
            "35": -10,
            "36": -39,
            "37": -12,
            "38": 40,
            "39": 16,
            "40": -24,
            "41": 30,
            "42": 27,
            "43": 45,
            "44": -27,
            "45": 46,
            "46": 7,
            "47": 3,
            "48": 45,
            "49": -35,
            "50": -44,
            "51": -40,
            "52": -6,
            "53": 9,
            "54": -2,
            "55": 22,
            "56": 0,
            "57": -5,
            "58": 47,
            "59": 1
        },
        "31": {
            "0": -47,
            "1": -10,
            "2": -9,
            "3": -15,
            "4": -18,
            "5": -24,
            "6": -39,
            "7": -7,
            "8": -13,
            "9": -15,
            "10": 15,
            "11": 45,
            "12": 40,
            "13": -49,
            "14": 36,
            "15": 17,
            "16": -10,
            "17": -43,
            "18": 37,
            "19": -22,
            "20": -37,
            "21": 32,
            "22": 33,
            "23": -23,
            "24": -18,
            "25": -5,
            "26": -41,
            "27": -29,
            "28": 23,
            "29": -45,
            "30": 43,
            "32": -17,
            "33": 6,
            "34": -31,
            "35": 17,
            "36": -35,
            "37": 33,
            "38": -32,
            "39": 21,
            "40": -36,
            "41": -12,
            "42": 27,
            "43": -20,
            "44": 45,
            "45": -6,
            "46": -9,
            "47": -35,
            "48": -38,
            "49": 26,
            "50": 27,
            "51": 34,
            "52": -12,
            "53": 34,
            "54": 48,
            "55": 24,
            "56": -28,
            "57": 22,
            "58": -12,
            "59": -33
        },
        "32": {
            "0": 27,
            "1": -18,
            "2": -35,
            "3": 11,
            "4": -9,
            "5": -11,
            "6": 30,
            "7": -37,
            "8": -44,
            "9": 3,
            "10": 11,
            "11": -5,
            "12": 3,
            "13": 1,
            "14": -14,
            "15": -9,
            "16": 11,
            "17": 0,
            "18": -36,
            "19": -46,
            "20": 23,
            "21": 43,
            "22": -34,
            "23": -4,
            "24": 27,
            "25": -43,
            "26": 0,
            "27": 3,
            "28": -23,
            "29": 1,
            "30": -40,
            "31": -17,
            "33": 0,
            "34": 5,
            "35": 20,
            "36": 2,
            "37": -39,
            "38": 25,
            "39": 29,
            "40": 19,
            "41": 4,
            "42": -3,
            "43": -5,
            "44": -1,
            "45": -39,
            "46": -46,
            "47": 41,
            "48": -39,
            "49": 13,
            "50": -5,
            "51": 45,
            "52": 33,
            "53": 38,
            "54": -35,
            "55": -43,
            "56": 34,
            "57": 0,
            "58": -33,
            "59": -45
        },
        "33": {
            "0": -31,
            "1": -42,
            "2": 6,
            "3": -39,
            "4": 22,
            "5": 29,
            "6": -39,
            "7": 33,
            "8": 12,
            "9": -37,
            "10": 49,
            "11": -44,
            "12": 1,
            "13": 41,
            "14": -49,
            "15": -9,
            "16": -29,
            "17": -24,
            "18": -23,
            "19": -6,
            "20": 33,
            "21": 37,
            "22": -8,
            "23": 4,
            "24": 0,
            "25": -22,
            "26": -24,
            "27": -27,
            "28": 2,
            "29": -15,
            "30": -36,
            "31": 6,
            "32": 0,
            "34": 19,
            "35": 20,
            "36": 13,
            "37": 13,
            "38": -17,
            "39": -1,
            "40": -9,
            "41": -1,
            "42": 29,
            "43": -26,
            "44": -43,
            "45": -33,
            "46": -4,
            "47": 48,
            "48": -17,
            "49": 28,
            "50": -43,
            "51": 27,
            "52": 4,
            "53": 16,
            "54": 16,
            "55": -16,
            "56": -15,
            "57": -36,
            "58": 32,
            "59": 32
        },
        "34": {
            "0": 11,
            "1": 0,
            "2": -3,
            "3": 38,
            "4": -21,
            "5": -14,
            "6": -43,
            "7": 9,
            "8": 33,
            "9": -43,
            "10": -9,
            "11": 41,
            "12": 8,
            "13": 33,
            "14": 19,
            "15": -6,
            "16": 0,
            "17": -15,
            "18": 30,
            "19": -40,
            "20": 11,
            "21": -14,
            "22": -18,
            "23": -40,
            "24": 35,
            "25": 21,
            "26": -5,
            "27": -24,
            "28": 44,
            "29": 38,
            "30": 27,
            "31": -31,
            "32": 5,
            "33": 19,
            "35": 13,
            "36": -26,
            "37": -47,
            "38": 31,
            "39": -3,
            "40": 2,
            "41": 0,
            "42": -32,
            "43": -3,
            "44": 29,
            "45": 48,
            "46": 5,
            "47": 22,
            "48": -26,
            "49": 35,
            "50": -11,
            "51": 35,
            "52": 41,
            "53": -21,
            "54": 35,
            "55": 22,
            "56": 32,
            "57": 0,
            "58": 38,
            "59": -43
        },
        "35": {
            "0": 32,
            "1": -15,
            "2": -1,
            "3": -49,
            "4": 45,
            "5": 2,
            "6": 32,
            "7": 32,
            "8": 28,
            "9": 35,
            "10": 47,
            "11": -39,
            "12": 30,
            "13": -33,
            "14": -31,
            "15": 39,
            "16": -30,
            "17": 24,
            "18": -14,
            "19": -28,
            "20": 14,
            "21": 17,
            "22": 6,
            "23": -45,
            "24": -25,
            "25": -23,
            "26": 1,
            "27": 28,
            "28": -8,
            "29": -29,
            "30": -10,
            "31": 17,
            "32": 20,
            "33": 20,
            "34": 13,
            "36": 15,
            "37": 5,
            "38": -31,
            "39": -4,
            "40": 17,
            "41": 45,
            "42": -36,
            "43": 33,
            "44": 48,
            "45": 15,
            "46": -24,
            "47": -45,
            "48": -19,
            "49": -45,
            "50": -11,
            "51": -45,
            "52": 38,
            "53": -25,
            "54": 32,
            "55": 11,
            "56": 24,
            "57": -23,
            "58": 27,
            "59": -3
        },
        "36": {
            "0": 25,
            "1": -44,
            "2": 27,
            "3": 11,
            "4": -33,
            "5": -13,
            "6": -44,
            "7": -19,
            "8": -14,
            "9": -44,
            "10": 0,
            "11": 29,
            "12": -16,
            "13": 40,
            "14": -36,
            "15": 46,
            "16": 3,
            "17": 4,
            "18": -31,
            "19": -4,
            "20": 0,
            "21": 17,
            "22": -13,
            "23": 6,
            "24": -24,
            "25": 14,
            "26": -2,
            "27": -34,
            "28": 28,
            "29": -10,
            "30": -39,
            "31": -35,
            "32": 2,
            "33": 13,
            "34": -26,
            "35": 15,
            "37": -39,
            "38": -6,
            "39": 34,
            "40": -19,
            "41": 42,
            "42": -13,
            "43": -20,
            "44": -45,
            "45": 39,
            "46": -22,
            "47": 44,
            "48": 0,
            "49": -42,
            "50": 11,
            "51": 9,
            "52": 11,
            "53": -15,
            "54": 17,
            "55": 42,
            "56": -17,
            "57": 36,
            "58": 40,
            "59": -43
        },
        "37": {
            "0": -38,
            "1": 40,
            "2": -9,
            "3": 18,
            "4": -36,
            "5": 4,
            "6": 29,
            "7": 23,
            "8": 16,
            "9": -36,
            "10": 32,
            "11": -24,
            "12": 45,
            "13": 6,
            "14": 7,
            "15": -12,
            "16": 25,
            "17": -23,
            "18": -4,
            "19": 2,
            "20": 48,
            "21": 15,
            "22": -3,
            "23": 26,
            "24": 10,
            "25": 46,
            "26": -48,
            "27": 41,
            "28": -12,
            "29": -17,
            "30": -12,
            "31": 33,
            "32": -39,
            "33": 13,
            "34": -47,
            "35": 5,
            "36": -39,
            "38": 28,
            "39": 24,
            "40": 36,
            "41": -6,
            "42": -27,
            "43": -6,
            "44": 31,
            "45": -27,
            "46": -49,
            "47": 39,
            "48": -12,
            "49": 15,
            "50": 7,
            "51": -41,
            "52": 40,
            "53": 37,
            "54": 21,
            "55": 43,
            "56": -20,
            "57": 11,
            "58": 10,
            "59": -31
        },
        "38": {
            "0": -22,
            "1": 2,
            "2": 17,
            "3": 30,
            "4": -3,
            "5": -22,
            "6": 40,
            "7": 20,
            "8": -22,
            "9": 17,
            "10": 9,
            "11": -23,
            "12": 46,
            "13": -32,
            "14": 32,
            "15": 19,
            "16": 47,
            "17": -19,
            "18": 3,
            "19": 12,
            "20": 18,
            "21": -14,
            "22": 16,
            "23": -20,
            "24": 23,
            "25": -38,
            "26": 3,
            "27": -8,
            "28": 16,
            "29": -35,
            "30": 40,
            "31": -32,
            "32": 25,
            "33": -17,
            "34": 31,
            "35": -31,
            "36": -6,
            "37": 28,
            "39": 19,
            "40": -28,
            "41": 31,
            "42": 5,
            "43": -39,
            "44": -31,
            "45": -36,
            "46": 0,
            "47": 10,
            "48": -19,
            "49": -29,
            "50": 33,
            "51": 48,
            "52": 36,
            "53": 45,
            "54": 44,
            "55": 39,
            "56": 33,
            "57": -31,
            "58": -11,
            "59": 31
        },
        "39": {
            "0": 23,
            "1": 9,
            "2": 12,
            "3": 0,
            "4": -48,
            "5": -5,
            "6": -25,
            "7": -46,
            "8": -28,
            "9": 46,
            "10": -30,
            "11": 9,
            "12": -35,
            "13": -35,
            "14": -47,
            "15": -45,
            "16": 2,
            "17": 45,
            "18": 42,
            "19": 19,
            "20": -18,
            "21": 0,
            "22": 9,
            "23": 28,
            "24": -19,
            "25": 26,
            "26": -19,
            "27": 18,
            "28": -3,
            "29": -4,
            "30": 16,
            "31": 21,
            "32": 29,
            "33": -1,
            "34": -3,
            "35": -4,
            "36": 34,
            "37": 24,
            "38": 19,
            "40": -9,
            "41": 33,
            "42": 39,
            "43": -2,
            "44": 8,
            "45": 40,
            "46": 43,
            "47": 47,
            "48": -28,
            "49": -25,
            "50": -30,
            "51": 37,
            "52": 12,
            "53": -40,
            "54": 11,
            "55": 12,
            "56": -23,
            "57": -48,
            "58": -13,
            "59": 43
        },
        "40": {
            "0": -9,
            "1": -46,
            "2": -13,
            "3": 48,
            "4": 3,
            "5": -8,
            "6": -18,
            "7": -7,
            "8": -10,
            "9": 11,
            "10": 11,
            "11": 27,
            "12": -41,
            "13": -43,
            "14": 49,
            "15": -31,
            "16": 7,
            "17": 10,
            "18": -19,
            "19": -26,
            "20": -6,
            "21": -25,
            "22": -41,
            "23": -6,
            "24": -48,
            "25": 44,
            "26": -39,
            "27": 43,
            "28": 11,
            "29": 43,
            "30": -24,
            "31": -36,
            "32": 19,
            "33": -9,
            "34": 2,
            "35": 17,
            "36": -19,
            "37": 36,
            "38": -28,
            "39": -9,
            "41": 38,
            "42": 26,
            "43": 1,
            "44": -19,
            "45": 41,
            "46": 34,
            "47": 3,
            "48": 35,
            "49": 36,
            "50": 2,
            "51": 33,
            "52": 24,
            "53": 37,
            "54": 11,
            "55": 6,
            "56": -17,
            "57": 38,
            "58": 36,
            "59": 34
        },
        "41": {
            "0": -15,
            "1": 7,
            "2": -35,
            "3": 6,
            "4": -15,
            "5": 0,
            "6": -5,
            "7": -28,
            "8": 38,
            "9": -39,
            "10": 38,
            "11": -9,
            "12": -28,
            "13": -9,
            "14": -8,
            "15": 2,
            "16": 28,
            "17": 44,
            "18": -8,
            "19": -47,
            "20": -7,
            "21": -22,
            "22": 25,
            "23": 38,
            "24": 10,
            "25": 31,
            "26": -15,
            "27": 29,
            "28": -9,
            "29": -21,
            "30": 30,
            "31": -12,
            "32": 4,
            "33": -1,
            "34": 0,
            "35": 45,
            "36": 42,
            "37": -6,
            "38": 31,
            "39": 33,
            "40": 38,
            "42": 40,
            "43": 6,
            "44": -18,
            "45": 7,
            "46": 33,
            "47": 12,
            "48": 32,
            "49": 29,
            "50": -3,
            "51": -38,
            "52": -36,
            "53": 13,
            "54": 37,
            "55": 26,
            "56": -16,
            "57": -47,
            "58": -8,
            "59": 5
        },
        "42": {
            "0": -5,
            "1": -13,
            "2": 19,
            "3": 35,
            "4": -3,
            "5": 0,
            "6": -1,
            "7": -32,
            "8": 33,
            "9": -48,
            "10": -11,
            "11": 45,
            "12": -35,
            "13": 42,
            "14": 23,
            "15": -45,
            "16": -11,
            "17": -35,
            "18": 30,
            "19": -15,
            "20": -28,
            "21": -36,
            "22": -9,
            "23": 46,
            "24": -35,
            "25": -29,
            "26": 48,
            "27": -11,
            "28": 18,
            "29": 6,
            "30": 27,
            "31": 27,
            "32": -3,
            "33": 29,
            "34": -32,
            "35": -36,
            "36": -13,
            "37": -27,
            "38": 5,
            "39": 39,
            "40": 26,
            "41": 40,
            "43": -38,
            "44": -40,
            "45": 45,
            "46": -10,
            "47": -1,
            "48": -28,
            "49": -26,
            "50": 20,
            "51": 6,
            "52": 24,
            "53": 14,
            "54": 32,
            "55": 48,
            "56": 9,
            "57": -12,
            "58": -38,
            "59": 43
        },
        "43": {
            "0": -8,
            "1": -46,
            "2": -15,
            "3": -32,
            "4": 36,
            "5": -17,
            "6": -32,
            "7": -16,
            "8": -48,
            "9": -9,
            "10": -8,
            "11": -16,
            "12": 36,
            "13": -35,
            "14": -4,
            "15": 38,
            "16": -24,
            "17": 2,
            "18": 13,
            "19": -5,
            "20": -24,
            "21": -6,
            "22": 26,
            "23": 8,
            "24": 14,
            "25": -38,
            "26": -12,
            "27": -40,
            "28": -17,
            "29": -26,
            "30": 45,
            "31": -20,
            "32": -5,
            "33": -26,
            "34": -3,
            "35": 33,
            "36": -20,
            "37": -6,
            "38": -39,
            "39": -2,
            "40": 1,
            "41": 6,
            "42": -38,
            "44": 5,
            "45": -26,
            "46": -21,
            "47": 23,
            "48": -19,
            "49": 42,
            "50": -20,
            "51": -39,
            "52": 44,
            "53": -16,
            "54": -29,
            "55": 47,
            "56": -17,
            "57": -27,
            "58": 8,
            "59": 2
        },
        "44": {
            "0": 7,
            "1": 22,
            "2": -13,
            "3": -36,
            "4": 0,
            "5": -14,
            "6": -33,
            "7": -45,
            "8": -11,
            "9": -18,
            "10": 11,
            "11": -37,
            "12": 24,
            "13": -9,
            "14": 13,
            "15": 42,
            "16": 38,
            "17": 47,
            "18": -22,
            "19": 49,
            "20": 7,
            "21": 35,
            "22": -10,
            "23": -27,
            "24": 48,
            "25": 12,
            "26": -12,
            "27": -46,
            "28": 2,
            "29": 14,
            "30": -27,
            "31": 45,
            "32": -1,
            "33": -43,
            "34": 29,
            "35": 48,
            "36": -45,
            "37": 31,
            "38": -31,
            "39": 8,
            "40": -19,
            "41": -18,
            "42": -40,
            "43": 5,
            "45": -7,
            "46": -45,
            "47": 17,
            "48": -44,
            "49": -9,
            "50": -3,
            "51": 27,
            "52": -14,
            "53": -23,
            "54": 33,
            "55": -47,
            "56": -12,
            "57": 27,
            "58": 4,
            "59": -40
        },
        "45": {
            "0": -11,
            "1": 36,
            "2": 27,
            "3": -7,
            "4": 47,
            "5": -10,
            "6": 33,
            "7": -22,
            "8": 19,
            "9": -14,
            "10": -5,
            "11": 38,
            "12": 43,
            "13": -31,
            "14": 27,
            "15": 27,
            "16": 41,
            "17": -19,
            "18": -24,
            "19": -5,
            "20": 15,
            "21": 19,
            "22": -44,
            "23": 42,
            "24": -38,
            "25": 25,
            "26": 49,
            "27": -41,
            "28": 47,
            "29": 43,
            "30": 46,
            "31": -6,
            "32": -39,
            "33": -33,
            "34": 48,
            "35": 15,
            "36": 39,
            "37": -27,
            "38": -36,
            "39": 40,
            "40": 41,
            "41": 7,
            "42": 45,
            "43": -26,
            "44": -7,
            "46": 36,
            "47": -43,
            "48": 17,
            "49": -45,
            "50": 16,
            "51": -7,
            "52": -14,
            "53": 10,
            "54": -25,
            "55": 0,
            "56": -49,
            "57": -4,
            "58": 37,
            "59": -44
        },
        "46": {
            "0": 25,
            "1": -26,
            "2": 25,
            "3": 48,
            "4": 13,
            "5": -20,
            "6": 32,
            "7": -29,
            "8": 16,
            "9": -11,
            "10": 21,
            "11": 24,
            "12": -36,
            "13": -7,
            "14": 46,
            "15": -11,
            "16": -19,
            "17": -22,
            "18": -12,
            "19": -18,
            "20": -12,
            "21": -7,
            "22": 3,
            "23": -5,
            "24": -11,
            "25": 11,
            "26": 30,
            "27": 21,
            "28": -10,
            "29": -14,
            "30": 7,
            "31": -9,
            "32": -46,
            "33": -4,
            "34": 5,
            "35": -24,
            "36": -22,
            "37": -49,
            "38": 0,
            "39": 43,
            "40": 34,
            "41": 33,
            "42": -10,
            "43": -21,
            "44": -45,
            "45": 36,
            "47": -23,
            "48": 42,
            "49": 12,
            "50": 7,
            "51": 24,
            "52": 7,
            "53": 47,
            "54": 15,
            "55": -21,
            "56": -46,
            "57": 32,
            "58": -4,
            "59": 33
        },
        "47": {
            "0": -29,
            "1": -13,
            "2": -30,
            "3": 39,
            "4": 41,
            "5": -25,
            "6": 10,
            "7": 6,
            "8": 8,
            "9": -38,
            "10": -15,
            "11": 46,
            "12": 17,
            "13": 36,
            "14": -25,
            "15": -41,
            "16": -37,
            "17": 38,
            "18": -12,
            "19": -39,
            "20": -35,
            "21": -3,
            "22": 17,
            "23": -20,
            "24": -37,
            "25": 22,
            "26": 42,
            "27": 24,
            "28": 6,
            "29": -19,
            "30": 3,
            "31": -35,
            "32": 41,
            "33": 48,
            "34": 22,
            "35": -45,
            "36": 44,
            "37": 39,
            "38": 10,
            "39": 47,
            "40": 3,
            "41": 12,
            "42": -1,
            "43": 23,
            "44": 17,
            "45": -43,
            "46": -23,
            "48": -7,
            "49": 7,
            "50": 47,
            "51": 8,
            "52": -16,
            "53": 22,
            "54": 40,
            "55": 40,
            "56": 30,
            "57": 33,
            "58": -49,
            "59": 37
        },
        "48": {
            "0": -20,
            "1": 27,
            "2": 27,
            "3": 30,
            "4": 2,
            "5": 5,
            "6": -7,
            "7": -46,
            "8": -49,
            "9": 11,
            "10": -22,
            "11": -28,
            "12": 34,
            "13": 43,
            "14": 0,
            "15": -39,
            "16": 25,
            "17": -9,
            "18": 12,
            "19": -2,
            "20": -36,
            "21": -43,
            "22": -42,
            "23": 36,
            "24": -13,
            "25": 0,
            "26": 41,
            "27": 34,
            "28": 38,
            "29": 41,
            "30": 45,
            "31": -38,
            "32": -39,
            "33": -17,
            "34": -26,
            "35": -19,
            "36": 0,
            "37": -12,
            "38": -19,
            "39": -28,
            "40": 35,
            "41": 32,
            "42": -28,
            "43": -19,
            "44": -44,
            "45": 17,
            "46": 42,
            "47": -7,
            "49": 13,
            "50": 18,
            "51": -23,
            "52": -33,
            "53": -40,
            "54": 17,
            "55": 45,
            "56": 7,
            "57": 36,
            "58": 35,
            "59": -19
        },
        "49": {
            "0": -14,
            "1": -23,
            "2": -17,
            "3": -9,
            "4": 48,
            "5": 44,
            "6": -39,
            "7": -15,
            "8": 14,
            "9": 49,
            "10": -28,
            "11": 29,
            "12": -23,
            "13": -1,
            "14": 36,
            "15": 9,
            "16": 29,
            "17": -34,
            "18": 1,
            "19": -32,
            "20": 6,
            "21": -42,
            "22": 25,
            "23": 24,
            "24": 26,
            "25": 18,
            "26": -40,
            "27": 17,
            "28": -11,
            "29": -20,
            "30": -35,
            "31": 26,
            "32": 13,
            "33": 28,
            "34": 35,
            "35": -45,
            "36": -42,
            "37": 15,
            "38": -29,
            "39": -25,
            "40": 36,
            "41": 29,
            "42": -26,
            "43": 42,
            "44": -9,
            "45": -45,
            "46": 12,
            "47": 7,
            "48": 13,
            "50": -21,
            "51": -33,
            "52": 11,
            "53": -6,
            "54": -44,
            "55": 5,
            "56": -16,
            "57": 2,
            "58": 19,
            "59": 21
        },
        "50": {
            "0": -32,
            "1": 30,
            "2": -16,
            "3": -30,
            "4": 23,
            "5": 30,
            "6": 44,
            "7": 6,
            "8": 18,
            "9": 7,
            "10": -15,
            "11": -33,
            "12": -9,
            "13": 12,
            "14": 17,
            "15": 49,
            "16": 25,
            "17": -24,
            "18": 40,
            "19": -29,
            "20": -39,
            "21": 43,
            "22": 43,
            "23": -40,
            "24": 5,
            "25": -38,
            "26": 37,
            "27": 11,
            "28": -3,
            "29": 42,
            "30": -44,
            "31": 27,
            "32": -5,
            "33": -43,
            "34": -11,
            "35": -11,
            "36": 11,
            "37": 7,
            "38": 33,
            "39": -30,
            "40": 2,
            "41": -3,
            "42": 20,
            "43": -20,
            "44": -3,
            "45": 16,
            "46": 7,
            "47": 47,
            "48": 18,
            "49": -21,
            "51": 15,
            "52": -34,
            "53": 39,
            "54": -49,
            "55": -44,
            "56": 6,
            "57": -42,
            "58": -4,
            "59": 18
        },
        "51": {
            "0": -15,
            "1": 43,
            "2": -6,
            "3": 48,
            "4": 44,
            "5": 9,
            "6": -9,
            "7": 30,
            "8": -40,
            "9": -34,
            "10": 8,
            "11": 16,
            "12": -25,
            "13": 25,
            "14": -1,
            "15": 48,
            "16": 15,
            "17": -46,
            "18": 27,
            "19": 47,
            "20": 25,
            "21": 9,
            "22": -41,
            "23": 3,
            "24": -49,
            "25": -4,
            "26": 47,
            "27": -15,
            "28": 35,
            "29": 6,
            "30": -40,
            "31": 34,
            "32": 45,
            "33": 27,
            "34": 35,
            "35": -45,
            "36": 9,
            "37": -41,
            "38": 48,
            "39": 37,
            "40": 33,
            "41": -38,
            "42": 6,
            "43": -39,
            "44": 27,
            "45": -7,
            "46": 24,
            "47": 8,
            "48": -23,
            "49": -33,
            "50": 15,
            "52": 32,
            "53": -41,
            "54": 3,
            "55": -28,
            "56": -49,
            "57": -24,
            "58": 18,
            "59": -18
        },
        "52": {
            "0": -36,
            "1": -38,
            "2": 2,
            "3": 24,
            "4": 37,
            "5": 15,
            "6": -23,
            "7": 44,
            "8": -49,
            "9": 48,
            "10": 11,
            "11": 24,
            "12": -9,
            "13": -34,
            "14": -23,
            "15": 27,
            "16": -26,
            "17": 16,
            "18": -46,
            "19": 14,
            "20": 20,
            "21": -4,
            "22": 12,
            "23": -48,
            "24": -38,
            "25": -23,
            "26": -12,
            "27": 7,
            "28": 12,
            "29": 3,
            "30": -6,
            "31": -12,
            "32": 33,
            "33": 4,
            "34": 41,
            "35": 38,
            "36": 11,
            "37": 40,
            "38": 36,
            "39": 12,
            "40": 24,
            "41": -36,
            "42": 24,
            "43": 44,
            "44": -14,
            "45": -14,
            "46": 7,
            "47": -16,
            "48": -33,
            "49": 11,
            "50": -34,
            "51": 32,
            "53": 49,
            "54": -25,
            "55": -15,
            "56": 20,
            "57": 17,
            "58": 31,
            "59": -41
        },
        "53": {
            "0": -32,
            "1": -21,
            "2": 21,
            "3": -47,
            "4": 45,
            "5": -36,
            "6": -37,
            "7": 40,
            "8": -35,
            "9": -1,
            "10": 41,
            "11": 8,
            "12": 47,
            "13": -3,
            "14": -11,
            "15": -25,
            "16": -2,
            "17": 33,
            "18": -22,
            "19": -48,
            "20": 41,
            "21": 16,
            "22": 36,
            "23": 23,
            "24": -35,
            "25": -47,
            "26": -7,
            "27": 43,
            "28": 0,
            "29": 17,
            "30": 9,
            "31": 34,
            "32": 38,
            "33": 16,
            "34": -21,
            "35": -25,
            "36": -15,
            "37": 37,
            "38": 45,
            "39": -40,
            "40": 37,
            "41": 13,
            "42": 14,
            "43": -16,
            "44": -23,
            "45": 10,
            "46": 47,
            "47": 22,
            "48": -40,
            "49": -6,
            "50": 39,
            "51": -41,
            "52": 49,
            "54": 28,
            "55": 18,
            "56": 12,
            "57": 24,
            "58": -44,
            "59": 2
        },
        "54": {
            "0": 13,
            "1": 42,
            "2": 0,
            "3": -3,
            "4": 9,
            "5": -1,
            "6": -42,
            "7": -8,
            "8": 18,
            "9": 44,
            "10": 22,
            "11": -32,
            "12": 38,
            "13": 17,
            "14": -43,
            "15": -2,
            "16": -39,
            "17": -33,
            "18": -44,
            "19": -6,
            "20": 16,
            "21": 35,
            "22": 42,
            "23": -30,
            "24": 12,
            "25": -46,
            "26": -33,
            "27": 14,
            "28": -42,
            "29": 11,
            "30": -2,
            "31": 48,
            "32": -35,
            "33": 16,
            "34": 35,
            "35": 32,
            "36": 17,
            "37": 21,
            "38": 44,
            "39": 11,
            "40": 11,
            "41": 37,
            "42": 32,
            "43": -29,
            "44": 33,
            "45": -25,
            "46": 15,
            "47": 40,
            "48": 17,
            "49": -44,
            "50": -49,
            "51": 3,
            "52": -25,
            "53": 28,
            "55": 30,
            "56": 34,
            "57": -23,
            "58": 43,
            "59": 5
        },
        "55": {
            "0": 0,
            "1": -26,
            "2": -11,
            "3": -48,
            "4": -17,
            "5": 36,
            "6": -6,
            "7": -32,
            "8": 45,
            "9": -26,
            "10": -27,
            "11": -13,
            "12": 42,
            "13": 21,
            "14": 3,
            "15": -17,
            "16": -11,
            "17": -47,
            "18": -15,
            "19": -36,
            "20": -43,
            "21": 13,
            "22": -7,
            "23": -17,
            "24": 8,
            "25": 37,
            "26": 13,
            "27": -17,
            "28": -14,
            "29": 46,
            "30": 22,
            "31": 24,
            "32": -43,
            "33": -16,
            "34": 22,
            "35": 11,
            "36": 42,
            "37": 43,
            "38": 39,
            "39": 12,
            "40": 6,
            "41": 26,
            "42": 48,
            "43": 47,
            "44": -47,
            "45": 0,
            "46": -21,
            "47": 40,
            "48": 45,
            "49": 5,
            "50": -44,
            "51": -28,
            "52": -15,
            "53": 18,
            "54": 30,
            "56": -33,
            "57": -16,
            "58": 2,
            "59": -13
        },
        "56": {
            "0": -15,
            "1": 11,
            "2": 10,
            "3": 24,
            "4": -18,
            "5": 14,
            "6": 14,
            "7": -39,
            "8": 40,
            "9": -20,
            "10": 38,
            "11": 34,
            "12": 36,
            "13": -37,
            "14": 15,
            "15": -21,
            "16": -45,
            "17": -41,
            "18": -16,
            "19": -22,
            "20": -15,
            "21": -5,
            "22": 2,
            "23": -16,
            "24": -9,
            "25": 36,
            "26": 35,
            "27": -14,
            "28": 33,
            "29": 35,
            "30": 0,
            "31": -28,
            "32": 34,
            "33": -15,
            "34": 32,
            "35": 24,
            "36": -17,
            "37": -20,
            "38": 33,
            "39": -23,
            "40": -17,
            "41": -16,
            "42": 9,
            "43": -17,
            "44": -12,
            "45": -49,
            "46": -46,
            "47": 30,
            "48": 7,
            "49": -16,
            "50": 6,
            "51": -49,
            "52": 20,
            "53": 12,
            "54": 34,
            "55": -33,
            "57": 0,
            "58": -12,
            "59": 10
        },
        "57": {
            "0": 16,
            "1": 2,
            "2": 48,
            "3": 11,
            "4": 13,
            "5": 0,
            "6": 15,
            "7": 28,
            "8": 19,
            "9": 15,
            "10": 49,
            "11": 8,
            "12": 8,
            "13": -19,
            "14": 16,
            "15": -26,
            "16": 28,
            "17": 0,
            "18": 46,
            "19": -16,
            "20": -18,
            "21": 29,
            "22": -28,
            "23": -9,
            "24": 37,
            "25": 19,
            "26": -30,
            "27": 31,
            "28": -29,
            "29": -12,
            "30": -5,
            "31": 22,
            "32": 0,
            "33": -36,
            "34": 0,
            "35": -23,
            "36": 36,
            "37": 11,
            "38": -31,
            "39": -48,
            "40": 38,
            "41": -47,
            "42": -12,
            "43": -27,
            "44": 27,
            "45": -4,
            "46": 32,
            "47": 33,
            "48": 36,
            "49": 2,
            "50": -42,
            "51": -24,
            "52": 17,
            "53": 24,
            "54": -23,
            "55": -16,
            "56": 0,
            "58": -45,
            "59": -45
        },
        "58": {
            "0": 45,
            "1": 34,
            "2": 33,
            "3": -42,
            "4": -2,
            "5": 41,
            "6": 4,
            "7": 23,
            "8": -18,
            "9": -10,
            "10": 0,
            "11": -47,
            "12": -44,
            "13": -2,
            "14": -39,
            "15": -47,
            "16": 35,
            "17": 8,
            "18": 20,
            "19": -41,
            "20": -11,
            "21": -9,
            "22": 7,
            "23": -3,
            "24": -36,
            "25": -46,
            "26": -49,
            "27": -49,
            "28": -44,
            "29": -7,
            "30": 47,
            "31": -12,
            "32": -33,
            "33": 32,
            "34": 38,
            "35": 27,
            "36": 40,
            "37": 10,
            "38": -11,
            "39": -13,
            "40": 36,
            "41": -8,
            "42": -38,
            "43": 8,
            "44": 4,
            "45": 37,
            "46": -4,
            "47": -49,
            "48": 35,
            "49": 19,
            "50": -4,
            "51": 18,
            "52": 31,
            "53": -44,
            "54": 43,
            "55": 2,
            "56": -12,
            "57": -45,
            "59": 22
        },
        "59": {
            "0": -25,
            "1": -20,
            "2": -2,
            "3": -36,
            "4": 16,
            "5": 40,
            "6": -36,
            "7": 31,
            "8": -37,
            "9": 0,
            "10": 1,
            "11": -30,
            "12": -42,
            "13": 16,
            "14": -2,
            "15": 8,
            "16": 43,
            "17": -23,
            "18": 31,
            "19": -35,
            "20": -49,
            "21": 25,
            "22": -11,
            "23": -24,
            "24": -8,
            "25": -7,
            "26": -26,
            "27": 4,
            "28": -13,
            "29": 6,
            "30": 1,
            "31": -33,
            "32": -45,
            "33": 32,
            "34": -43,
            "35": -3,
            "36": -43,
            "37": -31,
            "38": 31,
            "39": 43,
            "40": 34,
            "41": 5,
            "42": 43,
            "43": 2,
            "44": -40,
            "45": -44,
            "46": 33,
            "47": 37,
            "48": -19,
            "49": 21,
            "50": 18,
            "51": -18,
            "52": -41,
            "53": 2,
            "54": 5,
            "55": -13,
            "56": 10,
            "57": -45,
            "58": 22
        }
    },
    "Gamma": 30
}