{
    "knapsack_size": 1500,
    "n_items": 57,
    "costs": {
        "0": {
            "l": 62,
            "a": 120,
            "u": 177
        },
        "1": {
            "l": 52,
            "a": 82,
            "u": 84
        },
        "2": {
            "l": 49,
            "a": 67,
            "u": 95
        },
        "3": {
            "l": 64,
            "a": 103,
            "u": 132
        },
        "4": {
            "l": 61,
            "a": 72,
            "u": 107
        },
        "5": {
            "l": 52,
            "a": 92,
            "u": 113
        },
        "6": {
            "l": 48,
            "a": 50,
            "u": 59
        },
        "7": {
            "l": 49,
            "a": 67,
            "u": 87
        },
        "8": {
            "l": 54,
            "a": 65,
            "u": 74
        },
        "9": {
            "l": 54,
            "a": 102,
            "u": 103
        },
        "10": {
            "l": 61,
            "a": 103,
            "u": 144
        },
        "11": {
            "l": 69,
            "a": 107,
            "u": 140
        },
        "12": {
            "l": 58,
            "a": 89,
            "u": 131
        },
        "13": {
            "l": 63,
            "a": 118,
            "u": 174
        },
        "14": {
            "l": 56,
            "a": 73,
            "u": 103
        },
        "15": {
            "l": 48,
            "a": 48,
            "u": 68
        },
        "16": {
            "l": 46,
            "a": 63,
            "u": 79
        },
        "17": {
            "l": 67,
            "a": 112,
            "u": 121
        },
        "18": {
            "l": 59,
            "a": 117,
            "u": 159
        },
        "19": {
            "l": 60,
            "a": 69,
            "u": 82
        },
        "20": {
            "l": 57,
            "a": 95,
            "u": 131
        },
        "21": {
            "l": 59,
            "a": 103,
            "u": 125
        },
        "22": {
            "l": 62,
            "a": 97,
            "u": 133
        },
        "23": {
            "l": 63,
            "a": 76,
            "u": 89
        },
        "24": {
            "l": 57,
            "a": 65,
            "u": 71
        },
        "25": {
            "l": 55,
            "a": 63,
            "u": 68
        },
        "26": {
            "l": 47,
            "a": 68,
            "u": 70
        },
        "27": {
            "l": 45,
            "a": 76,
            "u": 87
        },
        "28": {
            "l": 53,
            "a": 101,
            "u": 109
        },
        "29": {
            "l": 58,
            "a": 108,
            "u": 148
        },
        "30": {
            "l": 50,
            "a": 74,
            "u": 79
        },
        "31": {
            "l": 50,
            "a": 84,
            "u": 125
        },
        "32": {
            "l": 45,
            "a": 55,
            "u": 61
        },
        "33": {
            "l": 55,
            "a": 102,
            "u": 144
        },
        "34": {
            "l": 63,
            "a": 65,
            "u": 66
        },
        "35": {
            "l": 45,
            "a": 78,
            "u": 84
        },
        "36": {
            "l": 45,
            "a": 55,
            "u": 70
        },
        "37": {
            "l": 58,
            "a": 109,
            "u": 146
        },
        "38": {
            "l": 58,
            "a": 64,
            "u": 70
        },
        "39": {
            "l": 69,
            "a": 105,
            "u": 121
        },
        "40": {
            "l": 57,
            "a": 93,
            "u": 122
        },
        "41": {
            "l": 51,
            "a": 63,
            "u": 77
        },
        "42": {
            "l": 48,
            "a": 85,
            "u": 95
        },
        "43": {
            "l": 51,
            "a": 89,
            "u": 101
        },
        "44": {
            "l": 67,
            "a": 88,
            "u": 102
        },
        "45": {
            "l": 63,
            "a": 104,
            "u": 116
        },
        "46": {
            "l": 67,
            "a": 75,
            "u": 92
        },
        "47": {
            "l": 58,
            "a": 68,
            "u": 82
        },
        "48": {
            "l": 53,
            "a": 81,
            "u": 109
        },
        "49": {
            "l": 58,
            "a": 98,
            "u": 129
        },
        "50": {
            "l": 52,
            "a": 60,
            "u": 80
        },
        "51": {
            "l": 53,
            "a": 85,
            "u": 111
        },
        "52": {
            "l": 47,
            "a": 61,
            "u": 86
        },
        "53": {
            "l": 47,
            "a": 88,
            "u": 92
        },
        "54": {
            "l": 50,
            "a": 65,
            "u": 80
        },
        "55": {
            "l": 49,
            "a": 83,
            "u": 124
        },
        "56": {
            "l": 68,
            "a": 87,
            "u": 107
        }
    },
    "profits": {
        "0": 225,
        "1": 124,
        "2": 120,
        "3": 198,
        "4": 116,
        "5": 146,
        "6": 98,
        "7": 129,
        "8": 115,
        "9": 153,
        "10": 191,
        "11": 202,
        "12": 149,
        "13": 204,
        "14": 145,
        "15": 84,
        "16": 107,
        "17": 198,
        "18": 202,
        "19": 111,
        "20": 162,
        "21": 205,
        "22": 162,
        "23": 121,
        "24": 124,
        "25": 108,
        "26": 112,
        "27": 138,
        "28": 178,
        "29": 188,
        "30": 118,
        "31": 145,
        "32": 107,
        "33": 179,
        "34": 121,
        "35": 150,
        "36": 86,
        "37": 195,
        "38": 102,
        "39": 161,
        "40": 168,
        "41": 112,
        "42": 139,
        "43": 157,
        "44": 171,
        "45": 182,
        "46": 115,
        "47": 118,
        "48": 154,
        "49": 166,
        "50": 96,
        "51": 150,
        "52": 97,
        "53": 164,
        "54": 121,
        "55": 125,
        "56": 165
    },
    "synergies": {
        "0": {
            "1": -20,
            "2": 34,
            "3": 34,
            "4": 15,
            "5": -40,
            "6": 36,
            "7": -11,
            "8": -8,
            "9": -14,
            "10": 14,
            "11": 17,
            "12": -24,
            "13": -40,
            "14": -33,
            "15": 44,
            "16": 30,
            "17": 10,
            "18": -40,
            "19": 34,
            "20": 5,
            "21": 1,
            "22": -4,
            "23": -14,
            "24": -2,
            "25": -4,
            "26": -24,
            "27": 1,
            "28": -12,
            "29": -38,
            "30": -21,
            "31": 13,
            "32": 44,
            "33": 1,
            "34": -28,
            "35": -39,
            "36": -7,
            "37": 1,
            "38": -8,
            "39": -1,
            "40": 47,
            "41": 14,
            "42": 30,
            "43": 47,
            "44": 14,
            "45": -21,
            "46": 12,
            "47": -22,
            "48": 0,
            "49": 32,
            "50": -2,
            "51": 40,
            "52": -37,
            "53": -20,
            "54": -5,
            "55": -7,
            "56": 44
        },
        "1": {
            "0": -20,
            "2": 16,
            "3": 11,
            "4": 16,
            "5": 30,
            "6": 43,
            "7": -37,
            "8": 19,
            "9": 35,
            "10": -48,
            "11": 25,
            "12": 19,
            "13": 0,
            "14": -10,
            "15": 44,
            "16": 45,
            "17": 22,
            "18": -25,
            "19": -10,
            "20": 24,
            "21": 2,
            "22": -36,
            "23": -10,
            "24": -13,
            "25": 9,
            "26": 16,
            "27": -11,
            "28": -44,
            "29": -5,
            "30": 34,
            "31": -33,
            "32": -38,
            "33": -16,
            "34": 39,
            "35": -36,
            "36": 31,
            "37": -33,
            "38": 36,
            "39": -46,
            "40": -4,
            "41": 47,
            "42": -40,
            "43": -27,
            "44": 37,
            "45": 11,
            "46": -21,
            "47": 19,
            "48": 4,
            "49": 46,
            "50": -40,
            "51": -21,
            "52": 19,
            "53": -24,
            "54": -37,
            "55": -41,
            "56": 4
        },
        "2": {
            "0": 34,
            "1": 16,
            "3": 38,
            "4": 39,
            "5": -36,
            "6": -16,
            "7": 18,
            "8": -13,
            "9": -12,
            "10": 22,
            "11": 15,
            "12": -41,
            "13": 16,
            "14": -33,
            "15": 37,
            "16": 17,
            "17": 47,
            "18": -47,
            "19": 30,
            "20": -35,
            "21": -25,
            "22": -11,
            "23": 42,
            "24": -29,
            "25": -12,
            "26": -49,
            "27": 37,
            "28": -26,
            "29": -2,
            "30": 29,
            "31": 22,
            "32": -9,
            "33": -39,
            "34": 10,
            "35": 0,
            "36": 7,
            "37": 17,
            "38": 26,
            "39": -28,
            "40": 43,
            "41": -10,
            "42": 31,
            "43": 10,
            "44": 31,
            "45": -30,
            "46": -19,
            "47": 49,
            "48": 12,
            "49": -12,
            "50": -17,
            "51": 33,
            "52": 20,
            "53": -42,
            "54": 8,
            "55": 24,
            "56": 21
        },
        "3": {
            "0": 34,
            "1": 11,
            "2": 38,
            "4": 10,
            "5": -35,
            "6": -41,
            "7": 23,
            "8": -12,
            "9": 35,
            "10": 11,
            "11": 30,
            "12": 3,
            "13": -44,
            "14": -39,
            "15": -6,
            "16": 6,
            "17": -39,
            "18": -10,
            "19": -45,
            "20": 34,
            "21": 42,
            "22": -7,
            "23": -32,
            "24": 40,
            "25": -28,
            "26": 33,
            "27": -18,
            "28": -42,
            "29": 10,
            "30": -35,
            "31": 46,
            "32": -16,
            "33": 17,
            "34": -42,
            "35": -24,
            "36": 13,
            "37": -7,
            "38": 45,
            "39": -43,
            "40": -28,
            "41": -39,
            "42": -49,
            "43": 13,
            "44": 9,
            "45": -32,
            "46": 25,
            "47": -10,
            "48": 36,
            "49": -15,
            "50": 3,
            "51": 7,
            "52": -3,
            "53": 27,
            "54": 34,
            "55": 24,
            "56": -11
        },
        "4": {
            "0": 15,
            "1": 16,
            "2": 39,
            "3": 10,
            "5": 31,
            "6": -37,
            "7": 10,
            "8": -41,
            "9": 13,
            "10": 25,
            "11": -28,
            "12": 43,
            "13": 24,
            "14": -34,
            "15": 11,
            "16": -42,
            "17": -44,
            "18": 49,
            "19": 42,
            "20": 5,
            "21": 34,
            "22": 23,
            "23": -13,
            "24": 42,
            "25": -1,
            "26": 35,
            "27": -42,
            "28": -28,
            "29": -1,
            "30": -45,
            "31": 30,
            "32": 36,
            "33": 15,
            "34": 6,
            "35": 37,
            "36": -25,
            "37": 44,
            "38": 33,
            "39": -33,
            "40": 44,
            "41": 26,
            "42": 13,
            "43": 1,
            "44": -16,
            "45": 3,
            "46": 22,
            "47": 37,
            "48": -27,
            "49": -21,
            "50": 34,
            "51": -23,
            "52": 23,
            "53": -10,
            "54": 4,
            "55": -42,
            "56": 14
        },
        "5": {
            "0": -40,
            "1": 30,
            "2": -36,
            "3": -35,
            "4": 31,
            "6": -6,
            "7": -18,
            "8": 44,
            "9": 34,
            "10": -21,
            "11": -34,
            "12": -20,
            "13": -23,
            "14": -27,
            "15": 34,
            "16": 10,
            "17": 32,
            "18": -21,
            "19": 13,
            "20": 1,
            "21": -49,
            "22": 11,
            "23": -1,
            "24": -9,
            "25": 2,
            "26": 5,
            "27": -37,
            "28": -35,
            "29": -29,
            "30": 7,
            "31": 35,
            "32": 48,
            "33": 18,
            "34": -27,
            "35": -24,
            "36": 42,
            "37": -26,
            "38": 6,
            "39": -7,
            "40": 46,
            "41": 35,
            "42": 13,
            "43": 26,
            "44": -8,
            "45": -23,
            "46": 33,
            "47": -37,
            "48": 18,
            "49": 2,
            "50": 26,
            "51": 42,
            "52": -21,
            "53": -43,
            "54": -7,
            "55": 35,
            "56": 27
        },
        "6": {
            "0": 36,
            "1": 43,
            "2": -16,
            "3": -41,
            "4": -37,
            "5": -6,
            "7": -4,
            "8": 12,
            "9": -5,
            "10": -15,
            "11": -39,
            "12": 48,
            "13": 16,
            "14": -29,
            "15": 38,
            "16": 5,
            "17": -41,
            "18": -30,
            "19": -12,
            "20": 34,
            "21": 12,
            "22": 24,
            "23": 36,
            "24": 43,
            "25": 6,
            "26": -37,
            "27": -37,
            "28": -30,
            "29": 23,
            "30": 32,
            "31": -38,
            "32": 28,
            "33": 4,
            "34": 4,
            "35": 17,
            "36": -22,
            "37": 43,
            "38": -10,
            "39": 48,
            "40": 29,
            "41": -19,
            "42": -1,
            "43": -31,
            "44": -4,
            "45": -33,
            "46": -6,
            "47": -25,
            "48": 35,
            "49": 33,
            "50": 45,
            "51": 8,
            "52": 10,
            "53": -21,
            "54": 43,
            "55": -2,
            "56": 38
        },
        "7": {
            "0": -11,
            "1": -37,
            "2": 18,
            "3": 23,
            "4": 10,
            "5": -18,
            "6": -4,
            "8": -48,
            "9": 0,
            "10": 27,
            "11": -1,
            "12": 48,
            "13": 18,
            "14": -48,
            "15": 45,
            "16": 19,
            "17": 19,
            "18": -14,
            "19": -14,
            "20": -29,
            "21": -31,
            "22": -43,
            "23": -3,
            "24": -28,
            "25": 42,
            "26": -37,
            "27": -24,
            "28": 28,
            "29": -9,
            "30": -26,
            "31": -19,
            "32": -3,
            "33": -22,
            "34": 48,
            "35": 7,
            "36": -31,
            "37": -45,
            "38": 11,
            "39": 0,
            "40": 26,
            "41": -42,
            "42": -26,
            "43": -33,
            "44": 4,
            "45": 26,
            "46": -44,
            "47": -26,
            "48": -32,
            "49": -48,
            "50": -14,
            "51": -13,
            "52": -30,
            "53": 36,
            "54": 16,
            "55": -5,
            "56": -16
        },
        "8": {
            "0": -8,
            "1": 19,
            "2": -13,
            "3": -12,
            "4": -41,
            "5": 44,
            "6": 12,
            "7": -48,
            "9": 19,
            "10": -2,
            "11": 36,
            "12": 4,
            "13": -27,
            "14": -7,
            "15": -17,
            "16": -2,
            "17": 45,
            "18": -14,
            "19": 32,
            "20": -48,
            "21": -27,
            "22": -40,
            "23": 4,
            "24": 14,
            "25": -16,
            "26": 45,
            "27": 26,
            "28": 9,
            "29": -8,
            "30": 33,
            "31": 48,
            "32": -25,
            "33": 8,
            "34": -24,
            "35": -37,
            "36": 34,
            "37": -22,
            "38": 14,
            "39": 38,
            "40": -30,
            "41": 33,
            "42": -3,
            "43": 39,
            "44": -23,
            "45": 33,
            "46": -3,
            "47": 4,
            "48": 37,
            "49": -46,
            "50": 37,
            "51": 20,
            "52": 26,
            "53": -33,
            "54": 21,
            "55": 26,
            "56": 12
        },
        "9": {
            "0": -14,
            "1": 35,
            "2": -12,
            "3": 35,
            "4": 13,
            "5": 34,
            "6": -5,
            "7": 0,
            "8": 19,
            "10": -46,
            "11": -45,
            "12": 17,
            "13": 48,
            "14": 17,
            "15": 35,
            "16": -27,
            "17": 30,
            "18": 26,
            "19": -3,
            "20": 35,
            "21": -10,
            "22": -47,
            "23": 28,
            "24": 0,
            "25": 13,
            "26": 6,
            "27": 38,
            "28": -44,
            "29": -21,
            "30": -7,
            "31": -4,
            "32": 5,
            "33": 38,
            "34": -3,
            "35": 37,
            "36": -10,
            "37": 49,
            "38": 26,
            "39": 3,
            "40": 47,
            "41": 14,
            "42": -24,
            "43": -21,
            "44": 47,
            "45": -7,
            "46": -20,
            "47": -28,
            "48": -32,
            "49": 29,
            "50": -19,
            "51": 4,
            "52": -1,
            "53": -46,
            "54": -3,
            "55": -4,
            "56": 0
        },
        "10": {
            "0": 14,
            "1": -48,
            "2": 22,
            "3": 11,
            "4": 25,
            "5": -21,
            "6": -15,
            "7": 27,
            "8": -2,
            "9": -46,
            "11": -42,
            "12": -15,
            "13": -37,
            "14": -19,
            "15": -15,
            "16": -49,
            "17": 26,
            "18": 31,
            "19": 48,
            "20": 41,
            "21": -7,
            "22": -45,
            "23": 22,
            "24": -38,
            "25": -28,
            "26": -41,
            "27": -17,
            "28": -19,
            "29": -8,
            "30": 9,
            "31": -39,
            "32": 33,
            "33": 47,
            "34": 46,
            "35": 5,
            "36": -36,
            "37": 22,
            "38": 1,
            "39": 0,
            "40": -11,
            "41": 2,
            "42": 30,
            "43": 28,
            "44": -43,
            "45": -29,
            "46": 2,
            "47": -15,
            "48": 32,
            "49": -8,
            "50": -34,
            "51": -44,
            "52": 27,
            "53": -17,
            "54": 49,
            "55": 27,
            "56": -33
        },
        "11": {
            "0": 17,
            "1": 25,
            "2": 15,
            "3": 30,
            "4": -28,
            "5": -34,
            "6": -39,
            "7": -1,
            "8": 36,
            "9": -45,
            "10": -42,
            "12": -39,
            "13": 29,
            "14": 11,
            "15": 25,
            "16": 16,
            "17": -4,
            "18": -21,
            "19": 7,
            "20": 15,
            "21": 22,
            "22": -38,
            "23": -37,
            "24": -34,
            "25": -25,
            "26": -20,
            "27": -18,
            "28": -4,
            "29": 46,
            "30": 4,
            "31": -27,
            "32": 48,
            "33": -12,
            "34": 21,
            "35": -22,
            "36": -19,
            "37": -1,
            "38": -49,
            "39": -30,
            "40": -12,
            "41": -5,
            "42": -49,
            "43": 39,
            "44": -12,
            "45": -16,
            "46": -7,
            "47": -49,
            "48": 48,
            "49": -4,
            "50": 27,
            "51": -36,
            "52": -39,
            "53": -38,
            "54": 5,
            "55": -15,
            "56": 46
        },
        "12": {
            "0": -24,
            "1": 19,
            "2": -41,
            "3": 3,
            "4": 43,
            "5": -20,
            "6": 48,
            "7": 48,
            "8": 4,
            "9": 17,
            "10": -15,
            "11": -39,
            "13": -5,
            "14": 0,
            "15": 42,
            "16": -40,
            "17": -27,
            "18": -34,
            "19": 30,
            "20": 0,
            "21": -39,
            "22": -36,
            "23": -19,
            "24": 38,
            "25": 13,
            "26": 30,
            "27": -19,
            "28": -10,
            "29": -22,
            "30": -41,
            "31": -1,
            "32": 37,
            "33": 34,
            "34": -47,
            "35": 11,
            "36": 23,
            "37": 7,
            "38": -28,
            "39": -37,
            "40": -49,
            "41": 41,
            "42": -25,
            "43": -19,
            "44": -22,
            "45": 46,
            "46": 38,
            "47": 34,
            "48": 39,
            "49": -27,
            "50": 27,
            "51": -20,
            "52": -27,
            "53": -49,
            "54": -15,
            "55": -46,
            "56": -23
        },
        "13": {
            "0": -40,
            "1": 0,
            "2": 16,
            "3": -44,
            "4": 24,
            "5": -23,
            "6": 16,
            "7": 18,
            "8": -27,
            "9": 48,
            "10": -37,
            "11": 29,
            "12": -5,
            "14": 13,
            "15": 29,
            "16": -34,
            "17": -35,
            "18": -46,
            "19": 12,
            "20": 32,
            "21": -27,
            "22": 16,
            "23": -18,
            "24": -19,
            "25": -33,
            "26": -25,
            "27": 1,
            "28": 22,
            "29": 37,
            "30": -45,
            "31": 48,
            "32": -13,
            "33": 16,
            "34": -40,
            "35": -18,
            "36": -14,
            "37": 18,
            "38": -24,
            "39": 49,
            "40": 21,
            "41": 0,
            "42": 3,
            "43": 9,
            "44": 0,
            "45": 21,
            "46": -10,
            "47": -20,
            "48": -5,
            "49": 24,
            "50": 34,
            "51": 8,
            "52": 16,
            "53": 16,
            "54": 17,
            "55": -38,
            "56": 39
        },
        "14": {
            "0": -33,
            "1": -10,
            "2": -33,
            "3": -39,
            "4": -34,
            "5": -27,
            "6": -29,
            "7": -48,
            "8": -7,
            "9": 17,
            "10": -19,
            "11": 11,
            "12": 0,
            "13": 13,
            "15": 49,
            "16": -2,
            "17": -11,
            "18": -32,
            "19": 26,
            "20": -34,
            "21": 4,
            "22": -40,
            "23": 26,
            "24": -21,
            "25": 2,
            "26": 8,
            "27": 2,
            "28": 10,
            "29": -45,
            "30": 22,
            "31": -28,
            "32": 40,
            "33": 21,
            "34": -38,
            "35": -19,
            "36": 5,
            "37": -49,
            "38": -23,
            "39": -5,
            "40": -43,
            "41": 28,
            "42": -30,
            "43": 40,
            "44": -1,
            "45": -9,
            "46": 0,
            "47": 2,
            "48": 16,
            "49": 12,
            "50": -30,
            "51": -42,
            "52": -35,
            "53": 9,
            "54": 14,
            "55": -29,
            "56": -23
        },
        "15": {
            "0": 44,
            "1": 44,
            "2": 37,
            "3": -6,
            "4": 11,
            "5": 34,
            "6": 38,
            "7": 45,
            "8": -17,
            "9": 35,
            "10": -15,
            "11": 25,
            "12": 42,
            "13": 29,
            "14": 49,
            "16": -11,
            "17": -47,
            "18": 1,
            "19": -36,
            "20": -46,
            "21": 21,
            "22": -30,
            "23": -36,
            "24": 6,
            "25": 42,
            "26": 1,
            "27": -36,
            "28": 1,
            "29": 33,
            "30": 43,
            "31": 41,
            "32": 6,
            "33": 43,
            "34": -20,
            "35": -36,
            "36": -29,
            "37": -21,
            "38": -5,
            "39": 7,
            "40": 5,
            "41": 10,
            "42": -3,
            "43": -18,
            "44": 5,
            "45": -33,
            "46": -20,
            "47": 29,
            "48": 21,
            "49": -1,
            "50": -8,
            "51": 32,
            "52": -12,
            "53": 26,
            "54": 18,
            "55": 46,
            "56": 9
        },
        "16": {
            "0": 30,
            "1": 45,
            "2": 17,
            "3": 6,
            "4": -42,
            "5": 10,
            "6": 5,
            "7": 19,
            "8": -2,
            "9": -27,
            "10": -49,
            "11": 16,
            "12": -40,
            "13": -34,
            "14": -2,
            "15": -11,
            "17": -10,
            "18": -40,
            "19": -21,
            "20": -37,
            "21": -17,
            "22": 21,
            "23": -16,
            "24": 40,
            "25": -16,
            "26": -18,
            "27": 11,
            "28": 21,
            "29": -47,
            "30": -33,
            "31": -38,
            "32": -43,
            "33": -29,
            "34": -36,
            "35": -6,
            "36": 41,
            "37": -25,
            "38": -6,
            "39": -21,
            "40": 44,
            "41": 6,
            "42": 41,
            "43": -16,
            "44": 6,
            "45": 4,
            "46": -27,
            "47": -17,
            "48": 24,
            "49": -22,
            "50": -7,
            "51": -21,
            "52": 12,
            "53": -47,
            "54": 14,
            "55": 18,
            "56": 25
        },
        "17": {
            "0": 10,
            "1": 22,
            "2": 47,
            "3": -39,
            "4": -44,
            "5": 32,
            "6": -41,
            "7": 19,
            "8": 45,
            "9": 30,
            "10": 26,
            "11": -4,
            "12": -27,
            "13": -35,
            "14": -11,
            "15": -47,
            "16": -10,
            "18": 15,
            "19": -27,
            "20": -28,
            "21": 33,
            "22": 48,
            "23": -26,
            "24": -13,
            "25": 5,
            "26": 33,
            "27": -40,
            "28": -11,
            "29": 30,
            "30": -12,
            "31": -28,
            "32": -35,
            "33": -27,
            "34": 20,
            "35": 40,
            "36": 42,
            "37": 39,
            "38": 43,
            "39": -36,
            "40": -26,
            "41": 14,
            "42": 7,
            "43": 1,
            "44": -2,
            "45": 16,
            "46": -26,
            "47": -4,
            "48": -32,
            "49": -27,
            "50": -43,
            "51": 34,
            "52": -41,
            "53": 5,
            "54": -16,
            "55": 1,
            "56": 25
        },
        "18": {
            "0": -40,
            "1": -25,
            "2": -47,
            "3": -10,
            "4": 49,
            "5": -21,
            "6": -30,
            "7": -14,
            "8": -14,
            "9": 26,
            "10": 31,
            "11": -21,
            "12": -34,
            "13": -46,
            "14": -32,
            "15": 1,
            "16": -40,
            "17": 15,
            "19": 15,
            "20": 43,
            "21": -30,
            "22": -1,
            "23": 47,
            "24": -14,
            "25": -17,
            "26": 2,
            "27": 29,
            "28": 27,
            "29": -44,
            "30": -10,
            "31": 46,
            "32": 25,
            "33": 26,
            "34": 19,
            "35": 8,
            "36": 24,
            "37": -33,
            "38": -41,
            "39": 41,
            "40": 6,
            "41": -29,
            "42": -29,
            "43": -42,
            "44": 46,
            "45": 0,
            "46": 10,
            "47": -20,
            "48": -6,
            "49": 16,
            "50": 40,
            "51": 14,
            "52": 15,
            "53": 4,
            "54": 41,
            "55": -44,
            "56": -38
        },
        "19": {
            "0": 34,
            "1": -10,
            "2": 30,
            "3": -45,
            "4": 42,
            "5": 13,
            "6": -12,
            "7": -14,
            "8": 32,
            "9": -3,
            "10": 48,
            "11": 7,
            "12": 30,
            "13": 12,
            "14": 26,
            "15": -36,
            "16": -21,
            "17": -27,
            "18": 15,
            "20": 26,
            "21": -44,
            "22": -45,
            "23": -16,
            "24": -27,
            "25": -16,
            "26": 30,
            "27": -21,
            "28": 45,
            "29": -14,
            "30": -18,
            "31": 28,
            "32": 42,
            "33": 2,
            "34": 42,
            "35": -34,
            "36": 40,
            "37": -47,
            "38": 13,
            "39": -30,
            "40": -11,
            "41": 18,
            "42": 36,
            "43": -3,
            "44": -11,
            "45": -18,
            "46": 25,
            "47": -31,
            "48": -8,
            "49": -43,
            "50": -15,
            "51": -27,
            "52": -49,
            "53": 24,
            "54": 37,
            "55": -7,
            "56": 10
        },
        "20": {
            "0": 5,
            "1": 24,
            "2": -35,
            "3": 34,
            "4": 5,
            "5": 1,
            "6": 34,
            "7": -29,
            "8": -48,
            "9": 35,
            "10": 41,
            "11": 15,
            "12": 0,
            "13": 32,
            "14": -34,
            "15": -46,
            "16": -37,
            "17": -28,
            "18": 43,
            "19": 26,
            "21": 33,
            "22": -44,
            "23": 0,
            "24": 37,
            "25": 43,
            "26": -47,
            "27": 48,
            "28": -16,
            "29": -6,
            "30": 16,
            "31": 38,
            "32": -7,
            "33": -34,
            "34": -38,
            "35": 8,
            "36": 37,
            "37": -2,
            "38": 4,
            "39": 43,
            "40": -19,
            "41": -10,
            "42": 6,
            "43": 18,
            "44": 49,
            "45": -22,
            "46": 43,
            "47": -6,
            "48": 25,
            "49": -2,
            "50": 2,
            "51": -17,
            "52": -37,
            "53": 31,
            "54": -38,
            "55": 0,
            "56": 18
        },
        "21": {
            "0": 1,
            "1": 2,
            "2": -25,
            "3": 42,
            "4": 34,
            "5": -49,
            "6": 12,
            "7": -31,
            "8": -27,
            "9": -10,
            "10": -7,
            "11": 22,
            "12": -39,
            "13": -27,
            "14": 4,
            "15": 21,
            "16": -17,
            "17": 33,
            "18": -30,
            "19": -44,
            "20": 33,
            "22": 41,
            "23": 45,
            "24": 19,
            "25": 4,
            "26": -33,
            "27": -9,
            "28": 12,
            "29": 27,
            "30": 49,
            "31": 49,
            "32": 42,
            "33": -10,
            "34": -15,
            "35": -16,
            "36": -39,
            "37": 4,
            "38": 0,
            "39": -46,
            "40": 35,
            "41": 41,
            "42": -6,
            "43": -15,
            "44": -31,
            "45": -28,
            "46": -8,
            "47": -31,
            "48": 33,
            "49": 28,
            "50": 31,
            "51": -12,
            "52": -23,
            "53": 11,
            "54": 4,
            "55": 43,
            "56": -44
        },
        "22": {
            "0": -4,
            "1": -36,
            "2": -11,
            "3": -7,
            "4": 23,
            "5": 11,
            "6": 24,
            "7": -43,
            "8": -40,
            "9": -47,
            "10": -45,
            "11": -38,
            "12": -36,
            "13": 16,
            "14": -40,
            "15": -30,
            "16": 21,
            "17": 48,
            "18": -1,
            "19": -45,
            "20": -44,
            "21": 41,
            "23": -34,
            "24": 2,
            "25": -15,
            "26": 33,
            "27": -18,
            "28": 11,
            "29": 12,
            "30": -39,
            "31": -43,
            "32": -9,
            "33": 45,
            "34": -43,
            "35": -8,
            "36": 37,
            "37": 39,
            "38": 6,
            "39": 43,
            "40": -31,
            "41": -8,
            "42": -2,
            "43": 16,
            "44": 18,
            "45": -49,
            "46": 32,
            "47": -33,
            "48": -27,
            "49": 46,
            "50": -32,
            "51": 36,
            "52": -18,
            "53": -35,
            "54": -14,
            "55": 24,
            "56": 43
        },
        "23": {
            "0": -14,
            "1": -10,
            "2": 42,
            "3": -32,
            "4": -13,
            "5": -1,
            "6": 36,
            "7": -3,
            "8": 4,
            "9": 28,
            "10": 22,
            "11": -37,
            "12": -19,
            "13": -18,
            "14": 26,
            "15": -36,
            "16": -16,
            "17": -26,
            "18": 47,
            "19": -16,
            "20": 0,
            "21": 45,
            "22": -34,
            "24": 8,
            "25": -33,
            "26": 40,
            "27": 26,
            "28": -8,
            "29": 35,
            "30": -34,
            "31": 5,
            "32": -29,
            "33": 10,
            "34": 42,
            "35": 29,
            "36": 29,
            "37": -19,
            "38": 37,
            "39": 40,
            "40": 37,
            "41": -28,
            "42": 3,
            "43": -40,
            "44": 40,
            "45": -20,
            "46": -16,
            "47": 7,
            "48": 42,
            "49": 37,
            "50": -7,
            "51": -32,
            "52": -46,
            "53": 30,
            "54": 29,
            "55": 31,
            "56": 49
        },
        "24": {
            "0": -2,
            "1": -13,
            "2": -29,
            "3": 40,
            "4": 42,
            "5": -9,
            "6": 43,
            "7": -28,
            "8": 14,
            "9": 0,
            "10": -38,
            "11": -34,
            "12": 38,
            "13": -19,
            "14": -21,
            "15": 6,
            "16": 40,
            "17": -13,
            "18": -14,
            "19": -27,
            "20": 37,
            "21": 19,
            "22": 2,
            "23": 8,
            "25": 21,
            "26": -21,
            "27": 20,
            "28": -30,
            "29": 12,
            "30": 13,
            "31": -25,
            "32": -43,
            "33": 46,
            "34": 11,
            "35": 39,
            "36": 30,
            "37": -45,
            "38": 7,
            "39": -10,
            "40": 40,
            "41": -40,
            "42": -31,
            "43": 27,
            "44": 30,
            "45": 17,
            "46": 1,
            "47": -37,
            "48": 22,
            "49": 3,
            "50": 33,
            "51": 9,
            "52": 46,
            "53": -40,
            "54": -31,
            "55": 44,
            "56": -40
        },
        "25": {
            "0": -4,
            "1": 9,
            "2": -12,
            "3": -28,
            "4": -1,
            "5": 2,
            "6": 6,
            "7": 42,
            "8": -16,
            "9": 13,
            "10": -28,
            "11": -25,
            "12": 13,
            "13": -33,
            "14": 2,
            "15": 42,
            "16": -16,
            "17": 5,
            "18": -17,
            "19": -16,
            "20": 43,
            "21": 4,
            "22": -15,
            "23": -33,
            "24": 21,
            "26": -5,
            "27": -37,
            "28": 25,
            "29": 7,
            "30": 30,
            "31": -8,
            "32": -7,
            "33": 19,
            "34": 43,
            "35": -26,
            "36": 36,
            "37": 48,
            "38": 18,
            "39": -44,
            "40": 24,
            "41": -15,
            "42": -22,
            "43": 8,
            "44": -1,
            "45": 25,
            "46": 25,
            "47": -17,
            "48": 10,
            "49": -42,
            "50": 33,
            "51": -48,
            "52": 44,
            "53": 9,
            "54": 45,
            "55": -41,
            "56": -26
        },
        "26": {
            "0": -24,
            "1": 16,
            "2": -49,
            "3": 33,
            "4": 35,
            "5": 5,
            "6": -37,
            "7": -37,
            "8": 45,
            "9": 6,
            "10": -41,
            "11": -20,
            "12": 30,
            "13": -25,
            "14": 8,
            "15": 1,
            "16": -18,
            "17": 33,
            "18": 2,
            "19": 30,
            "20": -47,
            "21": -33,
            "22": 33,
            "23": 40,
            "24": -21,
            "25": -5,
            "27": -41,
            "28": -16,
            "29": -30,
            "30": 32,
            "31": 17,
            "32": 48,
            "33": 43,
            "34": 48,
            "35": 0,
            "36": -6,
            "37": 38,
            "38": 46,
            "39": -34,
            "40": -49,
            "41": -13,
            "42": 0,
            "43": 36,
            "44": 28,
            "45": -11,
            "46": -1,
            "47": 21,
            "48": 7,
            "49": -47,
            "50": 34,
            "51": -4,
            "52": -46,
            "53": 35,
            "54": -16,
            "55": -8,
            "56": -34
        },
        "27": {
            "0": 1,
            "1": -11,
            "2": 37,
            "3": -18,
            "4": -42,
            "5": -37,
            "6": -37,
            "7": -24,
            "8": 26,
            "9": 38,
            "10": -17,
            "11": -18,
            "12": -19,
            "13": 1,
            "14": 2,
            "15": -36,
            "16": 11,
            "17": -40,
            "18": 29,
            "19": -21,
            "20": 48,
            "21": -9,
            "22": -18,
            "23": 26,
            "24": 20,
            "25": -37,
            "26": -41,
            "28": 30,
            "29": -27,
            "30": 43,
            "31": 39,
            "32": 39,
            "33": -49,
            "34": -7,
            "35": 31,
            "36": 48,
            "37": -15,
            "38": -39,
            "39": -12,
            "40": 28,
            "41": -35,
            "42": 14,
            "43": 20,
            "44": 12,
            "45": -30,
            "46": 41,
            "47": -1,
            "48": 6,
            "49": 21,
            "50": 47,
            "51": 25,
            "52": -39,
            "53": 10,
            "54": 49,
            "55": 42,
            "56": -40
        },
        "28": {
            "0": -12,
            "1": -44,
            "2": -26,
            "3": -42,
            "4": -28,
            "5": -35,
            "6": -30,
            "7": 28,
            "8": 9,
            "9": -44,
            "10": -19,
            "11": -4,
            "12": -10,
            "13": 22,
            "14": 10,
            "15": 1,
            "16": 21,
            "17": -11,
            "18": 27,
            "19": 45,
            "20": -16,
            "21": 12,
            "22": 11,
            "23": -8,
            "24": -30,
            "25": 25,
            "26": -16,
            "27": 30,
            "29": 33,
            "30": 21,
            "31": -13,
            "32": -20,
            "33": -2,
            "34": 36,
            "35": 18,
            "36": 32,
            "37": 49,
            "38": 11,
            "39": -39,
            "40": 26,
            "41": 49,
            "42": 43,
            "43": 40,
            "44": 15,
            "45": -47,
            "46": -41,
            "47": 9,
            "48": -37,
            "49": 17,
            "50": 47,
            "51": -27,
            "52": -4,
            "53": -12,
            "54": -34,
            "55": 44,
            "56": 13
        },
        "29": {
            "0": -38,
            "1": -5,
            "2": -2,
            "3": 10,
            "4": -1,
            "5": -29,
            "6": 23,
            "7": -9,
            "8": -8,
            "9": -21,
            "10": -8,
            "11": 46,
            "12": -22,
            "13": 37,
            "14": -45,
            "15": 33,
            "16": -47,
            "17": 30,
            "18": -44,
            "19": -14,
            "20": -6,
            "21": 27,
            "22": 12,
            "23": 35,
            "24": 12,
            "25": 7,
            "26": -30,
            "27": -27,
            "28": 33,
            "30": -24,
            "31": -39,
            "32": -19,
            "33": -14,
            "34": -41,
            "35": 38,
            "36": 26,
            "37": -25,
            "38": 49,
            "39": 17,
            "40": 19,
            "41": 42,
            "42": -15,
            "43": -10,
            "44": 6,
            "45": -2,
            "46": 40,
            "47": 4,
            "48": -41,
            "49": 7,
            "50": -1,
            "51": 42,
            "52": -10,
            "53": 16,
            "54": 3,
            "55": -2,
            "56": 29
        },
        "30": {
            "0": -21,
            "1": 34,
            "2": 29,
            "3": -35,
            "4": -45,
            "5": 7,
            "6": 32,
            "7": -26,
            "8": 33,
            "9": -7,
            "10": 9,
            "11": 4,
            "12": -41,
            "13": -45,
            "14": 22,
            "15": 43,
            "16": -33,
            "17": -12,
            "18": -10,
            "19": -18,
            "20": 16,
            "21": 49,
            "22": -39,
            "23": -34,
            "24": 13,
            "25": 30,
            "26": 32,
            "27": 43,
            "28": 21,
            "29": -24,
            "31": 21,
            "32": -40,
            "33": -6,
            "34": 12,
            "35": -29,
            "36": -45,
            "37": 25,
            "38": 0,
            "39": 2,
            "40": -45,
            "41": 12,
            "42": 21,
            "43": 17,
            "44": 48,
            "45": -29,
            "46": -8,
            "47": 21,
            "48": -24,
            "49": -8,
            "50": 5,
            "51": 37,
            "52": 42,
            "53": -47,
            "54": 19,
            "55": 22,
            "56": 3
        },
        "31": {
            "0": 13,
            "1": -33,
            "2": 22,
            "3": 46,
            "4": 30,
            "5": 35,
            "6": -38,
            "7": -19,
            "8": 48,
            "9": -4,
            "10": -39,
            "11": -27,
            "12": -1,
            "13": 48,
            "14": -28,
            "15": 41,
            "16": -38,
            "17": -28,
            "18": 46,
            "19": 28,
            "20": 38,
            "21": 49,
            "22": -43,
            "23": 5,
            "24": -25,
            "25": -8,
            "26": 17,
            "27": 39,
            "28": -13,
            "29": -39,
            "30": 21,
            "32": 15,
            "33": -4,
            "34": -7,
            "35": 0,
            "36": 40,
            "37": 42,
            "38": 1,
            "39": -27,
            "40": -40,
            "41": -48,
            "42": -10,
            "43": -48,
            "44": -41,
            "45": -43,
            "46": 0,
            "47": -11,
            "48": 0,
            "49": -30,
            "50": 34,
            "51": -16,
            "52": -39,
            "53": -45,
            "54": 8,
            "55": -31,
            "56": 8
        },
        "32": {
            "0": 44,
            "1": -38,
            "2": -9,
            "3": -16,
            "4": 36,
            "5": 48,
            "6": 28,
            "7": -3,
            "8": -25,
            "9": 5,
            "10": 33,
            "11": 48,
            "12": 37,
            "13": -13,
            "14": 40,
            "15": 6,
            "16": -43,
            "17": -35,
            "18": 25,
            "19": 42,
            "20": -7,
            "21": 42,
            "22": -9,
            "23": -29,
            "24": -43,
            "25": -7,
            "26": 48,
            "27": 39,
            "28": -20,
            "29": -19,
            "30": -40,
            "31": 15,
            "33": -21,
            "34": 11,
            "35": -33,
            "36": 46,
            "37": 33,
            "38": 15,
            "39": -44,
            "40": -12,
            "41": 44,
            "42": -47,
            "43": 21,
            "44": -5,
            "45": 27,
            "46": 41,
            "47": -18,
            "48": -1,
            "49": 35,
            "50": -38,
            "51": 38,
            "52": -6,
            "53": -46,
            "54": 2,
            "55": 10,
            "56": -23
        },
        "33": {
            "0": 1,
            "1": -16,
            "2": -39,
            "3": 17,
            "4": 15,
            "5": 18,
            "6": 4,
            "7": -22,
            "8": 8,
            "9": 38,
            "10": 47,
            "11": -12,
            "12": 34,
            "13": 16,
            "14": 21,
            "15": 43,
            "16": -29,
            "17": -27,
            "18": 26,
            "19": 2,
            "20": -34,
            "21": -10,
            "22": 45,
            "23": 10,
            "24": 46,
            "25": 19,
            "26": 43,
            "27": -49,
            "28": -2,
            "29": -14,
            "30": -6,
            "31": -4,
            "32": -21,
            "34": 5,
            "35": -44,
            "36": 18,
            "37": 28,
            "38": 29,
            "39": -12,
            "40": 2,
            "41": -45,
            "42": -35,
            "43": -29,
            "44": 41,
            "45": 24,
            "46": -31,
            "47": -35,
            "48": 45,
            "49": -8,
            "50": 6,
            "51": 31,
            "52": 45,
            "53": -7,
            "54": -46,
            "55": -35,
            "56": -1
        },
        "34": {
            "0": -28,
            "1": 39,
            "2": 10,
            "3": -42,
            "4": 6,
            "5": -27,
            "6": 4,
            "7": 48,
            "8": -24,
            "9": -3,
            "10": 46,
            "11": 21,
            "12": -47,
            "13": -40,
            "14": -38,
            "15": -20,
            "16": -36,
            "17": 20,
            "18": 19,
            "19": 42,
            "20": -38,
            "21": -15,
            "22": -43,
            "23": 42,
            "24": 11,
            "25": 43,
            "26": 48,
            "27": -7,
            "28": 36,
            "29": -41,
            "30": 12,
            "31": -7,
            "32": 11,
            "33": 5,
            "35": 3,
            "36": -17,
            "37": -20,
            "38": 34,
            "39": -47,
            "40": -32,
            "41": 48,
            "42": 1,
            "43": -27,
            "44": 0,
            "45": -14,
            "46": -12,
            "47": -26,
            "48": -26,
            "49": 42,
            "50": 0,
            "51": 32,
            "52": -9,
            "53": -19,
            "54": 34,
            "55": 38,
            "56": -17
        },
        "35": {
            "0": -39,
            "1": -36,
            "2": 0,
            "3": -24,
            "4": 37,
            "5": -24,
            "6": 17,
            "7": 7,
            "8": -37,
            "9": 37,
            "10": 5,
            "11": -22,
            "12": 11,
            "13": -18,
            "14": -19,
            "15": -36,
            "16": -6,
            "17": 40,
            "18": 8,
            "19": -34,
            "20": 8,
            "21": -16,
            "22": -8,
            "23": 29,
            "24": 39,
            "25": -26,
            "26": 0,
            "27": 31,
            "28": 18,
            "29": 38,
            "30": -29,
            "31": 0,
            "32": -33,
            "33": -44,
            "34": 3,
            "36": -24,
            "37": 5,
            "38": -15,
            "39": -24,
            "40": 35,
            "41": -25,
            "42": -37,
            "43": 7,
            "44": 48,
            "45": -37,
            "46": 29,
            "47": 10,
            "48": 33,
            "49": 26,
            "50": -13,
            "51": 35,
            "52": 19,
            "53": 21,
            "54": -12,
            "55": 31,
            "56": 40
        },
        "36": {
            "0": -7,
            "1": 31,
            "2": 7,
            "3": 13,
            "4": -25,
            "5": 42,
            "6": -22,
            "7": -31,
            "8": 34,
            "9": -10,
            "10": -36,
            "11": -19,
            "12": 23,
            "13": -14,
            "14": 5,
            "15": -29,
            "16": 41,
            "17": 42,
            "18": 24,
            "19": 40,
            "20": 37,
            "21": -39,
            "22": 37,
            "23": 29,
            "24": 30,
            "25": 36,
            "26": -6,
            "27": 48,
            "28": 32,
            "29": 26,
            "30": -45,
            "31": 40,
            "32": 46,
            "33": 18,
            "34": -17,
            "35": -24,
            "37": 47,
            "38": -42,
            "39": -20,
            "40": 26,
            "41": -3,
            "42": -21,
            "43": -48,
            "44": -31,
            "45": -33,
            "46": 29,
            "47": 25,
            "48": 17,
            "49": 48,
            "50": 29,
            "51": 44,
            "52": -42,
            "53": 27,
            "54": -44,
            "55": 41,
            "56": 15
        },
        "37": {
            "0": 1,
            "1": -33,
            "2": 17,
            "3": -7,
            "4": 44,
            "5": -26,
            "6": 43,
            "7": -45,
            "8": -22,
            "9": 49,
            "10": 22,
            "11": -1,
            "12": 7,
            "13": 18,
            "14": -49,
            "15": -21,
            "16": -25,
            "17": 39,
            "18": -33,
            "19": -47,
            "20": -2,
            "21": 4,
            "22": 39,
            "23": -19,
            "24": -45,
            "25": 48,
            "26": 38,
            "27": -15,
            "28": 49,
            "29": -25,
            "30": 25,
            "31": 42,
            "32": 33,
            "33": 28,
            "34": -20,
            "35": 5,
            "36": 47,
            "38": -25,
            "39": -35,
            "40": 40,
            "41": 4,
            "42": -22,
            "43": 8,
            "44": 26,
            "45": -48,
            "46": 30,
            "47": -9,
            "48": -1,
            "49": -19,
            "50": 39,
            "51": 39,
            "52": -44,
            "53": 29,
            "54": 5,
            "55": 44,
            "56": -39
        },
        "38": {
            "0": -8,
            "1": 36,
            "2": 26,
            "3": 45,
            "4": 33,
            "5": 6,
            "6": -10,
            "7": 11,
            "8": 14,
            "9": 26,
            "10": 1,
            "11": -49,
            "12": -28,
            "13": -24,
            "14": -23,
            "15": -5,
            "16": -6,
            "17": 43,
            "18": -41,
            "19": 13,
            "20": 4,
            "21": 0,
            "22": 6,
            "23": 37,
            "24": 7,
            "25": 18,
            "26": 46,
            "27": -39,
            "28": 11,
            "29": 49,
            "30": 0,
            "31": 1,
            "32": 15,
            "33": 29,
            "34": 34,
            "35": -15,
            "36": -42,
            "37": -25,
            "39": 34,
            "40": -27,
            "41": 2,
            "42": 46,
            "43": 27,
            "44": 16,
            "45": -12,
            "46": -45,
            "47": -27,
            "48": 31,
            "49": -8,
            "50": -47,
            "51": 8,
            "52": -8,
            "53": 13,
            "54": -5,
            "55": -19,
            "56": -21
        },
        "39": {
            "0": -1,
            "1": -46,
            "2": -28,
            "3": -43,
            "4": -33,
            "5": -7,
            "6": 48,
            "7": 0,
            "8": 38,
            "9": 3,
            "10": 0,
            "11": -30,
            "12": -37,
            "13": 49,
            "14": -5,
            "15": 7,
            "16": -21,
            "17": -36,
            "18": 41,
            "19": -30,
            "20": 43,
            "21": -46,
            "22": 43,
            "23": 40,
            "24": -10,
            "25": -44,
            "26": -34,
            "27": -12,
            "28": -39,
            "29": 17,
            "30": 2,
            "31": -27,
            "32": -44,
            "33": -12,
            "34": -47,
            "35": -24,
            "36": -20,
            "37": -35,
            "38": 34,
            "40": -3,
            "41": -43,
            "42": 0,
            "43": 26,
            "44": -17,
            "45": 17,
            "46": -26,
            "47": 27,
            "48": -21,
            "49": -35,
            "50": 27,
            "51": -41,
            "52": 48,
            "53": -10,
            "54": -24,
            "55": 5,
            "56": -39
        },
        "40": {
            "0": 47,
            "1": -4,
            "2": 43,
            "3": -28,
            "4": 44,
            "5": 46,
            "6": 29,
            "7": 26,
            "8": -30,
            "9": 47,
            "10": -11,
            "11": -12,
            "12": -49,
            "13": 21,
            "14": -43,
            "15": 5,
            "16": 44,
            "17": -26,
            "18": 6,
            "19": -11,
            "20": -19,
            "21": 35,
            "22": -31,
            "23": 37,
            "24": 40,
            "25": 24,
            "26": -49,
            "27": 28,
            "28": 26,
            "29": 19,
            "30": -45,
            "31": -40,
            "32": -12,
            "33": 2,
            "34": -32,
            "35": 35,
            "36": 26,
            "37": 40,
            "38": -27,
            "39": -3,
            "41": -38,
            "42": 38,
            "43": 29,
            "44": -27,
            "45": 35,
            "46": 2,
            "47": -12,
            "48": 14,
            "49": 45,
            "50": -7,
            "51": 32,
            "52": -3,
            "53": -43,
            "54": 35,
            "55": 27,
            "56": -9
        },
        "41": {
            "0": 14,
            "1": 47,
            "2": -10,
            "3": -39,
            "4": 26,
            "5": 35,
            "6": -19,
            "7": -42,
            "8": 33,
            "9": 14,
            "10": 2,
            "11": -5,
            "12": 41,
            "13": 0,
            "14": 28,
            "15": 10,
            "16": 6,
            "17": 14,
            "18": -29,
            "19": 18,
            "20": -10,
            "21": 41,
            "22": -8,
            "23": -28,
            "24": -40,
            "25": -15,
            "26": -13,
            "27": -35,
            "28": 49,
            "29": 42,
            "30": 12,
            "31": -48,
            "32": 44,
            "33": -45,
            "34": 48,
            "35": -25,
            "36": -3,
            "37": 4,
            "38": 2,
            "39": -43,
            "40": -38,
            "42": -44,
            "43": 26,
            "44": -3,
            "45": -19,
            "46": -49,
            "47": -36,
            "48": -7,
            "49": 42,
            "50": -27,
            "51": -5,
            "52": -38,
            "53": -6,
            "54": 20,
            "55": 7,
            "56": 16
        },
        "42": {
            "0": 30,
            "1": -40,
            "2": 31,
            "3": -49,
            "4": 13,
            "5": 13,
            "6": -1,
            "7": -26,
            "8": -3,
            "9": -24,
            "10": 30,
            "11": -49,
            "12": -25,
            "13": 3,
            "14": -30,
            "15": -3,
            "16": 41,
            "17": 7,
            "18": -29,
            "19": 36,
            "20": 6,
            "21": -6,
            "22": -2,
            "23": 3,
            "24": -31,
            "25": -22,
            "26": 0,
            "27": 14,
            "28": 43,
            "29": -15,
            "30": 21,
            "31": -10,
            "32": -47,
            "33": -35,
            "34": 1,
            "35": -37,
            "36": -21,
            "37": -22,
            "38": 46,
            "39": 0,
            "40": 38,
            "41": -44,
            "43": -22,
            "44": 17,
            "45": -13,
            "46": 39,
            "47": -19,
            "48": 41,
            "49": 29,
            "50": -33,
            "51": -25,
            "52": 17,
            "53": 22,
            "54": -22,
            "55": -13,
            "56": 5
        },
        "43": {
            "0": 47,
            "1": -27,
            "2": 10,
            "3": 13,
            "4": 1,
            "5": 26,
            "6": -31,
            "7": -33,
            "8": 39,
            "9": -21,
            "10": 28,
            "11": 39,
            "12": -19,
            "13": 9,
            "14": 40,
            "15": -18,
            "16": -16,
            "17": 1,
            "18": -42,
            "19": -3,
            "20": 18,
            "21": -15,
            "22": 16,
            "23": -40,
            "24": 27,
            "25": 8,
            "26": 36,
            "27": 20,
            "28": 40,
            "29": -10,
            "30": 17,
            "31": -48,
            "32": 21,
            "33": -29,
            "34": -27,
            "35": 7,
            "36": -48,
            "37": 8,
            "38": 27,
            "39": 26,
            "40": 29,
            "41": 26,
            "42": -22,
            "44": 12,
            "45": 23,
            "46": 8,
            "47": -24,
            "48": 3,
            "49": 20,
            "50": 4,
            "51": 40,
            "52": 42,
            "53": 43,
            "54": -37,
            "55": -9,
            "56": 38
        },
        "44": {
            "0": 14,
            "1": 37,
            "2": 31,
            "3": 9,
            "4": -16,
            "5": -8,
            "6": -4,
            "7": 4,
            "8": -23,
            "9": 47,
            "10": -43,
            "11": -12,
            "12": -22,
            "13": 0,
            "14": -1,
            "15": 5,
            "16": 6,
            "17": -2,
            "18": 46,
            "19": -11,
            "20": 49,
            "21": -31,
            "22": 18,
            "23": 40,
            "24": 30,
            "25": -1,
            "26": 28,
            "27": 12,
            "28": 15,
            "29": 6,
            "30": 48,
            "31": -41,
            "32": -5,
            "33": 41,
            "34": 0,
            "35": 48,
            "36": -31,
            "37": 26,
            "38": 16,
            "39": -17,
            "40": -27,
            "41": -3,
            "42": 17,
            "43": 12,
            "45": 22,
            "46": -28,
            "47": 3,
            "48": -48,
            "49": -39,
            "50": 41,
            "51": 45,
            "52": -4,
            "53": 5,
            "54": -26,
            "55": 5,
            "56": -24
        },
        "45": {
            "0": -21,
            "1": 11,
            "2": -30,
            "3": -32,
            "4": 3,
            "5": -23,
            "6": -33,
            "7": 26,
            "8": 33,
            "9": -7,
            "10": -29,
            "11": -16,
            "12": 46,
            "13": 21,
            "14": -9,
            "15": -33,
            "16": 4,
            "17": 16,
            "18": 0,
            "19": -18,
            "20": -22,
            "21": -28,
            "22": -49,
            "23": -20,
            "24": 17,
            "25": 25,
            "26": -11,
            "27": -30,
            "28": -47,
            "29": -2,
            "30": -29,
            "31": -43,
            "32": 27,
            "33": 24,
            "34": -14,
            "35": -37,
            "36": -33,
            "37": -48,
            "38": -12,
            "39": 17,
            "40": 35,
            "41": -19,
            "42": -13,
            "43": 23,
            "44": 22,
            "46": -21,
            "47": -1,
            "48": -24,
            "49": 26,
            "50": -31,
            "51": 20,
            "52": -3,
            "53": 39,
            "54": 34,
            "55": -41,
            "56": 16
        },
        "46": {
            "0": 12,
            "1": -21,
            "2": -19,
            "3": 25,
            "4": 22,
            "5": 33,
            "6": -6,
            "7": -44,
            "8": -3,
            "9": -20,
            "10": 2,
            "11": -7,
            "12": 38,
            "13": -10,
            "14": 0,
            "15": -20,
            "16": -27,
            "17": -26,
            "18": 10,
            "19": 25,
            "20": 43,
            "21": -8,
            "22": 32,
            "23": -16,
            "24": 1,
            "25": 25,
            "26": -1,
            "27": 41,
            "28": -41,
            "29": 40,
            "30": -8,
            "31": 0,
            "32": 41,
            "33": -31,
            "34": -12,
            "35": 29,
            "36": 29,
            "37": 30,
            "38": -45,
            "39": -26,
            "40": 2,
            "41": -49,
            "42": 39,
            "43": 8,
            "44": -28,
            "45": -21,
            "47": 22,
            "48": 17,
            "49": -4,
            "50": 33,
            "51": -35,
            "52": 2,
            "53": 16,
            "54": 47,
            "55": 8,
            "56": 32
        },
        "47": {
            "0": -22,
            "1": 19,
            "2": 49,
            "3": -10,
            "4": 37,
            "5": -37,
            "6": -25,
            "7": -26,
            "8": 4,
            "9": -28,
            "10": -15,
            "11": -49,
            "12": 34,
            "13": -20,
            "14": 2,
            "15": 29,
            "16": -17,
            "17": -4,
            "18": -20,
            "19": -31,
            "20": -6,
            "21": -31,
            "22": -33,
            "23": 7,
            "24": -37,
            "25": -17,
            "26": 21,
            "27": -1,
            "28": 9,
            "29": 4,
            "30": 21,
            "31": -11,
            "32": -18,
            "33": -35,
            "34": -26,
            "35": 10,
            "36": 25,
            "37": -9,
            "38": -27,
            "39": 27,
            "40": -12,
            "41": -36,
            "42": -19,
            "43": -24,
            "44": 3,
            "45": -1,
            "46": 22,
            "48": 26,
            "49": 1,
            "50": -49,
            "51": -41,
            "52": 0,
            "53": 37,
            "54": 20,
            "55": -37,
            "56": 21
        },
        "48": {
            "0": 0,
            "1": 4,
            "2": 12,
            "3": 36,
            "4": -27,
            "5": 18,
            "6": 35,
            "7": -32,
            "8": 37,
            "9": -32,
            "10": 32,
            "11": 48,
            "12": 39,
            "13": -5,
            "14": 16,
            "15": 21,
            "16": 24,
            "17": -32,
            "18": -6,
            "19": -8,
            "20": 25,
            "21": 33,
            "22": -27,
            "23": 42,
            "24": 22,
            "25": 10,
            "26": 7,
            "27": 6,
            "28": -37,
            "29": -41,
            "30": -24,
            "31": 0,
            "32": -1,
            "33": 45,
            "34": -26,
            "35": 33,
            "36": 17,
            "37": -1,
            "38": 31,
            "39": -21,
            "40": 14,
            "41": -7,
            "42": 41,
            "43": 3,
            "44": -48,
            "45": -24,
            "46": 17,
            "47": 26,
            "49": 16,
            "50": -6,
            "51": 1,
            "52": 21,
            "53": 12,
            "54": -47,
            "55": -21,
            "56": 24
        },
        "49": {
            "0": 32,
            "1": 46,
            "2": -12,
            "3": -15,
            "4": -21,
            "5": 2,
            "6": 33,
            "7": -48,
            "8": -46,
            "9": 29,
            "10": -8,
            "11": -4,
            "12": -27,
            "13": 24,
            "14": 12,
            "15": -1,
            "16": -22,
            "17": -27,
            "18": 16,
            "19": -43,
            "20": -2,
            "21": 28,
            "22": 46,
            "23": 37,
            "24": 3,
            "25": -42,
            "26": -47,
            "27": 21,
            "28": 17,
            "29": 7,
            "30": -8,
            "31": -30,
            "32": 35,
            "33": -8,
            "34": 42,
            "35": 26,
            "36": 48,
            "37": -19,
            "38": -8,
            "39": -35,
            "40": 45,
            "41": 42,
            "42": 29,
            "43": 20,
            "44": -39,
            "45": 26,
            "46": -4,
            "47": 1,
            "48": 16,
            "50": -25,
            "51": 11,
            "52": 3,
            "53": -44,
            "54": 16,
            "55": 24,
            "56": 48
        },
        "50": {
            "0": -2,
            "1": -40,
            "2": -17,
            "3": 3,
            "4": 34,
            "5": 26,
            "6": 45,
            "7": -14,
            "8": 37,
            "9": -19,
            "10": -34,
            "11": 27,
            "12": 27,
            "13": 34,
            "14": -30,
            "15": -8,
            "16": -7,
            "17": -43,
            "18": 40,
            "19": -15,
            "20": 2,
            "21": 31,
            "22": -32,
            "23": -7,
            "24": 33,
            "25": 33,
            "26": 34,
            "27": 47,
            "28": 47,
            "29": -1,
            "30": 5,
            "31": 34,
            "32": -38,
            "33": 6,
            "34": 0,
            "35": -13,
            "36": 29,
            "37": 39,
            "38": -47,
            "39": 27,
            "40": -7,
            "41": -27,
            "42": -33,
            "43": 4,
            "44": 41,
            "45": -31,
            "46": 33,
            "47": -49,
            "48": -6,
            "49": -25,
            "51": -30,
            "52": 18,
            "53": -20,
            "54": -40,
            "55": -2,
            "56": 9
        },
        "51": {
            "0": 40,
            "1": -21,
            "2": 33,
            "3": 7,
            "4": -23,
            "5": 42,
            "6": 8,
            "7": -13,
            "8": 20,
            "9": 4,
            "10": -44,
            "11": -36,
            "12": -20,
            "13": 8,
            "14": -42,
            "15": 32,
            "16": -21,
            "17": 34,
            "18": 14,
            "19": -27,
            "20": -17,
            "21": -12,
            "22": 36,
            "23": -32,
            "24": 9,
            "25": -48,
            "26": -4,
            "27": 25,
            "28": -27,
            "29": 42,
            "30": 37,
            "31": -16,
            "32": 38,
            "33": 31,
            "34": 32,
            "35": 35,
            "36": 44,
            "37": 39,
            "38": 8,
            "39": -41,
            "40": 32,
            "41": -5,
            "42": -25,
            "43": 40,
            "44": 45,
            "45": 20,
            "46": -35,
            "47": -41,
            "48": 1,
            "49": 11,
            "50": -30,
            "52": -4,
            "53": 29,
            "54": 17,
            "55": -13,
            "56": -28
        },
        "52": {
            "0": -37,
            "1": 19,
            "2": 20,
            "3": -3,
            "4": 23,
            "5": -21,
            "6": 10,
            "7": -30,
            "8": 26,
            "9": -1,
            "10": 27,
            "11": -39,
            "12": -27,
            "13": 16,
            "14": -35,
            "15": -12,
            "16": 12,
            "17": -41,
            "18": 15,
            "19": -49,
            "20": -37,
            "21": -23,
            "22": -18,
            "23": -46,
            "24": 46,
            "25": 44,
            "26": -46,
            "27": -39,
            "28": -4,
            "29": -10,
            "30": 42,
            "31": -39,
            "32": -6,
            "33": 45,
            "34": -9,
            "35": 19,
            "36": -42,
            "37": -44,
            "38": -8,
            "39": 48,
            "40": -3,
            "41": -38,
            "42": 17,
            "43": 42,
            "44": -4,
            "45": -3,
            "46": 2,
            "47": 0,
            "48": 21,
            "49": 3,
            "50": 18,
            "51": -4,
            "53": -11,
            "54": 9,
            "55": 36,
            "56": 0
        },
        "53": {
            "0": -20,
            "1": -24,
            "2": -42,
            "3": 27,
            "4": -10,
            "5": -43,
            "6": -21,
            "7": 36,
            "8": -33,
            "9": -46,
            "10": -17,
            "11": -38,
            "12": -49,
            "13": 16,
            "14": 9,
            "15": 26,
            "16": -47,
            "17": 5,
            "18": 4,
            "19": 24,
            "20": 31,
            "21": 11,
            "22": -35,
            "23": 30,
            "24": -40,
            "25": 9,
            "26": 35,
            "27": 10,
            "28": -12,
            "29": 16,
            "30": -47,
            "31": -45,
            "32": -46,
            "33": -7,
            "34": -19,
            "35": 21,
            "36": 27,
            "37": 29,
            "38": 13,
            "39": -10,
            "40": -43,
            "41": -6,
            "42": 22,
            "43": 43,
            "44": 5,
            "45": 39,
            "46": 16,
            "47": 37,
            "48": 12,
            "49": -44,
            "50": -20,
            "51": 29,
            "52": -11,
            "54": -36,
            "55": 8,
            "56": -39
        },
        "54": {
            "0": -5,
            "1": -37,
            "2": 8,
            "3": 34,
            "4": 4,
            "5": -7,
            "6": 43,
            "7": 16,
            "8": 21,
            "9": -3,
            "10": 49,
            "11": 5,
            "12": -15,
            "13": 17,
            "14": 14,
            "15": 18,
            "16": 14,
            "17": -16,
            "18": 41,
            "19": 37,
            "20": -38,
            "21": 4,
            "22": -14,
            "23": 29,
            "24": -31,
            "25": 45,
            "26": -16,
            "27": 49,
            "28": -34,
            "29": 3,
            "30": 19,
            "31": 8,
            "32": 2,
            "33": -46,
            "34": 34,
            "35": -12,
            "36": -44,
            "37": 5,
            "38": -5,
            "39": -24,
            "40": 35,
            "41": 20,
            "42": -22,
            "43": -37,
            "44": -26,
            "45": 34,
            "46": 47,
            "47": 20,
            "48": -47,
            "49": 16,
            "50": -40,
            "51": 17,
            "52": 9,
            "53": -36,
            "55": -21,
            "56": 30
        },
        "55": {
            "0": -7,
            "1": -41,
            "2": 24,
            "3": 24,
            "4": -42,
            "5": 35,
            "6": -2,
            "7": -5,
            "8": 26,
            "9": -4,
            "10": 27,
            "11": -15,
            "12": -46,
            "13": -38,
            "14": -29,
            "15": 46,
            "16": 18,
            "17": 1,
            "18": -44,
            "19": -7,
            "20": 0,
            "21": 43,
            "22": 24,
            "23": 31,
            "24": 44,
            "25": -41,
            "26": -8,
            "27": 42,
            "28": 44,
            "29": -2,
            "30": 22,
            "31": -31,
            "32": 10,
            "33": -35,
            "34": 38,
            "35": 31,
            "36": 41,
            "37": 44,
            "38": -19,
            "39": 5,
            "40": 27,
            "41": 7,
            "42": -13,
            "43": -9,
            "44": 5,
            "45": -41,
            "46": 8,
            "47": -37,
            "48": -21,
            "49": 24,
            "50": -2,
            "51": -13,
            "52": 36,
            "53": 8,
            "54": -21,
            "56": 47
        },
        "56": {
            "0": 44,
            "1": 4,
            "2": 21,
            "3": -11,
            "4": 14,
            "5": 27,
            "6": 38,
            "7": -16,
            "8": 12,
            "9": 0,
            "10": -33,
            "11": 46,
            "12": -23,
            "13": 39,
            "14": -23,
            "15": 9,
            "16": 25,
            "17": 25,
            "18": -38,
            "19": 10,
            "20": 18,
            "21": -44,
            "22": 43,
            "23": 49,
            "24": -40,
            "25": -26,
            "26": -34,
            "27": -40,
            "28": 13,
            "29": 29,
            "30": 3,
            "31": 8,
            "32": -23,
            "33": -1,
            "34": -17,
            "35": 40,
            "36": 15,
            "37": -39,
            "38": -21,
            "39": -39,
            "40": -9,
            "41": 16,
            "42": 5,
            "43": 38,
            "44": -24,
            "45": 16,
            "46": 32,
            "47": 21,
            "48": 24,
            "49": 48,
            "50": 9,
            "51": -28,
            "52": 0,
            "53": -39,
            "54": 30,
            "55": 47
        }
    },
    "Gamma": 28
}