{
    "knapsack_size": 3500,
    "n_items": 63,
    "costs": {
        "0": {
            "l": 63,
            "a": 78,
            "u": 170
        },
        "1": {
            "l": 59,
            "a": 102,
            "u": 174
        },
        "2": {
            "l": 47,
            "a": 70,
            "u": 116
        },
        "3": {
            "l": 54,
            "a": 82,
            "u": 113
        },
        "4": {
            "l": 59,
            "a": 81,
            "u": 104
        },
        "5": {
            "l": 59,
            "a": 114,
            "u": 154
        },
        "6": {
            "l": 61,
            "a": 77,
            "u": 186
        },
        "7": {
            "l": 62,
            "a": 104,
            "u": 247
        },
        "8": {
            "l": 48,
            "a": 51,
            "u": 86
        },
        "9": {
            "l": 67,
            "a": 113,
            "u": 125
        },
        "10": {
            "l": 49,
            "a": 63,
            "u": 92
        },
        "11": {
            "l": 59,
            "a": 114,
            "u": 166
        },
        "12": {
            "l": 52,
            "a": 91,
            "u": 178
        },
        "13": {
            "l": 55,
            "a": 59,
            "u": 118
        },
        "14": {
            "l": 49,
            "a": 89,
            "u": 187
        },
        "15": {
            "l": 49,
            "a": 92,
            "u": 106
        },
        "16": {
            "l": 63,
            "a": 79,
            "u": 191
        },
        "17": {
            "l": 69,
            "a": 108,
            "u": 253
        },
        "18": {
            "l": 68,
            "a": 121,
            "u": 124
        },
        "19": {
            "l": 57,
            "a": 60,
            "u": 67
        },
        "20": {
            "l": 64,
            "a": 112,
            "u": 264
        },
        "21": {
            "l": 48,
            "a": 81,
            "u": 167
        },
        "22": {
            "l": 64,
            "a": 93,
            "u": 141
        },
        "23": {
            "l": 63,
            "a": 125,
            "u": 172
        },
        "24": {
            "l": 69,
            "a": 90,
            "u": 211
        },
        "25": {
            "l": 49,
            "a": 61,
            "u": 101
        },
        "26": {
            "l": 54,
            "a": 56,
            "u": 126
        },
        "27": {
            "l": 48,
            "a": 85,
            "u": 199
        },
        "28": {
            "l": 69,
            "a": 99,
            "u": 117
        },
        "29": {
            "l": 69,
            "a": 116,
            "u": 179
        },
        "30": {
            "l": 48,
            "a": 51,
            "u": 69
        },
        "31": {
            "l": 67,
            "a": 78,
            "u": 190
        },
        "32": {
            "l": 62,
            "a": 75,
            "u": 124
        },
        "33": {
            "l": 58,
            "a": 89,
            "u": 217
        },
        "34": {
            "l": 61,
            "a": 116,
            "u": 198
        },
        "35": {
            "l": 68,
            "a": 121,
            "u": 191
        },
        "36": {
            "l": 64,
            "a": 84,
            "u": 167
        },
        "37": {
            "l": 55,
            "a": 87,
            "u": 97
        },
        "38": {
            "l": 66,
            "a": 118,
            "u": 209
        },
        "39": {
            "l": 68,
            "a": 124,
            "u": 264
        },
        "40": {
            "l": 56,
            "a": 107,
            "u": 167
        },
        "41": {
            "l": 53,
            "a": 61,
            "u": 89
        },
        "42": {
            "l": 64,
            "a": 107,
            "u": 181
        },
        "43": {
            "l": 69,
            "a": 72,
            "u": 76
        },
        "44": {
            "l": 64,
            "a": 76,
            "u": 147
        },
        "45": {
            "l": 56,
            "a": 72,
            "u": 105
        },
        "46": {
            "l": 49,
            "a": 87,
            "u": 135
        },
        "47": {
            "l": 68,
            "a": 92,
            "u": 103
        },
        "48": {
            "l": 53,
            "a": 53,
            "u": 67
        },
        "49": {
            "l": 45,
            "a": 67,
            "u": 102
        },
        "50": {
            "l": 53,
            "a": 80,
            "u": 144
        },
        "51": {
            "l": 45,
            "a": 47,
            "u": 52
        },
        "52": {
            "l": 54,
            "a": 88,
            "u": 186
        },
        "53": {
            "l": 68,
            "a": 116,
            "u": 143
        },
        "54": {
            "l": 67,
            "a": 78,
            "u": 193
        },
        "55": {
            "l": 49,
            "a": 86,
            "u": 171
        },
        "56": {
            "l": 55,
            "a": 79,
            "u": 177
        },
        "57": {
            "l": 53,
            "a": 105,
            "u": 166
        },
        "58": {
            "l": 51,
            "a": 53,
            "u": 85
        },
        "59": {
            "l": 66,
            "a": 86,
            "u": 196
        },
        "60": {
            "l": 69,
            "a": 132,
            "u": 223
        },
        "61": {
            "l": 52,
            "a": 83,
            "u": 116
        },
        "62": {
            "l": 64,
            "a": 82,
            "u": 151
        }
    },
    "profits": {
        "0": 209,
        "1": 300,
        "2": 194,
        "3": 245,
        "4": 238,
        "5": 313,
        "6": 215,
        "7": 265,
        "8": 136,
        "9": 315,
        "10": 183,
        "11": 324,
        "12": 266,
        "13": 174,
        "14": 263,
        "15": 249,
        "16": 208,
        "17": 287,
        "18": 308,
        "19": 171,
        "20": 318,
        "21": 237,
        "22": 233,
        "23": 332,
        "24": 229,
        "25": 154,
        "26": 154,
        "27": 217,
        "28": 253,
        "29": 303,
        "30": 132,
        "31": 199,
        "32": 218,
        "33": 237,
        "34": 318,
        "35": 305,
        "36": 225,
        "37": 243,
        "38": 342,
        "39": 344,
        "40": 307,
        "41": 163,
        "42": 277,
        "43": 181,
        "44": 207,
        "45": 204,
        "46": 225,
        "47": 240,
        "48": 145,
        "49": 192,
        "50": 235,
        "51": 119,
        "52": 225,
        "53": 294,
        "54": 232,
        "55": 257,
        "56": 203,
        "57": 311,
        "58": 155,
        "59": 215,
        "60": 362,
        "61": 240,
        "62": 243
    },
    "synergies": {
        "0": {
            "1": 37,
            "2": -17,
            "3": 21,
            "4": 47,
            "5": 15,
            "6": -5,
            "7": -42,
            "8": -2,
            "9": -40,
            "10": 30,
            "11": 11,
            "12": -43,
            "13": -26,
            "14": 18,
            "15": -42,
            "16": -6,
            "17": -34,
            "18": -38,
            "19": -3,
            "20": -43,
            "21": -16,
            "22": 23,
            "23": -37,
            "24": 36,
            "25": 34,
            "26": -38,
            "27": -9,
            "28": -5,
            "29": 0,
            "30": -10,
            "31": -4,
            "32": 46,
            "33": -37,
            "34": 10,
            "35": -6,
            "36": -39,
            "37": 34,
            "38": 0,
            "39": 32,
            "40": 8,
            "41": 41,
            "42": 20,
            "43": -16,
            "44": 5,
            "45": 29,
            "46": -11,
            "47": -33,
            "48": -11,
            "49": 44,
            "50": 12,
            "51": 15,
            "52": -4,
            "53": 33,
            "54": -40,
            "55": -3,
            "56": 26,
            "57": -33,
            "58": 4,
            "59": 36,
            "60": 31,
            "61": -5,
            "62": 4
        },
        "1": {
            "0": 37,
            "2": 14,
            "3": -21,
            "4": 18,
            "5": -37,
            "6": 24,
            "7": -39,
            "8": 0,
            "9": 28,
            "10": -1,
            "11": -15,
            "12": -6,
            "13": 29,
            "14": 27,
            "15": 3,
            "16": 37,
            "17": 3,
            "18": -7,
            "19": 24,
            "20": -9,
            "21": 27,
            "22": -20,
            "23": 22,
            "24": -43,
            "25": 0,
            "26": 45,
            "27": -35,
            "28": -46,
            "29": -14,
            "30": 3,
            "31": -37,
            "32": -16,
            "33": 28,
            "34": -11,
            "35": 11,
            "36": 33,
            "37": -12,
            "38": 29,
            "39": -22,
            "40": 6,
            "41": 44,
            "42": 45,
            "43": 15,
            "44": -11,
            "45": -43,
            "46": -49,
            "47": 43,
            "48": -40,
            "49": 48,
            "50": 25,
            "51": -46,
            "52": 5,
            "53": 20,
            "54": -24,
            "55": -9,
            "56": -27,
            "57": 16,
            "58": -4,
            "59": 39,
            "60": -41,
            "61": 40,
            "62": -46
        },
        "2": {
            "0": -17,
            "1": 14,
            "3": -5,
            "4": 25,
            "5": -44,
            "6": -2,
            "7": -16,
            "8": 0,
            "9": -8,
            "10": 22,
            "11": -12,
            "12": -31,
            "13": 36,
            "14": -6,
            "15": 22,
            "16": -43,
            "17": -35,
            "18": -34,
            "19": 27,
            "20": -43,
            "21": 4,
            "22": 34,
            "23": -22,
            "24": -17,
            "25": 47,
            "26": 36,
            "27": -15,
            "28": -5,
            "29": 32,
            "30": -2,
            "31": -5,
            "32": 2,
            "33": 38,
            "34": 26,
            "35": 47,
            "36": 14,
            "37": 24,
            "38": 6,
            "39": 20,
            "40": -20,
            "41": -26,
            "42": -34,
            "43": 15,
            "44": -42,
            "45": 0,
            "46": 14,
            "47": -42,
            "48": -16,
            "49": -8,
            "50": 2,
            "51": -25,
            "52": 2,
            "53": -43,
            "54": 33,
            "55": 7,
            "56": 49,
            "57": 48,
            "58": -43,
            "59": 22,
            "60": 41,
            "61": 30,
            "62": -46
        },
        "3": {
            "0": 21,
            "1": -21,
            "2": -5,
            "4": -6,
            "5": -39,
            "6": 6,
            "7": -32,
            "8": 10,
            "9": 0,
            "10": -16,
            "11": -11,
            "12": -18,
            "13": 37,
            "14": -3,
            "15": -41,
            "16": 20,
            "17": -44,
            "18": 15,
            "19": 48,
            "20": 32,
            "21": 34,
            "22": 15,
            "23": 20,
            "24": 28,
            "25": 29,
            "26": 36,
            "27": -7,
            "28": 45,
            "29": -14,
            "30": 18,
            "31": -6,
            "32": 20,
            "33": -45,
            "34": -29,
            "35": 7,
            "36": -11,
            "37": -21,
            "38": 15,
            "39": 40,
            "40": -10,
            "41": -8,
            "42": -15,
            "43": 45,
            "44": -29,
            "45": 27,
            "46": 35,
            "47": -1,
            "48": 31,
            "49": 35,
            "50": 40,
            "51": 45,
            "52": 7,
            "53": -8,
            "54": 28,
            "55": -32,
            "56": 1,
            "57": -26,
            "58": -30,
            "59": 45,
            "60": 23,
            "61": -47,
            "62": -34
        },
        "4": {
            "0": 47,
            "1": 18,
            "2": 25,
            "3": -6,
            "5": -44,
            "6": 39,
            "7": -48,
            "8": -3,
            "9": -4,
            "10": 45,
            "11": -34,
            "12": 11,
            "13": 42,
            "14": 22,
            "15": 13,
            "16": -9,
            "17": 24,
            "18": -4,
            "19": 27,
            "20": 36,
            "21": -31,
            "22": 39,
            "23": -28,
            "24": -39,
            "25": 5,
            "26": -25,
            "27": -8,
            "28": 34,
            "29": 0,
            "30": -41,
            "31": 6,
            "32": 31,
            "33": -2,
            "34": -24,
            "35": 0,
            "36": 8,
            "37": -5,
            "38": -13,
            "39": 28,
            "40": 32,
            "41": 30,
            "42": 48,
            "43": -16,
            "44": 35,
            "45": -31,
            "46": -13,
            "47": 37,
            "48": 21,
            "49": -34,
            "50": 14,
            "51": 15,
            "52": -13,
            "53": -2,
            "54": 8,
            "55": 34,
            "56": -24,
            "57": 0,
            "58": 6,
            "59": -22,
            "60": 32,
            "61": -45,
            "62": -31
        },
        "5": {
            "0": 15,
            "1": -37,
            "2": -44,
            "3": -39,
            "4": -44,
            "6": 37,
            "7": 38,
            "8": -20,
            "9": 14,
            "10": 47,
            "11": -43,
            "12": 6,
            "13": -9,
            "14": -24,
            "15": 18,
            "16": 3,
            "17": -4,
            "18": -1,
            "19": 6,
            "20": 31,
            "21": 35,
            "22": 0,
            "23": 40,
            "24": -22,
            "25": 3,
            "26": 49,
            "27": -19,
            "28": -18,
            "29": 35,
            "30": 33,
            "31": -41,
            "32": 20,
            "33": -3,
            "34": 31,
            "35": -18,
            "36": -10,
            "37": 36,
            "38": -14,
            "39": 47,
            "40": -42,
            "41": 10,
            "42": 8,
            "43": -32,
            "44": 37,
            "45": -1,
            "46": -26,
            "47": 31,
            "48": -47,
            "49": -3,
            "50": 5,
            "51": 4,
            "52": 33,
            "53": -49,
            "54": -40,
            "55": 8,
            "56": 19,
            "57": -29,
            "58": 35,
            "59": -8,
            "60": 11,
            "61": 9,
            "62": 24
        },
        "6": {
            "0": -5,
            "1": 24,
            "2": -2,
            "3": 6,
            "4": 39,
            "5": 37,
            "7": 17,
            "8": -20,
            "9": 6,
            "10": -11,
            "11": -6,
            "12": 0,
            "13": 34,
            "14": -13,
            "15": 24,
            "16": 17,
            "17": 42,
            "18": -21,
            "19": -10,
            "20": -3,
            "21": -18,
            "22": -1,
            "23": 1,
            "24": 28,
            "25": 4,
            "26": 17,
            "27": -4,
            "28": -38,
            "29": 38,
            "30": 45,
            "31": 43,
            "32": 4,
            "33": 24,
            "34": 12,
            "35": 11,
            "36": 37,
            "37": -15,
            "38": -4,
            "39": 37,
            "40": -30,
            "41": 35,
            "42": -30,
            "43": -12,
            "44": 30,
            "45": 14,
            "46": 21,
            "47": 18,
            "48": 38,
            "49": 48,
            "50": -29,
            "51": -10,
            "52": 24,
            "53": -26,
            "54": 46,
            "55": 37,
            "56": 10,
            "57": -18,
            "58": -22,
            "59": 47,
            "60": 0,
            "61": 45,
            "62": 7
        },
        "7": {
            "0": -42,
            "1": -39,
            "2": -16,
            "3": -32,
            "4": -48,
            "5": 38,
            "6": 17,
            "8": -27,
            "9": -31,
            "10": 24,
            "11": 28,
            "12": -27,
            "13": -1,
            "14": 43,
            "15": 16,
            "16": -9,
            "17": 13,
            "18": 40,
            "19": 6,
            "20": 2,
            "21": 6,
            "22": -32,
            "23": -34,
            "24": 31,
            "25": -21,
            "26": 38,
            "27": 6,
            "28": -47,
            "29": -12,
            "30": -23,
            "31": 45,
            "32": -44,
            "33": 2,
            "34": -31,
            "35": -15,
            "36": -42,
            "37": 36,
            "38": -47,
            "39": 21,
            "40": 35,
            "41": -47,
            "42": -44,
            "43": -3,
            "44": 33,
            "45": 2,
            "46": 30,
            "47": 9,
            "48": 11,
            "49": -41,
            "50": 21,
            "51": -2,
            "52": -10,
            "53": -1,
            "54": 26,
            "55": -19,
            "56": 27,
            "57": -33,
            "58": -8,
            "59": 0,
            "60": 14,
            "61": -32,
            "62": -27
        },
        "8": {
            "0": -2,
            "1": 0,
            "2": 0,
            "3": 10,
            "4": -3,
            "5": -20,
            "6": -20,
            "7": -27,
            "9": -4,
            "10": -29,
            "11": 34,
            "12": 23,
            "13": -6,
            "14": -32,
            "15": -23,
            "16": 30,
            "17": -14,
            "18": -34,
            "19": -41,
            "20": 33,
            "21": -33,
            "22": -21,
            "23": 32,
            "24": -35,
            "25": 2,
            "26": -17,
            "27": 6,
            "28": 13,
            "29": 3,
            "30": -29,
            "31": 28,
            "32": 19,
            "33": 14,
            "34": 15,
            "35": 43,
            "36": -10,
            "37": -33,
            "38": -3,
            "39": -3,
            "40": -22,
            "41": -17,
            "42": -32,
            "43": -16,
            "44": -14,
            "45": 35,
            "46": -9,
            "47": 23,
            "48": -25,
            "49": 2,
            "50": -36,
            "51": 41,
            "52": -1,
            "53": 3,
            "54": -43,
            "55": -20,
            "56": -22,
            "57": -2,
            "58": 2,
            "59": 11,
            "60": 43,
            "61": 40,
            "62": 37
        },
        "9": {
            "0": -40,
            "1": 28,
            "2": -8,
            "3": 0,
            "4": -4,
            "5": 14,
            "6": 6,
            "7": -31,
            "8": -4,
            "10": 23,
            "11": 39,
            "12": 47,
            "13": 40,
            "14": -11,
            "15": 43,
            "16": -31,
            "17": 26,
            "18": -37,
            "19": -18,
            "20": 10,
            "21": 45,
            "22": 15,
            "23": -29,
            "24": -37,
            "25": 37,
            "26": -34,
            "27": -16,
            "28": 19,
            "29": 28,
            "30": 12,
            "31": 0,
            "32": -27,
            "33": 39,
            "34": 13,
            "35": -6,
            "36": -46,
            "37": 30,
            "38": -29,
            "39": -4,
            "40": -41,
            "41": -29,
            "42": -29,
            "43": 41,
            "44": 31,
            "45": 42,
            "46": 20,
            "47": -33,
            "48": 32,
            "49": -42,
            "50": -48,
            "51": -35,
            "52": -21,
            "53": 21,
            "54": -12,
            "55": -7,
            "56": 10,
            "57": 32,
            "58": -34,
            "59": -1,
            "60": -27,
            "61": 32,
            "62": 42
        },
        "10": {
            "0": 30,
            "1": -1,
            "2": 22,
            "3": -16,
            "4": 45,
            "5": 47,
            "6": -11,
            "7": 24,
            "8": -29,
            "9": 23,
            "11": -3,
            "12": -8,
            "13": 49,
            "14": 47,
            "15": -22,
            "16": 45,
            "17": -32,
            "18": 42,
            "19": 23,
            "20": 22,
            "21": 6,
            "22": 8,
            "23": -17,
            "24": 23,
            "25": 44,
            "26": -20,
            "27": -17,
            "28": 49,
            "29": 47,
            "30": -34,
            "31": 17,
            "32": -5,
            "33": -4,
            "34": -22,
            "35": -26,
            "36": 9,
            "37": -26,
            "38": 2,
            "39": -40,
            "40": -36,
            "41": -1,
            "42": -43,
            "43": -1,
            "44": 36,
            "45": 42,
            "46": -6,
            "47": -48,
            "48": -38,
            "49": 10,
            "50": -48,
            "51": -35,
            "52": -1,
            "53": 15,
            "54": 40,
            "55": 33,
            "56": -12,
            "57": 44,
            "58": 31,
            "59": -11,
            "60": 48,
            "61": -15,
            "62": 15
        },
        "11": {
            "0": 11,
            "1": -15,
            "2": -12,
            "3": -11,
            "4": -34,
            "5": -43,
            "6": -6,
            "7": 28,
            "8": 34,
            "9": 39,
            "10": -3,
            "12": 18,
            "13": 39,
            "14": 5,
            "15": 11,
            "16": 6,
            "17": -34,
            "18": 0,
            "19": -22,
            "20": -20,
            "21": 47,
            "22": 21,
            "23": 49,
            "24": -4,
            "25": 49,
            "26": -45,
            "27": 41,
            "28": -4,
            "29": -33,
            "30": 47,
            "31": 17,
            "32": 2,
            "33": -38,
            "34": -6,
            "35": 30,
            "36": 21,
            "37": -19,
            "38": -44,
            "39": -16,
            "40": -48,
            "41": -46,
            "42": 48,
            "43": 25,
            "44": 8,
            "45": 11,
            "46": -17,
            "47": -12,
            "48": -2,
            "49": 26,
            "50": 46,
            "51": -16,
            "52": 20,
            "53": 38,
            "54": -22,
            "55": 41,
            "56": 13,
            "57": -4,
            "58": -27,
            "59": -38,
            "60": 15,
            "61": 31,
            "62": 3
        },
        "12": {
            "0": -43,
            "1": -6,
            "2": -31,
            "3": -18,
            "4": 11,
            "5": 6,
            "6": 0,
            "7": -27,
            "8": 23,
            "9": 47,
            "10": -8,
            "11": 18,
            "13": 4,
            "14": -15,
            "15": -46,
            "16": 26,
            "17": -42,
            "18": 44,
            "19": 38,
            "20": 3,
            "21": -2,
            "22": -31,
            "23": 38,
            "24": -25,
            "25": 32,
            "26": -4,
            "27": -49,
            "28": 10,
            "29": -20,
            "30": -6,
            "31": -9,
            "32": 25,
            "33": 39,
            "34": 44,
            "35": 12,
            "36": -28,
            "37": 47,
            "38": -32,
            "39": 27,
            "40": -41,
            "41": 7,
            "42": 9,
            "43": 29,
            "44": -29,
            "45": 1,
            "46": 31,
            "47": -15,
            "48": -13,
            "49": -6,
            "50": -36,
            "51": 1,
            "52": -28,
            "53": -44,
            "54": 23,
            "55": 15,
            "56": 24,
            "57": -41,
            "58": -30,
            "59": 47,
            "60": 14,
            "61": -4,
            "62": -32
        },
        "13": {
            "0": -26,
            "1": 29,
            "2": 36,
            "3": 37,
            "4": 42,
            "5": -9,
            "6": 34,
            "7": -1,
            "8": -6,
            "9": 40,
            "10": 49,
            "11": 39,
            "12": 4,
            "14": 33,
            "15": -7,
            "16": -28,
            "17": 35,
            "18": -11,
            "19": -11,
            "20": -30,
            "21": -31,
            "22": 38,
            "23": -49,
            "24": 28,
            "25": 0,
            "26": -24,
            "27": 32,
            "28": 19,
            "29": -32,
            "30": -36,
            "31": -3,
            "32": 43,
            "33": 0,
            "34": 1,
            "35": 18,
            "36": 17,
            "37": -46,
            "38": 5,
            "39": 10,
            "40": 31,
            "41": 12,
            "42": 40,
            "43": -2,
            "44": 48,
            "45": 23,
            "46": 9,
            "47": -28,
            "48": -28,
            "49": 26,
            "50": 46,
            "51": 0,
            "52": 35,
            "53": -47,
            "54": 13,
            "55": -14,
            "56": -34,
            "57": -20,
            "58": -28,
            "59": -1,
            "60": 12,
            "61": 18,
            "62": 9
        },
        "14": {
            "0": 18,
            "1": 27,
            "2": -6,
            "3": -3,
            "4": 22,
            "5": -24,
            "6": -13,
            "7": 43,
            "8": -32,
            "9": -11,
            "10": 47,
            "11": 5,
            "12": -15,
            "13": 33,
            "15": 32,
            "16": -38,
            "17": -22,
            "18": -27,
            "19": 15,
            "20": -26,
            "21": 5,
            "22": 30,
            "23": -49,
            "24": -28,
            "25": 29,
            "26": 16,
            "27": -37,
            "28": -17,
            "29": 2,
            "30": 46,
            "31": 47,
            "32": -27,
            "33": 35,
            "34": -16,
            "35": 35,
            "36": 23,
            "37": -44,
            "38": 10,
            "39": 3,
            "40": 12,
            "41": 43,
            "42": 28,
            "43": -35,
            "44": -8,
            "45": -13,
            "46": -41,
            "47": -36,
            "48": 25,
            "49": 0,
            "50": -10,
            "51": 17,
            "52": -34,
            "53": 25,
            "54": -13,
            "55": 15,
            "56": 42,
            "57": 45,
            "58": -33,
            "59": -29,
            "60": -24,
            "61": 25,
            "62": -6
        },
        "15": {
            "0": -42,
            "1": 3,
            "2": 22,
            "3": -41,
            "4": 13,
            "5": 18,
            "6": 24,
            "7": 16,
            "8": -23,
            "9": 43,
            "10": -22,
            "11": 11,
            "12": -46,
            "13": -7,
            "14": 32,
            "16": 37,
            "17": 19,
            "18": 45,
            "19": 39,
            "20": -34,
            "21": 44,
            "22": 37,
            "23": 29,
            "24": 28,
            "25": -16,
            "26": -7,
            "27": -11,
            "28": 19,
            "29": -4,
            "30": -11,
            "31": 5,
            "32": 36,
            "33": -5,
            "34": -16,
            "35": 28,
            "36": 12,
            "37": -4,
            "38": -49,
            "39": -1,
            "40": -6,
            "41": 23,
            "42": 43,
            "43": 5,
            "44": -21,
            "45": 32,
            "46": 32,
            "47": 22,
            "48": 24,
            "49": 0,
            "50": -42,
            "51": -34,
            "52": -44,
            "53": -49,
            "54": -31,
            "55": -35,
            "56": 38,
            "57": 0,
            "58": -24,
            "59": -28,
            "60": 4,
            "61": 9,
            "62": 0
        },
        "16": {
            "0": -6,
            "1": 37,
            "2": -43,
            "3": 20,
            "4": -9,
            "5": 3,
            "6": 17,
            "7": -9,
            "8": 30,
            "9": -31,
            "10": 45,
            "11": 6,
            "12": 26,
            "13": -28,
            "14": -38,
            "15": 37,
            "17": -21,
            "18": -14,
            "19": -30,
            "20": 18,
            "21": 41,
            "22": -29,
            "23": -42,
            "24": 20,
            "25": 38,
            "26": 5,
            "27": 18,
            "28": 31,
            "29": 13,
            "30": -44,
            "31": -13,
            "32": -49,
            "33": 23,
            "34": -26,
            "35": 44,
            "36": 0,
            "37": -42,
            "38": 24,
            "39": 21,
            "40": -30,
            "41": -1,
            "42": -43,
            "43": 29,
            "44": -17,
            "45": -8,
            "46": -1,
            "47": -42,
            "48": -18,
            "49": 43,
            "50": -2,
            "51": 24,
            "52": 26,
            "53": 0,
            "54": 5,
            "55": -10,
            "56": 3,
            "57": 31,
            "58": -33,
            "59": 11,
            "60": -16,
            "61": 28,
            "62": 39
        },
        "17": {
            "0": -34,
            "1": 3,
            "2": -35,
            "3": -44,
            "4": 24,
            "5": -4,
            "6": 42,
            "7": 13,
            "8": -14,
            "9": 26,
            "10": -32,
            "11": -34,
            "12": -42,
            "13": 35,
            "14": -22,
            "15": 19,
            "16": -21,
            "18": 19,
            "19": -13,
            "20": 24,
            "21": 37,
            "22": -26,
            "23": -40,
            "24": 22,
            "25": 35,
            "26": 49,
            "27": 3,
            "28": 19,
            "29": 0,
            "30": -46,
            "31": -13,
            "32": -18,
            "33": -2,
            "34": 48,
            "35": -45,
            "36": 17,
            "37": -9,
            "38": -45,
            "39": 37,
            "40": 42,
            "41": -5,
            "42": -6,
            "43": 41,
            "44": -16,
            "45": -35,
            "46": 16,
            "47": 46,
            "48": 30,
            "49": -48,
            "50": 33,
            "51": 25,
            "52": 48,
            "53": 21,
            "54": -46,
            "55": 2,
            "56": -10,
            "57": 32,
            "58": -46,
            "59": 29,
            "60": 46,
            "61": -32,
            "62": -8
        },
        "18": {
            "0": -38,
            "1": -7,
            "2": -34,
            "3": 15,
            "4": -4,
            "5": -1,
            "6": -21,
            "7": 40,
            "8": -34,
            "9": -37,
            "10": 42,
            "11": 0,
            "12": 44,
            "13": -11,
            "14": -27,
            "15": 45,
            "16": -14,
            "17": 19,
            "19": 8,
            "20": 3,
            "21": 44,
            "22": -48,
            "23": -44,
            "24": 21,
            "25": 14,
            "26": 21,
            "27": -41,
            "28": 32,
            "29": -5,
            "30": -14,
            "31": -28,
            "32": -5,
            "33": 9,
            "34": 32,
            "35": -49,
            "36": 17,
            "37": 13,
            "38": 39,
            "39": -37,
            "40": -41,
            "41": -13,
            "42": 42,
            "43": 41,
            "44": 11,
            "45": 9,
            "46": 42,
            "47": -33,
            "48": -22,
            "49": -36,
            "50": 1,
            "51": 26,
            "52": 32,
            "53": 42,
            "54": 4,
            "55": -29,
            "56": 44,
            "57": -6,
            "58": 21,
            "59": -5,
            "60": -42,
            "61": -44,
            "62": 19
        },
        "19": {
            "0": -3,
            "1": 24,
            "2": 27,
            "3": 48,
            "4": 27,
            "5": 6,
            "6": -10,
            "7": 6,
            "8": -41,
            "9": -18,
            "10": 23,
            "11": -22,
            "12": 38,
            "13": -11,
            "14": 15,
            "15": 39,
            "16": -30,
            "17": -13,
            "18": 8,
            "20": -49,
            "21": 30,
            "22": -34,
            "23": -23,
            "24": 6,
            "25": 12,
            "26": -29,
            "27": -1,
            "28": 32,
            "29": 11,
            "30": 30,
            "31": 33,
            "32": -32,
            "33": 15,
            "34": -27,
            "35": 17,
            "36": -7,
            "37": 0,
            "38": -30,
            "39": 4,
            "40": -31,
            "41": 14,
            "42": -5,
            "43": -47,
            "44": 38,
            "45": 39,
            "46": -13,
            "47": 22,
            "48": 18,
            "49": 19,
            "50": -47,
            "51": 14,
            "52": -6,
            "53": 24,
            "54": 5,
            "55": -20,
            "56": 30,
            "57": 43,
            "58": -6,
            "59": -28,
            "60": 0,
            "61": -37,
            "62": -43
        },
        "20": {
            "0": -43,
            "1": -9,
            "2": -43,
            "3": 32,
            "4": 36,
            "5": 31,
            "6": -3,
            "7": 2,
            "8": 33,
            "9": 10,
            "10": 22,
            "11": -20,
            "12": 3,
            "13": -30,
            "14": -26,
            "15": -34,
            "16": 18,
            "17": 24,
            "18": 3,
            "19": -49,
            "21": -40,
            "22": -6,
            "23": -6,
            "24": -32,
            "25": -21,
            "26": 36,
            "27": 32,
            "28": 3,
            "29": -15,
            "30": -16,
            "31": 23,
            "32": -2,
            "33": 41,
            "34": 28,
            "35": 36,
            "36": 48,
            "37": -15,
            "38": 22,
            "39": 9,
            "40": 11,
            "41": 11,
            "42": 10,
            "43": 47,
            "44": -46,
            "45": 27,
            "46": 14,
            "47": 16,
            "48": -20,
            "49": 37,
            "50": 0,
            "51": 3,
            "52": -4,
            "53": -48,
            "54": 25,
            "55": -38,
            "56": -49,
            "57": 43,
            "58": -16,
            "59": -26,
            "60": -1,
            "61": 23,
            "62": -12
        },
        "21": {
            "0": -16,
            "1": 27,
            "2": 4,
            "3": 34,
            "4": -31,
            "5": 35,
            "6": -18,
            "7": 6,
            "8": -33,
            "9": 45,
            "10": 6,
            "11": 47,
            "12": -2,
            "13": -31,
            "14": 5,
            "15": 44,
            "16": 41,
            "17": 37,
            "18": 44,
            "19": 30,
            "20": -40,
            "22": 36,
            "23": -14,
            "24": -20,
            "25": 46,
            "26": 16,
            "27": 42,
            "28": -45,
            "29": -32,
            "30": 7,
            "31": -10,
            "32": -29,
            "33": 45,
            "34": -3,
            "35": 44,
            "36": -25,
            "37": 48,
            "38": 5,
            "39": 3,
            "40": -32,
            "41": 8,
            "42": 23,
            "43": -12,
            "44": -5,
            "45": 24,
            "46": -41,
            "47": -42,
            "48": 7,
            "49": 5,
            "50": -20,
            "51": 30,
            "52": -26,
            "53": -24,
            "54": 12,
            "55": 10,
            "56": -6,
            "57": 16,
            "58": -35,
            "59": 36,
            "60": -46,
            "61": 43,
            "62": 1
        },
        "22": {
            "0": 23,
            "1": -20,
            "2": 34,
            "3": 15,
            "4": 39,
            "5": 0,
            "6": -1,
            "7": -32,
            "8": -21,
            "9": 15,
            "10": 8,
            "11": 21,
            "12": -31,
            "13": 38,
            "14": 30,
            "15": 37,
            "16": -29,
            "17": -26,
            "18": -48,
            "19": -34,
            "20": -6,
            "21": 36,
            "23": -38,
            "24": -26,
            "25": 0,
            "26": 23,
            "27": 26,
            "28": 0,
            "29": 10,
            "30": 45,
            "31": 40,
            "32": 25,
            "33": -29,
            "34": -20,
            "35": -31,
            "36": 23,
            "37": -4,
            "38": -35,
            "39": 39,
            "40": 10,
            "41": -21,
            "42": 16,
            "43": -33,
            "44": 42,
            "45": -9,
            "46": 20,
            "47": 7,
            "48": 1,
            "49": 43,
            "50": -6,
            "51": 10,
            "52": -17,
            "53": -10,
            "54": 8,
            "55": -42,
            "56": -43,
            "57": -12,
            "58": 4,
            "59": 3,
            "60": 12,
            "61": -5,
            "62": -9
        },
        "23": {
            "0": -37,
            "1": 22,
            "2": -22,
            "3": 20,
            "4": -28,
            "5": 40,
            "6": 1,
            "7": -34,
            "8": 32,
            "9": -29,
            "10": -17,
            "11": 49,
            "12": 38,
            "13": -49,
            "14": -49,
            "15": 29,
            "16": -42,
            "17": -40,
            "18": -44,
            "19": -23,
            "20": -6,
            "21": -14,
            "22": -38,
            "24": -24,
            "25": -49,
            "26": 34,
            "27": 29,
            "28": -16,
            "29": -13,
            "30": -36,
            "31": -35,
            "32": -25,
            "33": 25,
            "34": 33,
            "35": 3,
            "36": -13,
            "37": -7,
            "38": -21,
            "39": -14,
            "40": -8,
            "41": -34,
            "42": 3,
            "43": 46,
            "44": -33,
            "45": 8,
            "46": -43,
            "47": -9,
            "48": -40,
            "49": 34,
            "50": -47,
            "51": 24,
            "52": 23,
            "53": 40,
            "54": -45,
            "55": -14,
            "56": 0,
            "57": -5,
            "58": -8,
            "59": 4,
            "60": 2,
            "61": -38,
            "62": 41
        },
        "24": {
            "0": 36,
            "1": -43,
            "2": -17,
            "3": 28,
            "4": -39,
            "5": -22,
            "6": 28,
            "7": 31,
            "8": -35,
            "9": -37,
            "10": 23,
            "11": -4,
            "12": -25,
            "13": 28,
            "14": -28,
            "15": 28,
            "16": 20,
            "17": 22,
            "18": 21,
            "19": 6,
            "20": -32,
            "21": -20,
            "22": -26,
            "23": -24,
            "25": -44,
            "26": -18,
            "27": -13,
            "28": -48,
            "29": -4,
            "30": 27,
            "31": -6,
            "32": -12,
            "33": 6,
            "34": 19,
            "35": -43,
            "36": 5,
            "37": -42,
            "38": -33,
            "39": 48,
            "40": -16,
            "41": -44,
            "42": 33,
            "43": 34,
            "44": 7,
            "45": -41,
            "46": 46,
            "47": -4,
            "48": -9,
            "49": 0,
            "50": 19,
            "51": 40,
            "52": 11,
            "53": 40,
            "54": -14,
            "55": 44,
            "56": 5,
            "57": 16,
            "58": 18,
            "59": 20,
            "60": 2,
            "61": -26,
            "62": -1
        },
        "25": {
            "0": 34,
            "1": 0,
            "2": 47,
            "3": 29,
            "4": 5,
            "5": 3,
            "6": 4,
            "7": -21,
            "8": 2,
            "9": 37,
            "10": 44,
            "11": 49,
            "12": 32,
            "13": 0,
            "14": 29,
            "15": -16,
            "16": 38,
            "17": 35,
            "18": 14,
            "19": 12,
            "20": -21,
            "21": 46,
            "22": 0,
            "23": -49,
            "24": -44,
            "26": 20,
            "27": 16,
            "28": 43,
            "29": -20,
            "30": 14,
            "31": -45,
            "32": -27,
            "33": -17,
            "34": -4,
            "35": 20,
            "36": -42,
            "37": -12,
            "38": -30,
            "39": 41,
            "40": -18,
            "41": 2,
            "42": -27,
            "43": -33,
            "44": -7,
            "45": 14,
            "46": 13,
            "47": -4,
            "48": 10,
            "49": -27,
            "50": 7,
            "51": -18,
            "52": 14,
            "53": 31,
            "54": -40,
            "55": 38,
            "56": -33,
            "57": -18,
            "58": -30,
            "59": 27,
            "60": 26,
            "61": 34,
            "62": 36
        },
        "26": {
            "0": -38,
            "1": 45,
            "2": 36,
            "3": 36,
            "4": -25,
            "5": 49,
            "6": 17,
            "7": 38,
            "8": -17,
            "9": -34,
            "10": -20,
            "11": -45,
            "12": -4,
            "13": -24,
            "14": 16,
            "15": -7,
            "16": 5,
            "17": 49,
            "18": 21,
            "19": -29,
            "20": 36,
            "21": 16,
            "22": 23,
            "23": 34,
            "24": -18,
            "25": 20,
            "27": -20,
            "28": 39,
            "29": 5,
            "30": 27,
            "31": 47,
            "32": -21,
            "33": 35,
            "34": 44,
            "35": -31,
            "36": -22,
            "37": 0,
            "38": -28,
            "39": 14,
            "40": -34,
            "41": 40,
            "42": -3,
            "43": 21,
            "44": -44,
            "45": 12,
            "46": -17,
            "47": 6,
            "48": -23,
            "49": 0,
            "50": -41,
            "51": -15,
            "52": -14,
            "53": -8,
            "54": -40,
            "55": -16,
            "56": 15,
            "57": -7,
            "58": -43,
            "59": -12,
            "60": -33,
            "61": 28,
            "62": 20
        },
        "27": {
            "0": -9,
            "1": -35,
            "2": -15,
            "3": -7,
            "4": -8,
            "5": -19,
            "6": -4,
            "7": 6,
            "8": 6,
            "9": -16,
            "10": -17,
            "11": 41,
            "12": -49,
            "13": 32,
            "14": -37,
            "15": -11,
            "16": 18,
            "17": 3,
            "18": -41,
            "19": -1,
            "20": 32,
            "21": 42,
            "22": 26,
            "23": 29,
            "24": -13,
            "25": 16,
            "26": -20,
            "28": -37,
            "29": -18,
            "30": 37,
            "31": 49,
            "32": 25,
            "33": -43,
            "34": 12,
            "35": 19,
            "36": -24,
            "37": 43,
            "38": -8,
            "39": -32,
            "40": 35,
            "41": -25,
            "42": 25,
            "43": 45,
            "44": 21,
            "45": -22,
            "46": 21,
            "47": -17,
            "48": -36,
            "49": 14,
            "50": 44,
            "51": -44,
            "52": 35,
            "53": -9,
            "54": -6,
            "55": 28,
            "56": 7,
            "57": 0,
            "58": -17,
            "59": 11,
            "60": -40,
            "61": 40,
            "62": -26
        },
        "28": {
            "0": -5,
            "1": -46,
            "2": -5,
            "3": 45,
            "4": 34,
            "5": -18,
            "6": -38,
            "7": -47,
            "8": 13,
            "9": 19,
            "10": 49,
            "11": -4,
            "12": 10,
            "13": 19,
            "14": -17,
            "15": 19,
            "16": 31,
            "17": 19,
            "18": 32,
            "19": 32,
            "20": 3,
            "21": -45,
            "22": 0,
            "23": -16,
            "24": -48,
            "25": 43,
            "26": 39,
            "27": -37,
            "29": -31,
            "30": 3,
            "31": -10,
            "32": 47,
            "33": -39,
            "34": -30,
            "35": -31,
            "36": -46,
            "37": -48,
            "38": 45,
            "39": 8,
            "40": 30,
            "41": -36,
            "42": -45,
            "43": -47,
            "44": 14,
            "45": 34,
            "46": -45,
            "47": 50,
            "48": -14,
            "49": 47,
            "50": -42,
            "51": -1,
            "52": 34,
            "53": 1,
            "54": 7,
            "55": -20,
            "56": 43,
            "57": -10,
            "58": 10,
            "59": 23,
            "60": -3,
            "61": 28,
            "62": -12
        },
        "29": {
            "0": 0,
            "1": -14,
            "2": 32,
            "3": -14,
            "4": 0,
            "5": 35,
            "6": 38,
            "7": -12,
            "8": 3,
            "9": 28,
            "10": 47,
            "11": -33,
            "12": -20,
            "13": -32,
            "14": 2,
            "15": -4,
            "16": 13,
            "17": 0,
            "18": -5,
            "19": 11,
            "20": -15,
            "21": -32,
            "22": 10,
            "23": -13,
            "24": -4,
            "25": -20,
            "26": 5,
            "27": -18,
            "28": -31,
            "30": 27,
            "31": -39,
            "32": 1,
            "33": -26,
            "34": -20,
            "35": -22,
            "36": -5,
            "37": 23,
            "38": 4,
            "39": 3,
            "40": 49,
            "41": 8,
            "42": 0,
            "43": -38,
            "44": -48,
            "45": 0,
            "46": -12,
            "47": -15,
            "48": -32,
            "49": 27,
            "50": -28,
            "51": 22,
            "52": -34,
            "53": 4,
            "54": -47,
            "55": -28,
            "56": 42,
            "57": 0,
            "58": -44,
            "59": 29,
            "60": 42,
            "61": -18,
            "62": -13
        },
        "30": {
            "0": -10,
            "1": 3,
            "2": -2,
            "3": 18,
            "4": -41,
            "5": 33,
            "6": 45,
            "7": -23,
            "8": -29,
            "9": 12,
            "10": -34,
            "11": 47,
            "12": -6,
            "13": -36,
            "14": 46,
            "15": -11,
            "16": -44,
            "17": -46,
            "18": -14,
            "19": 30,
            "20": -16,
            "21": 7,
            "22": 45,
            "23": -36,
            "24": 27,
            "25": 14,
            "26": 27,
            "27": 37,
            "28": 3,
            "29": 27,
            "31": -2,
            "32": -1,
            "33": 35,
            "34": 20,
            "35": 29,
            "36": 47,
            "37": -32,
            "38": -24,
            "39": 46,
            "40": 41,
            "41": 49,
            "42": 3,
            "43": 4,
            "44": -1,
            "45": -39,
            "46": -20,
            "47": 14,
            "48": -14,
            "49": -2,
            "50": -48,
            "51": 35,
            "52": 11,
            "53": 2,
            "54": -26,
            "55": 3,
            "56": -6,
            "57": -45,
            "58": -49,
            "59": 25,
            "60": 33,
            "61": -29,
            "62": -23
        },
        "31": {
            "0": -4,
            "1": -37,
            "2": -5,
            "3": -6,
            "4": 6,
            "5": -41,
            "6": 43,
            "7": 45,
            "8": 28,
            "9": 0,
            "10": 17,
            "11": 17,
            "12": -9,
            "13": -3,
            "14": 47,
            "15": 5,
            "16": -13,
            "17": -13,
            "18": -28,
            "19": 33,
            "20": 23,
            "21": -10,
            "22": 40,
            "23": -35,
            "24": -6,
            "25": -45,
            "26": 47,
            "27": 49,
            "28": -10,
            "29": -39,
            "30": -2,
            "32": 22,
            "33": 23,
            "34": 44,
            "35": -40,
            "36": 49,
            "37": 46,
            "38": 27,
            "39": -11,
            "40": 3,
            "41": 40,
            "42": -23,
            "43": -14,
            "44": 38,
            "45": 6,
            "46": 44,
            "47": -21,
            "48": 16,
            "49": 30,
            "50": 7,
            "51": -13,
            "52": 14,
            "53": -38,
            "54": 4,
            "55": 33,
            "56": -13,
            "57": 13,
            "58": 37,
            "59": 49,
            "60": 38,
            "61": -27,
            "62": -35
        },
        "32": {
            "0": 46,
            "1": -16,
            "2": 2,
            "3": 20,
            "4": 31,
            "5": 20,
            "6": 4,
            "7": -44,
            "8": 19,
            "9": -27,
            "10": -5,
            "11": 2,
            "12": 25,
            "13": 43,
            "14": -27,
            "15": 36,
            "16": -49,
            "17": -18,
            "18": -5,
            "19": -32,
            "20": -2,
            "21": -29,
            "22": 25,
            "23": -25,
            "24": -12,
            "25": -27,
            "26": -21,
            "27": 25,
            "28": 47,
            "29": 1,
            "30": -1,
            "31": 22,
            "33": 0,
            "34": -23,
            "35": 2,
            "36": -23,
            "37": 36,
            "38": 38,
            "39": 7,
            "40": 33,
            "41": -46,
            "42": -32,
            "43": -45,
            "44": 14,
            "45": -48,
            "46": 39,
            "47": 11,
            "48": -13,
            "49": -34,
            "50": -9,
            "51": 24,
            "52": 42,
            "53": 26,
            "54": -7,
            "55": 37,
            "56": -6,
            "57": -8,
            "58": 34,
            "59": 18,
            "60": -1,
            "61": 33,
            "62": -15
        },
        "33": {
            "0": -37,
            "1": 28,
            "2": 38,
            "3": -45,
            "4": -2,
            "5": -3,
            "6": 24,
            "7": 2,
            "8": 14,
            "9": 39,
            "10": -4,
            "11": -38,
            "12": 39,
            "13": 0,
            "14": 35,
            "15": -5,
            "16": 23,
            "17": -2,
            "18": 9,
            "19": 15,
            "20": 41,
            "21": 45,
            "22": -29,
            "23": 25,
            "24": 6,
            "25": -17,
            "26": 35,
            "27": -43,
            "28": -39,
            "29": -26,
            "30": 35,
            "31": 23,
            "32": 0,
            "34": 7,
            "35": 49,
            "36": 9,
            "37": -20,
            "38": 6,
            "39": 15,
            "40": 15,
            "41": 46,
            "42": 25,
            "43": 7,
            "44": -41,
            "45": -47,
            "46": 5,
            "47": -38,
            "48": -29,
            "49": -48,
            "50": 6,
            "51": 0,
            "52": 48,
            "53": -40,
            "54": -8,
            "55": -2,
            "56": 25,
            "57": 44,
            "58": 37,
            "59": 28,
            "60": -44,
            "61": 37,
            "62": 13
        },
        "34": {
            "0": 10,
            "1": -11,
            "2": 26,
            "3": -29,
            "4": -24,
            "5": 31,
            "6": 12,
            "7": -31,
            "8": 15,
            "9": 13,
            "10": -22,
            "11": -6,
            "12": 44,
            "13": 1,
            "14": -16,
            "15": -16,
            "16": -26,
            "17": 48,
            "18": 32,
            "19": -27,
            "20": 28,
            "21": -3,
            "22": -20,
            "23": 33,
            "24": 19,
            "25": -4,
            "26": 44,
            "27": 12,
            "28": -30,
            "29": -20,
            "30": 20,
            "31": 44,
            "32": -23,
            "33": 7,
            "35": -41,
            "36": -24,
            "37": 35,
            "38": 26,
            "39": 7,
            "40": 23,
            "41": 3,
            "42": -32,
            "43": 0,
            "44": -32,
            "45": 44,
            "46": 12,
            "47": -46,
            "48": -34,
            "49": -4,
            "50": -42,
            "51": -6,
            "52": 38,
            "53": -24,
            "54": -25,
            "55": -14,
            "56": -42,
            "57": 31,
            "58": 47,
            "59": -27,
            "60": 32,
            "61": 6,
            "62": -17
        },
        "35": {
            "0": -6,
            "1": 11,
            "2": 47,
            "3": 7,
            "4": 0,
            "5": -18,
            "6": 11,
            "7": -15,
            "8": 43,
            "9": -6,
            "10": -26,
            "11": 30,
            "12": 12,
            "13": 18,
            "14": 35,
            "15": 28,
            "16": 44,
            "17": -45,
            "18": -49,
            "19": 17,
            "20": 36,
            "21": 44,
            "22": -31,
            "23": 3,
            "24": -43,
            "25": 20,
            "26": -31,
            "27": 19,
            "28": -31,
            "29": -22,
            "30": 29,
            "31": -40,
            "32": 2,
            "33": 49,
            "34": -41,
            "36": 28,
            "37": 28,
            "38": 26,
            "39": -8,
            "40": 37,
            "41": -49,
            "42": -3,
            "43": -26,
            "44": -32,
            "45": 29,
            "46": 27,
            "47": -1,
            "48": -24,
            "49": 14,
            "50": 25,
            "51": 24,
            "52": -27,
            "53": 18,
            "54": -17,
            "55": 30,
            "56": -16,
            "57": -49,
            "58": 1,
            "59": -43,
            "60": -32,
            "61": -5,
            "62": 4
        },
        "36": {
            "0": -39,
            "1": 33,
            "2": 14,
            "3": -11,
            "4": 8,
            "5": -10,
            "6": 37,
            "7": -42,
            "8": -10,
            "9": -46,
            "10": 9,
            "11": 21,
            "12": -28,
            "13": 17,
            "14": 23,
            "15": 12,
            "16": 0,
            "17": 17,
            "18": 17,
            "19": -7,
            "20": 48,
            "21": -25,
            "22": 23,
            "23": -13,
            "24": 5,
            "25": -42,
            "26": -22,
            "27": -24,
            "28": -46,
            "29": -5,
            "30": 47,
            "31": 49,
            "32": -23,
            "33": 9,
            "34": -24,
            "35": 28,
            "37": 18,
            "38": -20,
            "39": 45,
            "40": -20,
            "41": 6,
            "42": -45,
            "43": -46,
            "44": 45,
            "45": 21,
            "46": -48,
            "47": 25,
            "48": 41,
            "49": 5,
            "50": -21,
            "51": 12,
            "52": 19,
            "53": 12,
            "54": 11,
            "55": -12,
            "56": 16,
            "57": -24,
            "58": 15,
            "59": -3,
            "60": 5,
            "61": -33,
            "62": 45
        },
        "37": {
            "0": 34,
            "1": -12,
            "2": 24,
            "3": -21,
            "4": -5,
            "5": 36,
            "6": -15,
            "7": 36,
            "8": -33,
            "9": 30,
            "10": -26,
            "11": -19,
            "12": 47,
            "13": -46,
            "14": -44,
            "15": -4,
            "16": -42,
            "17": -9,
            "18": 13,
            "19": 0,
            "20": -15,
            "21": 48,
            "22": -4,
            "23": -7,
            "24": -42,
            "25": -12,
            "26": 0,
            "27": 43,
            "28": -48,
            "29": 23,
            "30": -32,
            "31": 46,
            "32": 36,
            "33": -20,
            "34": 35,
            "35": 28,
            "36": 18,
            "38": 39,
            "39": -30,
            "40": 0,
            "41": 13,
            "42": 49,
            "43": -25,
            "44": -45,
            "45": -8,
            "46": 43,
            "47": -20,
            "48": 16,
            "49": 25,
            "50": 25,
            "51": -41,
            "52": -30,
            "53": 28,
            "54": -21,
            "55": -30,
            "56": 42,
            "57": -11,
            "58": 1,
            "59": -31,
            "60": 41,
            "61": 15,
            "62": -5
        },
        "38": {
            "0": 0,
            "1": 29,
            "2": 6,
            "3": 15,
            "4": -13,
            "5": -14,
            "6": -4,
            "7": -47,
            "8": -3,
            "9": -29,
            "10": 2,
            "11": -44,
            "12": -32,
            "13": 5,
            "14": 10,
            "15": -49,
            "16": 24,
            "17": -45,
            "18": 39,
            "19": -30,
            "20": 22,
            "21": 5,
            "22": -35,
            "23": -21,
            "24": -33,
            "25": -30,
            "26": -28,
            "27": -8,
            "28": 45,
            "29": 4,
            "30": -24,
            "31": 27,
            "32": 38,
            "33": 6,
            "34": 26,
            "35": 26,
            "36": -20,
            "37": 39,
            "39": 34,
            "40": 20,
            "41": -27,
            "42": -28,
            "43": 47,
            "44": -27,
            "45": 7,
            "46": -22,
            "47": -25,
            "48": 31,
            "49": -46,
            "50": 31,
            "51": 49,
            "52": -15,
            "53": -44,
            "54": -36,
            "55": 47,
            "56": 21,
            "57": 26,
            "58": -9,
            "59": 45,
            "60": 25,
            "61": -7,
            "62": -17
        },
        "39": {
            "0": 32,
            "1": -22,
            "2": 20,
            "3": 40,
            "4": 28,
            "5": 47,
            "6": 37,
            "7": 21,
            "8": -3,
            "9": -4,
            "10": -40,
            "11": -16,
            "12": 27,
            "13": 10,
            "14": 3,
            "15": -1,
            "16": 21,
            "17": 37,
            "18": -37,
            "19": 4,
            "20": 9,
            "21": 3,
            "22": 39,
            "23": -14,
            "24": 48,
            "25": 41,
            "26": 14,
            "27": -32,
            "28": 8,
            "29": 3,
            "30": 46,
            "31": -11,
            "32": 7,
            "33": 15,
            "34": 7,
            "35": -8,
            "36": 45,
            "37": -30,
            "38": 34,
            "40": 1,
            "41": -18,
            "42": 21,
            "43": 12,
            "44": -11,
            "45": 33,
            "46": -2,
            "47": 49,
            "48": 17,
            "49": 17,
            "50": -46,
            "51": 19,
            "52": -21,
            "53": 40,
            "54": 8,
            "55": -15,
            "56": 14,
            "57": 15,
            "58": -40,
            "59": -6,
            "60": 3,
            "61": -4,
            "62": 0
        },
        "40": {
            "0": 8,
            "1": 6,
            "2": -20,
            "3": -10,
            "4": 32,
            "5": -42,
            "6": -30,
            "7": 35,
            "8": -22,
            "9": -41,
            "10": -36,
            "11": -48,
            "12": -41,
            "13": 31,
            "14": 12,
            "15": -6,
            "16": -30,
            "17": 42,
            "18": -41,
            "19": -31,
            "20": 11,
            "21": -32,
            "22": 10,
            "23": -8,
            "24": -16,
            "25": -18,
            "26": -34,
            "27": 35,
            "28": 30,
            "29": 49,
            "30": 41,
            "31": 3,
            "32": 33,
            "33": 15,
            "34": 23,
            "35": 37,
            "36": -20,
            "37": 0,
            "38": 20,
            "39": 1,
            "41": -46,
            "42": -43,
            "43": -6,
            "44": 41,
            "45": -42,
            "46": 15,
            "47": 15,
            "48": 20,
            "49": -13,
            "50": 21,
            "51": -38,
            "52": -31,
            "53": 3,
            "54": -40,
            "55": -45,
            "56": 32,
            "57": -47,
            "58": -40,
            "59": 19,
            "60": -17,
            "61": 28,
            "62": 10
        },
        "41": {
            "0": 41,
            "1": 44,
            "2": -26,
            "3": -8,
            "4": 30,
            "5": 10,
            "6": 35,
            "7": -47,
            "8": -17,
            "9": -29,
            "10": -1,
            "11": -46,
            "12": 7,
            "13": 12,
            "14": 43,
            "15": 23,
            "16": -1,
            "17": -5,
            "18": -13,
            "19": 14,
            "20": 11,
            "21": 8,
            "22": -21,
            "23": -34,
            "24": -44,
            "25": 2,
            "26": 40,
            "27": -25,
            "28": -36,
            "29": 8,
            "30": 49,
            "31": 40,
            "32": -46,
            "33": 46,
            "34": 3,
            "35": -49,
            "36": 6,
            "37": 13,
            "38": -27,
            "39": -18,
            "40": -46,
            "42": 10,
            "43": 22,
            "44": 10,
            "45": -19,
            "46": -14,
            "47": -29,
            "48": -47,
            "49": 13,
            "50": 0,
            "51": 1,
            "52": -2,
            "53": 38,
            "54": 42,
            "55": 18,
            "56": 34,
            "57": 19,
            "58": 16,
            "59": 12,
            "60": -19,
            "61": -40,
            "62": -39
        },
        "42": {
            "0": 20,
            "1": 45,
            "2": -34,
            "3": -15,
            "4": 48,
            "5": 8,
            "6": -30,
            "7": -44,
            "8": -32,
            "9": -29,
            "10": -43,
            "11": 48,
            "12": 9,
            "13": 40,
            "14": 28,
            "15": 43,
            "16": -43,
            "17": -6,
            "18": 42,
            "19": -5,
            "20": 10,
            "21": 23,
            "22": 16,
            "23": 3,
            "24": 33,
            "25": -27,
            "26": -3,
            "27": 25,
            "28": -45,
            "29": 0,
            "30": 3,
            "31": -23,
            "32": -32,
            "33": 25,
            "34": -32,
            "35": -3,
            "36": -45,
            "37": 49,
            "38": -28,
            "39": 21,
            "40": -43,
            "41": 10,
            "43": -40,
            "44": -40,
            "45": -48,
            "46": 14,
            "47": 0,
            "48": 46,
            "49": 43,
            "50": 2,
            "51": -40,
            "52": 3,
            "53": -45,
            "54": -39,
            "55": 30,
            "56": -49,
            "57": 8,
            "58": 42,
            "59": 40,
            "60": -13,
            "61": -46,
            "62": -18
        },
        "43": {
            "0": -16,
            "1": 15,
            "2": 15,
            "3": 45,
            "4": -16,
            "5": -32,
            "6": -12,
            "7": -3,
            "8": -16,
            "9": 41,
            "10": -1,
            "11": 25,
            "12": 29,
            "13": -2,
            "14": -35,
            "15": 5,
            "16": 29,
            "17": 41,
            "18": 41,
            "19": -47,
            "20": 47,
            "21": -12,
            "22": -33,
            "23": 46,
            "24": 34,
            "25": -33,
            "26": 21,
            "27": 45,
            "28": -47,
            "29": -38,
            "30": 4,
            "31": -14,
            "32": -45,
            "33": 7,
            "34": 0,
            "35": -26,
            "36": -46,
            "37": -25,
            "38": 47,
            "39": 12,
            "40": -6,
            "41": 22,
            "42": -40,
            "44": -35,
            "45": 5,
            "46": 36,
            "47": -38,
            "48": -22,
            "49": 48,
            "50": 31,
            "51": 0,
            "52": -26,
            "53": 20,
            "54": 32,
            "55": 46,
            "56": -32,
            "57": -35,
            "58": 23,
            "59": -33,
            "60": 27,
            "61": 19,
            "62": 3
        },
        "44": {
            "0": 5,
            "1": -11,
            "2": -42,
            "3": -29,
            "4": 35,
            "5": 37,
            "6": 30,
            "7": 33,
            "8": -14,
            "9": 31,
            "10": 36,
            "11": 8,
            "12": -29,
            "13": 48,
            "14": -8,
            "15": -21,
            "16": -17,
            "17": -16,
            "18": 11,
            "19": 38,
            "20": -46,
            "21": -5,
            "22": 42,
            "23": -33,
            "24": 7,
            "25": -7,
            "26": -44,
            "27": 21,
            "28": 14,
            "29": -48,
            "30": -1,
            "31": 38,
            "32": 14,
            "33": -41,
            "34": -32,
            "35": -32,
            "36": 45,
            "37": -45,
            "38": -27,
            "39": -11,
            "40": 41,
            "41": 10,
            "42": -40,
            "43": -35,
            "45": -15,
            "46": 15,
            "47": 17,
            "48": 26,
            "49": 36,
            "50": -7,
            "51": -11,
            "52": -40,
            "53": 22,
            "54": 45,
            "55": 29,
            "56": 8,
            "57": 31,
            "58": 30,
            "59": -39,
            "60": 35,
            "61": 35,
            "62": 17
        },
        "45": {
            "0": 29,
            "1": -43,
            "2": 0,
            "3": 27,
            "4": -31,
            "5": -1,
            "6": 14,
            "7": 2,
            "8": 35,
            "9": 42,
            "10": 42,
            "11": 11,
            "12": 1,
            "13": 23,
            "14": -13,
            "15": 32,
            "16": -8,
            "17": -35,
            "18": 9,
            "19": 39,
            "20": 27,
            "21": 24,
            "22": -9,
            "23": 8,
            "24": -41,
            "25": 14,
            "26": 12,
            "27": -22,
            "28": 34,
            "29": 0,
            "30": -39,
            "31": 6,
            "32": -48,
            "33": -47,
            "34": 44,
            "35": 29,
            "36": 21,
            "37": -8,
            "38": 7,
            "39": 33,
            "40": -42,
            "41": -19,
            "42": -48,
            "43": 5,
            "44": -15,
            "46": -30,
            "47": -38,
            "48": -28,
            "49": 28,
            "50": -43,
            "51": 11,
            "52": 9,
            "53": -21,
            "54": 27,
            "55": -10,
            "56": -45,
            "57": -12,
            "58": -25,
            "59": 49,
            "60": 34,
            "61": -48,
            "62": -11
        },
        "46": {
            "0": -11,
            "1": -49,
            "2": 14,
            "3": 35,
            "4": -13,
            "5": -26,
            "6": 21,
            "7": 30,
            "8": -9,
            "9": 20,
            "10": -6,
            "11": -17,
            "12": 31,
            "13": 9,
            "14": -41,
            "15": 32,
            "16": -1,
            "17": 16,
            "18": 42,
            "19": -13,
            "20": 14,
            "21": -41,
            "22": 20,
            "23": -43,
            "24": 46,
            "25": 13,
            "26": -17,
            "27": 21,
            "28": -45,
            "29": -12,
            "30": -20,
            "31": 44,
            "32": 39,
            "33": 5,
            "34": 12,
            "35": 27,
            "36": -48,
            "37": 43,
            "38": -22,
            "39": -2,
            "40": 15,
            "41": -14,
            "42": 14,
            "43": 36,
            "44": 15,
            "45": -30,
            "47": 40,
            "48": -6,
            "49": 27,
            "50": 30,
            "51": -29,
            "52": 26,
            "53": 10,
            "54": 34,
            "55": 15,
            "56": 37,
            "57": 25,
            "58": 25,
            "59": -26,
            "60": -28,
            "61": 13,
            "62": 41
        },
        "47": {
            "0": -33,
            "1": 43,
            "2": -42,
            "3": -1,
            "4": 37,
            "5": 31,
            "6": 18,
            "7": 9,
            "8": 23,
            "9": -33,
            "10": -48,
            "11": -12,
            "12": -15,
            "13": -28,
            "14": -36,
            "15": 22,
            "16": -42,
            "17": 46,
            "18": -33,
            "19": 22,
            "20": 16,
            "21": -42,
            "22": 7,
            "23": -9,
            "24": -4,
            "25": -4,
            "26": 6,
            "27": -17,
            "28": 50,
            "29": -15,
            "30": 14,
            "31": -21,
            "32": 11,
            "33": -38,
            "34": -46,
            "35": -1,
            "36": 25,
            "37": -20,
            "38": -25,
            "39": 49,
            "40": 15,
            "41": -29,
            "42": 0,
            "43": -38,
            "44": 17,
            "45": -38,
            "46": 40,
            "48": -39,
            "49": -28,
            "50": 9,
            "51": 5,
            "52": 32,
            "53": 46,
            "54": 47,
            "55": 20,
            "56": -12,
            "57": -10,
            "58": 16,
            "59": 15,
            "60": -18,
            "61": -19,
            "62": -27
        },
        "48": {
            "0": -11,
            "1": -40,
            "2": -16,
            "3": 31,
            "4": 21,
            "5": -47,
            "6": 38,
            "7": 11,
            "8": -25,
            "9": 32,
            "10": -38,
            "11": -2,
            "12": -13,
            "13": -28,
            "14": 25,
            "15": 24,
            "16": -18,
            "17": 30,
            "18": -22,
            "19": 18,
            "20": -20,
            "21": 7,
            "22": 1,
            "23": -40,
            "24": -9,
            "25": 10,
            "26": -23,
            "27": -36,
            "28": -14,
            "29": -32,
            "30": -14,
            "31": 16,
            "32": -13,
            "33": -29,
            "34": -34,
            "35": -24,
            "36": 41,
            "37": 16,
            "38": 31,
            "39": 17,
            "40": 20,
            "41": -47,
            "42": 46,
            "43": -22,
            "44": 26,
            "45": -28,
            "46": -6,
            "47": -39,
            "49": 6,
            "50": -19,
            "51": 22,
            "52": 24,
            "53": -9,
            "54": -44,
            "55": -7,
            "56": 28,
            "57": 16,
            "58": 47,
            "59": -23,
            "60": 43,
            "61": 18,
            "62": 44
        },
        "49": {
            "0": 44,
            "1": 48,
            "2": -8,
            "3": 35,
            "4": -34,
            "5": -3,
            "6": 48,
            "7": -41,
            "8": 2,
            "9": -42,
            "10": 10,
            "11": 26,
            "12": -6,
            "13": 26,
            "14": 0,
            "15": 0,
            "16": 43,
            "17": -48,
            "18": -36,
            "19": 19,
            "20": 37,
            "21": 5,
            "22": 43,
            "23": 34,
            "24": 0,
            "25": -27,
            "26": 0,
            "27": 14,
            "28": 47,
            "29": 27,
            "30": -2,
            "31": 30,
            "32": -34,
            "33": -48,
            "34": -4,
            "35": 14,
            "36": 5,
            "37": 25,
            "38": -46,
            "39": 17,
            "40": -13,
            "41": 13,
            "42": 43,
            "43": 48,
            "44": 36,
            "45": 28,
            "46": 27,
            "47": -28,
            "48": 6,
            "50": 9,
            "51": 1,
            "52": -21,
            "53": -9,
            "54": -31,
            "55": -31,
            "56": -46,
            "57": -39,
            "58": -35,
            "59": 45,
            "60": -6,
            "61": -28,
            "62": 14
        },
        "50": {
            "0": 12,
            "1": 25,
            "2": 2,
            "3": 40,
            "4": 14,
            "5": 5,
            "6": -29,
            "7": 21,
            "8": -36,
            "9": -48,
            "10": -48,
            "11": 46,
            "12": -36,
            "13": 46,
            "14": -10,
            "15": -42,
            "16": -2,
            "17": 33,
            "18": 1,
            "19": -47,
            "20": 0,
            "21": -20,
            "22": -6,
            "23": -47,
            "24": 19,
            "25": 7,
            "26": -41,
            "27": 44,
            "28": -42,
            "29": -28,
            "30": -48,
            "31": 7,
            "32": -9,
            "33": 6,
            "34": -42,
            "35": 25,
            "36": -21,
            "37": 25,
            "38": 31,
            "39": -46,
            "40": 21,
            "41": 0,
            "42": 2,
            "43": 31,
            "44": -7,
            "45": -43,
            "46": 30,
            "47": 9,
            "48": -19,
            "49": 9,
            "51": 35,
            "52": -29,
            "53": -26,
            "54": 48,
            "55": 26,
            "56": 33,
            "57": -5,
            "58": -25,
            "59": 8,
            "60": 18,
            "61": 26,
            "62": 31
        },
        "51": {
            "0": 15,
            "1": -46,
            "2": -25,
            "3": 45,
            "4": 15,
            "5": 4,
            "6": -10,
            "7": -2,
            "8": 41,
            "9": -35,
            "10": -35,
            "11": -16,
            "12": 1,
            "13": 0,
            "14": 17,
            "15": -34,
            "16": 24,
            "17": 25,
            "18": 26,
            "19": 14,
            "20": 3,
            "21": 30,
            "22": 10,
            "23": 24,
            "24": 40,
            "25": -18,
            "26": -15,
            "27": -44,
            "28": -1,
            "29": 22,
            "30": 35,
            "31": -13,
            "32": 24,
            "33": 0,
            "34": -6,
            "35": 24,
            "36": 12,
            "37": -41,
            "38": 49,
            "39": 19,
            "40": -38,
            "41": 1,
            "42": -40,
            "43": 0,
            "44": -11,
            "45": 11,
            "46": -29,
            "47": 5,
            "48": 22,
            "49": 1,
            "50": 35,
            "52": 33,
            "53": 46,
            "54": 11,
            "55": -48,
            "56": -29,
            "57": 40,
            "58": 35,
            "59": -11,
            "60": 22,
            "61": 17,
            "62": 27
        },
        "52": {
            "0": -4,
            "1": 5,
            "2": 2,
            "3": 7,
            "4": -13,
            "5": 33,
            "6": 24,
            "7": -10,
            "8": -1,
            "9": -21,
            "10": -1,
            "11": 20,
            "12": -28,
            "13": 35,
            "14": -34,
            "15": -44,
            "16": 26,
            "17": 48,
            "18": 32,
            "19": -6,
            "20": -4,
            "21": -26,
            "22": -17,
            "23": 23,
            "24": 11,
            "25": 14,
            "26": -14,
            "27": 35,
            "28": 34,
            "29": -34,
            "30": 11,
            "31": 14,
            "32": 42,
            "33": 48,
            "34": 38,
            "35": -27,
            "36": 19,
            "37": -30,
            "38": -15,
            "39": -21,
            "40": -31,
            "41": -2,
            "42": 3,
            "43": -26,
            "44": -40,
            "45": 9,
            "46": 26,
            "47": 32,
            "48": 24,
            "49": -21,
            "50": -29,
            "51": 33,
            "53": -29,
            "54": -6,
            "55": 24,
            "56": 24,
            "57": 46,
            "58": 36,
            "59": 40,
            "60": -37,
            "61": 42,
            "62": 0
        },
        "53": {
            "0": 33,
            "1": 20,
            "2": -43,
            "3": -8,
            "4": -2,
            "5": -49,
            "6": -26,
            "7": -1,
            "8": 3,
            "9": 21,
            "10": 15,
            "11": 38,
            "12": -44,
            "13": -47,
            "14": 25,
            "15": -49,
            "16": 0,
            "17": 21,
            "18": 42,
            "19": 24,
            "20": -48,
            "21": -24,
            "22": -10,
            "23": 40,
            "24": 40,
            "25": 31,
            "26": -8,
            "27": -9,
            "28": 1,
            "29": 4,
            "30": 2,
            "31": -38,
            "32": 26,
            "33": -40,
            "34": -24,
            "35": 18,
            "36": 12,
            "37": 28,
            "38": -44,
            "39": 40,
            "40": 3,
            "41": 38,
            "42": -45,
            "43": 20,
            "44": 22,
            "45": -21,
            "46": 10,
            "47": 46,
            "48": -9,
            "49": -9,
            "50": -26,
            "51": 46,
            "52": -29,
            "54": 28,
            "55": 13,
            "56": 41,
            "57": -36,
            "58": -32,
            "59": -22,
            "60": 7,
            "61": 44,
            "62": 10
        },
        "54": {
            "0": -40,
            "1": -24,
            "2": 33,
            "3": 28,
            "4": 8,
            "5": -40,
            "6": 46,
            "7": 26,
            "8": -43,
            "9": -12,
            "10": 40,
            "11": -22,
            "12": 23,
            "13": 13,
            "14": -13,
            "15": -31,
            "16": 5,
            "17": -46,
            "18": 4,
            "19": 5,
            "20": 25,
            "21": 12,
            "22": 8,
            "23": -45,
            "24": -14,
            "25": -40,
            "26": -40,
            "27": -6,
            "28": 7,
            "29": -47,
            "30": -26,
            "31": 4,
            "32": -7,
            "33": -8,
            "34": -25,
            "35": -17,
            "36": 11,
            "37": -21,
            "38": -36,
            "39": 8,
            "40": -40,
            "41": 42,
            "42": -39,
            "43": 32,
            "44": 45,
            "45": 27,
            "46": 34,
            "47": 47,
            "48": -44,
            "49": -31,
            "50": 48,
            "51": 11,
            "52": -6,
            "53": 28,
            "55": -32,
            "56": -48,
            "57": -47,
            "58": -11,
            "59": -2,
            "60": -31,
            "61": 17,
            "62": 35
        },
        "55": {
            "0": -3,
            "1": -9,
            "2": 7,
            "3": -32,
            "4": 34,
            "5": 8,
            "6": 37,
            "7": -19,
            "8": -20,
            "9": -7,
            "10": 33,
            "11": 41,
            "12": 15,
            "13": -14,
            "14": 15,
            "15": -35,
            "16": -10,
            "17": 2,
            "18": -29,
            "19": -20,
            "20": -38,
            "21": 10,
            "22": -42,
            "23": -14,
            "24": 44,
            "25": 38,
            "26": -16,
            "27": 28,
            "28": -20,
            "29": -28,
            "30": 3,
            "31": 33,
            "32": 37,
            "33": -2,
            "34": -14,
            "35": 30,
            "36": -12,
            "37": -30,
            "38": 47,
            "39": -15,
            "40": -45,
            "41": 18,
            "42": 30,
            "43": 46,
            "44": 29,
            "45": -10,
            "46": 15,
            "47": 20,
            "48": -7,
            "49": -31,
            "50": 26,
            "51": -48,
            "52": 24,
            "53": 13,
            "54": -32,
            "56": -13,
            "57": 26,
            "58": -23,
            "59": 28,
            "60": -2,
            "61": 44,
            "62": 1
        },
        "56": {
            "0": 26,
            "1": -27,
            "2": 49,
            "3": 1,
            "4": -24,
            "5": 19,
            "6": 10,
            "7": 27,
            "8": -22,
            "9": 10,
            "10": -12,
            "11": 13,
            "12": 24,
            "13": -34,
            "14": 42,
            "15": 38,
            "16": 3,
            "17": -10,
            "18": 44,
            "19": 30,
            "20": -49,
            "21": -6,
            "22": -43,
            "23": 0,
            "24": 5,
            "25": -33,
            "26": 15,
            "27": 7,
            "28": 43,
            "29": 42,
            "30": -6,
            "31": -13,
            "32": -6,
            "33": 25,
            "34": -42,
            "35": -16,
            "36": 16,
            "37": 42,
            "38": 21,
            "39": 14,
            "40": 32,
            "41": 34,
            "42": -49,
            "43": -32,
            "44": 8,
            "45": -45,
            "46": 37,
            "47": -12,
            "48": 28,
            "49": -46,
            "50": 33,
            "51": -29,
            "52": 24,
            "53": 41,
            "54": -48,
            "55": -13,
            "57": -38,
            "58": 37,
            "59": -40,
            "60": 23,
            "61": 43,
            "62": 46
        },
        "57": {
            "0": -33,
            "1": 16,
            "2": 48,
            "3": -26,
            "4": 0,
            "5": -29,
            "6": -18,
            "7": -33,
            "8": -2,
            "9": 32,
            "10": 44,
            "11": -4,
            "12": -41,
            "13": -20,
            "14": 45,
            "15": 0,
            "16": 31,
            "17": 32,
            "18": -6,
            "19": 43,
            "20": 43,
            "21": 16,
            "22": -12,
            "23": -5,
            "24": 16,
            "25": -18,
            "26": -7,
            "27": 0,
            "28": -10,
            "29": 0,
            "30": -45,
            "31": 13,
            "32": -8,
            "33": 44,
            "34": 31,
            "35": -49,
            "36": -24,
            "37": -11,
            "38": 26,
            "39": 15,
            "40": -47,
            "41": 19,
            "42": 8,
            "43": -35,
            "44": 31,
            "45": -12,
            "46": 25,
            "47": -10,
            "48": 16,
            "49": -39,
            "50": -5,
            "51": 40,
            "52": 46,
            "53": -36,
            "54": -47,
            "55": 26,
            "56": -38,
            "58": 38,
            "59": 0,
            "60": -7,
            "61": -13,
            "62": -18
        },
        "58": {
            "0": 4,
            "1": -4,
            "2": -43,
            "3": -30,
            "4": 6,
            "5": 35,
            "6": -22,
            "7": -8,
            "8": 2,
            "9": -34,
            "10": 31,
            "11": -27,
            "12": -30,
            "13": -28,
            "14": -33,
            "15": -24,
            "16": -33,
            "17": -46,
            "18": 21,
            "19": -6,
            "20": -16,
            "21": -35,
            "22": 4,
            "23": -8,
            "24": 18,
            "25": -30,
            "26": -43,
            "27": -17,
            "28": 10,
            "29": -44,
            "30": -49,
            "31": 37,
            "32": 34,
            "33": 37,
            "34": 47,
            "35": 1,
            "36": 15,
            "37": 1,
            "38": -9,
            "39": -40,
            "40": -40,
            "41": 16,
            "42": 42,
            "43": 23,
            "44": 30,
            "45": -25,
            "46": 25,
            "47": 16,
            "48": 47,
            "49": -35,
            "50": -25,
            "51": 35,
            "52": 36,
            "53": -32,
            "54": -11,
            "55": -23,
            "56": 37,
            "57": 38,
            "59": -16,
            "60": -7,
            "61": 14,
            "62": 10
        },
        "59": {
            "0": 36,
            "1": 39,
            "2": 22,
            "3": 45,
            "4": -22,
            "5": -8,
            "6": 47,
            "7": 0,
            "8": 11,
            "9": -1,
            "10": -11,
            "11": -38,
            "12": 47,
            "13": -1,
            "14": -29,
            "15": -28,
            "16": 11,
            "17": 29,
            "18": -5,
            "19": -28,
            "20": -26,
            "21": 36,
            "22": 3,
            "23": 4,
            "24": 20,
            "25": 27,
            "26": -12,
            "27": 11,
            "28": 23,
            "29": 29,
            "30": 25,
            "31": 49,
            "32": 18,
            "33": 28,
            "34": -27,
            "35": -43,
            "36": -3,
            "37": -31,
            "38": 45,
            "39": -6,
            "40": 19,
            "41": 12,
            "42": 40,
            "43": -33,
            "44": -39,
            "45": 49,
            "46": -26,
            "47": 15,
            "48": -23,
            "49": 45,
            "50": 8,
            "51": -11,
            "52": 40,
            "53": -22,
            "54": -2,
            "55": 28,
            "56": -40,
            "57": 0,
            "58": -16,
            "60": -14,
            "61": 35,
            "62": -32
        },
        "60": {
            "0": 31,
            "1": -41,
            "2": 41,
            "3": 23,
            "4": 32,
            "5": 11,
            "6": 0,
            "7": 14,
            "8": 43,
            "9": -27,
            "10": 48,
            "11": 15,
            "12": 14,
            "13": 12,
            "14": -24,
            "15": 4,
            "16": -16,
            "17": 46,
            "18": -42,
            "19": 0,
            "20": -1,
            "21": -46,
            "22": 12,
            "23": 2,
            "24": 2,
            "25": 26,
            "26": -33,
            "27": -40,
            "28": -3,
            "29": 42,
            "30": 33,
            "31": 38,
            "32": -1,
            "33": -44,
            "34": 32,
            "35": -32,
            "36": 5,
            "37": 41,
            "38": 25,
            "39": 3,
            "40": -17,
            "41": -19,
            "42": -13,
            "43": 27,
            "44": 35,
            "45": 34,
            "46": -28,
            "47": -18,
            "48": 43,
            "49": -6,
            "50": 18,
            "51": 22,
            "52": -37,
            "53": 7,
            "54": -31,
            "55": -2,
            "56": 23,
            "57": -7,
            "58": -7,
            "59": -14,
            "61": 44,
            "62": 27
        },
        "61": {
            "0": -5,
            "1": 40,
            "2": 30,
            "3": -47,
            "4": -45,
            "5": 9,
            "6": 45,
            "7": -32,
            "8": 40,
            "9": 32,
            "10": -15,
            "11": 31,
            "12": -4,
            "13": 18,
            "14": 25,
            "15": 9,
            "16": 28,
            "17": -32,
            "18": -44,
            "19": -37,
            "20": 23,
            "21": 43,
            "22": -5,
            "23": -38,
            "24": -26,
            "25": 34,
            "26": 28,
            "27": 40,
            "28": 28,
            "29": -18,
            "30": -29,
            "31": -27,
            "32": 33,
            "33": 37,
            "34": 6,
            "35": -5,
            "36": -33,
            "37": 15,
            "38": -7,
            "39": -4,
            "40": 28,
            "41": -40,
            "42": -46,
            "43": 19,
            "44": 35,
            "45": -48,
            "46": 13,
            "47": -19,
            "48": 18,
            "49": -28,
            "50": 26,
            "51": 17,
            "52": 42,
            "53": 44,
            "54": 17,
            "55": 44,
            "56": 43,
            "57": -13,
            "58": 14,
            "59": 35,
            "60": 44,
            "62": 35
        },
        "62": {
            "0": 4,
            "1": -46,
            "2": -46,
            "3": -34,
            "4": -31,
            "5": 24,
            "6": 7,
            "7": -27,
            "8": 37,
            "9": 42,
            "10": 15,
            "11": 3,
            "12": -32,
            "13": 9,
            "14": -6,
            "15": 0,
            "16": 39,
            "17": -8,
            "18": 19,
            "19": -43,
            "20": -12,
            "21": 1,
            "22": -9,
            "23": 41,
            "24": -1,
            "25": 36,
            "26": 20,
            "27": -26,
            "28": -12,
            "29": -13,
            "30": -23,
            "31": -35,
            "32": -15,
            "33": 13,
            "34": -17,
            "35": 4,
            "36": 45,
            "37": -5,
            "38": -17,
            "39": 0,
            "40": 10,
            "41": -39,
            "42": -18,
            "43": 3,
            "44": 17,
            "45": -11,
            "46": 41,
            "47": -27,
            "48": 44,
            "49": 14,
            "50": 31,
            "51": 27,
            "52": 0,
            "53": 10,
            "54": 35,
            "55": 1,
            "56": 46,
            "57": -18,
            "58": 10,
            "59": -32,
            "60": 27,
            "61": 35
        }
    },
    "Gamma": 21
}