{
    "knapsack_size": 13400,
    "Gamma": 55,
    "n_items": 59,
    "costs": {
        "0": {
            "l": 3.03,
            "a": 22.75,
            "u": 85.89
        },
        "1": {
            "l": 27.87,
            "a": 42.57,
            "u": 82.32
        },
        "2": {
            "l": 9.43,
            "a": 38.33,
            "u": 57.61
        },
        "3": {
            "l": 14.9,
            "a": 35.96,
            "u": 46.9
        },
        "4": {
            "l": 14.13,
            "a": 56.83,
            "u": 66.81
        },
        "5": {
            "l": 6.35,
            "a": 49.54,
            "u": 69.81
        },
        "6": {
            "l": 20.42,
            "a": 29.14,
            "u": 69.35
        },
        "7": {
            "l": 26.87,
            "a": 43.4,
            "u": 54.69
        },
        "8": {
            "l": 32.98,
            "a": 52.58,
            "u": 83.8
        },
        "9": {
            "l": 12.52,
            "a": 29.46,
            "u": 43.41
        },
        "10": {
            "l": 13.45,
            "a": 29.17,
            "u": 47.28
        },
        "11": {
            "l": 15.72,
            "a": 32.6,
            "u": 50.56
        },
        "12": {
            "l": 25.97,
            "a": 49.58,
            "u": 77.06
        },
        "13": {
            "l": 5.29,
            "a": 48.14,
            "u": 81.99
        },
        "14": {
            "l": 6.24,
            "a": 27.97,
            "u": 81.12
        },
        "15": {
            "l": 31.53,
            "a": 35.64,
            "u": 76.92
        },
        "16": {
            "l": 4.57,
            "a": 46.29,
            "u": 49.0
        },
        "17": {
            "l": 26.77,
            "a": 31.14,
            "u": 82.41
        },
        "18": {
            "l": 15.15,
            "a": 55.39,
            "u": 63.74
        },
        "19": {
            "l": 7.99,
            "a": 8.23,
            "u": 19.55
        },
        "20": {
            "l": 14.76,
            "a": 16.97,
            "u": 68.05
        },
        "21": {
            "l": 19.55,
            "a": 30.2,
            "u": 51.36
        },
        "22": {
            "l": 15.4,
            "a": 53.4,
            "u": 76.67
        },
        "23": {
            "l": 2.74,
            "a": 4.15,
            "u": 15.45
        },
        "24": {
            "l": 9.5,
            "a": 13.77,
            "u": 85.03
        },
        "25": {
            "l": 8.55,
            "a": 10.04,
            "u": 33.8
        },
        "26": {
            "l": 11.97,
            "a": 47.24,
            "u": 61.89
        },
        "27": {
            "l": 17.79,
            "a": 43.07,
            "u": 46.7
        },
        "28": {
            "l": 19.81,
            "a": 40.61,
            "u": 73.88
        },
        "29": {
            "l": 34.18,
            "a": 49.3,
            "u": 64.74
        },
        "30": {
            "l": 25.36,
            "a": 54.9,
            "u": 68.16
        },
        "31": {
            "l": 11.24,
            "a": 34.66,
            "u": 75.24
        },
        "32": {
            "l": 9.19,
            "a": 12.48,
            "u": 66.41
        },
        "33": {
            "l": 20.98,
            "a": 47.11,
            "u": 72.83
        },
        "34": {
            "l": 6.87,
            "a": 31.58,
            "u": 68.4
        },
        "35": {
            "l": 5.73,
            "a": 26.12,
            "u": 73.35
        },
        "36": {
            "l": 26.95,
            "a": 42.83,
            "u": 83.14
        },
        "37": {
            "l": 23.53,
            "a": 46.7,
            "u": 83.3
        },
        "38": {
            "l": 19.2,
            "a": 53.27,
            "u": 60.52
        },
        "39": {
            "l": 10.48,
            "a": 50.34,
            "u": 51.39
        },
        "40": {
            "l": 15.15,
            "a": 33.81,
            "u": 40.77
        },
        "41": {
            "l": 12.53,
            "a": 40.65,
            "u": 55.58
        },
        "42": {
            "l": 25.52,
            "a": 30.03,
            "u": 55.35
        },
        "43": {
            "l": 2.99,
            "a": 35.49,
            "u": 81.98
        },
        "44": {
            "l": 25.5,
            "a": 33.61,
            "u": 62.45
        },
        "45": {
            "l": 18.38,
            "a": 34.49,
            "u": 35.41
        },
        "46": {
            "l": 29.65,
            "a": 55.19,
            "u": 60.0
        },
        "47": {
            "l": 34.64,
            "a": 48.98,
            "u": 72.71
        },
        "48": {
            "l": 33.79,
            "a": 45.11,
            "u": 72.24
        },
        "49": {
            "l": 31.23,
            "a": 52.8,
            "u": 66.78
        },
        "50": {
            "l": 22.32,
            "a": 59.84,
            "u": 61.91
        },
        "51": {
            "l": 20.85,
            "a": 36.62,
            "u": 48.75
        },
        "52": {
            "l": 34.16,
            "a": 49.58,
            "u": 53.76
        },
        "53": {
            "l": 27.29,
            "a": 28.61,
            "u": 63.06
        },
        "54": {
            "l": 12.66,
            "a": 38.63,
            "u": 39.01
        },
        "55": {
            "l": 19.2,
            "a": 38.01,
            "u": 68.02
        },
        "56": {
            "l": 1.87,
            "a": 37.12,
            "u": 39.46
        },
        "57": {
            "l": 5.02,
            "a": 10.03,
            "u": 23.57
        },
        "58": {
            "l": 31.78,
            "a": 48.33,
            "u": 70.71
        }
    },
    "profits": {
        "0": 43.2,
        "1": 50.22,
        "2": 45.68,
        "3": 78.62,
        "4": 58.17,
        "5": 54.53,
        "6": 67.77,
        "7": 69.4,
        "8": 60.48,
        "9": 52.57,
        "10": 43.29,
        "11": 61.2,
        "12": 85.63,
        "13": 67.61,
        "14": 65.89,
        "15": 55.58,
        "16": 85.07,
        "17": 85.02,
        "18": 89.55,
        "19": 42.91,
        "20": 27.98,
        "21": 89.87,
        "22": 59.94,
        "23": 91.17,
        "24": 24.0,
        "25": 90.54,
        "26": 49.21,
        "27": 93.37,
        "28": 65.49,
        "29": 75.36,
        "30": 79.98,
        "31": 87.14,
        "32": 82.67,
        "33": 93.39,
        "34": 94.36,
        "35": 76.12,
        "36": 92.73,
        "37": 63.81,
        "38": 75.26,
        "39": 78.06,
        "40": 62.79,
        "41": 48.09,
        "42": 60.84,
        "43": 74.69,
        "44": 35.2,
        "45": 62.71,
        "46": 83.81,
        "47": 67.2,
        "48": 68.75,
        "49": 90.49,
        "50": 74.17,
        "51": 89.29,
        "52": 57.71,
        "53": 80.06,
        "54": 66.8,
        "55": 74.77,
        "56": 68.41,
        "57": 77.56,
        "58": 83.04
    },
    "synergies": {
        "0": {
            "1": -4.31,
            "2": 10.98,
            "3": -7.27,
            "4": 7.17,
            "5": 2.3,
            "6": 10.78,
            "7": -8.79,
            "8": 1.65,
            "9": 9.16,
            "10": -2.85,
            "11": -6.95,
            "12": 4.1,
            "13": -10.95,
            "14": 0.71,
            "15": 10.85,
            "16": 7.61,
            "17": -8.23,
            "18": -5.21,
            "19": -9.92,
            "20": -1.69,
            "21": -11.88,
            "22": 2.66,
            "23": -8.72,
            "24": -9.27,
            "25": 8.26,
            "26": 11.25,
            "27": 6.67,
            "28": 11.21,
            "29": -9.69,
            "30": -11.53,
            "31": 7.95,
            "32": 7.58,
            "33": 9.72,
            "34": -4.17,
            "35": -3.16,
            "36": -5.9,
            "37": 8.7,
            "38": 9.7,
            "39": 11.42,
            "40": 7.9,
            "41": -5.41,
            "42": -4.74,
            "43": 2.88,
            "44": -11.77,
            "45": -10.78,
            "46": 1.8,
            "47": 9.04,
            "48": -4.9,
            "49": 10.1,
            "50": -0.87,
            "51": -9.33,
            "52": -8.5,
            "53": 4.01,
            "54": 6.89,
            "55": -10.73,
            "56": -0.91,
            "57": 10.08,
            "58": -10.66
        },
        "1": {
            "0": -4.31,
            "2": 2.63,
            "3": -6.09,
            "4": 2.94,
            "5": -9.32,
            "6": 9.18,
            "7": -6.49,
            "8": 5.76,
            "9": -10.73,
            "10": 2.59,
            "11": 7.92,
            "12": -5.24,
            "13": -4.84,
            "14": 8.19,
            "15": -4.66,
            "16": 10.62,
            "17": 3.12,
            "18": -5.44,
            "19": 6.4,
            "20": -5.1,
            "21": 6.0,
            "22": -7.86,
            "23": -8.81,
            "24": -10.22,
            "25": -7.89,
            "26": -2.77,
            "27": -2.34,
            "28": -2.56,
            "29": 11.35,
            "30": -0.12,
            "31": -5.24,
            "32": 9.15,
            "33": -2.56,
            "34": 0.46,
            "35": -1.27,
            "36": 11.9,
            "37": 1.2,
            "38": 1.43,
            "39": 8.66,
            "40": -8.58,
            "41": -4.7,
            "42": 0.62,
            "43": -8.5,
            "44": -6.41,
            "45": 6.24,
            "46": -1.88,
            "47": -2.32,
            "48": -8.23,
            "49": 8.56,
            "50": 8.64,
            "51": -6.67,
            "52": 11.72,
            "53": -2.65,
            "54": 5.35,
            "55": -2.61,
            "56": -4.4,
            "57": 11.22,
            "58": -0.55
        },
        "2": {
            "0": 10.98,
            "1": 2.63,
            "3": 8.79,
            "4": -4.22,
            "5": 3.18,
            "6": -0.97,
            "7": 2.16,
            "8": 0.48,
            "9": -4.12,
            "10": 5.7,
            "11": -7.47,
            "12": 2.01,
            "13": 3.81,
            "14": 3.27,
            "15": 4.26,
            "16": 6.94,
            "17": -8.48,
            "18": -2.06,
            "19": 2.81,
            "20": 3.82,
            "21": -11.75,
            "22": 3.27,
            "23": -3.68,
            "24": -6.8,
            "25": 5.92,
            "26": 2.51,
            "27": 9.2,
            "28": -8.18,
            "29": -2.44,
            "30": 4.56,
            "31": -10.29,
            "32": -2.99,
            "33": 9.34,
            "34": -8.61,
            "35": -2.04,
            "36": 0.7,
            "37": 5.13,
            "38": -4.6,
            "39": -10.41,
            "40": -11.69,
            "41": -4.14,
            "42": 2.68,
            "43": -8.25,
            "44": -10.4,
            "45": 8.26,
            "46": 2.84,
            "47": 8.58,
            "48": 10.06,
            "49": -8.2,
            "50": 11.17,
            "51": -10.18,
            "52": 7.35,
            "53": -2.86,
            "54": 9.61,
            "55": 2.32,
            "56": -10.96,
            "57": 10.81,
            "58": -4.06
        },
        "3": {
            "0": -7.27,
            "1": -6.09,
            "2": 8.79,
            "4": 3.69,
            "5": 0.98,
            "6": 9.46,
            "7": 4.87,
            "8": 8.14,
            "9": 3.5,
            "10": -0.18,
            "11": -0.2,
            "12": 1.89,
            "13": -5.17,
            "14": -5.34,
            "15": 10.84,
            "16": -10.39,
            "17": 11.63,
            "18": 11.11,
            "19": -4.67,
            "20": -10.52,
            "21": 3.15,
            "22": 11.79,
            "23": 6.53,
            "24": -7.31,
            "25": -10.93,
            "26": -5.82,
            "27": -4.84,
            "28": -5.99,
            "29": -11.37,
            "30": -6.2,
            "31": 3.93,
            "32": 8.81,
            "33": -0.27,
            "34": -5.88,
            "35": -2.07,
            "36": -4.58,
            "37": 10.53,
            "38": -1.25,
            "39": -7.19,
            "40": 0.35,
            "41": -3.47,
            "42": 3.38,
            "43": -4.18,
            "44": -0.94,
            "45": -6.38,
            "46": -0.44,
            "47": -2.57,
            "48": -8.49,
            "49": -10.93,
            "50": 10.45,
            "51": -5.94,
            "52": 9.9,
            "53": -10.78,
            "54": 8.69,
            "55": 10.75,
            "56": -7.1,
            "57": -4.98,
            "58": -4.18
        },
        "4": {
            "0": 7.17,
            "1": 2.94,
            "2": -4.22,
            "3": 3.69,
            "5": -4.3,
            "6": 11.34,
            "7": 5.77,
            "8": -10.5,
            "9": -8.18,
            "10": -1.32,
            "11": -1.43,
            "12": 9.57,
            "13": -11.82,
            "14": 11.78,
            "15": 0.24,
            "16": 0.28,
            "17": -6.85,
            "18": -3.49,
            "19": 9.18,
            "20": -7.52,
            "21": 10.27,
            "22": 6.88,
            "23": -6.77,
            "24": -9.23,
            "25": -9.9,
            "26": 7.58,
            "27": 9.05,
            "28": -11.41,
            "29": 6.57,
            "30": 2.79,
            "31": 7.62,
            "32": -11.92,
            "33": 3.4,
            "34": 2.66,
            "35": 2.88,
            "36": -1.95,
            "37": -9.5,
            "38": 7.41,
            "39": 2.12,
            "40": -0.51,
            "41": 7.19,
            "42": -11.58,
            "43": 10.08,
            "44": 7.51,
            "45": -10.39,
            "46": 0.94,
            "47": 9.0,
            "48": 1.26,
            "49": 5.29,
            "50": -0.56,
            "51": 0.48,
            "52": 2.58,
            "53": 11.48,
            "54": -6.9,
            "55": -4.63,
            "56": 8.92,
            "57": 7.3,
            "58": -4.43
        },
        "5": {
            "0": 2.3,
            "1": -9.32,
            "2": 3.18,
            "3": 0.98,
            "4": -4.3,
            "6": 8.51,
            "7": 7.72,
            "8": 2.65,
            "9": 1.92,
            "10": -3.64,
            "11": 4.42,
            "12": 9.02,
            "13": -9.85,
            "14": -9.98,
            "15": -4.13,
            "16": -0.81,
            "17": 3.86,
            "18": 1.81,
            "19": 9.5,
            "20": 5.07,
            "21": 2.96,
            "22": -0.66,
            "23": 0.14,
            "24": -2.47,
            "25": 1.82,
            "26": -6.94,
            "27": 6.51,
            "28": -7.74,
            "29": 4.11,
            "30": -10.32,
            "31": -7.31,
            "32": 0.56,
            "33": 10.08,
            "34": 9.2,
            "35": -3.37,
            "36": -9.68,
            "37": -8.6,
            "38": -4.44,
            "39": 8.16,
            "40": 1.91,
            "41": 6.19,
            "42": -6.71,
            "43": -3.08,
            "44": -3.31,
            "45": -1.81,
            "46": -0.98,
            "47": 8.95,
            "48": -5.9,
            "49": -2.53,
            "50": -6.99,
            "51": 5.03,
            "52": -4.87,
            "53": 3.01,
            "54": 1.56,
            "55": -5.74,
            "56": -11.22,
            "57": 2.78,
            "58": 11.0
        },
        "6": {
            "0": 10.78,
            "1": 9.18,
            "2": -0.97,
            "3": 9.46,
            "4": 11.34,
            "5": 8.51,
            "7": -11.75,
            "8": -1.42,
            "9": -1.88,
            "10": -0.02,
            "11": 10.99,
            "12": -6.66,
            "13": 11.69,
            "14": 2.84,
            "15": -3.09,
            "16": 3.16,
            "17": -0.05,
            "18": -10.66,
            "19": 10.65,
            "20": 1.62,
            "21": 2.23,
            "22": -4.34,
            "23": 11.8,
            "24": -1.5,
            "25": -6.31,
            "26": 6.8,
            "27": 5.31,
            "28": -1.47,
            "29": -6.24,
            "30": -6.67,
            "31": 5.3,
            "32": -9.23,
            "33": -5.93,
            "34": -9.34,
            "35": 9.02,
            "36": -0.93,
            "37": 10.96,
            "38": 2.91,
            "39": -0.14,
            "40": -9.38,
            "41": -8.27,
            "42": -7.26,
            "43": -9.4,
            "44": -8.92,
            "45": 4.11,
            "46": -7.83,
            "47": -9.58,
            "48": 4.18,
            "49": 0.76,
            "50": 11.9,
            "51": 10.48,
            "52": -9.69,
            "53": -8.85,
            "54": -5.93,
            "55": -2.96,
            "56": 4.46,
            "57": 7.96,
            "58": -11.42
        },
        "7": {
            "0": -8.79,
            "1": -6.49,
            "2": 2.16,
            "3": 4.87,
            "4": 5.77,
            "5": 7.72,
            "6": -11.75,
            "8": 10.64,
            "9": 1.6,
            "10": -10.6,
            "11": -10.07,
            "12": -5.57,
            "13": -10.03,
            "14": -6.76,
            "15": 1.89,
            "16": 0.54,
            "17": -1.07,
            "18": -5.76,
            "19": 6.27,
            "20": 10.35,
            "21": 7.33,
            "22": 2.86,
            "23": -3.64,
            "24": 5.94,
            "25": 5.57,
            "26": -4.2,
            "27": 5.68,
            "28": -3.62,
            "29": 5.86,
            "30": 3.04,
            "31": -5.5,
            "32": 6.87,
            "33": -11.75,
            "34": -3.33,
            "35": 0.34,
            "36": -11.15,
            "37": 7.67,
            "38": -8.63,
            "39": 5.77,
            "40": 4.73,
            "41": 9.05,
            "42": -4.47,
            "43": 7.51,
            "44": 7.02,
            "45": -10.87,
            "46": -2.09,
            "47": -11.48,
            "48": -2.31,
            "49": -4.73,
            "50": -8.47,
            "51": 9.82,
            "52": -10.46,
            "53": -8.1,
            "54": 2.02,
            "55": -7.41,
            "56": 9.95,
            "57": -4.75,
            "58": -0.68
        },
        "8": {
            "0": 1.65,
            "1": 5.76,
            "2": 0.48,
            "3": 8.14,
            "4": -10.5,
            "5": 2.65,
            "6": -1.42,
            "7": 10.64,
            "9": 0.41,
            "10": -9.74,
            "11": 8.32,
            "12": -0.68,
            "13": 0.49,
            "14": 8.39,
            "15": -7.6,
            "16": 11.46,
            "17": -0.24,
            "18": -6.09,
            "19": 3.46,
            "20": 9.83,
            "21": 10.24,
            "22": 11.24,
            "23": 7.05,
            "24": -7.89,
            "25": 8.91,
            "26": -10.44,
            "27": -5.0,
            "28": 2.44,
            "29": -7.21,
            "30": -3.63,
            "31": -8.29,
            "32": 5.48,
            "33": -3.68,
            "34": -9.75,
            "35": -1.93,
            "36": -5.62,
            "37": -2.93,
            "38": 3.51,
            "39": -2.91,
            "40": -2.71,
            "41": -7.74,
            "42": 0.61,
            "43": 0.94,
            "44": -10.03,
            "45": 6.73,
            "46": -7.37,
            "47": -7.97,
            "48": 11.22,
            "49": 1.75,
            "50": -1.35,
            "51": -8.5,
            "52": 0.27,
            "53": -2.73,
            "54": -1.5,
            "55": -4.54,
            "56": 4.89,
            "57": -1.31,
            "58": 7.5
        },
        "9": {
            "0": 9.16,
            "1": -10.73,
            "2": -4.12,
            "3": 3.5,
            "4": -8.18,
            "5": 1.92,
            "6": -1.88,
            "7": 1.6,
            "8": 0.41,
            "10": 5.53,
            "11": -0.76,
            "12": 1.61,
            "13": 6.96,
            "14": -10.95,
            "15": -5.46,
            "16": 1.68,
            "17": -4.96,
            "18": -11.42,
            "19": -6.48,
            "20": -3.93,
            "21": 0.21,
            "22": -2.33,
            "23": 0.3,
            "24": -11.71,
            "25": -2.25,
            "26": -11.78,
            "27": -5.29,
            "28": 5.16,
            "29": 10.41,
            "30": 11.14,
            "31": 0.11,
            "32": 2.75,
            "33": 11.67,
            "34": -10.28,
            "35": 9.37,
            "36": 8.7,
            "37": 7.3,
            "38": -1.31,
            "39": -5.64,
            "40": -5.01,
            "41": -4.16,
            "42": -5.48,
            "43": -4.98,
            "44": -9.9,
            "45": 6.04,
            "46": -7.34,
            "47": 0.73,
            "48": 2.77,
            "49": -0.98,
            "50": 1.74,
            "51": 1.89,
            "52": 10.35,
            "53": 9.76,
            "54": -2.87,
            "55": -1.2,
            "56": -2.08,
            "57": 4.08,
            "58": 0.08
        },
        "10": {
            "0": -2.85,
            "1": 2.59,
            "2": 5.7,
            "3": -0.18,
            "4": -1.32,
            "5": -3.64,
            "6": -0.02,
            "7": -10.6,
            "8": -9.74,
            "9": 5.53,
            "11": 4.29,
            "12": -0.91,
            "13": 4.37,
            "14": -3.99,
            "15": 5.7,
            "16": -0.71,
            "17": 5.59,
            "18": -10.18,
            "19": -9.52,
            "20": 1.16,
            "21": -9.01,
            "22": -6.4,
            "23": 9.49,
            "24": -2.96,
            "25": -10.91,
            "26": -2.08,
            "27": 7.01,
            "28": -1.44,
            "29": 9.76,
            "30": 11.33,
            "31": -10.34,
            "32": 5.75,
            "33": 6.62,
            "34": 0.56,
            "35": -5.21,
            "36": -6.76,
            "37": 10.26,
            "38": 1.73,
            "39": 1.36,
            "40": -11.52,
            "41": -7.54,
            "42": -10.25,
            "43": 11.21,
            "44": -3.05,
            "45": -1.81,
            "46": 10.09,
            "47": 9.12,
            "48": 11.35,
            "49": 11.75,
            "50": -7.88,
            "51": 10.66,
            "52": -11.38,
            "53": 8.76,
            "54": -3.84,
            "55": 8.56,
            "56": 9.55,
            "57": -1.53,
            "58": 7.34
        },
        "11": {
            "0": -6.95,
            "1": 7.92,
            "2": -7.47,
            "3": -0.2,
            "4": -1.43,
            "5": 4.42,
            "6": 10.99,
            "7": -10.07,
            "8": 8.32,
            "9": -0.76,
            "10": 4.29,
            "12": 11.87,
            "13": 9.51,
            "14": -0.25,
            "15": -2.94,
            "16": -11.06,
            "17": -9.14,
            "18": -1.41,
            "19": -7.43,
            "20": 10.64,
            "21": -6.07,
            "22": -0.94,
            "23": 4.74,
            "24": 10.15,
            "25": 7.82,
            "26": 6.04,
            "27": 2.47,
            "28": 2.04,
            "29": 0.67,
            "30": -3.6,
            "31": 1.45,
            "32": 0.69,
            "33": -5.09,
            "34": 9.08,
            "35": -9.84,
            "36": -8.93,
            "37": -4.24,
            "38": -8.88,
            "39": -8.49,
            "40": 2.08,
            "41": 2.98,
            "42": -10.2,
            "43": -6.97,
            "44": 5.39,
            "45": -10.18,
            "46": -7.57,
            "47": -6.53,
            "48": -9.87,
            "49": -6.46,
            "50": 2.36,
            "51": -8.23,
            "52": 3.06,
            "53": -0.09,
            "54": 6.42,
            "55": -0.32,
            "56": 10.05,
            "57": 1.63,
            "58": -0.18
        },
        "12": {
            "0": 4.1,
            "1": -5.24,
            "2": 2.01,
            "3": 1.89,
            "4": 9.57,
            "5": 9.02,
            "6": -6.66,
            "7": -5.57,
            "8": -0.68,
            "9": 1.61,
            "10": -0.91,
            "11": 11.87,
            "13": 4.3,
            "14": -1.8,
            "15": -8.51,
            "16": 7.15,
            "17": 6.68,
            "18": 8.48,
            "19": -5.44,
            "20": 7.35,
            "21": 8.97,
            "22": 3.11,
            "23": -1.89,
            "24": 5.63,
            "25": 9.17,
            "26": 9.57,
            "27": -11.53,
            "28": 11.73,
            "29": 2.81,
            "30": -4.22,
            "31": -11.93,
            "32": -8.85,
            "33": -8.94,
            "34": 3.88,
            "35": 7.51,
            "36": -1.38,
            "37": -11.24,
            "38": -11.21,
            "39": 1.26,
            "40": -0.29,
            "41": 5.37,
            "42": 0.11,
            "43": -3.59,
            "44": 8.81,
            "45": 5.33,
            "46": -3.7,
            "47": 10.16,
            "48": 0.04,
            "49": 11.68,
            "50": -4.09,
            "51": -3.44,
            "52": -2.48,
            "53": -2.92,
            "54": 4.04,
            "55": 10.79,
            "56": 4.77,
            "57": -6.7,
            "58": -6.7
        },
        "13": {
            "0": -10.95,
            "1": -4.84,
            "2": 3.81,
            "3": -5.17,
            "4": -11.82,
            "5": -9.85,
            "6": 11.69,
            "7": -10.03,
            "8": 0.49,
            "9": 6.96,
            "10": 4.37,
            "11": 9.51,
            "12": 4.3,
            "14": 2.18,
            "15": -7.0,
            "16": 3.27,
            "17": 3.78,
            "18": 11.13,
            "19": 0.73,
            "20": -2.42,
            "21": 6.42,
            "22": 1.6,
            "23": 1.64,
            "24": 10.58,
            "25": 3.8,
            "26": 4.98,
            "27": 11.47,
            "28": 11.64,
            "29": 0.91,
            "30": 7.41,
            "31": 11.18,
            "32": -4.67,
            "33": -8.6,
            "34": 10.09,
            "35": -7.29,
            "36": -7.44,
            "37": 10.87,
            "38": 7.86,
            "39": 3.13,
            "40": -8.38,
            "41": 7.29,
            "42": -5.91,
            "43": -2.46,
            "44": -9.59,
            "45": -11.39,
            "46": -8.7,
            "47": -8.22,
            "48": -2.71,
            "49": -2.31,
            "50": -4.07,
            "51": 11.55,
            "52": -9.55,
            "53": 3.99,
            "54": 3.84,
            "55": 5.73,
            "56": -3.0,
            "57": -5.69,
            "58": 8.41
        },
        "14": {
            "0": 0.71,
            "1": 8.19,
            "2": 3.27,
            "3": -5.34,
            "4": 11.78,
            "5": -9.98,
            "6": 2.84,
            "7": -6.76,
            "8": 8.39,
            "9": -10.95,
            "10": -3.99,
            "11": -0.25,
            "12": -1.8,
            "13": 2.18,
            "15": 0.71,
            "16": -8.52,
            "17": -1.39,
            "18": 8.19,
            "19": 6.37,
            "20": 0.38,
            "21": 4.24,
            "22": -6.18,
            "23": 0.6,
            "24": -5.38,
            "25": 1.64,
            "26": -1.48,
            "27": -9.68,
            "28": -2.69,
            "29": -7.08,
            "30": 1.88,
            "31": -10.22,
            "32": -6.99,
            "33": -4.82,
            "34": 3.31,
            "35": 11.53,
            "36": 8.58,
            "37": -5.55,
            "38": 1.77,
            "39": -6.71,
            "40": -0.99,
            "41": -11.65,
            "42": 8.03,
            "43": 10.15,
            "44": -5.54,
            "45": -2.06,
            "46": -8.7,
            "47": 3.33,
            "48": -4.05,
            "49": -0.79,
            "50": 11.96,
            "51": -3.26,
            "52": 8.33,
            "53": -4.58,
            "54": -8.57,
            "55": -11.24,
            "56": -3.0,
            "57": -1.79,
            "58": -5.69
        },
        "15": {
            "0": 10.85,
            "1": -4.66,
            "2": 4.26,
            "3": 10.84,
            "4": 0.24,
            "5": -4.13,
            "6": -3.09,
            "7": 1.89,
            "8": -7.6,
            "9": -5.46,
            "10": 5.7,
            "11": -2.94,
            "12": -8.51,
            "13": -7.0,
            "14": 0.71,
            "16": -3.07,
            "17": 0.27,
            "18": 8.67,
            "19": -1.97,
            "20": -1.0,
            "21": -6.44,
            "22": -10.34,
            "23": 8.19,
            "24": 3.76,
            "25": 6.46,
            "26": 9.28,
            "27": -9.67,
            "28": -3.97,
            "29": 6.79,
            "30": 8.34,
            "31": 7.83,
            "32": 2.25,
            "33": -7.8,
            "34": -11.7,
            "35": -6.12,
            "36": 9.29,
            "37": -11.49,
            "38": -6.68,
            "39": 0.41,
            "40": -9.56,
            "41": -9.42,
            "42": -6.39,
            "43": 7.84,
            "44": 2.6,
            "45": -5.45,
            "46": -8.16,
            "47": -0.0,
            "48": 0.18,
            "49": -7.75,
            "50": -8.72,
            "51": -0.81,
            "52": 10.65,
            "53": -2.45,
            "54": -6.23,
            "55": 4.83,
            "56": -0.23,
            "57": 7.13,
            "58": -2.99
        },
        "16": {
            "0": 7.61,
            "1": 10.62,
            "2": 6.94,
            "3": -10.39,
            "4": 0.28,
            "5": -0.81,
            "6": 3.16,
            "7": 0.54,
            "8": 11.46,
            "9": 1.68,
            "10": -0.71,
            "11": -11.06,
            "12": 7.15,
            "13": 3.27,
            "14": -8.52,
            "15": -3.07,
            "17": 6.95,
            "18": 11.62,
            "19": -4.41,
            "20": 4.6,
            "21": -5.74,
            "22": -7.99,
            "23": 8.86,
            "24": 10.3,
            "25": 6.2,
            "26": -4.34,
            "27": -10.6,
            "28": 5.71,
            "29": 10.89,
            "30": 3.19,
            "31": -7.85,
            "32": 11.15,
            "33": -8.35,
            "34": -10.82,
            "35": -10.63,
            "36": 3.64,
            "37": 7.63,
            "38": 10.43,
            "39": 10.99,
            "40": 6.37,
            "41": 6.86,
            "42": -10.13,
            "43": -2.99,
            "44": -2.67,
            "45": 6.16,
            "46": 2.41,
            "47": -5.28,
            "48": 2.51,
            "49": -7.61,
            "50": -9.56,
            "51": 7.56,
            "52": -2.65,
            "53": 8.73,
            "54": -11.17,
            "55": 9.22,
            "56": 3.12,
            "57": 0.67,
            "58": -7.98
        },
        "17": {
            "0": -8.23,
            "1": 3.12,
            "2": -8.48,
            "3": 11.63,
            "4": -6.85,
            "5": 3.86,
            "6": -0.05,
            "7": -1.07,
            "8": -0.24,
            "9": -4.96,
            "10": 5.59,
            "11": -9.14,
            "12": 6.68,
            "13": 3.78,
            "14": -1.39,
            "15": 0.27,
            "16": 6.95,
            "18": -2.57,
            "19": 4.65,
            "20": 8.45,
            "21": 10.51,
            "22": -8.24,
            "23": 1.24,
            "24": 6.63,
            "25": -10.02,
            "26": 9.21,
            "27": 6.61,
            "28": -10.13,
            "29": -5.69,
            "30": -9.36,
            "31": 11.21,
            "32": -5.72,
            "33": 10.88,
            "34": 6.89,
            "35": 11.59,
            "36": -0.25,
            "37": -4.92,
            "38": 7.86,
            "39": 3.26,
            "40": -2.99,
            "41": -2.67,
            "42": -2.58,
            "43": -4.26,
            "44": 11.22,
            "45": -8.98,
            "46": 4.38,
            "47": -11.77,
            "48": -3.02,
            "49": -6.65,
            "50": -1.3,
            "51": 0.63,
            "52": -1.84,
            "53": -3.95,
            "54": -10.42,
            "55": 3.34,
            "56": -4.06,
            "57": 7.46,
            "58": 7.44
        },
        "18": {
            "0": -5.21,
            "1": -5.44,
            "2": -2.06,
            "3": 11.11,
            "4": -3.49,
            "5": 1.81,
            "6": -10.66,
            "7": -5.76,
            "8": -6.09,
            "9": -11.42,
            "10": -10.18,
            "11": -1.41,
            "12": 8.48,
            "13": 11.13,
            "14": 8.19,
            "15": 8.67,
            "16": 11.62,
            "17": -2.57,
            "19": 3.69,
            "20": 2.42,
            "21": 10.46,
            "22": -3.22,
            "23": -6.16,
            "24": -0.11,
            "25": -10.75,
            "26": -2.81,
            "27": -10.78,
            "28": 3.17,
            "29": -10.54,
            "30": 0.7,
            "31": -5.72,
            "32": 0.18,
            "33": 0.47,
            "34": 11.33,
            "35": 7.49,
            "36": 8.24,
            "37": -6.67,
            "38": -1.89,
            "39": -9.68,
            "40": 8.94,
            "41": 4.85,
            "42": 1.06,
            "43": 4.68,
            "44": 3.33,
            "45": -5.48,
            "46": 11.95,
            "47": -11.03,
            "48": 1.06,
            "49": 5.77,
            "50": 10.53,
            "51": 3.35,
            "52": -6.34,
            "53": -10.15,
            "54": -8.21,
            "55": 11.68,
            "56": 1.28,
            "57": -10.58,
            "58": 9.8
        },
        "19": {
            "0": -9.92,
            "1": 6.4,
            "2": 2.81,
            "3": -4.67,
            "4": 9.18,
            "5": 9.5,
            "6": 10.65,
            "7": 6.27,
            "8": 3.46,
            "9": -6.48,
            "10": -9.52,
            "11": -7.43,
            "12": -5.44,
            "13": 0.73,
            "14": 6.37,
            "15": -1.97,
            "16": -4.41,
            "17": 4.65,
            "18": 3.69,
            "20": 3.69,
            "21": -1.31,
            "22": -3.82,
            "23": 6.96,
            "24": 3.62,
            "25": 8.12,
            "26": -10.22,
            "27": 3.32,
            "28": -7.3,
            "29": 4.28,
            "30": -6.8,
            "31": -10.27,
            "32": -8.01,
            "33": -1.25,
            "34": 0.65,
            "35": -2.3,
            "36": 10.63,
            "37": 10.94,
            "38": 6.2,
            "39": -8.51,
            "40": -8.65,
            "41": -7.76,
            "42": -10.22,
            "43": 10.63,
            "44": -4.56,
            "45": -9.49,
            "46": 3.46,
            "47": 0.8,
            "48": -8.74,
            "49": 6.36,
            "50": 9.94,
            "51": 7.56,
            "52": -3.81,
            "53": -2.59,
            "54": -3.94,
            "55": 1.35,
            "56": -3.48,
            "57": 0.93,
            "58": -1.16
        },
        "20": {
            "0": -1.69,
            "1": -5.1,
            "2": 3.82,
            "3": -10.52,
            "4": -7.52,
            "5": 5.07,
            "6": 1.62,
            "7": 10.35,
            "8": 9.83,
            "9": -3.93,
            "10": 1.16,
            "11": 10.64,
            "12": 7.35,
            "13": -2.42,
            "14": 0.38,
            "15": -1.0,
            "16": 4.6,
            "17": 8.45,
            "18": 2.42,
            "19": 3.69,
            "21": -4.99,
            "22": 1.31,
            "23": -9.5,
            "24": -10.52,
            "25": -7.45,
            "26": -7.85,
            "27": 9.09,
            "28": -0.12,
            "29": -7.77,
            "30": 5.36,
            "31": -2.68,
            "32": 2.49,
            "33": 7.95,
            "34": -6.15,
            "35": -4.84,
            "36": 5.59,
            "37": -2.49,
            "38": -0.92,
            "39": 5.34,
            "40": 9.93,
            "41": 11.8,
            "42": 3.02,
            "43": 10.02,
            "44": -8.39,
            "45": -3.77,
            "46": -0.55,
            "47": 6.33,
            "48": 9.16,
            "49": -4.85,
            "50": -7.01,
            "51": -5.88,
            "52": 3.82,
            "53": -1.1,
            "54": -3.54,
            "55": -11.95,
            "56": -9.4,
            "57": -1.74,
            "58": 9.44
        },
        "21": {
            "0": -11.88,
            "1": 6.0,
            "2": -11.75,
            "3": 3.15,
            "4": 10.27,
            "5": 2.96,
            "6": 2.23,
            "7": 7.33,
            "8": 10.24,
            "9": 0.21,
            "10": -9.01,
            "11": -6.07,
            "12": 8.97,
            "13": 6.42,
            "14": 4.24,
            "15": -6.44,
            "16": -5.74,
            "17": 10.51,
            "18": 10.46,
            "19": -1.31,
            "20": -4.99,
            "22": 6.41,
            "23": 7.88,
            "24": 6.97,
            "25": -6.76,
            "26": 7.19,
            "27": -4.46,
            "28": 2.56,
            "29": -1.49,
            "30": -7.96,
            "31": -11.86,
            "32": 0.56,
            "33": 8.11,
            "34": 10.98,
            "35": 3.2,
            "36": 3.69,
            "37": 7.85,
            "38": 11.77,
            "39": -7.51,
            "40": 5.13,
            "41": -4.3,
            "42": -11.65,
            "43": -2.33,
            "44": 11.27,
            "45": -6.9,
            "46": -8.21,
            "47": -11.95,
            "48": -10.58,
            "49": -4.14,
            "50": 7.89,
            "51": 8.82,
            "52": 3.75,
            "53": -9.39,
            "54": 6.38,
            "55": -5.19,
            "56": -9.68,
            "57": 8.28,
            "58": -0.07
        },
        "22": {
            "0": 2.66,
            "1": -7.86,
            "2": 3.27,
            "3": 11.79,
            "4": 6.88,
            "5": -0.66,
            "6": -4.34,
            "7": 2.86,
            "8": 11.24,
            "9": -2.33,
            "10": -6.4,
            "11": -0.94,
            "12": 3.11,
            "13": 1.6,
            "14": -6.18,
            "15": -10.34,
            "16": -7.99,
            "17": -8.24,
            "18": -3.22,
            "19": -3.82,
            "20": 1.31,
            "21": 6.41,
            "23": 5.49,
            "24": -2.21,
            "25": -10.38,
            "26": -10.11,
            "27": -9.77,
            "28": 7.97,
            "29": -5.23,
            "30": -7.73,
            "31": 11.61,
            "32": 4.63,
            "33": -0.4,
            "34": 7.53,
            "35": 2.49,
            "36": -11.36,
            "37": 5.64,
            "38": 9.39,
            "39": -11.47,
            "40": -5.41,
            "41": 1.8,
            "42": 7.44,
            "43": 11.46,
            "44": -11.76,
            "45": -11.01,
            "46": -1.62,
            "47": 5.72,
            "48": 1.81,
            "49": 4.33,
            "50": -5.73,
            "51": 4.7,
            "52": -4.54,
            "53": -2.91,
            "54": 2.46,
            "55": -1.4,
            "56": -9.17,
            "57": 7.08,
            "58": -10.91
        },
        "23": {
            "0": -8.72,
            "1": -8.81,
            "2": -3.68,
            "3": 6.53,
            "4": -6.77,
            "5": 0.14,
            "6": 11.8,
            "7": -3.64,
            "8": 7.05,
            "9": 0.3,
            "10": 9.49,
            "11": 4.74,
            "12": -1.89,
            "13": 1.64,
            "14": 0.6,
            "15": 8.19,
            "16": 8.86,
            "17": 1.24,
            "18": -6.16,
            "19": 6.96,
            "20": -9.5,
            "21": 7.88,
            "22": 5.49,
            "24": 6.07,
            "25": 5.69,
            "26": -2.24,
            "27": 11.17,
            "28": -4.15,
            "29": -10.75,
            "30": 11.61,
            "31": 10.25,
            "32": 8.61,
            "33": 10.54,
            "34": 2.65,
            "35": -6.35,
            "36": 3.96,
            "37": 3.64,
            "38": 11.73,
            "39": -3.78,
            "40": 2.71,
            "41": -8.55,
            "42": -10.53,
            "43": -8.85,
            "44": 4.44,
            "45": -11.48,
            "46": -8.86,
            "47": 2.62,
            "48": -10.28,
            "49": 2.89,
            "50": -3.75,
            "51": 1.42,
            "52": -0.55,
            "53": 3.87,
            "54": 8.88,
            "55": -6.18,
            "56": -1.41,
            "57": -6.56,
            "58": -7.84
        },
        "24": {
            "0": -9.27,
            "1": -10.22,
            "2": -6.8,
            "3": -7.31,
            "4": -9.23,
            "5": -2.47,
            "6": -1.5,
            "7": 5.94,
            "8": -7.89,
            "9": -11.71,
            "10": -2.96,
            "11": 10.15,
            "12": 5.63,
            "13": 10.58,
            "14": -5.38,
            "15": 3.76,
            "16": 10.3,
            "17": 6.63,
            "18": -0.11,
            "19": 3.62,
            "20": -10.52,
            "21": 6.97,
            "22": -2.21,
            "23": 6.07,
            "25": -1.68,
            "26": 10.75,
            "27": 7.54,
            "28": -8.83,
            "29": -10.3,
            "30": 9.39,
            "31": -5.15,
            "32": -8.68,
            "33": 11.17,
            "34": -2.85,
            "35": -2.42,
            "36": -0.7,
            "37": 8.47,
            "38": -10.79,
            "39": 1.77,
            "40": 11.51,
            "41": 1.11,
            "42": -0.89,
            "43": 8.06,
            "44": 11.03,
            "45": 11.11,
            "46": 2.35,
            "47": -3.54,
            "48": -7.95,
            "49": 7.59,
            "50": -6.46,
            "51": -11.9,
            "52": 7.46,
            "53": 6.7,
            "54": -1.03,
            "55": 5.31,
            "56": -4.8,
            "57": -8.34,
            "58": 9.86
        },
        "25": {
            "0": 8.26,
            "1": -7.89,
            "2": 5.92,
            "3": -10.93,
            "4": -9.9,
            "5": 1.82,
            "6": -6.31,
            "7": 5.57,
            "8": 8.91,
            "9": -2.25,
            "10": -10.91,
            "11": 7.82,
            "12": 9.17,
            "13": 3.8,
            "14": 1.64,
            "15": 6.46,
            "16": 6.2,
            "17": -10.02,
            "18": -10.75,
            "19": 8.12,
            "20": -7.45,
            "21": -6.76,
            "22": -10.38,
            "23": 5.69,
            "24": -1.68,
            "26": 9.42,
            "27": 11.22,
            "28": 4.15,
            "29": 1.9,
            "30": 8.48,
            "31": 3.51,
            "32": -1.16,
            "33": -4.65,
            "34": 2.71,
            "35": -4.29,
            "36": -5.32,
            "37": 5.97,
            "38": 6.0,
            "39": -2.09,
            "40": 6.15,
            "41": 9.1,
            "42": 2.17,
            "43": -3.95,
            "44": 4.8,
            "45": 11.64,
            "46": -11.91,
            "47": -0.14,
            "48": 3.02,
            "49": 2.26,
            "50": 8.09,
            "51": -9.5,
            "52": -2.02,
            "53": 0.43,
            "54": -8.78,
            "55": -0.39,
            "56": 0.99,
            "57": 7.34,
            "58": -5.77
        },
        "26": {
            "0": 11.25,
            "1": -2.77,
            "2": 2.51,
            "3": -5.82,
            "4": 7.58,
            "5": -6.94,
            "6": 6.8,
            "7": -4.2,
            "8": -10.44,
            "9": -11.78,
            "10": -2.08,
            "11": 6.04,
            "12": 9.57,
            "13": 4.98,
            "14": -1.48,
            "15": 9.28,
            "16": -4.34,
            "17": 9.21,
            "18": -2.81,
            "19": -10.22,
            "20": -7.85,
            "21": 7.19,
            "22": -10.11,
            "23": -2.24,
            "24": 10.75,
            "25": 9.42,
            "27": 10.43,
            "28": -11.68,
            "29": -4.45,
            "30": 3.08,
            "31": -8.75,
            "32": 11.87,
            "33": -0.09,
            "34": -7.63,
            "35": -8.44,
            "36": 8.75,
            "37": 7.58,
            "38": -11.45,
            "39": 11.53,
            "40": 6.43,
            "41": 9.1,
            "42": -8.92,
            "43": 4.95,
            "44": 3.41,
            "45": -2.27,
            "46": 2.55,
            "47": 4.43,
            "48": -4.2,
            "49": 8.9,
            "50": 10.67,
            "51": -1.31,
            "52": 9.36,
            "53": 10.07,
            "54": -7.99,
            "55": 6.56,
            "56": -9.45,
            "57": -10.18,
            "58": 2.89
        },
        "27": {
            "0": 6.67,
            "1": -2.34,
            "2": 9.2,
            "3": -4.84,
            "4": 9.05,
            "5": 6.51,
            "6": 5.31,
            "7": 5.68,
            "8": -5.0,
            "9": -5.29,
            "10": 7.01,
            "11": 2.47,
            "12": -11.53,
            "13": 11.47,
            "14": -9.68,
            "15": -9.67,
            "16": -10.6,
            "17": 6.61,
            "18": -10.78,
            "19": 3.32,
            "20": 9.09,
            "21": -4.46,
            "22": -9.77,
            "23": 11.17,
            "24": 7.54,
            "25": 11.22,
            "26": 10.43,
            "28": -6.44,
            "29": 2.67,
            "30": 11.09,
            "31": -2.75,
            "32": -11.97,
            "33": -11.03,
            "34": 0.8,
            "35": 2.5,
            "36": -9.42,
            "37": 4.84,
            "38": 11.36,
            "39": -3.97,
            "40": 9.58,
            "41": -0.76,
            "42": 0.76,
            "43": 1.55,
            "44": -10.8,
            "45": -8.97,
            "46": -10.43,
            "47": -6.96,
            "48": -8.52,
            "49": 9.31,
            "50": -11.71,
            "51": -2.9,
            "52": 8.79,
            "53": 7.79,
            "54": 8.73,
            "55": 1.98,
            "56": -11.59,
            "57": 10.78,
            "58": 4.21
        },
        "28": {
            "0": 11.21,
            "1": -2.56,
            "2": -8.18,
            "3": -5.99,
            "4": -11.41,
            "5": -7.74,
            "6": -1.47,
            "7": -3.62,
            "8": 2.44,
            "9": 5.16,
            "10": -1.44,
            "11": 2.04,
            "12": 11.73,
            "13": 11.64,
            "14": -2.69,
            "15": -3.97,
            "16": 5.71,
            "17": -10.13,
            "18": 3.17,
            "19": -7.3,
            "20": -0.12,
            "21": 2.56,
            "22": 7.97,
            "23": -4.15,
            "24": -8.83,
            "25": 4.15,
            "26": -11.68,
            "27": -6.44,
            "29": 6.56,
            "30": 10.71,
            "31": -2.33,
            "32": 3.78,
            "33": 8.8,
            "34": -2.58,
            "35": 0.9,
            "36": -8.89,
            "37": 4.81,
            "38": 2.2,
            "39": -5.88,
            "40": 0.04,
            "41": -9.76,
            "42": -11.09,
            "43": -6.81,
            "44": 3.25,
            "45": 0.96,
            "46": 2.76,
            "47": -9.72,
            "48": -7.82,
            "49": -0.94,
            "50": 5.72,
            "51": 0.01,
            "52": -2.75,
            "53": -5.47,
            "54": -5.03,
            "55": -7.06,
            "56": 10.91,
            "57": 8.45,
            "58": -8.35
        },
        "29": {
            "0": -9.69,
            "1": 11.35,
            "2": -2.44,
            "3": -11.37,
            "4": 6.57,
            "5": 4.11,
            "6": -6.24,
            "7": 5.86,
            "8": -7.21,
            "9": 10.41,
            "10": 9.76,
            "11": 0.67,
            "12": 2.81,
            "13": 0.91,
            "14": -7.08,
            "15": 6.79,
            "16": 10.89,
            "17": -5.69,
            "18": -10.54,
            "19": 4.28,
            "20": -7.77,
            "21": -1.49,
            "22": -5.23,
            "23": -10.75,
            "24": -10.3,
            "25": 1.9,
            "26": -4.45,
            "27": 2.67,
            "28": 6.56,
            "30": 3.32,
            "31": 4.54,
            "32": -4.43,
            "33": -4.3,
            "34": -2.54,
            "35": -4.04,
            "36": -1.05,
            "37": 1.09,
            "38": -5.96,
            "39": -0.17,
            "40": -1.24,
            "41": -11.61,
            "42": 10.53,
            "43": -0.26,
            "44": 7.68,
            "45": 10.09,
            "46": 3.34,
            "47": -3.04,
            "48": 3.85,
            "49": 9.14,
            "50": -9.14,
            "51": 4.12,
            "52": 1.97,
            "53": 8.42,
            "54": 10.49,
            "55": -4.59,
            "56": -11.33,
            "57": 4.12,
            "58": -6.63
        },
        "30": {
            "0": -11.53,
            "1": -0.12,
            "2": 4.56,
            "3": -6.2,
            "4": 2.79,
            "5": -10.32,
            "6": -6.67,
            "7": 3.04,
            "8": -3.63,
            "9": 11.14,
            "10": 11.33,
            "11": -3.6,
            "12": -4.22,
            "13": 7.41,
            "14": 1.88,
            "15": 8.34,
            "16": 3.19,
            "17": -9.36,
            "18": 0.7,
            "19": -6.8,
            "20": 5.36,
            "21": -7.96,
            "22": -7.73,
            "23": 11.61,
            "24": 9.39,
            "25": 8.48,
            "26": 3.08,
            "27": 11.09,
            "28": 10.71,
            "29": 3.32,
            "31": 9.84,
            "32": 11.17,
            "33": -3.32,
            "34": 3.41,
            "35": -7.9,
            "36": -7.1,
            "37": -0.29,
            "38": -10.46,
            "39": -11.9,
            "40": 10.46,
            "41": -0.75,
            "42": 2.61,
            "43": 7.19,
            "44": -9.47,
            "45": -10.56,
            "46": -9.03,
            "47": -6.82,
            "48": 3.15,
            "49": 1.02,
            "50": 7.57,
            "51": 4.45,
            "52": -5.76,
            "53": 0.95,
            "54": -10.03,
            "55": 9.38,
            "56": 10.82,
            "57": -2.18,
            "58": -4.09
        },
        "31": {
            "0": 7.95,
            "1": -5.24,
            "2": -10.29,
            "3": 3.93,
            "4": 7.62,
            "5": -7.31,
            "6": 5.3,
            "7": -5.5,
            "8": -8.29,
            "9": 0.11,
            "10": -10.34,
            "11": 1.45,
            "12": -11.93,
            "13": 11.18,
            "14": -10.22,
            "15": 7.83,
            "16": -7.85,
            "17": 11.21,
            "18": -5.72,
            "19": -10.27,
            "20": -2.68,
            "21": -11.86,
            "22": 11.61,
            "23": 10.25,
            "24": -5.15,
            "25": 3.51,
            "26": -8.75,
            "27": -2.75,
            "28": -2.33,
            "29": 4.54,
            "30": 9.84,
            "32": 7.3,
            "33": -8.39,
            "34": 0.98,
            "35": 0.97,
            "36": 0.97,
            "37": 9.84,
            "38": 1.14,
            "39": -10.36,
            "40": 4.39,
            "41": 4.0,
            "42": 6.61,
            "43": -2.68,
            "44": 8.52,
            "45": -4.85,
            "46": -10.81,
            "47": -2.49,
            "48": 1.0,
            "49": 1.87,
            "50": -10.38,
            "51": 3.72,
            "52": -11.36,
            "53": 7.2,
            "54": 9.19,
            "55": -1.15,
            "56": 2.25,
            "57": -8.58,
            "58": 0.31
        },
        "32": {
            "0": 7.58,
            "1": 9.15,
            "2": -2.99,
            "3": 8.81,
            "4": -11.92,
            "5": 0.56,
            "6": -9.23,
            "7": 6.87,
            "8": 5.48,
            "9": 2.75,
            "10": 5.75,
            "11": 0.69,
            "12": -8.85,
            "13": -4.67,
            "14": -6.99,
            "15": 2.25,
            "16": 11.15,
            "17": -5.72,
            "18": 0.18,
            "19": -8.01,
            "20": 2.49,
            "21": 0.56,
            "22": 4.63,
            "23": 8.61,
            "24": -8.68,
            "25": -1.16,
            "26": 11.87,
            "27": -11.97,
            "28": 3.78,
            "29": -4.43,
            "30": 11.17,
            "31": 7.3,
            "33": 7.8,
            "34": -5.81,
            "35": -11.01,
            "36": 9.35,
            "37": -11.09,
            "38": 0.27,
            "39": 10.11,
            "40": -2.1,
            "41": 0.51,
            "42": 5.68,
            "43": -6.7,
            "44": 2.93,
            "45": -6.1,
            "46": -11.35,
            "47": -9.32,
            "48": -1.96,
            "49": -6.75,
            "50": 11.42,
            "51": -2.64,
            "52": -9.01,
            "53": -11.54,
            "54": -0.99,
            "55": -10.42,
            "56": -3.75,
            "57": 9.06,
            "58": -7.84
        },
        "33": {
            "0": 9.72,
            "1": -2.56,
            "2": 9.34,
            "3": -0.27,
            "4": 3.4,
            "5": 10.08,
            "6": -5.93,
            "7": -11.75,
            "8": -3.68,
            "9": 11.67,
            "10": 6.62,
            "11": -5.09,
            "12": -8.94,
            "13": -8.6,
            "14": -4.82,
            "15": -7.8,
            "16": -8.35,
            "17": 10.88,
            "18": 0.47,
            "19": -1.25,
            "20": 7.95,
            "21": 8.11,
            "22": -0.4,
            "23": 10.54,
            "24": 11.17,
            "25": -4.65,
            "26": -0.09,
            "27": -11.03,
            "28": 8.8,
            "29": -4.3,
            "30": -3.32,
            "31": -8.39,
            "32": 7.8,
            "34": -7.64,
            "35": 8.68,
            "36": -0.56,
            "37": -5.86,
            "38": -3.27,
            "39": -1.14,
            "40": 2.82,
            "41": -8.09,
            "42": 3.99,
            "43": 1.48,
            "44": -8.26,
            "45": 11.21,
            "46": -9.92,
            "47": 8.53,
            "48": 10.39,
            "49": -0.43,
            "50": -0.03,
            "51": -3.8,
            "52": -7.66,
            "53": 11.33,
            "54": -7.38,
            "55": -9.72,
            "56": -11.7,
            "57": 4.92,
            "58": -11.41
        },
        "34": {
            "0": -4.17,
            "1": 0.46,
            "2": -8.61,
            "3": -5.88,
            "4": 2.66,
            "5": 9.2,
            "6": -9.34,
            "7": -3.33,
            "8": -9.75,
            "9": -10.28,
            "10": 0.56,
            "11": 9.08,
            "12": 3.88,
            "13": 10.09,
            "14": 3.31,
            "15": -11.7,
            "16": -10.82,
            "17": 6.89,
            "18": 11.33,
            "19": 0.65,
            "20": -6.15,
            "21": 10.98,
            "22": 7.53,
            "23": 2.65,
            "24": -2.85,
            "25": 2.71,
            "26": -7.63,
            "27": 0.8,
            "28": -2.58,
            "29": -2.54,
            "30": 3.41,
            "31": 0.98,
            "32": -5.81,
            "33": -7.64,
            "35": 5.77,
            "36": 5.81,
            "37": -10.05,
            "38": 7.55,
            "39": 0.99,
            "40": 1.22,
            "41": -1.43,
            "42": 4.2,
            "43": -8.79,
            "44": 8.81,
            "45": -9.22,
            "46": 11.59,
            "47": 2.46,
            "48": 4.26,
            "49": -2.6,
            "50": -6.51,
            "51": -9.03,
            "52": -5.23,
            "53": -10.9,
            "54": -12.0,
            "55": 8.75,
            "56": -5.06,
            "57": 4.86,
            "58": -8.71
        },
        "35": {
            "0": -3.16,
            "1": -1.27,
            "2": -2.04,
            "3": -2.07,
            "4": 2.88,
            "5": -3.37,
            "6": 9.02,
            "7": 0.34,
            "8": -1.93,
            "9": 9.37,
            "10": -5.21,
            "11": -9.84,
            "12": 7.51,
            "13": -7.29,
            "14": 11.53,
            "15": -6.12,
            "16": -10.63,
            "17": 11.59,
            "18": 7.49,
            "19": -2.3,
            "20": -4.84,
            "21": 3.2,
            "22": 2.49,
            "23": -6.35,
            "24": -2.42,
            "25": -4.29,
            "26": -8.44,
            "27": 2.5,
            "28": 0.9,
            "29": -4.04,
            "30": -7.9,
            "31": 0.97,
            "32": -11.01,
            "33": 8.68,
            "34": 5.77,
            "36": -6.88,
            "37": 4.29,
            "38": -10.39,
            "39": -10.29,
            "40": 4.23,
            "41": -5.07,
            "42": 4.97,
            "43": 5.53,
            "44": 10.72,
            "45": -5.13,
            "46": -7.37,
            "47": -7.7,
            "48": 6.15,
            "49": 11.42,
            "50": 5.64,
            "51": 4.93,
            "52": -3.28,
            "53": 5.26,
            "54": -9.53,
            "55": -7.11,
            "56": 11.19,
            "57": 7.12,
            "58": -10.28
        },
        "36": {
            "0": -5.9,
            "1": 11.9,
            "2": 0.7,
            "3": -4.58,
            "4": -1.95,
            "5": -9.68,
            "6": -0.93,
            "7": -11.15,
            "8": -5.62,
            "9": 8.7,
            "10": -6.76,
            "11": -8.93,
            "12": -1.38,
            "13": -7.44,
            "14": 8.58,
            "15": 9.29,
            "16": 3.64,
            "17": -0.25,
            "18": 8.24,
            "19": 10.63,
            "20": 5.59,
            "21": 3.69,
            "22": -11.36,
            "23": 3.96,
            "24": -0.7,
            "25": -5.32,
            "26": 8.75,
            "27": -9.42,
            "28": -8.89,
            "29": -1.05,
            "30": -7.1,
            "31": 0.97,
            "32": 9.35,
            "33": -0.56,
            "34": 5.81,
            "35": -6.88,
            "37": -9.22,
            "38": 3.07,
            "39": -9.8,
            "40": 10.54,
            "41": 0.76,
            "42": 6.16,
            "43": 6.11,
            "44": 10.81,
            "45": 3.84,
            "46": -1.7,
            "47": 9.53,
            "48": -0.61,
            "49": -9.89,
            "50": -4.75,
            "51": -8.72,
            "52": 4.38,
            "53": -3.23,
            "54": 1.85,
            "55": -2.45,
            "56": 11.68,
            "57": -11.55,
            "58": 6.6
        },
        "37": {
            "0": 8.7,
            "1": 1.2,
            "2": 5.13,
            "3": 10.53,
            "4": -9.5,
            "5": -8.6,
            "6": 10.96,
            "7": 7.67,
            "8": -2.93,
            "9": 7.3,
            "10": 10.26,
            "11": -4.24,
            "12": -11.24,
            "13": 10.87,
            "14": -5.55,
            "15": -11.49,
            "16": 7.63,
            "17": -4.92,
            "18": -6.67,
            "19": 10.94,
            "20": -2.49,
            "21": 7.85,
            "22": 5.64,
            "23": 3.64,
            "24": 8.47,
            "25": 5.97,
            "26": 7.58,
            "27": 4.84,
            "28": 4.81,
            "29": 1.09,
            "30": -0.29,
            "31": 9.84,
            "32": -11.09,
            "33": -5.86,
            "34": -10.05,
            "35": 4.29,
            "36": -9.22,
            "38": -9.71,
            "39": -4.55,
            "40": 7.03,
            "41": -3.2,
            "42": -9.41,
            "43": -5.13,
            "44": 10.64,
            "45": 2.56,
            "46": 7.7,
            "47": 4.88,
            "48": 1.06,
            "49": -6.45,
            "50": -1.31,
            "51": 5.75,
            "52": -8.28,
            "53": 8.93,
            "54": -8.61,
            "55": 3.53,
            "56": 9.26,
            "57": 5.12,
            "58": 4.75
        },
        "38": {
            "0": 9.7,
            "1": 1.43,
            "2": -4.6,
            "3": -1.25,
            "4": 7.41,
            "5": -4.44,
            "6": 2.91,
            "7": -8.63,
            "8": 3.51,
            "9": -1.31,
            "10": 1.73,
            "11": -8.88,
            "12": -11.21,
            "13": 7.86,
            "14": 1.77,
            "15": -6.68,
            "16": 10.43,
            "17": 7.86,
            "18": -1.89,
            "19": 6.2,
            "20": -0.92,
            "21": 11.77,
            "22": 9.39,
            "23": 11.73,
            "24": -10.79,
            "25": 6.0,
            "26": -11.45,
            "27": 11.36,
            "28": 2.2,
            "29": -5.96,
            "30": -10.46,
            "31": 1.14,
            "32": 0.27,
            "33": -3.27,
            "34": 7.55,
            "35": -10.39,
            "36": 3.07,
            "37": -9.71,
            "39": 9.87,
            "40": 2.77,
            "41": -6.0,
            "42": -10.93,
            "43": -6.0,
            "44": -3.83,
            "45": -4.0,
            "46": -10.64,
            "47": 9.91,
            "48": 3.05,
            "49": 1.7,
            "50": 2.51,
            "51": 6.63,
            "52": 9.72,
            "53": -3.53,
            "54": -4.91,
            "55": -4.73,
            "56": -5.84,
            "57": -3.65,
            "58": -7.65
        },
        "39": {
            "0": 11.42,
            "1": 8.66,
            "2": -10.41,
            "3": -7.19,
            "4": 2.12,
            "5": 8.16,
            "6": -0.14,
            "7": 5.77,
            "8": -2.91,
            "9": -5.64,
            "10": 1.36,
            "11": -8.49,
            "12": 1.26,
            "13": 3.13,
            "14": -6.71,
            "15": 0.41,
            "16": 10.99,
            "17": 3.26,
            "18": -9.68,
            "19": -8.51,
            "20": 5.34,
            "21": -7.51,
            "22": -11.47,
            "23": -3.78,
            "24": 1.77,
            "25": -2.09,
            "26": 11.53,
            "27": -3.97,
            "28": -5.88,
            "29": -0.17,
            "30": -11.9,
            "31": -10.36,
            "32": 10.11,
            "33": -1.14,
            "34": 0.99,
            "35": -10.29,
            "36": -9.8,
            "37": -4.55,
            "38": 9.87,
            "40": 1.34,
            "41": -8.07,
            "42": 4.1,
            "43": -0.04,
            "44": -8.29,
            "45": -2.21,
            "46": -10.62,
            "47": 3.77,
            "48": 10.44,
            "49": 9.23,
            "50": 5.18,
            "51": 10.91,
            "52": 8.11,
            "53": 1.29,
            "54": 8.2,
            "55": 4.64,
            "56": 0.3,
            "57": -1.99,
            "58": 2.36
        },
        "40": {
            "0": 7.9,
            "1": -8.58,
            "2": -11.69,
            "3": 0.35,
            "4": -0.51,
            "5": 1.91,
            "6": -9.38,
            "7": 4.73,
            "8": -2.71,
            "9": -5.01,
            "10": -11.52,
            "11": 2.08,
            "12": -0.29,
            "13": -8.38,
            "14": -0.99,
            "15": -9.56,
            "16": 6.37,
            "17": -2.99,
            "18": 8.94,
            "19": -8.65,
            "20": 9.93,
            "21": 5.13,
            "22": -5.41,
            "23": 2.71,
            "24": 11.51,
            "25": 6.15,
            "26": 6.43,
            "27": 9.58,
            "28": 0.04,
            "29": -1.24,
            "30": 10.46,
            "31": 4.39,
            "32": -2.1,
            "33": 2.82,
            "34": 1.22,
            "35": 4.23,
            "36": 10.54,
            "37": 7.03,
            "38": 2.77,
            "39": 1.34,
            "41": -4.48,
            "42": 10.59,
            "43": -7.04,
            "44": -5.81,
            "45": -9.84,
            "46": -5.62,
            "47": -3.39,
            "48": 4.71,
            "49": 8.46,
            "50": 2.21,
            "51": -4.6,
            "52": 7.24,
            "53": -10.83,
            "54": -4.05,
            "55": -6.19,
            "56": -2.32,
            "57": 10.15,
            "58": -5.98
        },
        "41": {
            "0": -5.41,
            "1": -4.7,
            "2": -4.14,
            "3": -3.47,
            "4": 7.19,
            "5": 6.19,
            "6": -8.27,
            "7": 9.05,
            "8": -7.74,
            "9": -4.16,
            "10": -7.54,
            "11": 2.98,
            "12": 5.37,
            "13": 7.29,
            "14": -11.65,
            "15": -9.42,
            "16": 6.86,
            "17": -2.67,
            "18": 4.85,
            "19": -7.76,
            "20": 11.8,
            "21": -4.3,
            "22": 1.8,
            "23": -8.55,
            "24": 1.11,
            "25": 9.1,
            "26": 9.1,
            "27": -0.76,
            "28": -9.76,
            "29": -11.61,
            "30": -0.75,
            "31": 4.0,
            "32": 0.51,
            "33": -8.09,
            "34": -1.43,
            "35": -5.07,
            "36": 0.76,
            "37": -3.2,
            "38": -6.0,
            "39": -8.07,
            "40": -4.48,
            "42": -7.99,
            "43": -2.01,
            "44": -10.51,
            "45": -6.12,
            "46": -0.33,
            "47": 3.62,
            "48": 0.35,
            "49": -4.99,
            "50": 7.82,
            "51": 7.12,
            "52": 4.99,
            "53": -2.29,
            "54": -4.44,
            "55": -7.25,
            "56": -5.42,
            "57": -7.81,
            "58": -5.32
        },
        "42": {
            "0": -4.74,
            "1": 0.62,
            "2": 2.68,
            "3": 3.38,
            "4": -11.58,
            "5": -6.71,
            "6": -7.26,
            "7": -4.47,
            "8": 0.61,
            "9": -5.48,
            "10": -10.25,
            "11": -10.2,
            "12": 0.11,
            "13": -5.91,
            "14": 8.03,
            "15": -6.39,
            "16": -10.13,
            "17": -2.58,
            "18": 1.06,
            "19": -10.22,
            "20": 3.02,
            "21": -11.65,
            "22": 7.44,
            "23": -10.53,
            "24": -0.89,
            "25": 2.17,
            "26": -8.92,
            "27": 0.76,
            "28": -11.09,
            "29": 10.53,
            "30": 2.61,
            "31": 6.61,
            "32": 5.68,
            "33": 3.99,
            "34": 4.2,
            "35": 4.97,
            "36": 6.16,
            "37": -9.41,
            "38": -10.93,
            "39": 4.1,
            "40": 10.59,
            "41": -7.99,
            "43": -7.59,
            "44": -7.88,
            "45": 6.16,
            "46": 9.12,
            "47": -11.07,
            "48": 3.83,
            "49": -9.91,
            "50": -11.9,
            "51": 5.86,
            "52": -8.15,
            "53": -10.37,
            "54": 4.21,
            "55": -7.77,
            "56": -9.79,
            "57": 7.46,
            "58": -0.71
        },
        "43": {
            "0": 2.88,
            "1": -8.5,
            "2": -8.25,
            "3": -4.18,
            "4": 10.08,
            "5": -3.08,
            "6": -9.4,
            "7": 7.51,
            "8": 0.94,
            "9": -4.98,
            "10": 11.21,
            "11": -6.97,
            "12": -3.59,
            "13": -2.46,
            "14": 10.15,
            "15": 7.84,
            "16": -2.99,
            "17": -4.26,
            "18": 4.68,
            "19": 10.63,
            "20": 10.02,
            "21": -2.33,
            "22": 11.46,
            "23": -8.85,
            "24": 8.06,
            "25": -3.95,
            "26": 4.95,
            "27": 1.55,
            "28": -6.81,
            "29": -0.26,
            "30": 7.19,
            "31": -2.68,
            "32": -6.7,
            "33": 1.48,
            "34": -8.79,
            "35": 5.53,
            "36": 6.11,
            "37": -5.13,
            "38": -6.0,
            "39": -0.04,
            "40": -7.04,
            "41": -2.01,
            "42": -7.59,
            "44": 8.0,
            "45": -5.63,
            "46": 4.76,
            "47": 10.82,
            "48": 2.7,
            "49": -4.7,
            "50": 11.87,
            "51": -0.35,
            "52": 9.91,
            "53": -10.89,
            "54": 10.76,
            "55": 1.13,
            "56": -3.53,
            "57": 4.86,
            "58": 3.67
        },
        "44": {
            "0": -11.77,
            "1": -6.41,
            "2": -10.4,
            "3": -0.94,
            "4": 7.51,
            "5": -3.31,
            "6": -8.92,
            "7": 7.02,
            "8": -10.03,
            "9": -9.9,
            "10": -3.05,
            "11": 5.39,
            "12": 8.81,
            "13": -9.59,
            "14": -5.54,
            "15": 2.6,
            "16": -2.67,
            "17": 11.22,
            "18": 3.33,
            "19": -4.56,
            "20": -8.39,
            "21": 11.27,
            "22": -11.76,
            "23": 4.44,
            "24": 11.03,
            "25": 4.8,
            "26": 3.41,
            "27": -10.8,
            "28": 3.25,
            "29": 7.68,
            "30": -9.47,
            "31": 8.52,
            "32": 2.93,
            "33": -8.26,
            "34": 8.81,
            "35": 10.72,
            "36": 10.81,
            "37": 10.64,
            "38": -3.83,
            "39": -8.29,
            "40": -5.81,
            "41": -10.51,
            "42": -7.88,
            "43": 8.0,
            "45": -10.14,
            "46": 1.69,
            "47": -2.47,
            "48": 10.56,
            "49": 2.82,
            "50": 11.33,
            "51": -3.65,
            "52": -9.27,
            "53": -6.25,
            "54": 8.51,
            "55": 2.92,
            "56": -10.67,
            "57": 8.43,
            "58": 5.07
        },
        "45": {
            "0": -10.78,
            "1": 6.24,
            "2": 8.26,
            "3": -6.38,
            "4": -10.39,
            "5": -1.81,
            "6": 4.11,
            "7": -10.87,
            "8": 6.73,
            "9": 6.04,
            "10": -1.81,
            "11": -10.18,
            "12": 5.33,
            "13": -11.39,
            "14": -2.06,
            "15": -5.45,
            "16": 6.16,
            "17": -8.98,
            "18": -5.48,
            "19": -9.49,
            "20": -3.77,
            "21": -6.9,
            "22": -11.01,
            "23": -11.48,
            "24": 11.11,
            "25": 11.64,
            "26": -2.27,
            "27": -8.97,
            "28": 0.96,
            "29": 10.09,
            "30": -10.56,
            "31": -4.85,
            "32": -6.1,
            "33": 11.21,
            "34": -9.22,
            "35": -5.13,
            "36": 3.84,
            "37": 2.56,
            "38": -4.0,
            "39": -2.21,
            "40": -9.84,
            "41": -6.12,
            "42": 6.16,
            "43": -5.63,
            "44": -10.14,
            "46": -5.41,
            "47": 9.88,
            "48": -11.32,
            "49": -5.52,
            "50": 10.13,
            "51": 11.69,
            "52": 2.04,
            "53": 5.56,
            "54": -11.81,
            "55": 10.4,
            "56": 9.34,
            "57": 10.83,
            "58": -4.68
        },
        "46": {
            "0": 1.8,
            "1": -1.88,
            "2": 2.84,
            "3": -0.44,
            "4": 0.94,
            "5": -0.98,
            "6": -7.83,
            "7": -2.09,
            "8": -7.37,
            "9": -7.34,
            "10": 10.09,
            "11": -7.57,
            "12": -3.7,
            "13": -8.7,
            "14": -8.7,
            "15": -8.16,
            "16": 2.41,
            "17": 4.38,
            "18": 11.95,
            "19": 3.46,
            "20": -0.55,
            "21": -8.21,
            "22": -1.62,
            "23": -8.86,
            "24": 2.35,
            "25": -11.91,
            "26": 2.55,
            "27": -10.43,
            "28": 2.76,
            "29": 3.34,
            "30": -9.03,
            "31": -10.81,
            "32": -11.35,
            "33": -9.92,
            "34": 11.59,
            "35": -7.37,
            "36": -1.7,
            "37": 7.7,
            "38": -10.64,
            "39": -10.62,
            "40": -5.62,
            "41": -0.33,
            "42": 9.12,
            "43": 4.76,
            "44": 1.69,
            "45": -5.41,
            "47": -10.01,
            "48": -2.03,
            "49": 5.84,
            "50": 1.49,
            "51": -8.93,
            "52": -1.56,
            "53": 3.58,
            "54": -8.8,
            "55": -7.33,
            "56": 8.07,
            "57": -6.42,
            "58": 5.01
        },
        "47": {
            "0": 9.04,
            "1": -2.32,
            "2": 8.58,
            "3": -2.57,
            "4": 9.0,
            "5": 8.95,
            "6": -9.58,
            "7": -11.48,
            "8": -7.97,
            "9": 0.73,
            "10": 9.12,
            "11": -6.53,
            "12": 10.16,
            "13": -8.22,
            "14": 3.33,
            "15": -0.0,
            "16": -5.28,
            "17": -11.77,
            "18": -11.03,
            "19": 0.8,
            "20": 6.33,
            "21": -11.95,
            "22": 5.72,
            "23": 2.62,
            "24": -3.54,
            "25": -0.14,
            "26": 4.43,
            "27": -6.96,
            "28": -9.72,
            "29": -3.04,
            "30": -6.82,
            "31": -2.49,
            "32": -9.32,
            "33": 8.53,
            "34": 2.46,
            "35": -7.7,
            "36": 9.53,
            "37": 4.88,
            "38": 9.91,
            "39": 3.77,
            "40": -3.39,
            "41": 3.62,
            "42": -11.07,
            "43": 10.82,
            "44": -2.47,
            "45": 9.88,
            "46": -10.01,
            "48": 3.77,
            "49": 1.08,
            "50": 11.46,
            "51": -0.66,
            "52": -0.1,
            "53": -5.34,
            "54": 8.2,
            "55": -3.27,
            "56": -0.65,
            "57": 3.23,
            "58": -9.41
        },
        "48": {
            "0": -4.9,
            "1": -8.23,
            "2": 10.06,
            "3": -8.49,
            "4": 1.26,
            "5": -5.9,
            "6": 4.18,
            "7": -2.31,
            "8": 11.22,
            "9": 2.77,
            "10": 11.35,
            "11": -9.87,
            "12": 0.04,
            "13": -2.71,
            "14": -4.05,
            "15": 0.18,
            "16": 2.51,
            "17": -3.02,
            "18": 1.06,
            "19": -8.74,
            "20": 9.16,
            "21": -10.58,
            "22": 1.81,
            "23": -10.28,
            "24": -7.95,
            "25": 3.02,
            "26": -4.2,
            "27": -8.52,
            "28": -7.82,
            "29": 3.85,
            "30": 3.15,
            "31": 1.0,
            "32": -1.96,
            "33": 10.39,
            "34": 4.26,
            "35": 6.15,
            "36": -0.61,
            "37": 1.06,
            "38": 3.05,
            "39": 10.44,
            "40": 4.71,
            "41": 0.35,
            "42": 3.83,
            "43": 2.7,
            "44": 10.56,
            "45": -11.32,
            "46": -2.03,
            "47": 3.77,
            "49": 1.29,
            "50": -1.21,
            "51": 2.61,
            "52": 9.93,
            "53": -2.64,
            "54": -4.22,
            "55": 6.09,
            "56": -1.32,
            "57": 9.14,
            "58": 9.42
        },
        "49": {
            "0": 10.1,
            "1": 8.56,
            "2": -8.2,
            "3": -10.93,
            "4": 5.29,
            "5": -2.53,
            "6": 0.76,
            "7": -4.73,
            "8": 1.75,
            "9": -0.98,
            "10": 11.75,
            "11": -6.46,
            "12": 11.68,
            "13": -2.31,
            "14": -0.79,
            "15": -7.75,
            "16": -7.61,
            "17": -6.65,
            "18": 5.77,
            "19": 6.36,
            "20": -4.85,
            "21": -4.14,
            "22": 4.33,
            "23": 2.89,
            "24": 7.59,
            "25": 2.26,
            "26": 8.9,
            "27": 9.31,
            "28": -0.94,
            "29": 9.14,
            "30": 1.02,
            "31": 1.87,
            "32": -6.75,
            "33": -0.43,
            "34": -2.6,
            "35": 11.42,
            "36": -9.89,
            "37": -6.45,
            "38": 1.7,
            "39": 9.23,
            "40": 8.46,
            "41": -4.99,
            "42": -9.91,
            "43": -4.7,
            "44": 2.82,
            "45": -5.52,
            "46": 5.84,
            "47": 1.08,
            "48": 1.29,
            "50": -2.33,
            "51": 1.23,
            "52": 4.68,
            "53": 5.43,
            "54": 1.45,
            "55": 3.87,
            "56": -11.39,
            "57": -4.7,
            "58": -11.19
        },
        "50": {
            "0": -0.87,
            "1": 8.64,
            "2": 11.17,
            "3": 10.45,
            "4": -0.56,
            "5": -6.99,
            "6": 11.9,
            "7": -8.47,
            "8": -1.35,
            "9": 1.74,
            "10": -7.88,
            "11": 2.36,
            "12": -4.09,
            "13": -4.07,
            "14": 11.96,
            "15": -8.72,
            "16": -9.56,
            "17": -1.3,
            "18": 10.53,
            "19": 9.94,
            "20": -7.01,
            "21": 7.89,
            "22": -5.73,
            "23": -3.75,
            "24": -6.46,
            "25": 8.09,
            "26": 10.67,
            "27": -11.71,
            "28": 5.72,
            "29": -9.14,
            "30": 7.57,
            "31": -10.38,
            "32": 11.42,
            "33": -0.03,
            "34": -6.51,
            "35": 5.64,
            "36": -4.75,
            "37": -1.31,
            "38": 2.51,
            "39": 5.18,
            "40": 2.21,
            "41": 7.82,
            "42": -11.9,
            "43": 11.87,
            "44": 11.33,
            "45": 10.13,
            "46": 1.49,
            "47": 11.46,
            "48": -1.21,
            "49": -2.33,
            "51": -3.23,
            "52": -5.87,
            "53": -9.55,
            "54": 0.74,
            "55": 11.17,
            "56": -6.36,
            "57": 10.77,
            "58": 11.58
        },
        "51": {
            "0": -9.33,
            "1": -6.67,
            "2": -10.18,
            "3": -5.94,
            "4": 0.48,
            "5": 5.03,
            "6": 10.48,
            "7": 9.82,
            "8": -8.5,
            "9": 1.89,
            "10": 10.66,
            "11": -8.23,
            "12": -3.44,
            "13": 11.55,
            "14": -3.26,
            "15": -0.81,
            "16": 7.56,
            "17": 0.63,
            "18": 3.35,
            "19": 7.56,
            "20": -5.88,
            "21": 8.82,
            "22": 4.7,
            "23": 1.42,
            "24": -11.9,
            "25": -9.5,
            "26": -1.31,
            "27": -2.9,
            "28": 0.01,
            "29": 4.12,
            "30": 4.45,
            "31": 3.72,
            "32": -2.64,
            "33": -3.8,
            "34": -9.03,
            "35": 4.93,
            "36": -8.72,
            "37": 5.75,
            "38": 6.63,
            "39": 10.91,
            "40": -4.6,
            "41": 7.12,
            "42": 5.86,
            "43": -0.35,
            "44": -3.65,
            "45": 11.69,
            "46": -8.93,
            "47": -0.66,
            "48": 2.61,
            "49": 1.23,
            "50": -3.23,
            "52": 4.32,
            "53": 1.11,
            "54": -1.22,
            "55": -10.93,
            "56": 11.41,
            "57": 9.7,
            "58": -4.81
        },
        "52": {
            "0": -8.5,
            "1": 11.72,
            "2": 7.35,
            "3": 9.9,
            "4": 2.58,
            "5": -4.87,
            "6": -9.69,
            "7": -10.46,
            "8": 0.27,
            "9": 10.35,
            "10": -11.38,
            "11": 3.06,
            "12": -2.48,
            "13": -9.55,
            "14": 8.33,
            "15": 10.65,
            "16": -2.65,
            "17": -1.84,
            "18": -6.34,
            "19": -3.81,
            "20": 3.82,
            "21": 3.75,
            "22": -4.54,
            "23": -0.55,
            "24": 7.46,
            "25": -2.02,
            "26": 9.36,
            "27": 8.79,
            "28": -2.75,
            "29": 1.97,
            "30": -5.76,
            "31": -11.36,
            "32": -9.01,
            "33": -7.66,
            "34": -5.23,
            "35": -3.28,
            "36": 4.38,
            "37": -8.28,
            "38": 9.72,
            "39": 8.11,
            "40": 7.24,
            "41": 4.99,
            "42": -8.15,
            "43": 9.91,
            "44": -9.27,
            "45": 2.04,
            "46": -1.56,
            "47": -0.1,
            "48": 9.93,
            "49": 4.68,
            "50": -5.87,
            "51": 4.32,
            "53": -2.01,
            "54": 10.39,
            "55": -3.87,
            "56": 11.04,
            "57": 1.19,
            "58": -9.42
        },
        "53": {
            "0": 4.01,
            "1": -2.65,
            "2": -2.86,
            "3": -10.78,
            "4": 11.48,
            "5": 3.01,
            "6": -8.85,
            "7": -8.1,
            "8": -2.73,
            "9": 9.76,
            "10": 8.76,
            "11": -0.09,
            "12": -2.92,
            "13": 3.99,
            "14": -4.58,
            "15": -2.45,
            "16": 8.73,
            "17": -3.95,
            "18": -10.15,
            "19": -2.59,
            "20": -1.1,
            "21": -9.39,
            "22": -2.91,
            "23": 3.87,
            "24": 6.7,
            "25": 0.43,
            "26": 10.07,
            "27": 7.79,
            "28": -5.47,
            "29": 8.42,
            "30": 0.95,
            "31": 7.2,
            "32": -11.54,
            "33": 11.33,
            "34": -10.9,
            "35": 5.26,
            "36": -3.23,
            "37": 8.93,
            "38": -3.53,
            "39": 1.29,
            "40": -10.83,
            "41": -2.29,
            "42": -10.37,
            "43": -10.89,
            "44": -6.25,
            "45": 5.56,
            "46": 3.58,
            "47": -5.34,
            "48": -2.64,
            "49": 5.43,
            "50": -9.55,
            "51": 1.11,
            "52": -2.01,
            "54": -8.03,
            "55": -3.26,
            "56": -9.92,
            "57": -3.05,
            "58": -3.82
        },
        "54": {
            "0": 6.89,
            "1": 5.35,
            "2": 9.61,
            "3": 8.69,
            "4": -6.9,
            "5": 1.56,
            "6": -5.93,
            "7": 2.02,
            "8": -1.5,
            "9": -2.87,
            "10": -3.84,
            "11": 6.42,
            "12": 4.04,
            "13": 3.84,
            "14": -8.57,
            "15": -6.23,
            "16": -11.17,
            "17": -10.42,
            "18": -8.21,
            "19": -3.94,
            "20": -3.54,
            "21": 6.38,
            "22": 2.46,
            "23": 8.88,
            "24": -1.03,
            "25": -8.78,
            "26": -7.99,
            "27": 8.73,
            "28": -5.03,
            "29": 10.49,
            "30": -10.03,
            "31": 9.19,
            "32": -0.99,
            "33": -7.38,
            "34": -12.0,
            "35": -9.53,
            "36": 1.85,
            "37": -8.61,
            "38": -4.91,
            "39": 8.2,
            "40": -4.05,
            "41": -4.44,
            "42": 4.21,
            "43": 10.76,
            "44": 8.51,
            "45": -11.81,
            "46": -8.8,
            "47": 8.2,
            "48": -4.22,
            "49": 1.45,
            "50": 0.74,
            "51": -1.22,
            "52": 10.39,
            "53": -8.03,
            "55": 6.58,
            "56": -8.36,
            "57": 8.51,
            "58": 8.05
        },
        "55": {
            "0": -10.73,
            "1": -2.61,
            "2": 2.32,
            "3": 10.75,
            "4": -4.63,
            "5": -5.74,
            "6": -2.96,
            "7": -7.41,
            "8": -4.54,
            "9": -1.2,
            "10": 8.56,
            "11": -0.32,
            "12": 10.79,
            "13": 5.73,
            "14": -11.24,
            "15": 4.83,
            "16": 9.22,
            "17": 3.34,
            "18": 11.68,
            "19": 1.35,
            "20": -11.95,
            "21": -5.19,
            "22": -1.4,
            "23": -6.18,
            "24": 5.31,
            "25": -0.39,
            "26": 6.56,
            "27": 1.98,
            "28": -7.06,
            "29": -4.59,
            "30": 9.38,
            "31": -1.15,
            "32": -10.42,
            "33": -9.72,
            "34": 8.75,
            "35": -7.11,
            "36": -2.45,
            "37": 3.53,
            "38": -4.73,
            "39": 4.64,
            "40": -6.19,
            "41": -7.25,
            "42": -7.77,
            "43": 1.13,
            "44": 2.92,
            "45": 10.4,
            "46": -7.33,
            "47": -3.27,
            "48": 6.09,
            "49": 3.87,
            "50": 11.17,
            "51": -10.93,
            "52": -3.87,
            "53": -3.26,
            "54": 6.58,
            "56": 3.39,
            "57": -1.86,
            "58": -1.42
        },
        "56": {
            "0": -0.91,
            "1": -4.4,
            "2": -10.96,
            "3": -7.1,
            "4": 8.92,
            "5": -11.22,
            "6": 4.46,
            "7": 9.95,
            "8": 4.89,
            "9": -2.08,
            "10": 9.55,
            "11": 10.05,
            "12": 4.77,
            "13": -3.0,
            "14": -3.0,
            "15": -0.23,
            "16": 3.12,
            "17": -4.06,
            "18": 1.28,
            "19": -3.48,
            "20": -9.4,
            "21": -9.68,
            "22": -9.17,
            "23": -1.41,
            "24": -4.8,
            "25": 0.99,
            "26": -9.45,
            "27": -11.59,
            "28": 10.91,
            "29": -11.33,
            "30": 10.82,
            "31": 2.25,
            "32": -3.75,
            "33": -11.7,
            "34": -5.06,
            "35": 11.19,
            "36": 11.68,
            "37": 9.26,
            "38": -5.84,
            "39": 0.3,
            "40": -2.32,
            "41": -5.42,
            "42": -9.79,
            "43": -3.53,
            "44": -10.67,
            "45": 9.34,
            "46": 8.07,
            "47": -0.65,
            "48": -1.32,
            "49": -11.39,
            "50": -6.36,
            "51": 11.41,
            "52": 11.04,
            "53": -9.92,
            "54": -8.36,
            "55": 3.39,
            "57": -8.87,
            "58": -0.62
        },
        "57": {
            "0": 10.08,
            "1": 11.22,
            "2": 10.81,
            "3": -4.98,
            "4": 7.3,
            "5": 2.78,
            "6": 7.96,
            "7": -4.75,
            "8": -1.31,
            "9": 4.08,
            "10": -1.53,
            "11": 1.63,
            "12": -6.7,
            "13": -5.69,
            "14": -1.79,
            "15": 7.13,
            "16": 0.67,
            "17": 7.46,
            "18": -10.58,
            "19": 0.93,
            "20": -1.74,
            "21": 8.28,
            "22": 7.08,
            "23": -6.56,
            "24": -8.34,
            "25": 7.34,
            "26": -10.18,
            "27": 10.78,
            "28": 8.45,
            "29": 4.12,
            "30": -2.18,
            "31": -8.58,
            "32": 9.06,
            "33": 4.92,
            "34": 4.86,
            "35": 7.12,
            "36": -11.55,
            "37": 5.12,
            "38": -3.65,
            "39": -1.99,
            "40": 10.15,
            "41": -7.81,
            "42": 7.46,
            "43": 4.86,
            "44": 8.43,
            "45": 10.83,
            "46": -6.42,
            "47": 3.23,
            "48": 9.14,
            "49": -4.7,
            "50": 10.77,
            "51": 9.7,
            "52": 1.19,
            "53": -3.05,
            "54": 8.51,
            "55": -1.86,
            "56": -8.87,
            "58": 1.86
        },
        "58": {
            "0": -10.66,
            "1": -0.55,
            "2": -4.06,
            "3": -4.18,
            "4": -4.43,
            "5": 11.0,
            "6": -11.42,
            "7": -0.68,
            "8": 7.5,
            "9": 0.08,
            "10": 7.34,
            "11": -0.18,
            "12": -6.7,
            "13": 8.41,
            "14": -5.69,
            "15": -2.99,
            "16": -7.98,
            "17": 7.44,
            "18": 9.8,
            "19": -1.16,
            "20": 9.44,
            "21": -0.07,
            "22": -10.91,
            "23": -7.84,
            "24": 9.86,
            "25": -5.77,
            "26": 2.89,
            "27": 4.21,
            "28": -8.35,
            "29": -6.63,
            "30": -4.09,
            "31": 0.31,
            "32": -7.84,
            "33": -11.41,
            "34": -8.71,
            "35": -10.28,
            "36": 6.6,
            "37": 4.75,
            "38": -7.65,
            "39": 2.36,
            "40": -5.98,
            "41": -5.32,
            "42": -0.71,
            "43": 3.67,
            "44": 5.07,
            "45": -4.68,
            "46": 5.01,
            "47": -9.41,
            "48": 9.42,
            "49": -11.19,
            "50": 11.58,
            "51": -4.81,
            "52": -9.42,
            "53": -3.82,
            "54": 8.05,
            "55": -1.42,
            "56": -0.62,
            "57": 1.86
        }
    }
}