{
    "knapsack_size": 8000,
    "Gamma": 19,
    "n_items": 41,
    "costs": {
        "0": {
            "l": 64.26,
            "a": 177.74,
            "u": 185.83
        },
        "1": {
            "l": 43.04,
            "a": 50.35,
            "u": 119.25
        },
        "2": {
            "l": 39.24,
            "a": 137.43,
            "u": 182.89
        },
        "3": {
            "l": 42.52,
            "a": 68.43,
            "u": 146.37
        },
        "4": {
            "l": 21.49,
            "a": 78.49,
            "u": 148.56
        },
        "5": {
            "l": 58.94,
            "a": 74.18,
            "u": 103.91
        },
        "6": {
            "l": 19.57,
            "a": 142.44,
            "u": 143.61
        },
        "7": {
            "l": 59.8,
            "a": 73.9,
            "u": 195.83
        },
        "8": {
            "l": 34.96,
            "a": 113.43,
            "u": 169.7
        },
        "9": {
            "l": 37.04,
            "a": 64.53,
            "u": 94.0
        },
        "10": {
            "l": 77.38,
            "a": 123.44,
            "u": 128.24
        },
        "11": {
            "l": 89.4,
            "a": 166.06,
            "u": 183.28
        },
        "12": {
            "l": 66.46,
            "a": 90.39,
            "u": 177.64
        },
        "13": {
            "l": 63.69,
            "a": 185.94,
            "u": 191.93
        },
        "14": {
            "l": 58.87,
            "a": 125.38,
            "u": 176.01
        },
        "15": {
            "l": 33.15,
            "a": 101.56,
            "u": 199.48
        },
        "16": {
            "l": 64.66,
            "a": 147.87,
            "u": 187.82
        },
        "17": {
            "l": 12.22,
            "a": 176.26,
            "u": 189.99
        },
        "18": {
            "l": 14.07,
            "a": 18.9,
            "u": 64.66
        },
        "19": {
            "l": 6.19,
            "a": 38.04,
            "u": 172.8
        },
        "20": {
            "l": 5.39,
            "a": 49.0,
            "u": 148.63
        },
        "21": {
            "l": 39.51,
            "a": 82.46,
            "u": 187.57
        },
        "22": {
            "l": 10.0,
            "a": 16.89,
            "u": 199.85
        },
        "23": {
            "l": 62.77,
            "a": 81.65,
            "u": 166.23
        },
        "24": {
            "l": 91.59,
            "a": 154.09,
            "u": 175.29
        },
        "25": {
            "l": 3.22,
            "a": 172.42,
            "u": 199.52
        },
        "26": {
            "l": 35.67,
            "a": 93.29,
            "u": 124.74
        },
        "27": {
            "l": 93.19,
            "a": 126.33,
            "u": 153.7
        },
        "28": {
            "l": 99.93,
            "a": 130.35,
            "u": 195.13
        },
        "29": {
            "l": 7.36,
            "a": 21.86,
            "u": 154.27
        },
        "30": {
            "l": 94.42,
            "a": 130.23,
            "u": 183.89
        },
        "31": {
            "l": 18.26,
            "a": 60.9,
            "u": 88.65
        },
        "32": {
            "l": 59.39,
            "a": 187.22,
            "u": 192.08
        },
        "33": {
            "l": 47.9,
            "a": 144.96,
            "u": 188.86
        },
        "34": {
            "l": 88.99,
            "a": 98.59,
            "u": 131.43
        },
        "35": {
            "l": 74.52,
            "a": 184.22,
            "u": 195.7
        },
        "36": {
            "l": 90.65,
            "a": 178.7,
            "u": 181.19
        },
        "37": {
            "l": 18.55,
            "a": 191.58,
            "u": 196.55
        },
        "38": {
            "l": 11.8,
            "a": 192.35,
            "u": 194.53
        },
        "39": {
            "l": 48.87,
            "a": 178.55,
            "u": 183.96
        },
        "40": {
            "l": 36.43,
            "a": 163.85,
            "u": 198.88
        }
    },
    "profits": {
        "0": 201.04,
        "1": 151.13,
        "2": 275.3,
        "3": 261.38,
        "4": 264.02,
        "5": 146.69,
        "6": 177.21,
        "7": 236.83,
        "8": 186.36,
        "9": 207.14,
        "10": 150.22,
        "11": 202.67,
        "12": 240.62,
        "13": 224.83,
        "14": 272.37,
        "15": 256.04,
        "16": 202.94,
        "17": 196.79,
        "18": 191.84,
        "19": 192.88,
        "20": 253.42,
        "21": 195.27,
        "22": 207.84,
        "23": 271.29,
        "24": 285.83,
        "25": 287.78,
        "26": 220.13,
        "27": 249.5,
        "28": 278.78,
        "29": 196.97,
        "30": 268.71,
        "31": 135.16,
        "32": 276.78,
        "33": 196.5,
        "34": 187.23,
        "35": 213.32,
        "36": 230.19,
        "37": 256.62,
        "38": 279.56,
        "39": 295.98,
        "40": 234.79
    },
    "synergies": {
        "0": {
            "1": 40.19,
            "2": 16.6,
            "3": -24.2,
            "4": 11.81,
            "5": -32.0,
            "6": -20.2,
            "7": -30.36,
            "8": 16.57,
            "9": 20.91,
            "10": -36.93,
            "11": -15.86,
            "12": -41.09,
            "13": -15.59,
            "14": 29.63,
            "15": 15.88,
            "16": -46.13,
            "17": -29.03,
            "18": 48.01,
            "19": -11.27,
            "20": -36.71,
            "21": 25.77,
            "22": 1.01,
            "23": 15.82,
            "24": -21.82,
            "25": 19.79,
            "26": -31.71,
            "27": -21.28,
            "28": 48.47,
            "29": -21.64,
            "30": 20.02,
            "31": 37.76,
            "32": -45.58,
            "33": 30.63,
            "34": 32.92,
            "35": -0.7,
            "36": 25.55,
            "37": -22.02,
            "38": -0.75,
            "39": -29.41,
            "40": 42.26
        },
        "1": {
            "0": 40.19,
            "2": -36.9,
            "3": -14.29,
            "4": 32.27,
            "5": -29.55,
            "6": 16.38,
            "7": 18.39,
            "8": 38.47,
            "9": -45.42,
            "10": -39.32,
            "11": 25.12,
            "12": -34.27,
            "13": -32.81,
            "14": 7.01,
            "15": 25.73,
            "16": -6.36,
            "17": 6.84,
            "18": -36.96,
            "19": 17.96,
            "20": -43.55,
            "21": 36.73,
            "22": -35.62,
            "23": 34.73,
            "24": 41.72,
            "25": 15.46,
            "26": 9.49,
            "27": 26.73,
            "28": -0.53,
            "29": 25.66,
            "30": 27.99,
            "31": 37.76,
            "32": 20.02,
            "33": -19.92,
            "34": 20.45,
            "35": 1.07,
            "36": -8.63,
            "37": 12.94,
            "38": -9.67,
            "39": 15.84,
            "40": 16.7
        },
        "2": {
            "0": 16.6,
            "1": -36.9,
            "3": -25.17,
            "4": -40.13,
            "5": 26.13,
            "6": -48.21,
            "7": 38.67,
            "8": -30.43,
            "9": 41.27,
            "10": -19.3,
            "11": -23.36,
            "12": 39.92,
            "13": -1.82,
            "14": 27.79,
            "15": -16.5,
            "16": 0.78,
            "17": 1.54,
            "18": 25.85,
            "19": 11.64,
            "20": -48.59,
            "21": -1.71,
            "22": 22.18,
            "23": -39.69,
            "24": -29.33,
            "25": 34.07,
            "26": 6.45,
            "27": -36.88,
            "28": 35.08,
            "29": 31.43,
            "30": -23.44,
            "31": 46.43,
            "32": 10.31,
            "33": 11.42,
            "34": -24.99,
            "35": 3.25,
            "36": -42.07,
            "37": -35.69,
            "38": -37.23,
            "39": -42.66,
            "40": -20.85
        },
        "3": {
            "0": -24.2,
            "1": -14.29,
            "2": -25.17,
            "4": 48.15,
            "5": -19.33,
            "6": 41.69,
            "7": 14.89,
            "8": -18.27,
            "9": -35.89,
            "10": 42.89,
            "11": -11.2,
            "12": -46.82,
            "13": -44.96,
            "14": -19.14,
            "15": -11.47,
            "16": 15.76,
            "17": 39.8,
            "18": -20.68,
            "19": -7.78,
            "20": 48.46,
            "21": -13.85,
            "22": -10.15,
            "23": 28.64,
            "24": -6.74,
            "25": 23.03,
            "26": 24.72,
            "27": -10.15,
            "28": 40.87,
            "29": -28.78,
            "30": 10.67,
            "31": -37.28,
            "32": 7.89,
            "33": 18.69,
            "34": -39.77,
            "35": 11.09,
            "36": 0.43,
            "37": 10.37,
            "38": -33.88,
            "39": -25.07,
            "40": 16.91
        },
        "4": {
            "0": 11.81,
            "1": 32.27,
            "2": -40.13,
            "3": 48.15,
            "5": 48.87,
            "6": 29.82,
            "7": 4.6,
            "8": 46.93,
            "9": 33.68,
            "10": 46.7,
            "11": -39.73,
            "12": 39.22,
            "13": -18.03,
            "14": 20.0,
            "15": 8.17,
            "16": -3.87,
            "17": 9.79,
            "18": 20.2,
            "19": 25.77,
            "20": -26.49,
            "21": -0.69,
            "22": -36.51,
            "23": -9.6,
            "24": -35.42,
            "25": 34.07,
            "26": 12.23,
            "27": 48.32,
            "28": 46.33,
            "29": 49.53,
            "30": -39.54,
            "31": -49.53,
            "32": -48.82,
            "33": -21.79,
            "34": -48.98,
            "35": 28.61,
            "36": -23.53,
            "37": 9.87,
            "38": -29.38,
            "39": -15.13,
            "40": 8.78
        },
        "5": {
            "0": -32.0,
            "1": -29.55,
            "2": 26.13,
            "3": -19.33,
            "4": 48.87,
            "6": 0.83,
            "7": -43.43,
            "8": -19.4,
            "9": -20.56,
            "10": -40.02,
            "11": 3.28,
            "12": -33.6,
            "13": 18.6,
            "14": -21.65,
            "15": 11.1,
            "16": 30.74,
            "17": 7.55,
            "18": 48.38,
            "19": 31.95,
            "20": 28.93,
            "21": -28.36,
            "22": -47.47,
            "23": -7.34,
            "24": 45.76,
            "25": 12.49,
            "26": 33.41,
            "27": 27.14,
            "28": -9.96,
            "29": -5.75,
            "30": 39.06,
            "31": -0.12,
            "32": 1.59,
            "33": 1.19,
            "34": 35.09,
            "35": 39.37,
            "36": -43.96,
            "37": -33.1,
            "38": -8.82,
            "39": -11.75,
            "40": 28.41
        },
        "6": {
            "0": -20.2,
            "1": 16.38,
            "2": -48.21,
            "3": 41.69,
            "4": 29.82,
            "5": 0.83,
            "7": -41.62,
            "8": -25.07,
            "9": 8.93,
            "10": -19.04,
            "11": 46.45,
            "12": -14.0,
            "13": -27.5,
            "14": -2.66,
            "15": 37.43,
            "16": 6.35,
            "17": 24.4,
            "18": 46.49,
            "19": 12.19,
            "20": 26.41,
            "21": 8.47,
            "22": 30.99,
            "23": -48.58,
            "24": -34.23,
            "25": 27.62,
            "26": -33.33,
            "27": 48.65,
            "28": -1.89,
            "29": 38.03,
            "30": 10.35,
            "31": 12.03,
            "32": -0.89,
            "33": 42.66,
            "34": -0.1,
            "35": -42.6,
            "36": -39.2,
            "37": -26.12,
            "38": -3.91,
            "39": 10.1,
            "40": 23.65
        },
        "7": {
            "0": -30.36,
            "1": 18.39,
            "2": 38.67,
            "3": 14.89,
            "4": 4.6,
            "5": -43.43,
            "6": -41.62,
            "8": -27.9,
            "9": 13.1,
            "10": -10.32,
            "11": -1.19,
            "12": 49.31,
            "13": 9.36,
            "14": -46.33,
            "15": -40.66,
            "16": 20.22,
            "17": 16.57,
            "18": -8.69,
            "19": -2.73,
            "20": 28.83,
            "21": 46.81,
            "22": 21.9,
            "23": 9.73,
            "24": -43.97,
            "25": 20.4,
            "26": -39.06,
            "27": 29.85,
            "28": 10.81,
            "29": -35.19,
            "30": -3.06,
            "31": 40.55,
            "32": 43.94,
            "33": 42.85,
            "34": -9.8,
            "35": -18.95,
            "36": 10.5,
            "37": -39.28,
            "38": -17.96,
            "39": 0.31,
            "40": 49.58
        },
        "8": {
            "0": 16.57,
            "1": 38.47,
            "2": -30.43,
            "3": -18.27,
            "4": 46.93,
            "5": -19.4,
            "6": -25.07,
            "7": -27.9,
            "9": 42.83,
            "10": -42.55,
            "11": -25.98,
            "12": -6.16,
            "13": 24.0,
            "14": -0.15,
            "15": -38.61,
            "16": -37.03,
            "17": 7.14,
            "18": 14.69,
            "19": -14.54,
            "20": 48.57,
            "21": -49.14,
            "22": 33.61,
            "23": 23.9,
            "24": -31.15,
            "25": -10.78,
            "26": -16.61,
            "27": -38.38,
            "28": -14.98,
            "29": -42.34,
            "30": 21.56,
            "31": 41.62,
            "32": 8.51,
            "33": -29.99,
            "34": -46.55,
            "35": -34.45,
            "36": -42.98,
            "37": -17.88,
            "38": -40.61,
            "39": -25.24,
            "40": 10.14
        },
        "9": {
            "0": 20.91,
            "1": -45.42,
            "2": 41.27,
            "3": -35.89,
            "4": 33.68,
            "5": -20.56,
            "6": 8.93,
            "7": 13.1,
            "8": 42.83,
            "10": -4.05,
            "11": -7.25,
            "12": -3.51,
            "13": 31.29,
            "14": 25.04,
            "15": 49.73,
            "16": 16.7,
            "17": -0.24,
            "18": 42.63,
            "19": -12.13,
            "20": 35.59,
            "21": 33.59,
            "22": -36.59,
            "23": 6.94,
            "24": -41.47,
            "25": 40.51,
            "26": 0.36,
            "27": 15.71,
            "28": 22.75,
            "29": 16.71,
            "30": -8.89,
            "31": -1.55,
            "32": -11.66,
            "33": 38.9,
            "34": 44.33,
            "35": -30.32,
            "36": -5.98,
            "37": 32.26,
            "38": 15.23,
            "39": -15.41,
            "40": -26.96
        },
        "10": {
            "0": -36.93,
            "1": -39.32,
            "2": -19.3,
            "3": 42.89,
            "4": 46.7,
            "5": -40.02,
            "6": -19.04,
            "7": -10.32,
            "8": -42.55,
            "9": -4.05,
            "11": -23.76,
            "12": -11.96,
            "13": -27.38,
            "14": -30.94,
            "15": 38.0,
            "16": -15.68,
            "17": 14.77,
            "18": -25.09,
            "19": 4.83,
            "20": -0.5,
            "21": -47.8,
            "22": -13.24,
            "23": 42.84,
            "24": 18.61,
            "25": -40.53,
            "26": -10.54,
            "27": -1.7,
            "28": 20.41,
            "29": -23.87,
            "30": 19.98,
            "31": -10.92,
            "32": -12.75,
            "33": 2.27,
            "34": 21.29,
            "35": 0.2,
            "36": 37.92,
            "37": -15.46,
            "38": 2.64,
            "39": -15.12,
            "40": 17.3
        },
        "11": {
            "0": -15.86,
            "1": 25.12,
            "2": -23.36,
            "3": -11.2,
            "4": -39.73,
            "5": 3.28,
            "6": 46.45,
            "7": -1.19,
            "8": -25.98,
            "9": -7.25,
            "10": -23.76,
            "12": -5.5,
            "13": 48.72,
            "14": -29.76,
            "15": 21.48,
            "16": 32.2,
            "17": -37.49,
            "18": 16.13,
            "19": 7.13,
            "20": 12.1,
            "21": 12.91,
            "22": -13.28,
            "23": 8.83,
            "24": 13.26,
            "25": 46.35,
            "26": 26.87,
            "27": -34.02,
            "28": -24.61,
            "29": -22.39,
            "30": -8.59,
            "31": 45.07,
            "32": -9.3,
            "33": -23.91,
            "34": 35.58,
            "35": 2.56,
            "36": -31.93,
            "37": -41.97,
            "38": 44.67,
            "39": 4.7,
            "40": 14.29
        },
        "12": {
            "0": -41.09,
            "1": -34.27,
            "2": 39.92,
            "3": -46.82,
            "4": 39.22,
            "5": -33.6,
            "6": -14.0,
            "7": 49.31,
            "8": -6.16,
            "9": -3.51,
            "10": -11.96,
            "11": -5.5,
            "13": 18.76,
            "14": 14.65,
            "15": 48.29,
            "16": 5.82,
            "17": -16.85,
            "18": 15.87,
            "19": 47.5,
            "20": -48.42,
            "21": -20.77,
            "22": -41.25,
            "23": 19.77,
            "24": -16.87,
            "25": -30.42,
            "26": 48.08,
            "27": -13.57,
            "28": -20.21,
            "29": -35.25,
            "30": -6.96,
            "31": -46.61,
            "32": 18.49,
            "33": -6.9,
            "34": -8.0,
            "35": -43.64,
            "36": 2.41,
            "37": -23.31,
            "38": 18.77,
            "39": 37.76,
            "40": 28.31
        },
        "13": {
            "0": -15.59,
            "1": -32.81,
            "2": -1.82,
            "3": -44.96,
            "4": -18.03,
            "5": 18.6,
            "6": -27.5,
            "7": 9.36,
            "8": 24.0,
            "9": 31.29,
            "10": -27.38,
            "11": 48.72,
            "12": 18.76,
            "14": 23.24,
            "15": 16.85,
            "16": -4.77,
            "17": -25.59,
            "18": -41.84,
            "19": 43.03,
            "20": -18.08,
            "21": -49.23,
            "22": -12.42,
            "23": 45.51,
            "24": 2.76,
            "25": -45.01,
            "26": -21.91,
            "27": 25.1,
            "28": 38.28,
            "29": 22.28,
            "30": -1.8,
            "31": 31.66,
            "32": 7.42,
            "33": -13.93,
            "34": 1.51,
            "35": -18.79,
            "36": -45.14,
            "37": -20.08,
            "38": 27.48,
            "39": -12.63,
            "40": 48.96
        },
        "14": {
            "0": 29.63,
            "1": 7.01,
            "2": 27.79,
            "3": -19.14,
            "4": 20.0,
            "5": -21.65,
            "6": -2.66,
            "7": -46.33,
            "8": -0.15,
            "9": 25.04,
            "10": -30.94,
            "11": -29.76,
            "12": 14.65,
            "13": 23.24,
            "15": -15.23,
            "16": 34.02,
            "17": -41.44,
            "18": 13.69,
            "19": 30.78,
            "20": 38.19,
            "21": -30.33,
            "22": 13.17,
            "23": 36.71,
            "24": 8.8,
            "25": 26.0,
            "26": 17.19,
            "27": 33.5,
            "28": 22.85,
            "29": 45.37,
            "30": 11.82,
            "31": 20.98,
            "32": 14.84,
            "33": 18.6,
            "34": -37.32,
            "35": -30.13,
            "36": -8.57,
            "37": -31.87,
            "38": 1.33,
            "39": 16.62,
            "40": 38.55
        },
        "15": {
            "0": 15.88,
            "1": 25.73,
            "2": -16.5,
            "3": -11.47,
            "4": 8.17,
            "5": 11.1,
            "6": 37.43,
            "7": -40.66,
            "8": -38.61,
            "9": 49.73,
            "10": 38.0,
            "11": 21.48,
            "12": 48.29,
            "13": 16.85,
            "14": -15.23,
            "16": 45.4,
            "17": 29.31,
            "18": 11.62,
            "19": -14.98,
            "20": 36.19,
            "21": -48.05,
            "22": -42.93,
            "23": 37.44,
            "24": -22.46,
            "25": 14.65,
            "26": -22.88,
            "27": -18.74,
            "28": 23.44,
            "29": -29.44,
            "30": -19.55,
            "31": 19.91,
            "32": 8.48,
            "33": -34.54,
            "34": 43.33,
            "35": -36.77,
            "36": -18.02,
            "37": -20.19,
            "38": -23.8,
            "39": 13.56,
            "40": -35.89
        },
        "16": {
            "0": -46.13,
            "1": -6.36,
            "2": 0.78,
            "3": 15.76,
            "4": -3.87,
            "5": 30.74,
            "6": 6.35,
            "7": 20.22,
            "8": -37.03,
            "9": 16.7,
            "10": -15.68,
            "11": 32.2,
            "12": 5.82,
            "13": -4.77,
            "14": 34.02,
            "15": 45.4,
            "17": -1.38,
            "18": 19.28,
            "19": -30.72,
            "20": 38.5,
            "21": -42.31,
            "22": -27.24,
            "23": -13.29,
            "24": 5.32,
            "25": -15.84,
            "26": -10.42,
            "27": -35.48,
            "28": -32.88,
            "29": -17.62,
            "30": 29.48,
            "31": -3.28,
            "32": -42.72,
            "33": -15.31,
            "34": 25.85,
            "35": 47.26,
            "36": -7.06,
            "37": -8.68,
            "38": -8.46,
            "39": -23.65,
            "40": -44.01
        },
        "17": {
            "0": -29.03,
            "1": 6.84,
            "2": 1.54,
            "3": 39.8,
            "4": 9.79,
            "5": 7.55,
            "6": 24.4,
            "7": 16.57,
            "8": 7.14,
            "9": -0.24,
            "10": 14.77,
            "11": -37.49,
            "12": -16.85,
            "13": -25.59,
            "14": -41.44,
            "15": 29.31,
            "16": -1.38,
            "18": -38.35,
            "19": -48.15,
            "20": -34.49,
            "21": -42.92,
            "22": -6.82,
            "23": -20.51,
            "24": 33.12,
            "25": 19.54,
            "26": -26.3,
            "27": 49.47,
            "28": -18.68,
            "29": 48.43,
            "30": 0.82,
            "31": -27.7,
            "32": 26.62,
            "33": -35.79,
            "34": 49.53,
            "35": 38.52,
            "36": -1.03,
            "37": -31.39,
            "38": -26.49,
            "39": 26.61,
            "40": 6.96
        },
        "18": {
            "0": 48.01,
            "1": -36.96,
            "2": 25.85,
            "3": -20.68,
            "4": 20.2,
            "5": 48.38,
            "6": 46.49,
            "7": -8.69,
            "8": 14.69,
            "9": 42.63,
            "10": -25.09,
            "11": 16.13,
            "12": 15.87,
            "13": -41.84,
            "14": 13.69,
            "15": 11.62,
            "16": 19.28,
            "17": -38.35,
            "19": -19.42,
            "20": 10.79,
            "21": -0.46,
            "22": -18.05,
            "23": -6.57,
            "24": 12.99,
            "25": 27.18,
            "26": 9.82,
            "27": -2.37,
            "28": 41.42,
            "29": -25.83,
            "30": 5.39,
            "31": 32.68,
            "32": 13.91,
            "33": 8.65,
            "34": 39.14,
            "35": -39.87,
            "36": -9.05,
            "37": 38.96,
            "38": -37.92,
            "39": -11.93,
            "40": -40.32
        },
        "19": {
            "0": -11.27,
            "1": 17.96,
            "2": 11.64,
            "3": -7.78,
            "4": 25.77,
            "5": 31.95,
            "6": 12.19,
            "7": -2.73,
            "8": -14.54,
            "9": -12.13,
            "10": 4.83,
            "11": 7.13,
            "12": 47.5,
            "13": 43.03,
            "14": 30.78,
            "15": -14.98,
            "16": -30.72,
            "17": -48.15,
            "18": -19.42,
            "20": 17.29,
            "21": -27.65,
            "22": -3.53,
            "23": -19.04,
            "24": 11.32,
            "25": -28.14,
            "26": -20.56,
            "27": 45.86,
            "28": 11.52,
            "29": 10.79,
            "30": -40.34,
            "31": 1.39,
            "32": -2.47,
            "33": 44.07,
            "34": 36.15,
            "35": 29.41,
            "36": 42.09,
            "37": -48.4,
            "38": -38.24,
            "39": 8.26,
            "40": 30.99
        },
        "20": {
            "0": -36.71,
            "1": -43.55,
            "2": -48.59,
            "3": 48.46,
            "4": -26.49,
            "5": 28.93,
            "6": 26.41,
            "7": 28.83,
            "8": 48.57,
            "9": 35.59,
            "10": -0.5,
            "11": 12.1,
            "12": -48.42,
            "13": -18.08,
            "14": 38.19,
            "15": 36.19,
            "16": 38.5,
            "17": -34.49,
            "18": 10.79,
            "19": 17.29,
            "21": -18.71,
            "22": -41.47,
            "23": -49.96,
            "24": 7.11,
            "25": -47.66,
            "26": -25.05,
            "27": -17.36,
            "28": -15.51,
            "29": -18.49,
            "30": 23.33,
            "31": 24.65,
            "32": 32.12,
            "33": -37.91,
            "34": 3.84,
            "35": -17.09,
            "36": -18.41,
            "37": -27.6,
            "38": 3.83,
            "39": -15.33,
            "40": 38.12
        },
        "21": {
            "0": 25.77,
            "1": 36.73,
            "2": -1.71,
            "3": -13.85,
            "4": -0.69,
            "5": -28.36,
            "6": 8.47,
            "7": 46.81,
            "8": -49.14,
            "9": 33.59,
            "10": -47.8,
            "11": 12.91,
            "12": -20.77,
            "13": -49.23,
            "14": -30.33,
            "15": -48.05,
            "16": -42.31,
            "17": -42.92,
            "18": -0.46,
            "19": -27.65,
            "20": -18.71,
            "22": -11.16,
            "23": -42.88,
            "24": 3.05,
            "25": 20.23,
            "26": 40.67,
            "27": -24.79,
            "28": -36.38,
            "29": 35.57,
            "30": -0.05,
            "31": 4.98,
            "32": 35.54,
            "33": 26.8,
            "34": -2.77,
            "35": -19.83,
            "36": 42.74,
            "37": 48.73,
            "38": -10.31,
            "39": 1.26,
            "40": 31.28
        },
        "22": {
            "0": 1.01,
            "1": -35.62,
            "2": 22.18,
            "3": -10.15,
            "4": -36.51,
            "5": -47.47,
            "6": 30.99,
            "7": 21.9,
            "8": 33.61,
            "9": -36.59,
            "10": -13.24,
            "11": -13.28,
            "12": -41.25,
            "13": -12.42,
            "14": 13.17,
            "15": -42.93,
            "16": -27.24,
            "17": -6.82,
            "18": -18.05,
            "19": -3.53,
            "20": -41.47,
            "21": -11.16,
            "23": 18.63,
            "24": -20.2,
            "25": -9.12,
            "26": 43.87,
            "27": 10.35,
            "28": -37.52,
            "29": -16.47,
            "30": 11.57,
            "31": 39.43,
            "32": -6.82,
            "33": 15.84,
            "34": 22.32,
            "35": -14.3,
            "36": 20.52,
            "37": -45.58,
            "38": 0.68,
            "39": -10.79,
            "40": 15.36
        },
        "23": {
            "0": 15.82,
            "1": 34.73,
            "2": -39.69,
            "3": 28.64,
            "4": -9.6,
            "5": -7.34,
            "6": -48.58,
            "7": 9.73,
            "8": 23.9,
            "9": 6.94,
            "10": 42.84,
            "11": 8.83,
            "12": 19.77,
            "13": 45.51,
            "14": 36.71,
            "15": 37.44,
            "16": -13.29,
            "17": -20.51,
            "18": -6.57,
            "19": -19.04,
            "20": -49.96,
            "21": -42.88,
            "22": 18.63,
            "24": -44.77,
            "25": -3.86,
            "26": 4.52,
            "27": -15.73,
            "28": -44.88,
            "29": 36.6,
            "30": -42.79,
            "31": 48.82,
            "32": -39.14,
            "33": 46.87,
            "34": 48.03,
            "35": -33.95,
            "36": -46.51,
            "37": 22.0,
            "38": -21.64,
            "39": 33.12,
            "40": 34.75
        },
        "24": {
            "0": -21.82,
            "1": 41.72,
            "2": -29.33,
            "3": -6.74,
            "4": -35.42,
            "5": 45.76,
            "6": -34.23,
            "7": -43.97,
            "8": -31.15,
            "9": -41.47,
            "10": 18.61,
            "11": 13.26,
            "12": -16.87,
            "13": 2.76,
            "14": 8.8,
            "15": -22.46,
            "16": 5.32,
            "17": 33.12,
            "18": 12.99,
            "19": 11.32,
            "20": 7.11,
            "21": 3.05,
            "22": -20.2,
            "23": -44.77,
            "25": 30.24,
            "26": -30.75,
            "27": -19.17,
            "28": 14.4,
            "29": -34.0,
            "30": -42.58,
            "31": 5.92,
            "32": -36.33,
            "33": 29.94,
            "34": -30.15,
            "35": 29.07,
            "36": -10.27,
            "37": -17.64,
            "38": -31.76,
            "39": 27.47,
            "40": 13.13
        },
        "25": {
            "0": 19.79,
            "1": 15.46,
            "2": 34.07,
            "3": 23.03,
            "4": 34.07,
            "5": 12.49,
            "6": 27.62,
            "7": 20.4,
            "8": -10.78,
            "9": 40.51,
            "10": -40.53,
            "11": 46.35,
            "12": -30.42,
            "13": -45.01,
            "14": 26.0,
            "15": 14.65,
            "16": -15.84,
            "17": 19.54,
            "18": 27.18,
            "19": -28.14,
            "20": -47.66,
            "21": 20.23,
            "22": -9.12,
            "23": -3.86,
            "24": 30.24,
            "26": 2.51,
            "27": -29.4,
            "28": 6.69,
            "29": 40.62,
            "30": -24.79,
            "31": 21.74,
            "32": 5.59,
            "33": 49.51,
            "34": -1.25,
            "35": -20.97,
            "36": -29.24,
            "37": -49.27,
            "38": 8.37,
            "39": -46.52,
            "40": 21.6
        },
        "26": {
            "0": -31.71,
            "1": 9.49,
            "2": 6.45,
            "3": 24.72,
            "4": 12.23,
            "5": 33.41,
            "6": -33.33,
            "7": -39.06,
            "8": -16.61,
            "9": 0.36,
            "10": -10.54,
            "11": 26.87,
            "12": 48.08,
            "13": -21.91,
            "14": 17.19,
            "15": -22.88,
            "16": -10.42,
            "17": -26.3,
            "18": 9.82,
            "19": -20.56,
            "20": -25.05,
            "21": 40.67,
            "22": 43.87,
            "23": 4.52,
            "24": -30.75,
            "25": 2.51,
            "27": 37.53,
            "28": 45.15,
            "29": -49.72,
            "30": -0.98,
            "31": -28.7,
            "32": -37.15,
            "33": -38.35,
            "34": 11.04,
            "35": -3.55,
            "36": -11.36,
            "37": -33.72,
            "38": 31.9,
            "39": 17.82,
            "40": 39.75
        },
        "27": {
            "0": -21.28,
            "1": 26.73,
            "2": -36.88,
            "3": -10.15,
            "4": 48.32,
            "5": 27.14,
            "6": 48.65,
            "7": 29.85,
            "8": -38.38,
            "9": 15.71,
            "10": -1.7,
            "11": -34.02,
            "12": -13.57,
            "13": 25.1,
            "14": 33.5,
            "15": -18.74,
            "16": -35.48,
            "17": 49.47,
            "18": -2.37,
            "19": 45.86,
            "20": -17.36,
            "21": -24.79,
            "22": 10.35,
            "23": -15.73,
            "24": -19.17,
            "25": -29.4,
            "26": 37.53,
            "28": 10.82,
            "29": -3.66,
            "30": 30.42,
            "31": -38.97,
            "32": -11.66,
            "33": 9.22,
            "34": 49.55,
            "35": 42.19,
            "36": -17.81,
            "37": -46.03,
            "38": -25.72,
            "39": -0.39,
            "40": -6.48
        },
        "28": {
            "0": 48.47,
            "1": -0.53,
            "2": 35.08,
            "3": 40.87,
            "4": 46.33,
            "5": -9.96,
            "6": -1.89,
            "7": 10.81,
            "8": -14.98,
            "9": 22.75,
            "10": 20.41,
            "11": -24.61,
            "12": -20.21,
            "13": 38.28,
            "14": 22.85,
            "15": 23.44,
            "16": -32.88,
            "17": -18.68,
            "18": 41.42,
            "19": 11.52,
            "20": -15.51,
            "21": -36.38,
            "22": -37.52,
            "23": -44.88,
            "24": 14.4,
            "25": 6.69,
            "26": 45.15,
            "27": 10.82,
            "29": 11.51,
            "30": -27.65,
            "31": 35.56,
            "32": 42.81,
            "33": 20.57,
            "34": -46.38,
            "35": 10.22,
            "36": -49.86,
            "37": -45.24,
            "38": 49.48,
            "39": -0.75,
            "40": -15.93
        },
        "29": {
            "0": -21.64,
            "1": 25.66,
            "2": 31.43,
            "3": -28.78,
            "4": 49.53,
            "5": -5.75,
            "6": 38.03,
            "7": -35.19,
            "8": -42.34,
            "9": 16.71,
            "10": -23.87,
            "11": -22.39,
            "12": -35.25,
            "13": 22.28,
            "14": 45.37,
            "15": -29.44,
            "16": -17.62,
            "17": 48.43,
            "18": -25.83,
            "19": 10.79,
            "20": -18.49,
            "21": 35.57,
            "22": -16.47,
            "23": 36.6,
            "24": -34.0,
            "25": 40.62,
            "26": -49.72,
            "27": -3.66,
            "28": 11.51,
            "30": -42.32,
            "31": 44.83,
            "32": -39.57,
            "33": 44.04,
            "34": -15.02,
            "35": -32.93,
            "36": -38.56,
            "37": -12.62,
            "38": -32.12,
            "39": 28.33,
            "40": 14.78
        },
        "30": {
            "0": 20.02,
            "1": 27.99,
            "2": -23.44,
            "3": 10.67,
            "4": -39.54,
            "5": 39.06,
            "6": 10.35,
            "7": -3.06,
            "8": 21.56,
            "9": -8.89,
            "10": 19.98,
            "11": -8.59,
            "12": -6.96,
            "13": -1.8,
            "14": 11.82,
            "15": -19.55,
            "16": 29.48,
            "17": 0.82,
            "18": 5.39,
            "19": -40.34,
            "20": 23.33,
            "21": -0.05,
            "22": 11.57,
            "23": -42.79,
            "24": -42.58,
            "25": -24.79,
            "26": -0.98,
            "27": 30.42,
            "28": -27.65,
            "29": -42.32,
            "31": 0.39,
            "32": 5.39,
            "33": 29.23,
            "34": -12.8,
            "35": -47.31,
            "36": 7.58,
            "37": -22.64,
            "38": -30.62,
            "39": 16.14,
            "40": -19.5
        },
        "31": {
            "0": 37.76,
            "1": 37.76,
            "2": 46.43,
            "3": -37.28,
            "4": -49.53,
            "5": -0.12,
            "6": 12.03,
            "7": 40.55,
            "8": 41.62,
            "9": -1.55,
            "10": -10.92,
            "11": 45.07,
            "12": -46.61,
            "13": 31.66,
            "14": 20.98,
            "15": 19.91,
            "16": -3.28,
            "17": -27.7,
            "18": 32.68,
            "19": 1.39,
            "20": 24.65,
            "21": 4.98,
            "22": 39.43,
            "23": 48.82,
            "24": 5.92,
            "25": 21.74,
            "26": -28.7,
            "27": -38.97,
            "28": 35.56,
            "29": 44.83,
            "30": 0.39,
            "32": -21.31,
            "33": 9.94,
            "34": -6.87,
            "35": -27.27,
            "36": -49.48,
            "37": -16.41,
            "38": -13.66,
            "39": -38.23,
            "40": -35.08
        },
        "32": {
            "0": -45.58,
            "1": 20.02,
            "2": 10.31,
            "3": 7.89,
            "4": -48.82,
            "5": 1.59,
            "6": -0.89,
            "7": 43.94,
            "8": 8.51,
            "9": -11.66,
            "10": -12.75,
            "11": -9.3,
            "12": 18.49,
            "13": 7.42,
            "14": 14.84,
            "15": 8.48,
            "16": -42.72,
            "17": 26.62,
            "18": 13.91,
            "19": -2.47,
            "20": 32.12,
            "21": 35.54,
            "22": -6.82,
            "23": -39.14,
            "24": -36.33,
            "25": 5.59,
            "26": -37.15,
            "27": -11.66,
            "28": 42.81,
            "29": -39.57,
            "30": 5.39,
            "31": -21.31,
            "33": -0.93,
            "34": 3.94,
            "35": 25.2,
            "36": -46.86,
            "37": -16.45,
            "38": -43.59,
            "39": 47.88,
            "40": -25.94
        },
        "33": {
            "0": 30.63,
            "1": -19.92,
            "2": 11.42,
            "3": 18.69,
            "4": -21.79,
            "5": 1.19,
            "6": 42.66,
            "7": 42.85,
            "8": -29.99,
            "9": 38.9,
            "10": 2.27,
            "11": -23.91,
            "12": -6.9,
            "13": -13.93,
            "14": 18.6,
            "15": -34.54,
            "16": -15.31,
            "17": -35.79,
            "18": 8.65,
            "19": 44.07,
            "20": -37.91,
            "21": 26.8,
            "22": 15.84,
            "23": 46.87,
            "24": 29.94,
            "25": 49.51,
            "26": -38.35,
            "27": 9.22,
            "28": 20.57,
            "29": 44.04,
            "30": 29.23,
            "31": 9.94,
            "32": -0.93,
            "34": 37.49,
            "35": -3.4,
            "36": 35.54,
            "37": -17.74,
            "38": 6.68,
            "39": -25.22,
            "40": 23.0
        },
        "34": {
            "0": 32.92,
            "1": 20.45,
            "2": -24.99,
            "3": -39.77,
            "4": -48.98,
            "5": 35.09,
            "6": -0.1,
            "7": -9.8,
            "8": -46.55,
            "9": 44.33,
            "10": 21.29,
            "11": 35.58,
            "12": -8.0,
            "13": 1.51,
            "14": -37.32,
            "15": 43.33,
            "16": 25.85,
            "17": 49.53,
            "18": 39.14,
            "19": 36.15,
            "20": 3.84,
            "21": -2.77,
            "22": 22.32,
            "23": 48.03,
            "24": -30.15,
            "25": -1.25,
            "26": 11.04,
            "27": 49.55,
            "28": -46.38,
            "29": -15.02,
            "30": -12.8,
            "31": -6.87,
            "32": 3.94,
            "33": 37.49,
            "35": -40.26,
            "36": 12.2,
            "37": 5.55,
            "38": -15.02,
            "39": 41.23,
            "40": 30.95
        },
        "35": {
            "0": -0.7,
            "1": 1.07,
            "2": 3.25,
            "3": 11.09,
            "4": 28.61,
            "5": 39.37,
            "6": -42.6,
            "7": -18.95,
            "8": -34.45,
            "9": -30.32,
            "10": 0.2,
            "11": 2.56,
            "12": -43.64,
            "13": -18.79,
            "14": -30.13,
            "15": -36.77,
            "16": 47.26,
            "17": 38.52,
            "18": -39.87,
            "19": 29.41,
            "20": -17.09,
            "21": -19.83,
            "22": -14.3,
            "23": -33.95,
            "24": 29.07,
            "25": -20.97,
            "26": -3.55,
            "27": 42.19,
            "28": 10.22,
            "29": -32.93,
            "30": -47.31,
            "31": -27.27,
            "32": 25.2,
            "33": -3.4,
            "34": -40.26,
            "36": -46.88,
            "37": -33.79,
            "38": -3.57,
            "39": -5.98,
            "40": 48.68
        },
        "36": {
            "0": 25.55,
            "1": -8.63,
            "2": -42.07,
            "3": 0.43,
            "4": -23.53,
            "5": -43.96,
            "6": -39.2,
            "7": 10.5,
            "8": -42.98,
            "9": -5.98,
            "10": 37.92,
            "11": -31.93,
            "12": 2.41,
            "13": -45.14,
            "14": -8.57,
            "15": -18.02,
            "16": -7.06,
            "17": -1.03,
            "18": -9.05,
            "19": 42.09,
            "20": -18.41,
            "21": 42.74,
            "22": 20.52,
            "23": -46.51,
            "24": -10.27,
            "25": -29.24,
            "26": -11.36,
            "27": -17.81,
            "28": -49.86,
            "29": -38.56,
            "30": 7.58,
            "31": -49.48,
            "32": -46.86,
            "33": 35.54,
            "34": 12.2,
            "35": -46.88,
            "37": -1.52,
            "38": 2.94,
            "39": 37.64,
            "40": 24.44
        },
        "37": {
            "0": -22.02,
            "1": 12.94,
            "2": -35.69,
            "3": 10.37,
            "4": 9.87,
            "5": -33.1,
            "6": -26.12,
            "7": -39.28,
            "8": -17.88,
            "9": 32.26,
            "10": -15.46,
            "11": -41.97,
            "12": -23.31,
            "13": -20.08,
            "14": -31.87,
            "15": -20.19,
            "16": -8.68,
            "17": -31.39,
            "18": 38.96,
            "19": -48.4,
            "20": -27.6,
            "21": 48.73,
            "22": -45.58,
            "23": 22.0,
            "24": -17.64,
            "25": -49.27,
            "26": -33.72,
            "27": -46.03,
            "28": -45.24,
            "29": -12.62,
            "30": -22.64,
            "31": -16.41,
            "32": -16.45,
            "33": -17.74,
            "34": 5.55,
            "35": -33.79,
            "36": -1.52,
            "38": -15.07,
            "39": -17.63,
            "40": -28.38
        },
        "38": {
            "0": -0.75,
            "1": -9.67,
            "2": -37.23,
            "3": -33.88,
            "4": -29.38,
            "5": -8.82,
            "6": -3.91,
            "7": -17.96,
            "8": -40.61,
            "9": 15.23,
            "10": 2.64,
            "11": 44.67,
            "12": 18.77,
            "13": 27.48,
            "14": 1.33,
            "15": -23.8,
            "16": -8.46,
            "17": -26.49,
            "18": -37.92,
            "19": -38.24,
            "20": 3.83,
            "21": -10.31,
            "22": 0.68,
            "23": -21.64,
            "24": -31.76,
            "25": 8.37,
            "26": 31.9,
            "27": -25.72,
            "28": 49.48,
            "29": -32.12,
            "30": -30.62,
            "31": -13.66,
            "32": -43.59,
            "33": 6.68,
            "34": -15.02,
            "35": -3.57,
            "36": 2.94,
            "37": -15.07,
            "39": -30.51,
            "40": 42.2
        },
        "39": {
            "0": -29.41,
            "1": 15.84,
            "2": -42.66,
            "3": -25.07,
            "4": -15.13,
            "5": -11.75,
            "6": 10.1,
            "7": 0.31,
            "8": -25.24,
            "9": -15.41,
            "10": -15.12,
            "11": 4.7,
            "12": 37.76,
            "13": -12.63,
            "14": 16.62,
            "15": 13.56,
            "16": -23.65,
            "17": 26.61,
            "18": -11.93,
            "19": 8.26,
            "20": -15.33,
            "21": 1.26,
            "22": -10.79,
            "23": 33.12,
            "24": 27.47,
            "25": -46.52,
            "26": 17.82,
            "27": -0.39,
            "28": -0.75,
            "29": 28.33,
            "30": 16.14,
            "31": -38.23,
            "32": 47.88,
            "33": -25.22,
            "34": 41.23,
            "35": -5.98,
            "36": 37.64,
            "37": -17.63,
            "38": -30.51,
            "40": -48.33
        },
        "40": {
            "0": 42.26,
            "1": 16.7,
            "2": -20.85,
            "3": 16.91,
            "4": 8.78,
            "5": 28.41,
            "6": 23.65,
            "7": 49.58,
            "8": 10.14,
            "9": -26.96,
            "10": 17.3,
            "11": 14.29,
            "12": 28.31,
            "13": 48.96,
            "14": 38.55,
            "15": -35.89,
            "16": -44.01,
            "17": 6.96,
            "18": -40.32,
            "19": 30.99,
            "20": 38.12,
            "21": 31.28,
            "22": 15.36,
            "23": 34.75,
            "24": 13.13,
            "25": 21.6,
            "26": 39.75,
            "27": -6.48,
            "28": -15.93,
            "29": 14.78,
            "30": -19.5,
            "31": -35.08,
            "32": -25.94,
            "33": 23.0,
            "34": 30.95,
            "35": 48.68,
            "36": 24.44,
            "37": -28.38,
            "38": 42.2,
            "39": -48.33
        }
    }
}