{
    "knapsack_size": 7689,
    "Gamma": 43,
    "n_items": 52,
    "costs": {
        "0": {
            "l": 64.15,
            "a": 151.49,
            "u": 163.98
        },
        "1": {
            "l": 87.44,
            "a": 136.31,
            "u": 171.91
        },
        "2": {
            "l": 29.41,
            "a": 49.51,
            "u": 183.39
        },
        "3": {
            "l": 65.13,
            "a": 107.14,
            "u": 180.71
        },
        "4": {
            "l": 38.04,
            "a": 139.05,
            "u": 176.99
        },
        "5": {
            "l": 35.81,
            "a": 177.84,
            "u": 190.33
        },
        "6": {
            "l": 99.72,
            "a": 168.24,
            "u": 174.27
        },
        "7": {
            "l": 63.93,
            "a": 113.29,
            "u": 138.79
        },
        "8": {
            "l": 96.01,
            "a": 186.94,
            "u": 188.37
        },
        "9": {
            "l": 99.14,
            "a": 149.47,
            "u": 184.2
        },
        "10": {
            "l": 72.29,
            "a": 130.78,
            "u": 197.28
        },
        "11": {
            "l": 92.68,
            "a": 162.82,
            "u": 179.32
        },
        "12": {
            "l": 65.05,
            "a": 132.55,
            "u": 141.18
        },
        "13": {
            "l": 65.37,
            "a": 179.85,
            "u": 199.76
        },
        "14": {
            "l": 89.35,
            "a": 95.02,
            "u": 171.23
        },
        "15": {
            "l": 16.58,
            "a": 77.89,
            "u": 126.6
        },
        "16": {
            "l": 32.32,
            "a": 97.51,
            "u": 198.68
        },
        "17": {
            "l": 77.92,
            "a": 88.7,
            "u": 169.21
        },
        "18": {
            "l": 64.09,
            "a": 119.57,
            "u": 157.31
        },
        "19": {
            "l": 48.27,
            "a": 55.99,
            "u": 90.38
        },
        "20": {
            "l": 26.91,
            "a": 113.57,
            "u": 125.38
        },
        "21": {
            "l": 36.38,
            "a": 155.96,
            "u": 171.34
        },
        "22": {
            "l": 96.59,
            "a": 146.73,
            "u": 179.98
        },
        "23": {
            "l": 18.03,
            "a": 191.49,
            "u": 194.5
        },
        "24": {
            "l": 69.13,
            "a": 193.06,
            "u": 199.81
        },
        "25": {
            "l": 55.65,
            "a": 62.36,
            "u": 177.14
        },
        "26": {
            "l": 54.64,
            "a": 68.43,
            "u": 85.96
        },
        "27": {
            "l": 93.73,
            "a": 135.88,
            "u": 136.23
        },
        "28": {
            "l": 47.56,
            "a": 113.59,
            "u": 121.68
        },
        "29": {
            "l": 14.4,
            "a": 29.18,
            "u": 194.69
        },
        "30": {
            "l": 34.7,
            "a": 105.54,
            "u": 132.75
        },
        "31": {
            "l": 26.63,
            "a": 84.51,
            "u": 100.38
        },
        "32": {
            "l": 78.58,
            "a": 86.11,
            "u": 146.96
        },
        "33": {
            "l": 65.97,
            "a": 140.68,
            "u": 195.06
        },
        "34": {
            "l": 42.82,
            "a": 69.46,
            "u": 176.69
        },
        "35": {
            "l": 83.76,
            "a": 117.18,
            "u": 186.36
        },
        "36": {
            "l": 10.88,
            "a": 197.83,
            "u": 199.64
        },
        "37": {
            "l": 35.03,
            "a": 55.41,
            "u": 78.87
        },
        "38": {
            "l": 74.56,
            "a": 156.15,
            "u": 180.39
        },
        "39": {
            "l": 89.88,
            "a": 185.28,
            "u": 193.86
        },
        "40": {
            "l": 11.96,
            "a": 124.23,
            "u": 167.93
        },
        "41": {
            "l": 57.2,
            "a": 135.31,
            "u": 163.61
        },
        "42": {
            "l": 82.23,
            "a": 182.09,
            "u": 192.47
        },
        "43": {
            "l": 43.38,
            "a": 97.85,
            "u": 152.41
        },
        "44": {
            "l": 94.96,
            "a": 144.91,
            "u": 150.96
        },
        "45": {
            "l": 60.14,
            "a": 143.55,
            "u": 168.87
        },
        "46": {
            "l": 26.48,
            "a": 91.17,
            "u": 139.48
        },
        "47": {
            "l": 19.72,
            "a": 122.63,
            "u": 136.68
        },
        "48": {
            "l": 10.65,
            "a": 189.58,
            "u": 194.64
        },
        "49": {
            "l": 19.75,
            "a": 28.24,
            "u": 72.14
        },
        "50": {
            "l": 31.59,
            "a": 116.94,
            "u": 145.88
        },
        "51": {
            "l": 57.32,
            "a": 71.94,
            "u": 164.9
        }
    },
    "profits": {
        "0": 245.51,
        "1": 241.45,
        "2": 252.11,
        "3": 181.98,
        "4": 295.9,
        "5": 226.38,
        "6": 280.34,
        "7": 171.53,
        "8": 231.53,
        "9": 249.03,
        "10": 278.9,
        "11": 197.48,
        "12": 166.31,
        "13": 207.19,
        "14": 247.77,
        "15": 249.47,
        "16": 233.71,
        "17": 211.89,
        "18": 259.27,
        "19": 97.94,
        "20": 275.7,
        "21": 248.54,
        "22": 251.65,
        "23": 266.99,
        "24": 229.35,
        "25": 240.74,
        "26": 116.0,
        "27": 149.77,
        "28": 237.73,
        "29": 278.28,
        "30": 231.07,
        "31": 223.05,
        "32": 189.85,
        "33": 253.81,
        "34": 237.59,
        "35": 292.77,
        "36": 208.71,
        "37": 94.98,
        "38": 186.84,
        "39": 254.11,
        "40": 199.87,
        "41": 175.47,
        "42": 285.58,
        "43": 221.33,
        "44": 160.83,
        "45": 215.66,
        "46": 141.76,
        "47": 264.6,
        "48": 245.31,
        "49": 104.66,
        "50": 166.41,
        "51": 287.24
    },
    "synergies": {
        "0": {
            "1": -44.28,
            "2": -24.52,
            "3": -48.04,
            "4": -0.5,
            "5": -8.19,
            "6": 20.08,
            "7": 43.2,
            "8": -36.31,
            "9": 12.63,
            "10": 37.29,
            "11": 49.42,
            "12": -46.66,
            "13": -6.74,
            "14": 11.37,
            "15": -45.31,
            "16": 39.21,
            "17": -30.39,
            "18": -9.02,
            "19": -34.07,
            "20": -24.28,
            "21": -22.43,
            "22": 6.4,
            "23": 32.11,
            "24": -33.97,
            "25": -27.57,
            "26": -2.26,
            "27": 46.18,
            "28": -19.71,
            "29": -9.7,
            "30": 40.81,
            "31": 22.07,
            "32": 34.72,
            "33": 19.09,
            "34": 45.18,
            "35": -32.49,
            "36": 13.9,
            "37": 0.38,
            "38": 43.66,
            "39": 10.35,
            "40": -37.93,
            "41": 47.79,
            "42": 19.4,
            "43": 23.51,
            "44": -9.77,
            "45": -12.59,
            "46": 36.99,
            "47": -14.9,
            "48": -35.32,
            "49": -24.03,
            "50": 26.06,
            "51": 9.7
        },
        "1": {
            "0": -44.28,
            "2": 45.35,
            "3": -1.47,
            "4": -17.18,
            "5": 45.5,
            "6": -27.37,
            "7": -41.91,
            "8": 38.86,
            "9": 4.48,
            "10": 6.68,
            "11": 46.83,
            "12": 43.81,
            "13": 0.92,
            "14": 30.32,
            "15": -17.53,
            "16": -36.49,
            "17": 32.63,
            "18": 2.25,
            "19": 19.19,
            "20": -1.2,
            "21": -43.3,
            "22": -14.89,
            "23": -11.13,
            "24": 49.61,
            "25": -5.26,
            "26": 11.83,
            "27": -47.61,
            "28": 12.72,
            "29": 48.47,
            "30": -10.09,
            "31": 34.98,
            "32": 46.53,
            "33": 45.97,
            "34": 39.12,
            "35": -11.89,
            "36": -25.14,
            "37": 49.89,
            "38": -36.8,
            "39": 10.5,
            "40": 33.93,
            "41": -23.44,
            "42": 40.33,
            "43": -46.24,
            "44": -48.07,
            "45": -16.74,
            "46": 3.05,
            "47": -41.51,
            "48": -33.06,
            "49": 12.86,
            "50": -22.1,
            "51": -23.98
        },
        "2": {
            "0": -24.52,
            "1": 45.35,
            "3": -31.4,
            "4": -43.26,
            "5": 9.44,
            "6": -20.91,
            "7": -18.92,
            "8": -45.57,
            "9": -33.74,
            "10": -19.76,
            "11": 11.0,
            "12": 16.96,
            "13": -38.99,
            "14": -10.18,
            "15": 8.21,
            "16": -27.18,
            "17": 3.73,
            "18": -28.5,
            "19": -35.51,
            "20": -14.11,
            "21": 3.28,
            "22": -47.97,
            "23": 47.19,
            "24": -16.47,
            "25": 39.73,
            "26": 8.24,
            "27": -2.19,
            "28": 15.4,
            "29": 7.61,
            "30": 34.43,
            "31": 11.27,
            "32": -2.62,
            "33": 49.8,
            "34": 21.78,
            "35": -1.59,
            "36": -9.78,
            "37": -3.69,
            "38": -0.47,
            "39": 35.53,
            "40": 22.71,
            "41": -3.28,
            "42": -3.32,
            "43": 0.05,
            "44": -4.82,
            "45": 8.71,
            "46": 25.86,
            "47": -1.65,
            "48": 3.88,
            "49": 43.04,
            "50": 23.04,
            "51": 34.14
        },
        "3": {
            "0": -48.04,
            "1": -1.47,
            "2": -31.4,
            "4": 44.48,
            "5": -47.17,
            "6": -5.4,
            "7": -16.52,
            "8": -8.03,
            "9": -21.83,
            "10": 5.45,
            "11": 33.99,
            "12": -3.78,
            "13": -42.07,
            "14": -44.29,
            "15": 17.38,
            "16": 24.88,
            "17": -11.64,
            "18": 36.35,
            "19": -44.6,
            "20": -14.34,
            "21": 34.87,
            "22": 28.55,
            "23": -26.95,
            "24": -49.45,
            "25": -5.57,
            "26": 30.37,
            "27": 9.88,
            "28": 19.05,
            "29": 39.82,
            "30": -36.63,
            "31": 8.27,
            "32": -35.24,
            "33": 2.7,
            "34": -22.7,
            "35": 9.51,
            "36": -24.13,
            "37": -27.73,
            "38": 25.95,
            "39": -10.75,
            "40": -28.41,
            "41": -35.36,
            "42": 37.75,
            "43": -8.29,
            "44": 48.18,
            "45": -48.88,
            "46": -21.23,
            "47": -31.13,
            "48": 45.41,
            "49": -17.31,
            "50": 30.35,
            "51": 9.64
        },
        "4": {
            "0": -0.5,
            "1": -17.18,
            "2": -43.26,
            "3": 44.48,
            "5": 46.79,
            "6": 42.67,
            "7": 21.06,
            "8": 47.54,
            "9": 41.94,
            "10": 8.85,
            "11": -7.49,
            "12": -23.35,
            "13": -0.96,
            "14": -34.96,
            "15": -30.87,
            "16": -35.76,
            "17": 25.57,
            "18": -1.32,
            "19": -46.06,
            "20": 13.15,
            "21": -15.63,
            "22": 17.59,
            "23": -28.22,
            "24": 12.5,
            "25": -44.27,
            "26": 29.35,
            "27": -39.04,
            "28": 14.93,
            "29": -5.64,
            "30": -41.54,
            "31": 20.84,
            "32": 25.63,
            "33": 10.58,
            "34": -14.68,
            "35": -26.81,
            "36": 27.26,
            "37": 15.69,
            "38": 7.69,
            "39": 30.45,
            "40": -25.07,
            "41": -3.67,
            "42": 16.11,
            "43": -3.73,
            "44": 2.55,
            "45": -31.19,
            "46": -23.4,
            "47": 26.3,
            "48": 36.24,
            "49": 10.75,
            "50": 15.88,
            "51": 39.94
        },
        "5": {
            "0": -8.19,
            "1": 45.5,
            "2": 9.44,
            "3": -47.17,
            "4": 46.79,
            "6": 28.56,
            "7": 48.52,
            "8": -28.25,
            "9": 20.26,
            "10": 41.78,
            "11": -33.05,
            "12": -39.73,
            "13": 38.62,
            "14": 42.67,
            "15": -24.38,
            "16": 36.15,
            "17": 3.81,
            "18": -2.01,
            "19": 29.21,
            "20": 12.0,
            "21": 18.38,
            "22": -44.39,
            "23": 24.54,
            "24": -36.09,
            "25": -30.53,
            "26": -1.96,
            "27": 29.2,
            "28": -49.54,
            "29": 29.3,
            "30": 0.99,
            "31": -30.62,
            "32": -17.35,
            "33": -8.73,
            "34": -35.34,
            "35": -24.52,
            "36": 21.15,
            "37": -32.9,
            "38": 36.47,
            "39": 49.59,
            "40": -42.65,
            "41": 26.55,
            "42": -28.18,
            "43": -31.31,
            "44": 48.57,
            "45": 42.63,
            "46": -27.2,
            "47": -21.31,
            "48": 9.91,
            "49": -8.66,
            "50": 11.59,
            "51": -13.87
        },
        "6": {
            "0": 20.08,
            "1": -27.37,
            "2": -20.91,
            "3": -5.4,
            "4": 42.67,
            "5": 28.56,
            "7": -5.93,
            "8": -32.62,
            "9": -49.74,
            "10": 12.52,
            "11": -34.4,
            "12": -21.33,
            "13": -36.03,
            "14": -36.19,
            "15": 2.2,
            "16": 43.08,
            "17": -19.31,
            "18": -2.64,
            "19": -28.54,
            "20": -9.65,
            "21": 18.11,
            "22": 37.03,
            "23": 49.54,
            "24": -13.98,
            "25": 1.99,
            "26": -14.42,
            "27": 26.37,
            "28": 4.48,
            "29": 11.15,
            "30": 35.24,
            "31": 25.95,
            "32": 39.82,
            "33": -36.87,
            "34": -30.22,
            "35": 37.0,
            "36": -19.11,
            "37": -23.58,
            "38": -14.91,
            "39": -2.76,
            "40": -0.99,
            "41": 22.4,
            "42": 40.8,
            "43": 46.27,
            "44": -4.28,
            "45": -17.55,
            "46": -43.7,
            "47": -22.3,
            "48": -49.59,
            "49": -42.8,
            "50": -26.71,
            "51": -42.67
        },
        "7": {
            "0": 43.2,
            "1": -41.91,
            "2": -18.92,
            "3": -16.52,
            "4": 21.06,
            "5": 48.52,
            "6": -5.93,
            "8": 13.4,
            "9": 22.41,
            "10": -24.28,
            "11": 25.82,
            "12": -8.65,
            "13": 31.8,
            "14": 3.75,
            "15": 20.06,
            "16": -13.17,
            "17": -47.69,
            "18": -13.87,
            "19": -29.45,
            "20": -7.81,
            "21": 9.34,
            "22": 35.82,
            "23": -15.88,
            "24": 38.26,
            "25": 23.15,
            "26": -6.06,
            "27": -27.27,
            "28": 28.98,
            "29": 8.24,
            "30": 25.9,
            "31": -13.17,
            "32": -2.92,
            "33": 30.01,
            "34": 17.55,
            "35": 43.66,
            "36": -11.12,
            "37": 26.05,
            "38": 43.79,
            "39": 16.12,
            "40": -7.0,
            "41": 34.49,
            "42": -14.68,
            "43": 39.32,
            "44": -13.26,
            "45": 45.79,
            "46": -25.35,
            "47": 37.43,
            "48": -27.1,
            "49": -1.36,
            "50": -41.11,
            "51": 15.31
        },
        "8": {
            "0": -36.31,
            "1": 38.86,
            "2": -45.57,
            "3": -8.03,
            "4": 47.54,
            "5": -28.25,
            "6": -32.62,
            "7": 13.4,
            "9": 27.1,
            "10": -23.05,
            "11": -1.28,
            "12": 5.35,
            "13": 12.18,
            "14": 43.03,
            "15": -1.55,
            "16": -38.29,
            "17": 16.08,
            "18": 9.24,
            "19": 39.63,
            "20": -9.7,
            "21": 29.75,
            "22": 15.99,
            "23": 25.11,
            "24": -19.77,
            "25": -5.13,
            "26": 28.84,
            "27": -14.46,
            "28": 34.72,
            "29": -23.69,
            "30": 40.25,
            "31": 43.85,
            "32": -14.65,
            "33": -18.28,
            "34": 20.84,
            "35": -27.39,
            "36": 17.51,
            "37": 41.82,
            "38": -13.91,
            "39": 33.45,
            "40": 43.03,
            "41": -8.79,
            "42": -8.68,
            "43": 31.28,
            "44": -46.37,
            "45": 0.93,
            "46": 34.64,
            "47": 13.04,
            "48": 44.9,
            "49": -9.39,
            "50": -23.81,
            "51": 12.96
        },
        "9": {
            "0": 12.63,
            "1": 4.48,
            "2": -33.74,
            "3": -21.83,
            "4": 41.94,
            "5": 20.26,
            "6": -49.74,
            "7": 22.41,
            "8": 27.1,
            "10": 29.14,
            "11": 20.45,
            "12": 18.93,
            "13": -37.34,
            "14": 2.29,
            "15": -13.54,
            "16": -41.25,
            "17": 10.63,
            "18": -7.14,
            "19": -3.67,
            "20": -32.6,
            "21": -31.36,
            "22": -8.34,
            "23": -32.18,
            "24": 38.08,
            "25": -2.61,
            "26": -21.52,
            "27": -23.65,
            "28": 4.58,
            "29": 35.32,
            "30": 49.25,
            "31": -17.38,
            "32": 28.81,
            "33": -42.85,
            "34": -12.05,
            "35": 8.68,
            "36": -28.17,
            "37": 29.25,
            "38": -2.15,
            "39": 8.02,
            "40": -13.76,
            "41": -18.53,
            "42": 20.89,
            "43": -46.62,
            "44": 3.69,
            "45": -49.25,
            "46": -42.63,
            "47": 35.31,
            "48": -4.47,
            "49": -29.71,
            "50": 42.85,
            "51": -2.88
        },
        "10": {
            "0": 37.29,
            "1": 6.68,
            "2": -19.76,
            "3": 5.45,
            "4": 8.85,
            "5": 41.78,
            "6": 12.52,
            "7": -24.28,
            "8": -23.05,
            "9": 29.14,
            "11": -14.32,
            "12": -49.4,
            "13": 29.92,
            "14": -15.68,
            "15": 34.25,
            "16": -41.75,
            "17": 13.37,
            "18": 15.8,
            "19": -22.91,
            "20": 22.64,
            "21": 16.09,
            "22": 45.43,
            "23": -29.22,
            "24": -9.56,
            "25": 42.48,
            "26": -4.84,
            "27": -46.21,
            "28": 12.59,
            "29": 34.42,
            "30": 2.89,
            "31": 49.54,
            "32": -37.52,
            "33": 35.57,
            "34": 40.69,
            "35": 45.74,
            "36": -21.92,
            "37": 5.45,
            "38": 37.44,
            "39": 25.86,
            "40": 12.62,
            "41": 35.44,
            "42": 18.63,
            "43": 21.15,
            "44": 40.64,
            "45": 17.29,
            "46": -2.37,
            "47": -31.02,
            "48": -49.88,
            "49": 32.49,
            "50": -42.92,
            "51": 44.0
        },
        "11": {
            "0": 49.42,
            "1": 46.83,
            "2": 11.0,
            "3": 33.99,
            "4": -7.49,
            "5": -33.05,
            "6": -34.4,
            "7": 25.82,
            "8": -1.28,
            "9": 20.45,
            "10": -14.32,
            "12": -35.59,
            "13": -8.65,
            "14": -24.02,
            "15": 4.15,
            "16": -29.35,
            "17": 34.67,
            "18": 28.61,
            "19": 24.08,
            "20": -24.41,
            "21": -12.76,
            "22": -40.02,
            "23": -2.56,
            "24": 37.88,
            "25": -22.05,
            "26": -26.09,
            "27": -16.41,
            "28": 47.45,
            "29": -39.66,
            "30": 24.76,
            "31": 9.88,
            "32": 37.43,
            "33": 20.52,
            "34": -8.98,
            "35": 14.03,
            "36": 42.82,
            "37": -28.71,
            "38": 26.76,
            "39": -12.51,
            "40": -14.6,
            "41": 36.61,
            "42": 31.66,
            "43": 23.43,
            "44": 0.74,
            "45": -0.55,
            "46": -11.39,
            "47": 39.14,
            "48": 1.05,
            "49": -4.82,
            "50": 19.04,
            "51": -13.92
        },
        "12": {
            "0": -46.66,
            "1": 43.81,
            "2": 16.96,
            "3": -3.78,
            "4": -23.35,
            "5": -39.73,
            "6": -21.33,
            "7": -8.65,
            "8": 5.35,
            "9": 18.93,
            "10": -49.4,
            "11": -35.59,
            "13": -35.74,
            "14": 34.49,
            "15": -37.61,
            "16": 49.27,
            "17": -11.76,
            "18": -36.39,
            "19": 49.14,
            "20": 6.19,
            "21": 35.64,
            "22": -23.34,
            "23": -33.53,
            "24": -49.44,
            "25": 2.77,
            "26": 47.01,
            "27": 24.38,
            "28": 20.15,
            "29": -39.28,
            "30": -36.03,
            "31": -3.22,
            "32": 11.03,
            "33": -26.31,
            "34": -8.39,
            "35": 0.48,
            "36": 36.89,
            "37": -36.68,
            "38": -29.29,
            "39": 26.58,
            "40": -3.56,
            "41": -30.87,
            "42": -48.4,
            "43": -3.03,
            "44": 3.66,
            "45": 0.02,
            "46": -19.22,
            "47": -21.57,
            "48": -38.45,
            "49": 0.02,
            "50": 4.96,
            "51": -4.17
        },
        "13": {
            "0": -6.74,
            "1": 0.92,
            "2": -38.99,
            "3": -42.07,
            "4": -0.96,
            "5": 38.62,
            "6": -36.03,
            "7": 31.8,
            "8": 12.18,
            "9": -37.34,
            "10": 29.92,
            "11": -8.65,
            "12": -35.74,
            "14": 24.1,
            "15": 6.87,
            "16": 45.81,
            "17": 11.9,
            "18": -35.55,
            "19": 39.33,
            "20": -38.67,
            "21": -32.63,
            "22": -39.77,
            "23": -32.65,
            "24": -44.73,
            "25": -41.28,
            "26": 20.56,
            "27": 15.77,
            "28": 24.22,
            "29": -17.68,
            "30": 43.13,
            "31": -17.72,
            "32": -21.83,
            "33": -48.41,
            "34": -49.27,
            "35": -11.68,
            "36": -44.18,
            "37": 36.67,
            "38": -6.11,
            "39": 1.5,
            "40": -41.98,
            "41": 10.66,
            "42": 20.88,
            "43": -31.82,
            "44": -32.61,
            "45": -49.65,
            "46": 23.65,
            "47": -5.47,
            "48": -9.43,
            "49": 32.28,
            "50": -39.5,
            "51": 27.07
        },
        "14": {
            "0": 11.37,
            "1": 30.32,
            "2": -10.18,
            "3": -44.29,
            "4": -34.96,
            "5": 42.67,
            "6": -36.19,
            "7": 3.75,
            "8": 43.03,
            "9": 2.29,
            "10": -15.68,
            "11": -24.02,
            "12": 34.49,
            "13": 24.1,
            "15": -5.17,
            "16": -23.88,
            "17": 47.34,
            "18": -13.79,
            "19": 41.69,
            "20": 32.96,
            "21": 9.88,
            "22": -49.54,
            "23": -28.8,
            "24": -31.49,
            "25": 10.19,
            "26": 30.17,
            "27": 39.53,
            "28": -36.34,
            "29": -24.26,
            "30": -14.08,
            "31": -22.71,
            "32": 43.55,
            "33": 39.21,
            "34": 1.84,
            "35": -41.78,
            "36": -2.96,
            "37": 15.2,
            "38": -1.09,
            "39": 24.69,
            "40": 35.52,
            "41": 9.37,
            "42": -49.66,
            "43": -0.36,
            "44": -3.74,
            "45": 14.83,
            "46": -22.77,
            "47": 10.89,
            "48": -17.24,
            "49": 44.22,
            "50": -13.6,
            "51": -10.6
        },
        "15": {
            "0": -45.31,
            "1": -17.53,
            "2": 8.21,
            "3": 17.38,
            "4": -30.87,
            "5": -24.38,
            "6": 2.2,
            "7": 20.06,
            "8": -1.55,
            "9": -13.54,
            "10": 34.25,
            "11": 4.15,
            "12": -37.61,
            "13": 6.87,
            "14": -5.17,
            "16": -42.42,
            "17": 49.26,
            "18": 45.74,
            "19": 24.22,
            "20": -27.01,
            "21": -45.48,
            "22": 17.18,
            "23": -41.55,
            "24": 0.74,
            "25": 35.12,
            "26": -18.37,
            "27": -12.55,
            "28": 8.58,
            "29": -33.4,
            "30": 16.7,
            "31": -40.48,
            "32": 10.4,
            "33": -37.95,
            "34": 29.74,
            "35": -22.95,
            "36": -16.15,
            "37": -22.33,
            "38": -25.03,
            "39": -25.64,
            "40": 23.99,
            "41": -10.35,
            "42": 40.5,
            "43": -8.24,
            "44": -49.19,
            "45": -13.7,
            "46": -19.46,
            "47": -39.7,
            "48": -14.38,
            "49": 37.9,
            "50": -8.81,
            "51": -37.86
        },
        "16": {
            "0": 39.21,
            "1": -36.49,
            "2": -27.18,
            "3": 24.88,
            "4": -35.76,
            "5": 36.15,
            "6": 43.08,
            "7": -13.17,
            "8": -38.29,
            "9": -41.25,
            "10": -41.75,
            "11": -29.35,
            "12": 49.27,
            "13": 45.81,
            "14": -23.88,
            "15": -42.42,
            "17": 38.76,
            "18": -33.31,
            "19": 11.29,
            "20": -25.79,
            "21": 22.05,
            "22": -9.21,
            "23": -12.47,
            "24": -0.15,
            "25": 6.62,
            "26": -12.12,
            "27": 49.94,
            "28": -40.54,
            "29": -49.23,
            "30": 5.32,
            "31": 44.96,
            "32": 6.03,
            "33": -42.08,
            "34": -35.93,
            "35": 18.6,
            "36": -10.66,
            "37": 16.91,
            "38": 49.05,
            "39": -4.83,
            "40": 9.8,
            "41": 34.79,
            "42": 21.28,
            "43": 22.11,
            "44": -17.61,
            "45": -5.39,
            "46": -24.38,
            "47": 36.58,
            "48": -25.86,
            "49": -12.74,
            "50": 45.56,
            "51": 13.17
        },
        "17": {
            "0": -30.39,
            "1": 32.63,
            "2": 3.73,
            "3": -11.64,
            "4": 25.57,
            "5": 3.81,
            "6": -19.31,
            "7": -47.69,
            "8": 16.08,
            "9": 10.63,
            "10": 13.37,
            "11": 34.67,
            "12": -11.76,
            "13": 11.9,
            "14": 47.34,
            "15": 49.26,
            "16": 38.76,
            "18": -32.84,
            "19": -14.41,
            "20": 12.54,
            "21": -29.24,
            "22": -16.95,
            "23": -4.73,
            "24": 0.17,
            "25": -8.86,
            "26": 25.25,
            "27": 34.81,
            "28": -12.4,
            "29": 28.79,
            "30": -41.52,
            "31": 39.89,
            "32": -22.23,
            "33": -44.37,
            "34": -23.83,
            "35": 18.7,
            "36": -31.96,
            "37": -41.92,
            "38": -49.22,
            "39": -18.12,
            "40": -46.47,
            "41": 1.79,
            "42": 21.2,
            "43": -14.98,
            "44": -33.62,
            "45": 29.34,
            "46": 43.79,
            "47": -43.55,
            "48": -39.84,
            "49": 2.43,
            "50": -11.59,
            "51": -26.91
        },
        "18": {
            "0": -9.02,
            "1": 2.25,
            "2": -28.5,
            "3": 36.35,
            "4": -1.32,
            "5": -2.01,
            "6": -2.64,
            "7": -13.87,
            "8": 9.24,
            "9": -7.14,
            "10": 15.8,
            "11": 28.61,
            "12": -36.39,
            "13": -35.55,
            "14": -13.79,
            "15": 45.74,
            "16": -33.31,
            "17": -32.84,
            "19": -23.85,
            "20": -43.86,
            "21": 18.67,
            "22": 7.92,
            "23": 43.14,
            "24": -28.83,
            "25": 45.62,
            "26": -18.77,
            "27": 43.57,
            "28": -19.48,
            "29": -29.94,
            "30": -2.88,
            "31": -21.14,
            "32": -35.36,
            "33": 49.91,
            "34": 6.3,
            "35": 40.07,
            "36": 42.42,
            "37": 5.49,
            "38": -22.6,
            "39": -1.08,
            "40": -35.26,
            "41": -0.54,
            "42": -8.97,
            "43": -19.46,
            "44": 32.74,
            "45": 12.94,
            "46": 3.71,
            "47": -22.12,
            "48": -46.55,
            "49": 23.35,
            "50": -33.32,
            "51": 12.99
        },
        "19": {
            "0": -34.07,
            "1": 19.19,
            "2": -35.51,
            "3": -44.6,
            "4": -46.06,
            "5": 29.21,
            "6": -28.54,
            "7": -29.45,
            "8": 39.63,
            "9": -3.67,
            "10": -22.91,
            "11": 24.08,
            "12": 49.14,
            "13": 39.33,
            "14": 41.69,
            "15": 24.22,
            "16": 11.29,
            "17": -14.41,
            "18": -23.85,
            "20": 35.7,
            "21": -22.8,
            "22": 37.61,
            "23": -37.11,
            "24": 25.04,
            "25": 4.2,
            "26": -46.34,
            "27": 9.19,
            "28": 28.16,
            "29": 32.22,
            "30": -41.17,
            "31": 33.98,
            "32": -15.85,
            "33": -22.0,
            "34": 43.07,
            "35": 37.7,
            "36": -44.44,
            "37": 39.92,
            "38": 16.16,
            "39": -2.03,
            "40": -15.83,
            "41": -42.33,
            "42": -2.47,
            "43": -8.36,
            "44": -35.27,
            "45": -31.4,
            "46": 47.41,
            "47": -27.44,
            "48": -14.89,
            "49": 16.99,
            "50": -19.22,
            "51": -26.88
        },
        "20": {
            "0": -24.28,
            "1": -1.2,
            "2": -14.11,
            "3": -14.34,
            "4": 13.15,
            "5": 12.0,
            "6": -9.65,
            "7": -7.81,
            "8": -9.7,
            "9": -32.6,
            "10": 22.64,
            "11": -24.41,
            "12": 6.19,
            "13": -38.67,
            "14": 32.96,
            "15": -27.01,
            "16": -25.79,
            "17": 12.54,
            "18": -43.86,
            "19": 35.7,
            "21": -28.66,
            "22": 37.39,
            "23": 8.51,
            "24": -39.69,
            "25": -25.98,
            "26": -12.33,
            "27": 49.35,
            "28": -16.53,
            "29": 4.12,
            "30": 43.85,
            "31": 28.38,
            "32": -37.11,
            "33": 14.35,
            "34": 40.2,
            "35": 22.17,
            "36": 29.29,
            "37": 27.13,
            "38": 30.86,
            "39": 0.82,
            "40": -5.91,
            "41": -30.31,
            "42": 49.23,
            "43": 8.9,
            "44": -10.06,
            "45": 1.24,
            "46": -37.22,
            "47": -30.65,
            "48": 14.79,
            "49": -34.39,
            "50": 31.05,
            "51": -21.9
        },
        "21": {
            "0": -22.43,
            "1": -43.3,
            "2": 3.28,
            "3": 34.87,
            "4": -15.63,
            "5": 18.38,
            "6": 18.11,
            "7": 9.34,
            "8": 29.75,
            "9": -31.36,
            "10": 16.09,
            "11": -12.76,
            "12": 35.64,
            "13": -32.63,
            "14": 9.88,
            "15": -45.48,
            "16": 22.05,
            "17": -29.24,
            "18": 18.67,
            "19": -22.8,
            "20": -28.66,
            "22": -11.2,
            "23": -42.16,
            "24": 30.92,
            "25": -37.16,
            "26": 11.41,
            "27": 10.38,
            "28": 1.98,
            "29": 18.0,
            "30": 48.03,
            "31": -5.14,
            "32": 13.05,
            "33": 14.04,
            "34": -1.41,
            "35": -22.15,
            "36": 40.85,
            "37": -24.8,
            "38": 15.86,
            "39": 6.74,
            "40": 5.35,
            "41": 29.04,
            "42": 44.58,
            "43": 29.99,
            "44": -32.59,
            "45": 23.7,
            "46": 43.74,
            "47": 38.09,
            "48": -7.7,
            "49": 36.43,
            "50": -40.74,
            "51": 9.25
        },
        "22": {
            "0": 6.4,
            "1": -14.89,
            "2": -47.97,
            "3": 28.55,
            "4": 17.59,
            "5": -44.39,
            "6": 37.03,
            "7": 35.82,
            "8": 15.99,
            "9": -8.34,
            "10": 45.43,
            "11": -40.02,
            "12": -23.34,
            "13": -39.77,
            "14": -49.54,
            "15": 17.18,
            "16": -9.21,
            "17": -16.95,
            "18": 7.92,
            "19": 37.61,
            "20": 37.39,
            "21": -11.2,
            "23": 3.46,
            "24": -17.59,
            "25": -42.24,
            "26": 4.21,
            "27": 17.01,
            "28": -17.33,
            "29": -38.6,
            "30": 14.88,
            "31": 37.25,
            "32": 3.03,
            "33": 29.19,
            "34": 23.71,
            "35": -4.24,
            "36": 15.62,
            "37": 18.54,
            "38": -18.38,
            "39": -35.11,
            "40": -0.16,
            "41": -38.16,
            "42": 47.45,
            "43": -25.4,
            "44": 24.65,
            "45": -27.71,
            "46": -46.0,
            "47": 29.92,
            "48": -31.06,
            "49": -38.46,
            "50": -13.37,
            "51": -46.71
        },
        "23": {
            "0": 32.11,
            "1": -11.13,
            "2": 47.19,
            "3": -26.95,
            "4": -28.22,
            "5": 24.54,
            "6": 49.54,
            "7": -15.88,
            "8": 25.11,
            "9": -32.18,
            "10": -29.22,
            "11": -2.56,
            "12": -33.53,
            "13": -32.65,
            "14": -28.8,
            "15": -41.55,
            "16": -12.47,
            "17": -4.73,
            "18": 43.14,
            "19": -37.11,
            "20": 8.51,
            "21": -42.16,
            "22": 3.46,
            "24": -44.95,
            "25": -44.72,
            "26": -29.88,
            "27": 6.84,
            "28": 49.34,
            "29": -49.64,
            "30": -19.08,
            "31": -35.06,
            "32": 38.5,
            "33": -11.74,
            "34": -22.68,
            "35": -8.64,
            "36": -34.49,
            "37": 10.25,
            "38": 49.41,
            "39": 25.53,
            "40": 22.7,
            "41": -14.79,
            "42": 40.95,
            "43": 35.91,
            "44": 29.31,
            "45": -1.14,
            "46": 9.35,
            "47": -40.62,
            "48": -10.82,
            "49": 31.23,
            "50": 30.88,
            "51": 4.66
        },
        "24": {
            "0": -33.97,
            "1": 49.61,
            "2": -16.47,
            "3": -49.45,
            "4": 12.5,
            "5": -36.09,
            "6": -13.98,
            "7": 38.26,
            "8": -19.77,
            "9": 38.08,
            "10": -9.56,
            "11": 37.88,
            "12": -49.44,
            "13": -44.73,
            "14": -31.49,
            "15": 0.74,
            "16": -0.15,
            "17": 0.17,
            "18": -28.83,
            "19": 25.04,
            "20": -39.69,
            "21": 30.92,
            "22": -17.59,
            "23": -44.95,
            "25": 0.8,
            "26": 9.93,
            "27": -17.2,
            "28": -45.08,
            "29": 13.66,
            "30": -1.75,
            "31": 5.63,
            "32": 15.56,
            "33": -30.5,
            "34": -28.95,
            "35": 13.18,
            "36": 6.11,
            "37": -14.13,
            "38": 20.63,
            "39": 43.94,
            "40": 31.68,
            "41": -29.05,
            "42": 19.43,
            "43": -9.37,
            "44": -15.24,
            "45": -28.7,
            "46": -13.58,
            "47": 11.36,
            "48": -21.44,
            "49": -21.57,
            "50": 6.02,
            "51": -37.29
        },
        "25": {
            "0": -27.57,
            "1": -5.26,
            "2": 39.73,
            "3": -5.57,
            "4": -44.27,
            "5": -30.53,
            "6": 1.99,
            "7": 23.15,
            "8": -5.13,
            "9": -2.61,
            "10": 42.48,
            "11": -22.05,
            "12": 2.77,
            "13": -41.28,
            "14": 10.19,
            "15": 35.12,
            "16": 6.62,
            "17": -8.86,
            "18": 45.62,
            "19": 4.2,
            "20": -25.98,
            "21": -37.16,
            "22": -42.24,
            "23": -44.72,
            "24": 0.8,
            "26": 16.27,
            "27": -39.72,
            "28": 21.0,
            "29": -30.35,
            "30": 25.86,
            "31": 9.78,
            "32": 22.87,
            "33": 21.49,
            "34": -8.89,
            "35": 35.07,
            "36": 47.81,
            "37": -7.29,
            "38": -36.94,
            "39": -15.06,
            "40": -26.03,
            "41": -2.9,
            "42": -48.59,
            "43": -14.79,
            "44": 24.56,
            "45": 18.14,
            "46": -6.25,
            "47": -23.33,
            "48": -10.73,
            "49": -2.5,
            "50": -14.78,
            "51": -22.39
        },
        "26": {
            "0": -2.26,
            "1": 11.83,
            "2": 8.24,
            "3": 30.37,
            "4": 29.35,
            "5": -1.96,
            "6": -14.42,
            "7": -6.06,
            "8": 28.84,
            "9": -21.52,
            "10": -4.84,
            "11": -26.09,
            "12": 47.01,
            "13": 20.56,
            "14": 30.17,
            "15": -18.37,
            "16": -12.12,
            "17": 25.25,
            "18": -18.77,
            "19": -46.34,
            "20": -12.33,
            "21": 11.41,
            "22": 4.21,
            "23": -29.88,
            "24": 9.93,
            "25": 16.27,
            "27": 25.57,
            "28": -24.99,
            "29": -5.18,
            "30": 14.34,
            "31": -21.74,
            "32": -15.12,
            "33": -0.74,
            "34": 19.2,
            "35": -21.18,
            "36": -48.93,
            "37": 9.37,
            "38": 41.6,
            "39": 34.23,
            "40": 40.48,
            "41": 34.11,
            "42": 19.42,
            "43": 10.25,
            "44": -48.37,
            "45": 14.96,
            "46": 28.02,
            "47": 12.2,
            "48": 18.42,
            "49": -29.47,
            "50": -2.29,
            "51": 9.61
        },
        "27": {
            "0": 46.18,
            "1": -47.61,
            "2": -2.19,
            "3": 9.88,
            "4": -39.04,
            "5": 29.2,
            "6": 26.37,
            "7": -27.27,
            "8": -14.46,
            "9": -23.65,
            "10": -46.21,
            "11": -16.41,
            "12": 24.38,
            "13": 15.77,
            "14": 39.53,
            "15": -12.55,
            "16": 49.94,
            "17": 34.81,
            "18": 43.57,
            "19": 9.19,
            "20": 49.35,
            "21": 10.38,
            "22": 17.01,
            "23": 6.84,
            "24": -17.2,
            "25": -39.72,
            "26": 25.57,
            "28": -19.12,
            "29": 29.37,
            "30": -46.94,
            "31": 43.34,
            "32": 36.21,
            "33": -19.87,
            "34": 25.05,
            "35": -33.11,
            "36": 8.62,
            "37": -7.09,
            "38": -1.47,
            "39": -49.54,
            "40": 0.3,
            "41": -3.52,
            "42": -28.21,
            "43": -38.47,
            "44": 37.93,
            "45": 49.37,
            "46": -2.24,
            "47": -6.6,
            "48": 29.14,
            "49": 32.82,
            "50": 49.63,
            "51": 37.48
        },
        "28": {
            "0": -19.71,
            "1": 12.72,
            "2": 15.4,
            "3": 19.05,
            "4": 14.93,
            "5": -49.54,
            "6": 4.48,
            "7": 28.98,
            "8": 34.72,
            "9": 4.58,
            "10": 12.59,
            "11": 47.45,
            "12": 20.15,
            "13": 24.22,
            "14": -36.34,
            "15": 8.58,
            "16": -40.54,
            "17": -12.4,
            "18": -19.48,
            "19": 28.16,
            "20": -16.53,
            "21": 1.98,
            "22": -17.33,
            "23": 49.34,
            "24": -45.08,
            "25": 21.0,
            "26": -24.99,
            "27": -19.12,
            "29": -11.07,
            "30": 20.6,
            "31": 35.72,
            "32": 36.4,
            "33": -45.46,
            "34": -40.15,
            "35": 25.94,
            "36": 13.59,
            "37": -18.94,
            "38": 34.62,
            "39": 15.1,
            "40": -17.59,
            "41": 21.92,
            "42": 0.45,
            "43": 27.47,
            "44": 5.48,
            "45": -4.69,
            "46": -28.43,
            "47": -48.74,
            "48": -18.08,
            "49": 29.35,
            "50": 46.44,
            "51": 47.96
        },
        "29": {
            "0": -9.7,
            "1": 48.47,
            "2": 7.61,
            "3": 39.82,
            "4": -5.64,
            "5": 29.3,
            "6": 11.15,
            "7": 8.24,
            "8": -23.69,
            "9": 35.32,
            "10": 34.42,
            "11": -39.66,
            "12": -39.28,
            "13": -17.68,
            "14": -24.26,
            "15": -33.4,
            "16": -49.23,
            "17": 28.79,
            "18": -29.94,
            "19": 32.22,
            "20": 4.12,
            "21": 18.0,
            "22": -38.6,
            "23": -49.64,
            "24": 13.66,
            "25": -30.35,
            "26": -5.18,
            "27": 29.37,
            "28": -11.07,
            "30": -9.31,
            "31": 40.11,
            "32": -13.08,
            "33": 4.72,
            "34": 29.98,
            "35": 39.99,
            "36": 12.86,
            "37": 30.44,
            "38": 43.19,
            "39": -8.2,
            "40": -35.2,
            "41": -1.62,
            "42": 25.21,
            "43": -37.16,
            "44": -8.72,
            "45": -19.33,
            "46": -3.23,
            "47": -14.58,
            "48": 15.15,
            "49": -25.0,
            "50": -23.32,
            "51": -23.51
        },
        "30": {
            "0": 40.81,
            "1": -10.09,
            "2": 34.43,
            "3": -36.63,
            "4": -41.54,
            "5": 0.99,
            "6": 35.24,
            "7": 25.9,
            "8": 40.25,
            "9": 49.25,
            "10": 2.89,
            "11": 24.76,
            "12": -36.03,
            "13": 43.13,
            "14": -14.08,
            "15": 16.7,
            "16": 5.32,
            "17": -41.52,
            "18": -2.88,
            "19": -41.17,
            "20": 43.85,
            "21": 48.03,
            "22": 14.88,
            "23": -19.08,
            "24": -1.75,
            "25": 25.86,
            "26": 14.34,
            "27": -46.94,
            "28": 20.6,
            "29": -9.31,
            "31": -38.7,
            "32": 16.34,
            "33": -2.35,
            "34": 15.42,
            "35": -17.03,
            "36": 44.65,
            "37": -10.79,
            "38": -3.67,
            "39": 10.4,
            "40": -49.79,
            "41": 48.31,
            "42": 36.86,
            "43": 23.76,
            "44": 2.54,
            "45": 37.22,
            "46": 0.34,
            "47": 7.14,
            "48": 22.46,
            "49": 17.48,
            "50": 39.44,
            "51": 36.3
        },
        "31": {
            "0": 22.07,
            "1": 34.98,
            "2": 11.27,
            "3": 8.27,
            "4": 20.84,
            "5": -30.62,
            "6": 25.95,
            "7": -13.17,
            "8": 43.85,
            "9": -17.38,
            "10": 49.54,
            "11": 9.88,
            "12": -3.22,
            "13": -17.72,
            "14": -22.71,
            "15": -40.48,
            "16": 44.96,
            "17": 39.89,
            "18": -21.14,
            "19": 33.98,
            "20": 28.38,
            "21": -5.14,
            "22": 37.25,
            "23": -35.06,
            "24": 5.63,
            "25": 9.78,
            "26": -21.74,
            "27": 43.34,
            "28": 35.72,
            "29": 40.11,
            "30": -38.7,
            "32": 36.1,
            "33": -7.84,
            "34": 48.29,
            "35": 22.65,
            "36": -0.31,
            "37": 15.53,
            "38": 49.59,
            "39": -28.57,
            "40": 7.19,
            "41": 14.73,
            "42": 34.85,
            "43": -18.75,
            "44": 41.96,
            "45": 28.25,
            "46": 39.54,
            "47": -36.38,
            "48": 22.07,
            "49": -10.88,
            "50": -12.87,
            "51": 22.45
        },
        "32": {
            "0": 34.72,
            "1": 46.53,
            "2": -2.62,
            "3": -35.24,
            "4": 25.63,
            "5": -17.35,
            "6": 39.82,
            "7": -2.92,
            "8": -14.65,
            "9": 28.81,
            "10": -37.52,
            "11": 37.43,
            "12": 11.03,
            "13": -21.83,
            "14": 43.55,
            "15": 10.4,
            "16": 6.03,
            "17": -22.23,
            "18": -35.36,
            "19": -15.85,
            "20": -37.11,
            "21": 13.05,
            "22": 3.03,
            "23": 38.5,
            "24": 15.56,
            "25": 22.87,
            "26": -15.12,
            "27": 36.21,
            "28": 36.4,
            "29": -13.08,
            "30": 16.34,
            "31": 36.1,
            "33": 12.86,
            "34": 8.46,
            "35": -11.81,
            "36": 16.54,
            "37": -43.73,
            "38": 14.97,
            "39": 3.25,
            "40": -1.08,
            "41": 31.33,
            "42": 37.14,
            "43": 14.43,
            "44": 36.66,
            "45": -10.5,
            "46": 8.17,
            "47": 23.2,
            "48": -11.35,
            "49": 4.32,
            "50": 16.68,
            "51": -7.58
        },
        "33": {
            "0": 19.09,
            "1": 45.97,
            "2": 49.8,
            "3": 2.7,
            "4": 10.58,
            "5": -8.73,
            "6": -36.87,
            "7": 30.01,
            "8": -18.28,
            "9": -42.85,
            "10": 35.57,
            "11": 20.52,
            "12": -26.31,
            "13": -48.41,
            "14": 39.21,
            "15": -37.95,
            "16": -42.08,
            "17": -44.37,
            "18": 49.91,
            "19": -22.0,
            "20": 14.35,
            "21": 14.04,
            "22": 29.19,
            "23": -11.74,
            "24": -30.5,
            "25": 21.49,
            "26": -0.74,
            "27": -19.87,
            "28": -45.46,
            "29": 4.72,
            "30": -2.35,
            "31": -7.84,
            "32": 12.86,
            "34": -40.96,
            "35": -7.31,
            "36": -1.41,
            "37": -42.6,
            "38": -20.84,
            "39": 39.92,
            "40": -29.18,
            "41": -8.3,
            "42": 33.77,
            "43": 44.15,
            "44": -1.52,
            "45": -12.86,
            "46": 6.79,
            "47": 25.99,
            "48": -16.1,
            "49": -25.47,
            "50": 37.4,
            "51": 41.51
        },
        "34": {
            "0": 45.18,
            "1": 39.12,
            "2": 21.78,
            "3": -22.7,
            "4": -14.68,
            "5": -35.34,
            "6": -30.22,
            "7": 17.55,
            "8": 20.84,
            "9": -12.05,
            "10": 40.69,
            "11": -8.98,
            "12": -8.39,
            "13": -49.27,
            "14": 1.84,
            "15": 29.74,
            "16": -35.93,
            "17": -23.83,
            "18": 6.3,
            "19": 43.07,
            "20": 40.2,
            "21": -1.41,
            "22": 23.71,
            "23": -22.68,
            "24": -28.95,
            "25": -8.89,
            "26": 19.2,
            "27": 25.05,
            "28": -40.15,
            "29": 29.98,
            "30": 15.42,
            "31": 48.29,
            "32": 8.46,
            "33": -40.96,
            "35": 16.0,
            "36": 24.46,
            "37": 37.17,
            "38": 23.41,
            "39": 34.92,
            "40": 2.51,
            "41": -2.9,
            "42": 29.4,
            "43": -11.92,
            "44": 28.36,
            "45": -4.06,
            "46": -30.96,
            "47": -45.25,
            "48": -6.26,
            "49": -7.07,
            "50": 4.52,
            "51": 28.85
        },
        "35": {
            "0": -32.49,
            "1": -11.89,
            "2": -1.59,
            "3": 9.51,
            "4": -26.81,
            "5": -24.52,
            "6": 37.0,
            "7": 43.66,
            "8": -27.39,
            "9": 8.68,
            "10": 45.74,
            "11": 14.03,
            "12": 0.48,
            "13": -11.68,
            "14": -41.78,
            "15": -22.95,
            "16": 18.6,
            "17": 18.7,
            "18": 40.07,
            "19": 37.7,
            "20": 22.17,
            "21": -22.15,
            "22": -4.24,
            "23": -8.64,
            "24": 13.18,
            "25": 35.07,
            "26": -21.18,
            "27": -33.11,
            "28": 25.94,
            "29": 39.99,
            "30": -17.03,
            "31": 22.65,
            "32": -11.81,
            "33": -7.31,
            "34": 16.0,
            "36": -29.23,
            "37": -19.01,
            "38": -19.5,
            "39": -13.3,
            "40": -45.88,
            "41": -39.76,
            "42": -9.37,
            "43": 41.95,
            "44": 33.85,
            "45": 32.1,
            "46": -11.68,
            "47": 45.23,
            "48": -11.97,
            "49": -49.79,
            "50": -25.57,
            "51": -3.31
        },
        "36": {
            "0": 13.9,
            "1": -25.14,
            "2": -9.78,
            "3": -24.13,
            "4": 27.26,
            "5": 21.15,
            "6": -19.11,
            "7": -11.12,
            "8": 17.51,
            "9": -28.17,
            "10": -21.92,
            "11": 42.82,
            "12": 36.89,
            "13": -44.18,
            "14": -2.96,
            "15": -16.15,
            "16": -10.66,
            "17": -31.96,
            "18": 42.42,
            "19": -44.44,
            "20": 29.29,
            "21": 40.85,
            "22": 15.62,
            "23": -34.49,
            "24": 6.11,
            "25": 47.81,
            "26": -48.93,
            "27": 8.62,
            "28": 13.59,
            "29": 12.86,
            "30": 44.65,
            "31": -0.31,
            "32": 16.54,
            "33": -1.41,
            "34": 24.46,
            "35": -29.23,
            "37": -20.29,
            "38": 26.05,
            "39": 11.52,
            "40": -0.98,
            "41": -14.49,
            "42": 40.61,
            "43": -32.72,
            "44": 35.89,
            "45": -46.85,
            "46": -45.21,
            "47": -16.1,
            "48": 18.28,
            "49": -7.35,
            "50": 45.98,
            "51": 2.66
        },
        "37": {
            "0": 0.38,
            "1": 49.89,
            "2": -3.69,
            "3": -27.73,
            "4": 15.69,
            "5": -32.9,
            "6": -23.58,
            "7": 26.05,
            "8": 41.82,
            "9": 29.25,
            "10": 5.45,
            "11": -28.71,
            "12": -36.68,
            "13": 36.67,
            "14": 15.2,
            "15": -22.33,
            "16": 16.91,
            "17": -41.92,
            "18": 5.49,
            "19": 39.92,
            "20": 27.13,
            "21": -24.8,
            "22": 18.54,
            "23": 10.25,
            "24": -14.13,
            "25": -7.29,
            "26": 9.37,
            "27": -7.09,
            "28": -18.94,
            "29": 30.44,
            "30": -10.79,
            "31": 15.53,
            "32": -43.73,
            "33": -42.6,
            "34": 37.17,
            "35": -19.01,
            "36": -20.29,
            "38": -6.02,
            "39": -21.76,
            "40": 48.78,
            "41": 16.7,
            "42": 33.75,
            "43": 12.35,
            "44": 17.08,
            "45": -24.0,
            "46": 33.09,
            "47": -43.12,
            "48": 31.07,
            "49": 12.92,
            "50": -7.11,
            "51": -14.9
        },
        "38": {
            "0": 43.66,
            "1": -36.8,
            "2": -0.47,
            "3": 25.95,
            "4": 7.69,
            "5": 36.47,
            "6": -14.91,
            "7": 43.79,
            "8": -13.91,
            "9": -2.15,
            "10": 37.44,
            "11": 26.76,
            "12": -29.29,
            "13": -6.11,
            "14": -1.09,
            "15": -25.03,
            "16": 49.05,
            "17": -49.22,
            "18": -22.6,
            "19": 16.16,
            "20": 30.86,
            "21": 15.86,
            "22": -18.38,
            "23": 49.41,
            "24": 20.63,
            "25": -36.94,
            "26": 41.6,
            "27": -1.47,
            "28": 34.62,
            "29": 43.19,
            "30": -3.67,
            "31": 49.59,
            "32": 14.97,
            "33": -20.84,
            "34": 23.41,
            "35": -19.5,
            "36": 26.05,
            "37": -6.02,
            "39": 33.91,
            "40": -33.03,
            "41": -8.42,
            "42": 11.41,
            "43": 30.41,
            "44": -15.73,
            "45": -19.57,
            "46": 37.09,
            "47": 15.27,
            "48": 29.14,
            "49": -38.59,
            "50": -43.57,
            "51": 34.58
        },
        "39": {
            "0": 10.35,
            "1": 10.5,
            "2": 35.53,
            "3": -10.75,
            "4": 30.45,
            "5": 49.59,
            "6": -2.76,
            "7": 16.12,
            "8": 33.45,
            "9": 8.02,
            "10": 25.86,
            "11": -12.51,
            "12": 26.58,
            "13": 1.5,
            "14": 24.69,
            "15": -25.64,
            "16": -4.83,
            "17": -18.12,
            "18": -1.08,
            "19": -2.03,
            "20": 0.82,
            "21": 6.74,
            "22": -35.11,
            "23": 25.53,
            "24": 43.94,
            "25": -15.06,
            "26": 34.23,
            "27": -49.54,
            "28": 15.1,
            "29": -8.2,
            "30": 10.4,
            "31": -28.57,
            "32": 3.25,
            "33": 39.92,
            "34": 34.92,
            "35": -13.3,
            "36": 11.52,
            "37": -21.76,
            "38": 33.91,
            "40": -24.91,
            "41": -41.7,
            "42": -47.08,
            "43": 19.72,
            "44": -15.95,
            "45": -38.41,
            "46": -3.63,
            "47": 8.56,
            "48": -16.63,
            "49": 39.44,
            "50": 2.32,
            "51": 44.53
        },
        "40": {
            "0": -37.93,
            "1": 33.93,
            "2": 22.71,
            "3": -28.41,
            "4": -25.07,
            "5": -42.65,
            "6": -0.99,
            "7": -7.0,
            "8": 43.03,
            "9": -13.76,
            "10": 12.62,
            "11": -14.6,
            "12": -3.56,
            "13": -41.98,
            "14": 35.52,
            "15": 23.99,
            "16": 9.8,
            "17": -46.47,
            "18": -35.26,
            "19": -15.83,
            "20": -5.91,
            "21": 5.35,
            "22": -0.16,
            "23": 22.7,
            "24": 31.68,
            "25": -26.03,
            "26": 40.48,
            "27": 0.3,
            "28": -17.59,
            "29": -35.2,
            "30": -49.79,
            "31": 7.19,
            "32": -1.08,
            "33": -29.18,
            "34": 2.51,
            "35": -45.88,
            "36": -0.98,
            "37": 48.78,
            "38": -33.03,
            "39": -24.91,
            "41": 48.56,
            "42": 5.98,
            "43": -48.92,
            "44": 5.28,
            "45": 38.51,
            "46": -24.11,
            "47": 40.27,
            "48": 13.87,
            "49": -13.67,
            "50": 44.88,
            "51": -8.84
        },
        "41": {
            "0": 47.79,
            "1": -23.44,
            "2": -3.28,
            "3": -35.36,
            "4": -3.67,
            "5": 26.55,
            "6": 22.4,
            "7": 34.49,
            "8": -8.79,
            "9": -18.53,
            "10": 35.44,
            "11": 36.61,
            "12": -30.87,
            "13": 10.66,
            "14": 9.37,
            "15": -10.35,
            "16": 34.79,
            "17": 1.79,
            "18": -0.54,
            "19": -42.33,
            "20": -30.31,
            "21": 29.04,
            "22": -38.16,
            "23": -14.79,
            "24": -29.05,
            "25": -2.9,
            "26": 34.11,
            "27": -3.52,
            "28": 21.92,
            "29": -1.62,
            "30": 48.31,
            "31": 14.73,
            "32": 31.33,
            "33": -8.3,
            "34": -2.9,
            "35": -39.76,
            "36": -14.49,
            "37": 16.7,
            "38": -8.42,
            "39": -41.7,
            "40": 48.56,
            "42": -48.99,
            "43": -38.93,
            "44": -31.9,
            "45": 25.28,
            "46": -42.42,
            "47": 0.95,
            "48": 27.64,
            "49": -48.3,
            "50": 32.37,
            "51": 4.49
        },
        "42": {
            "0": 19.4,
            "1": 40.33,
            "2": -3.32,
            "3": 37.75,
            "4": 16.11,
            "5": -28.18,
            "6": 40.8,
            "7": -14.68,
            "8": -8.68,
            "9": 20.89,
            "10": 18.63,
            "11": 31.66,
            "12": -48.4,
            "13": 20.88,
            "14": -49.66,
            "15": 40.5,
            "16": 21.28,
            "17": 21.2,
            "18": -8.97,
            "19": -2.47,
            "20": 49.23,
            "21": 44.58,
            "22": 47.45,
            "23": 40.95,
            "24": 19.43,
            "25": -48.59,
            "26": 19.42,
            "27": -28.21,
            "28": 0.45,
            "29": 25.21,
            "30": 36.86,
            "31": 34.85,
            "32": 37.14,
            "33": 33.77,
            "34": 29.4,
            "35": -9.37,
            "36": 40.61,
            "37": 33.75,
            "38": 11.41,
            "39": -47.08,
            "40": 5.98,
            "41": -48.99,
            "43": 30.29,
            "44": -1.1,
            "45": 35.73,
            "46": -48.21,
            "47": 41.79,
            "48": 23.96,
            "49": 49.14,
            "50": 7.25,
            "51": 31.78
        },
        "43": {
            "0": 23.51,
            "1": -46.24,
            "2": 0.05,
            "3": -8.29,
            "4": -3.73,
            "5": -31.31,
            "6": 46.27,
            "7": 39.32,
            "8": 31.28,
            "9": -46.62,
            "10": 21.15,
            "11": 23.43,
            "12": -3.03,
            "13": -31.82,
            "14": -0.36,
            "15": -8.24,
            "16": 22.11,
            "17": -14.98,
            "18": -19.46,
            "19": -8.36,
            "20": 8.9,
            "21": 29.99,
            "22": -25.4,
            "23": 35.91,
            "24": -9.37,
            "25": -14.79,
            "26": 10.25,
            "27": -38.47,
            "28": 27.47,
            "29": -37.16,
            "30": 23.76,
            "31": -18.75,
            "32": 14.43,
            "33": 44.15,
            "34": -11.92,
            "35": 41.95,
            "36": -32.72,
            "37": 12.35,
            "38": 30.41,
            "39": 19.72,
            "40": -48.92,
            "41": -38.93,
            "42": 30.29,
            "44": 28.93,
            "45": -6.03,
            "46": 34.11,
            "47": 3.24,
            "48": -27.34,
            "49": -39.4,
            "50": -18.54,
            "51": 27.31
        },
        "44": {
            "0": -9.77,
            "1": -48.07,
            "2": -4.82,
            "3": 48.18,
            "4": 2.55,
            "5": 48.57,
            "6": -4.28,
            "7": -13.26,
            "8": -46.37,
            "9": 3.69,
            "10": 40.64,
            "11": 0.74,
            "12": 3.66,
            "13": -32.61,
            "14": -3.74,
            "15": -49.19,
            "16": -17.61,
            "17": -33.62,
            "18": 32.74,
            "19": -35.27,
            "20": -10.06,
            "21": -32.59,
            "22": 24.65,
            "23": 29.31,
            "24": -15.24,
            "25": 24.56,
            "26": -48.37,
            "27": 37.93,
            "28": 5.48,
            "29": -8.72,
            "30": 2.54,
            "31": 41.96,
            "32": 36.66,
            "33": -1.52,
            "34": 28.36,
            "35": 33.85,
            "36": 35.89,
            "37": 17.08,
            "38": -15.73,
            "39": -15.95,
            "40": 5.28,
            "41": -31.9,
            "42": -1.1,
            "43": 28.93,
            "45": -10.69,
            "46": -45.11,
            "47": 2.86,
            "48": -18.24,
            "49": 10.32,
            "50": -13.74,
            "51": -15.55
        },
        "45": {
            "0": -12.59,
            "1": -16.74,
            "2": 8.71,
            "3": -48.88,
            "4": -31.19,
            "5": 42.63,
            "6": -17.55,
            "7": 45.79,
            "8": 0.93,
            "9": -49.25,
            "10": 17.29,
            "11": -0.55,
            "12": 0.02,
            "13": -49.65,
            "14": 14.83,
            "15": -13.7,
            "16": -5.39,
            "17": 29.34,
            "18": 12.94,
            "19": -31.4,
            "20": 1.24,
            "21": 23.7,
            "22": -27.71,
            "23": -1.14,
            "24": -28.7,
            "25": 18.14,
            "26": 14.96,
            "27": 49.37,
            "28": -4.69,
            "29": -19.33,
            "30": 37.22,
            "31": 28.25,
            "32": -10.5,
            "33": -12.86,
            "34": -4.06,
            "35": 32.1,
            "36": -46.85,
            "37": -24.0,
            "38": -19.57,
            "39": -38.41,
            "40": 38.51,
            "41": 25.28,
            "42": 35.73,
            "43": -6.03,
            "44": -10.69,
            "46": 31.57,
            "47": 36.44,
            "48": -13.3,
            "49": 22.03,
            "50": -30.75,
            "51": -3.87
        },
        "46": {
            "0": 36.99,
            "1": 3.05,
            "2": 25.86,
            "3": -21.23,
            "4": -23.4,
            "5": -27.2,
            "6": -43.7,
            "7": -25.35,
            "8": 34.64,
            "9": -42.63,
            "10": -2.37,
            "11": -11.39,
            "12": -19.22,
            "13": 23.65,
            "14": -22.77,
            "15": -19.46,
            "16": -24.38,
            "17": 43.79,
            "18": 3.71,
            "19": 47.41,
            "20": -37.22,
            "21": 43.74,
            "22": -46.0,
            "23": 9.35,
            "24": -13.58,
            "25": -6.25,
            "26": 28.02,
            "27": -2.24,
            "28": -28.43,
            "29": -3.23,
            "30": 0.34,
            "31": 39.54,
            "32": 8.17,
            "33": 6.79,
            "34": -30.96,
            "35": -11.68,
            "36": -45.21,
            "37": 33.09,
            "38": 37.09,
            "39": -3.63,
            "40": -24.11,
            "41": -42.42,
            "42": -48.21,
            "43": 34.11,
            "44": -45.11,
            "45": 31.57,
            "47": -8.65,
            "48": 24.69,
            "49": -20.6,
            "50": -3.48,
            "51": -23.89
        },
        "47": {
            "0": -14.9,
            "1": -41.51,
            "2": -1.65,
            "3": -31.13,
            "4": 26.3,
            "5": -21.31,
            "6": -22.3,
            "7": 37.43,
            "8": 13.04,
            "9": 35.31,
            "10": -31.02,
            "11": 39.14,
            "12": -21.57,
            "13": -5.47,
            "14": 10.89,
            "15": -39.7,
            "16": 36.58,
            "17": -43.55,
            "18": -22.12,
            "19": -27.44,
            "20": -30.65,
            "21": 38.09,
            "22": 29.92,
            "23": -40.62,
            "24": 11.36,
            "25": -23.33,
            "26": 12.2,
            "27": -6.6,
            "28": -48.74,
            "29": -14.58,
            "30": 7.14,
            "31": -36.38,
            "32": 23.2,
            "33": 25.99,
            "34": -45.25,
            "35": 45.23,
            "36": -16.1,
            "37": -43.12,
            "38": 15.27,
            "39": 8.56,
            "40": 40.27,
            "41": 0.95,
            "42": 41.79,
            "43": 3.24,
            "44": 2.86,
            "45": 36.44,
            "46": -8.65,
            "48": 27.21,
            "49": 27.07,
            "50": 5.84,
            "51": 2.63
        },
        "48": {
            "0": -35.32,
            "1": -33.06,
            "2": 3.88,
            "3": 45.41,
            "4": 36.24,
            "5": 9.91,
            "6": -49.59,
            "7": -27.1,
            "8": 44.9,
            "9": -4.47,
            "10": -49.88,
            "11": 1.05,
            "12": -38.45,
            "13": -9.43,
            "14": -17.24,
            "15": -14.38,
            "16": -25.86,
            "17": -39.84,
            "18": -46.55,
            "19": -14.89,
            "20": 14.79,
            "21": -7.7,
            "22": -31.06,
            "23": -10.82,
            "24": -21.44,
            "25": -10.73,
            "26": 18.42,
            "27": 29.14,
            "28": -18.08,
            "29": 15.15,
            "30": 22.46,
            "31": 22.07,
            "32": -11.35,
            "33": -16.1,
            "34": -6.26,
            "35": -11.97,
            "36": 18.28,
            "37": 31.07,
            "38": 29.14,
            "39": -16.63,
            "40": 13.87,
            "41": 27.64,
            "42": 23.96,
            "43": -27.34,
            "44": -18.24,
            "45": -13.3,
            "46": 24.69,
            "47": 27.21,
            "49": 45.45,
            "50": -15.25,
            "51": 44.4
        },
        "49": {
            "0": -24.03,
            "1": 12.86,
            "2": 43.04,
            "3": -17.31,
            "4": 10.75,
            "5": -8.66,
            "6": -42.8,
            "7": -1.36,
            "8": -9.39,
            "9": -29.71,
            "10": 32.49,
            "11": -4.82,
            "12": 0.02,
            "13": 32.28,
            "14": 44.22,
            "15": 37.9,
            "16": -12.74,
            "17": 2.43,
            "18": 23.35,
            "19": 16.99,
            "20": -34.39,
            "21": 36.43,
            "22": -38.46,
            "23": 31.23,
            "24": -21.57,
            "25": -2.5,
            "26": -29.47,
            "27": 32.82,
            "28": 29.35,
            "29": -25.0,
            "30": 17.48,
            "31": -10.88,
            "32": 4.32,
            "33": -25.47,
            "34": -7.07,
            "35": -49.79,
            "36": -7.35,
            "37": 12.92,
            "38": -38.59,
            "39": 39.44,
            "40": -13.67,
            "41": -48.3,
            "42": 49.14,
            "43": -39.4,
            "44": 10.32,
            "45": 22.03,
            "46": -20.6,
            "47": 27.07,
            "48": 45.45,
            "50": -31.96,
            "51": 14.99
        },
        "50": {
            "0": 26.06,
            "1": -22.1,
            "2": 23.04,
            "3": 30.35,
            "4": 15.88,
            "5": 11.59,
            "6": -26.71,
            "7": -41.11,
            "8": -23.81,
            "9": 42.85,
            "10": -42.92,
            "11": 19.04,
            "12": 4.96,
            "13": -39.5,
            "14": -13.6,
            "15": -8.81,
            "16": 45.56,
            "17": -11.59,
            "18": -33.32,
            "19": -19.22,
            "20": 31.05,
            "21": -40.74,
            "22": -13.37,
            "23": 30.88,
            "24": 6.02,
            "25": -14.78,
            "26": -2.29,
            "27": 49.63,
            "28": 46.44,
            "29": -23.32,
            "30": 39.44,
            "31": -12.87,
            "32": 16.68,
            "33": 37.4,
            "34": 4.52,
            "35": -25.57,
            "36": 45.98,
            "37": -7.11,
            "38": -43.57,
            "39": 2.32,
            "40": 44.88,
            "41": 32.37,
            "42": 7.25,
            "43": -18.54,
            "44": -13.74,
            "45": -30.75,
            "46": -3.48,
            "47": 5.84,
            "48": -15.25,
            "49": -31.96,
            "51": -4.28
        },
        "51": {
            "0": 9.7,
            "1": -23.98,
            "2": 34.14,
            "3": 9.64,
            "4": 39.94,
            "5": -13.87,
            "6": -42.67,
            "7": 15.31,
            "8": 12.96,
            "9": -2.88,
            "10": 44.0,
            "11": -13.92,
            "12": -4.17,
            "13": 27.07,
            "14": -10.6,
            "15": -37.86,
            "16": 13.17,
            "17": -26.91,
            "18": 12.99,
            "19": -26.88,
            "20": -21.9,
            "21": 9.25,
            "22": -46.71,
            "23": 4.66,
            "24": -37.29,
            "25": -22.39,
            "26": 9.61,
            "27": 37.48,
            "28": 47.96,
            "29": -23.51,
            "30": 36.3,
            "31": 22.45,
            "32": -7.58,
            "33": 41.51,
            "34": 28.85,
            "35": -3.31,
            "36": 2.66,
            "37": -14.9,
            "38": 34.58,
            "39": 44.53,
            "40": -8.84,
            "41": 4.49,
            "42": 31.78,
            "43": 27.31,
            "44": -15.55,
            "45": -3.87,
            "46": -23.89,
            "47": 2.63,
            "48": 44.4,
            "49": 14.99,
            "50": -4.28
        }
    }
}