{
    "knapsack_size": 1500,
    "n_items": 54,
    "costs": {
        "0": {
            "l": 59,
            "a": 63,
            "u": 69
        },
        "1": {
            "l": 46,
            "a": 48,
            "u": 48
        },
        "2": {
            "l": 47,
            "a": 60,
            "u": 73
        },
        "3": {
            "l": 51,
            "a": 55,
            "u": 60
        },
        "4": {
            "l": 47,
            "a": 62,
            "u": 73
        },
        "5": {
            "l": 67,
            "a": 109,
            "u": 137
        },
        "6": {
            "l": 46,
            "a": 76,
            "u": 103
        },
        "7": {
            "l": 61,
            "a": 101,
            "u": 122
        },
        "8": {
            "l": 49,
            "a": 80,
            "u": 112
        },
        "9": {
            "l": 49,
            "a": 87,
            "u": 118
        },
        "10": {
            "l": 58,
            "a": 114,
            "u": 136
        },
        "11": {
            "l": 45,
            "a": 77,
            "u": 106
        },
        "12": {
            "l": 67,
            "a": 95,
            "u": 117
        },
        "13": {
            "l": 47,
            "a": 51,
            "u": 75
        },
        "14": {
            "l": 60,
            "a": 78,
            "u": 111
        },
        "15": {
            "l": 59,
            "a": 61,
            "u": 67
        },
        "16": {
            "l": 46,
            "a": 89,
            "u": 95
        },
        "17": {
            "l": 48,
            "a": 66,
            "u": 97
        },
        "18": {
            "l": 49,
            "a": 67,
            "u": 96
        },
        "19": {
            "l": 63,
            "a": 67,
            "u": 76
        },
        "20": {
            "l": 48,
            "a": 86,
            "u": 87
        },
        "21": {
            "l": 45,
            "a": 82,
            "u": 99
        },
        "22": {
            "l": 62,
            "a": 93,
            "u": 127
        },
        "23": {
            "l": 55,
            "a": 89,
            "u": 100
        },
        "24": {
            "l": 57,
            "a": 110,
            "u": 144
        },
        "25": {
            "l": 56,
            "a": 80,
            "u": 95
        },
        "26": {
            "l": 48,
            "a": 63,
            "u": 82
        },
        "27": {
            "l": 46,
            "a": 71,
            "u": 86
        },
        "28": {
            "l": 51,
            "a": 93,
            "u": 117
        },
        "29": {
            "l": 61,
            "a": 98,
            "u": 100
        },
        "30": {
            "l": 61,
            "a": 92,
            "u": 113
        },
        "31": {
            "l": 65,
            "a": 99,
            "u": 137
        },
        "32": {
            "l": 66,
            "a": 114,
            "u": 139
        },
        "33": {
            "l": 47,
            "a": 62,
            "u": 83
        },
        "34": {
            "l": 48,
            "a": 68,
            "u": 100
        },
        "35": {
            "l": 57,
            "a": 85,
            "u": 112
        },
        "36": {
            "l": 57,
            "a": 109,
            "u": 113
        },
        "37": {
            "l": 60,
            "a": 68,
            "u": 98
        },
        "38": {
            "l": 55,
            "a": 81,
            "u": 88
        },
        "39": {
            "l": 64,
            "a": 75,
            "u": 99
        },
        "40": {
            "l": 56,
            "a": 91,
            "u": 102
        },
        "41": {
            "l": 59,
            "a": 84,
            "u": 111
        },
        "42": {
            "l": 59,
            "a": 65,
            "u": 78
        },
        "43": {
            "l": 48,
            "a": 89,
            "u": 112
        },
        "44": {
            "l": 46,
            "a": 76,
            "u": 82
        },
        "45": {
            "l": 64,
            "a": 82,
            "u": 91
        },
        "46": {
            "l": 53,
            "a": 98,
            "u": 146
        },
        "47": {
            "l": 67,
            "a": 119,
            "u": 132
        },
        "48": {
            "l": 63,
            "a": 114,
            "u": 142
        },
        "49": {
            "l": 61,
            "a": 101,
            "u": 126
        },
        "50": {
            "l": 53,
            "a": 95,
            "u": 136
        },
        "51": {
            "l": 65,
            "a": 80,
            "u": 109
        },
        "52": {
            "l": 50,
            "a": 53,
            "u": 58
        },
        "53": {
            "l": 54,
            "a": 73,
            "u": 104
        }
    },
    "profits": {
        "0": 104,
        "1": 90,
        "2": 94,
        "3": 107,
        "4": 102,
        "5": 206,
        "6": 133,
        "7": 162,
        "8": 124,
        "9": 154,
        "10": 181,
        "11": 148,
        "12": 178,
        "13": 93,
        "14": 146,
        "15": 99,
        "16": 141,
        "17": 128,
        "18": 133,
        "19": 103,
        "20": 162,
        "21": 143,
        "22": 157,
        "23": 156,
        "24": 169,
        "25": 129,
        "26": 120,
        "27": 139,
        "28": 168,
        "29": 153,
        "30": 181,
        "31": 193,
        "32": 188,
        "33": 112,
        "34": 132,
        "35": 166,
        "36": 209,
        "37": 126,
        "38": 157,
        "39": 121,
        "40": 145,
        "41": 130,
        "42": 102,
        "43": 148,
        "44": 126,
        "45": 142,
        "46": 189,
        "47": 230,
        "48": 185,
        "49": 164,
        "50": 153,
        "51": 151,
        "52": 84,
        "53": 122
    },
    "synergies": {
        "0": {
            "1": 2,
            "2": 14,
            "3": -29,
            "4": -35,
            "5": -15,
            "6": 27,
            "7": -1,
            "8": -12,
            "9": 6,
            "10": -32,
            "11": -49,
            "12": -28,
            "13": 13,
            "14": -24,
            "15": -2,
            "16": 39,
            "17": -15,
            "18": 25,
            "19": -40,
            "20": 6,
            "21": 45,
            "22": 6,
            "23": 22,
            "24": -2,
            "25": -7,
            "26": 7,
            "27": 8,
            "28": -26,
            "29": 21,
            "30": 28,
            "31": -20,
            "32": 9,
            "33": -12,
            "34": -15,
            "35": 39,
            "36": -3,
            "37": 0,
            "38": -17,
            "39": -23,
            "40": 49,
            "41": 31,
            "42": 23,
            "43": 36,
            "44": 34,
            "45": 39,
            "46": 20,
            "47": -21,
            "48": 24,
            "49": -46,
            "50": -43,
            "51": 43,
            "52": 0,
            "53": -45
        },
        "1": {
            "0": 2,
            "2": -2,
            "3": -10,
            "4": 19,
            "5": -32,
            "6": 7,
            "7": 32,
            "8": 5,
            "9": -20,
            "10": -18,
            "11": 21,
            "12": -40,
            "13": 37,
            "14": 0,
            "15": -1,
            "16": -12,
            "17": 48,
            "18": -31,
            "19": 7,
            "20": 35,
            "21": 35,
            "22": -44,
            "23": -13,
            "24": -49,
            "25": -22,
            "26": 22,
            "27": 30,
            "28": -21,
            "29": -30,
            "30": -19,
            "31": 12,
            "32": 19,
            "33": -17,
            "34": -2,
            "35": -18,
            "36": -35,
            "37": -19,
            "38": 49,
            "39": -16,
            "40": -24,
            "41": 9,
            "42": 27,
            "43": 31,
            "44": -15,
            "45": 23,
            "46": 40,
            "47": 21,
            "48": -5,
            "49": -24,
            "50": 42,
            "51": 44,
            "52": -15,
            "53": -32
        },
        "2": {
            "0": 14,
            "1": -2,
            "3": 27,
            "4": 41,
            "5": -15,
            "6": 25,
            "7": 10,
            "8": -29,
            "9": -22,
            "10": -22,
            "11": -16,
            "12": -36,
            "13": 23,
            "14": 6,
            "15": -17,
            "16": 46,
            "17": 43,
            "18": 3,
            "19": 22,
            "20": 47,
            "21": -22,
            "22": -13,
            "23": -27,
            "24": -25,
            "25": -11,
            "26": -39,
            "27": -5,
            "28": 43,
            "29": -33,
            "30": 31,
            "31": -43,
            "32": 44,
            "33": -44,
            "34": -43,
            "35": -30,
            "36": 47,
            "37": -31,
            "38": -3,
            "39": 0,
            "40": 2,
            "41": 0,
            "42": -43,
            "43": -42,
            "44": 43,
            "45": 24,
            "46": 26,
            "47": -9,
            "48": -10,
            "49": -33,
            "50": 44,
            "51": -48,
            "52": -3,
            "53": 33
        },
        "3": {
            "0": -29,
            "1": -10,
            "2": 27,
            "4": -23,
            "5": -30,
            "6": 35,
            "7": -36,
            "8": -6,
            "9": -18,
            "10": -4,
            "11": -45,
            "12": 38,
            "13": 38,
            "14": 20,
            "15": 0,
            "16": 22,
            "17": -37,
            "18": -20,
            "19": -22,
            "20": 22,
            "21": -10,
            "22": 7,
            "23": -27,
            "24": 14,
            "25": 34,
            "26": 9,
            "27": 1,
            "28": -10,
            "29": -18,
            "30": 5,
            "31": 41,
            "32": -6,
            "33": 37,
            "34": -20,
            "35": -23,
            "36": 0,
            "37": 25,
            "38": -41,
            "39": -18,
            "40": -42,
            "41": 10,
            "42": -33,
            "43": -4,
            "44": -31,
            "45": 14,
            "46": -36,
            "47": -46,
            "48": 15,
            "49": 9,
            "50": 29,
            "51": -3,
            "52": -29,
            "53": 49
        },
        "4": {
            "0": -35,
            "1": 19,
            "2": 41,
            "3": -23,
            "5": 17,
            "6": 44,
            "7": 11,
            "8": 1,
            "9": 2,
            "10": -8,
            "11": 8,
            "12": 19,
            "13": 25,
            "14": -34,
            "15": 34,
            "16": 34,
            "17": -29,
            "18": 12,
            "19": 3,
            "20": -3,
            "21": 41,
            "22": 25,
            "23": -31,
            "24": 6,
            "25": 40,
            "26": 4,
            "27": -18,
            "28": -39,
            "29": 0,
            "30": 6,
            "31": -39,
            "32": 46,
            "33": -13,
            "34": -46,
            "35": 20,
            "36": 28,
            "37": 22,
            "38": 33,
            "39": 19,
            "40": -21,
            "41": -4,
            "42": -46,
            "43": -26,
            "44": 18,
            "45": 4,
            "46": -34,
            "47": 17,
            "48": 10,
            "49": 5,
            "50": -45,
            "51": 6,
            "52": -29,
            "53": 9
        },
        "5": {
            "0": -15,
            "1": -32,
            "2": -15,
            "3": -30,
            "4": 17,
            "6": -17,
            "7": -38,
            "8": 36,
            "9": 23,
            "10": -8,
            "11": 26,
            "12": -16,
            "13": 0,
            "14": 4,
            "15": 35,
            "16": 34,
            "17": -20,
            "18": -40,
            "19": 13,
            "20": -24,
            "21": 1,
            "22": 35,
            "23": 35,
            "24": -27,
            "25": 13,
            "26": -31,
            "27": 4,
            "28": 16,
            "29": 14,
            "30": 16,
            "31": 37,
            "32": 6,
            "33": 20,
            "34": -16,
            "35": 5,
            "36": 2,
            "37": 18,
            "38": 49,
            "39": -31,
            "40": -20,
            "41": -1,
            "42": 28,
            "43": 16,
            "44": -19,
            "45": -15,
            "46": -42,
            "47": 11,
            "48": 29,
            "49": 8,
            "50": -36,
            "51": 2,
            "52": -15,
            "53": 13
        },
        "6": {
            "0": 27,
            "1": 7,
            "2": 25,
            "3": 35,
            "4": 44,
            "5": -17,
            "7": 1,
            "8": 13,
            "9": 25,
            "10": -22,
            "11": 44,
            "12": 10,
            "13": 49,
            "14": -11,
            "15": 4,
            "16": 25,
            "17": -6,
            "18": -46,
            "19": -33,
            "20": -36,
            "21": -2,
            "22": 20,
            "23": -46,
            "24": -1,
            "25": -14,
            "26": 20,
            "27": -16,
            "28": -29,
            "29": 49,
            "30": 41,
            "31": -43,
            "32": 9,
            "33": 33,
            "34": -1,
            "35": -20,
            "36": 6,
            "37": -20,
            "38": 42,
            "39": -18,
            "40": 40,
            "41": -34,
            "42": 44,
            "43": 34,
            "44": -22,
            "45": 39,
            "46": 9,
            "47": 14,
            "48": -20,
            "49": -31,
            "50": 46,
            "51": 36,
            "52": 36,
            "53": -13
        },
        "7": {
            "0": -1,
            "1": 32,
            "2": 10,
            "3": -36,
            "4": 11,
            "5": -38,
            "6": 1,
            "8": 11,
            "9": -2,
            "10": -2,
            "11": 17,
            "12": -11,
            "13": 29,
            "14": 25,
            "15": 40,
            "16": -15,
            "17": -30,
            "18": -11,
            "19": 29,
            "20": 17,
            "21": -46,
            "22": 30,
            "23": 23,
            "24": 23,
            "25": 28,
            "26": 14,
            "27": 6,
            "28": -11,
            "29": -43,
            "30": 12,
            "31": -46,
            "32": 15,
            "33": -22,
            "34": -37,
            "35": -37,
            "36": -16,
            "37": 42,
            "38": -28,
            "39": -12,
            "40": 7,
            "41": 20,
            "42": 17,
            "43": -29,
            "44": -29,
            "45": 46,
            "46": 33,
            "47": 6,
            "48": 31,
            "49": 2,
            "50": 30,
            "51": 26,
            "52": -34,
            "53": 7
        },
        "8": {
            "0": -12,
            "1": 5,
            "2": -29,
            "3": -6,
            "4": 1,
            "5": 36,
            "6": 13,
            "7": 11,
            "9": -13,
            "10": 5,
            "11": -43,
            "12": 15,
            "13": -8,
            "14": 37,
            "15": 31,
            "16": -20,
            "17": 0,
            "18": 5,
            "19": -7,
            "20": 1,
            "21": 7,
            "22": 6,
            "23": -24,
            "24": 14,
            "25": 21,
            "26": -34,
            "27": -26,
            "28": 30,
            "29": 7,
            "30": 27,
            "31": 5,
            "32": 27,
            "33": -47,
            "34": -41,
            "35": -46,
            "36": -7,
            "37": 8,
            "38": 0,
            "39": 13,
            "40": -39,
            "41": -35,
            "42": 49,
            "43": -45,
            "44": -38,
            "45": 30,
            "46": -6,
            "47": 15,
            "48": -13,
            "49": -33,
            "50": 10,
            "51": 22,
            "52": 26,
            "53": 14
        },
        "9": {
            "0": 6,
            "1": -20,
            "2": -22,
            "3": -18,
            "4": 2,
            "5": 23,
            "6": 25,
            "7": -2,
            "8": -13,
            "10": 41,
            "11": -26,
            "12": 19,
            "13": 5,
            "14": 32,
            "15": -35,
            "16": -1,
            "17": 32,
            "18": 0,
            "19": 14,
            "20": 4,
            "21": -43,
            "22": 42,
            "23": -34,
            "24": -18,
            "25": 32,
            "26": 25,
            "27": 27,
            "28": 37,
            "29": -3,
            "30": 24,
            "31": 19,
            "32": 16,
            "33": -24,
            "34": 38,
            "35": 16,
            "36": -7,
            "37": -15,
            "38": -2,
            "39": -35,
            "40": 39,
            "41": -45,
            "42": 40,
            "43": 43,
            "44": -18,
            "45": 15,
            "46": 42,
            "47": -39,
            "48": 1,
            "49": 40,
            "50": -3,
            "51": 21,
            "52": -11,
            "53": 40
        },
        "10": {
            "0": -32,
            "1": -18,
            "2": -22,
            "3": -4,
            "4": -8,
            "5": -8,
            "6": -22,
            "7": -2,
            "8": 5,
            "9": 41,
            "11": -2,
            "12": 23,
            "13": 43,
            "14": -39,
            "15": 6,
            "16": -16,
            "17": 24,
            "18": -22,
            "19": 28,
            "20": -24,
            "21": -44,
            "22": 46,
            "23": -39,
            "24": -26,
            "25": 35,
            "26": 7,
            "27": -18,
            "28": 47,
            "29": -36,
            "30": 49,
            "31": 23,
            "32": 36,
            "33": 28,
            "34": 43,
            "35": 9,
            "36": -35,
            "37": 30,
            "38": -33,
            "39": -36,
            "40": 27,
            "41": -3,
            "42": 2,
            "43": 31,
            "44": 11,
            "45": 27,
            "46": -44,
            "47": -1,
            "48": -17,
            "49": -2,
            "50": 7,
            "51": 46,
            "52": 31,
            "53": 0
        },
        "11": {
            "0": -49,
            "1": 21,
            "2": -16,
            "3": -45,
            "4": 8,
            "5": 26,
            "6": 44,
            "7": 17,
            "8": -43,
            "9": -26,
            "10": -2,
            "12": 38,
            "13": -22,
            "14": 38,
            "15": 43,
            "16": 36,
            "17": -48,
            "18": -49,
            "19": -3,
            "20": -8,
            "21": 40,
            "22": 9,
            "23": -41,
            "24": 17,
            "25": -29,
            "26": -18,
            "27": 17,
            "28": 9,
            "29": 44,
            "30": 27,
            "31": -48,
            "32": -31,
            "33": -20,
            "34": -33,
            "35": -29,
            "36": -38,
            "37": -21,
            "38": 17,
            "39": 21,
            "40": -10,
            "41": 34,
            "42": -44,
            "43": -43,
            "44": -42,
            "45": 22,
            "46": -40,
            "47": -46,
            "48": 1,
            "49": 46,
            "50": 35,
            "51": 49,
            "52": -21,
            "53": -17
        },
        "12": {
            "0": -28,
            "1": -40,
            "2": -36,
            "3": 38,
            "4": 19,
            "5": -16,
            "6": 10,
            "7": -11,
            "8": 15,
            "9": 19,
            "10": 23,
            "11": 38,
            "13": 44,
            "14": 36,
            "15": -1,
            "16": 5,
            "17": -38,
            "18": -35,
            "19": -22,
            "20": -2,
            "21": 43,
            "22": -38,
            "23": 23,
            "24": -9,
            "25": 8,
            "26": -45,
            "27": 25,
            "28": -1,
            "29": -24,
            "30": -31,
            "31": -24,
            "32": -15,
            "33": 35,
            "34": -48,
            "35": 34,
            "36": 28,
            "37": -5,
            "38": 10,
            "39": -11,
            "40": 49,
            "41": -35,
            "42": 37,
            "43": 42,
            "44": -15,
            "45": 33,
            "46": 45,
            "47": 34,
            "48": -45,
            "49": -30,
            "50": -21,
            "51": 38,
            "52": -40,
            "53": -32
        },
        "13": {
            "0": 13,
            "1": 37,
            "2": 23,
            "3": 38,
            "4": 25,
            "5": 0,
            "6": 49,
            "7": 29,
            "8": -8,
            "9": 5,
            "10": 43,
            "11": -22,
            "12": 44,
            "14": -37,
            "15": -14,
            "16": 45,
            "17": -33,
            "18": -14,
            "19": -21,
            "20": -42,
            "21": -34,
            "22": -31,
            "23": 16,
            "24": 47,
            "25": 46,
            "26": 3,
            "27": -24,
            "28": -30,
            "29": 43,
            "30": -7,
            "31": 5,
            "32": -12,
            "33": -2,
            "34": 12,
            "35": 6,
            "36": -22,
            "37": -43,
            "38": -14,
            "39": -5,
            "40": 14,
            "41": 11,
            "42": -9,
            "43": -5,
            "44": -48,
            "45": 17,
            "46": -29,
            "47": -33,
            "48": -7,
            "49": -5,
            "50": -37,
            "51": 0,
            "52": -21,
            "53": 28
        },
        "14": {
            "0": -24,
            "1": 0,
            "2": 6,
            "3": 20,
            "4": -34,
            "5": 4,
            "6": -11,
            "7": 25,
            "8": 37,
            "9": 32,
            "10": -39,
            "11": 38,
            "12": 36,
            "13": -37,
            "15": -7,
            "16": 18,
            "17": -41,
            "18": -26,
            "19": 27,
            "20": -16,
            "21": 30,
            "22": 46,
            "23": -3,
            "24": 19,
            "25": -35,
            "26": 19,
            "27": -38,
            "28": 34,
            "29": 0,
            "30": 11,
            "31": 21,
            "32": 36,
            "33": -31,
            "34": 30,
            "35": 22,
            "36": 0,
            "37": 29,
            "38": -14,
            "39": -6,
            "40": 7,
            "41": -23,
            "42": -49,
            "43": -3,
            "44": 36,
            "45": 28,
            "46": 13,
            "47": 10,
            "48": 49,
            "49": -47,
            "50": 42,
            "51": 2,
            "52": -8,
            "53": -23
        },
        "15": {
            "0": -2,
            "1": -1,
            "2": -17,
            "3": 0,
            "4": 34,
            "5": 35,
            "6": 4,
            "7": 40,
            "8": 31,
            "9": -35,
            "10": 6,
            "11": 43,
            "12": -1,
            "13": -14,
            "14": -7,
            "16": 12,
            "17": 20,
            "18": 0,
            "19": 35,
            "20": 49,
            "21": -10,
            "22": 24,
            "23": -15,
            "24": -3,
            "25": -16,
            "26": -14,
            "27": 49,
            "28": -12,
            "29": -49,
            "30": -20,
            "31": 20,
            "32": 39,
            "33": 33,
            "34": 37,
            "35": 4,
            "36": 38,
            "37": -35,
            "38": -13,
            "39": 23,
            "40": -1,
            "41": 32,
            "42": 4,
            "43": -48,
            "44": -48,
            "45": 38,
            "46": -7,
            "47": 20,
            "48": -16,
            "49": -40,
            "50": 13,
            "51": 0,
            "52": 36,
            "53": 31
        },
        "16": {
            "0": 39,
            "1": -12,
            "2": 46,
            "3": 22,
            "4": 34,
            "5": 34,
            "6": 25,
            "7": -15,
            "8": -20,
            "9": -1,
            "10": -16,
            "11": 36,
            "12": 5,
            "13": 45,
            "14": 18,
            "15": 12,
            "17": 34,
            "18": -38,
            "19": 40,
            "20": 9,
            "21": -12,
            "22": -32,
            "23": -47,
            "24": 14,
            "25": 46,
            "26": -28,
            "27": -26,
            "28": 19,
            "29": 12,
            "30": 49,
            "31": -3,
            "32": -10,
            "33": 46,
            "34": 40,
            "35": -47,
            "36": -35,
            "37": 29,
            "38": -26,
            "39": -17,
            "40": 3,
            "41": 10,
            "42": 11,
            "43": 41,
            "44": -10,
            "45": -15,
            "46": -19,
            "47": -32,
            "48": -20,
            "49": -13,
            "50": -43,
            "51": -26,
            "52": -39,
            "53": -42
        },
        "17": {
            "0": -15,
            "1": 48,
            "2": 43,
            "3": -37,
            "4": -29,
            "5": -20,
            "6": -6,
            "7": -30,
            "8": 0,
            "9": 32,
            "10": 24,
            "11": -48,
            "12": -38,
            "13": -33,
            "14": -41,
            "15": 20,
            "16": 34,
            "18": -6,
            "19": 0,
            "20": -45,
            "21": -7,
            "22": -42,
            "23": -27,
            "24": 42,
            "25": -17,
            "26": 36,
            "27": -3,
            "28": 27,
            "29": -25,
            "30": 35,
            "31": -26,
            "32": 49,
            "33": 24,
            "34": 6,
            "35": -46,
            "36": -9,
            "37": 49,
            "38": -20,
            "39": -30,
            "40": -6,
            "41": -5,
            "42": -31,
            "43": -18,
            "44": 14,
            "45": 49,
            "46": -24,
            "47": 30,
            "48": 19,
            "49": 35,
            "50": 43,
            "51": 20,
            "52": -15,
            "53": 0
        },
        "18": {
            "0": 25,
            "1": -31,
            "2": 3,
            "3": -20,
            "4": 12,
            "5": -40,
            "6": -46,
            "7": -11,
            "8": 5,
            "9": 0,
            "10": -22,
            "11": -49,
            "12": -35,
            "13": -14,
            "14": -26,
            "15": 0,
            "16": -38,
            "17": -6,
            "19": -7,
            "20": 39,
            "21": -6,
            "22": -16,
            "23": 17,
            "24": 1,
            "25": 17,
            "26": -44,
            "27": -46,
            "28": 42,
            "29": -5,
            "30": 39,
            "31": 42,
            "32": 6,
            "33": 29,
            "34": 46,
            "35": 11,
            "36": -32,
            "37": -19,
            "38": 25,
            "39": -43,
            "40": 32,
            "41": -41,
            "42": 42,
            "43": 48,
            "44": -47,
            "45": 5,
            "46": 33,
            "47": -5,
            "48": -33,
            "49": -16,
            "50": 19,
            "51": 23,
            "52": -9,
            "53": -38
        },
        "19": {
            "0": -40,
            "1": 7,
            "2": 22,
            "3": -22,
            "4": 3,
            "5": 13,
            "6": -33,
            "7": 29,
            "8": -7,
            "9": 14,
            "10": 28,
            "11": -3,
            "12": -22,
            "13": -21,
            "14": 27,
            "15": 35,
            "16": 40,
            "17": 0,
            "18": -7,
            "20": -11,
            "21": -25,
            "22": 31,
            "23": 14,
            "24": -48,
            "25": 24,
            "26": -32,
            "27": 12,
            "28": 41,
            "29": 49,
            "30": 32,
            "31": -28,
            "32": 0,
            "33": 32,
            "34": 0,
            "35": 24,
            "36": 8,
            "37": -38,
            "38": -46,
            "39": -48,
            "40": -28,
            "41": -23,
            "42": 34,
            "43": -22,
            "44": 31,
            "45": 9,
            "46": 27,
            "47": -4,
            "48": 45,
            "49": 18,
            "50": 34,
            "51": 21,
            "52": -35,
            "53": 34
        },
        "20": {
            "0": 6,
            "1": 35,
            "2": 47,
            "3": 22,
            "4": -3,
            "5": -24,
            "6": -36,
            "7": 17,
            "8": 1,
            "9": 4,
            "10": -24,
            "11": -8,
            "12": -2,
            "13": -42,
            "14": -16,
            "15": 49,
            "16": 9,
            "17": -45,
            "18": 39,
            "19": -11,
            "21": 27,
            "22": -8,
            "23": 23,
            "24": 22,
            "25": -38,
            "26": -48,
            "27": 24,
            "28": 20,
            "29": -49,
            "30": 8,
            "31": 28,
            "32": 12,
            "33": -31,
            "34": 43,
            "35": -7,
            "36": 20,
            "37": 33,
            "38": -34,
            "39": 46,
            "40": -43,
            "41": 45,
            "42": -20,
            "43": 32,
            "44": -20,
            "45": 28,
            "46": 2,
            "47": 7,
            "48": 39,
            "49": -42,
            "50": -28,
            "51": -1,
            "52": 24,
            "53": -13
        },
        "21": {
            "0": 45,
            "1": 35,
            "2": -22,
            "3": -10,
            "4": 41,
            "5": 1,
            "6": -2,
            "7": -46,
            "8": 7,
            "9": -43,
            "10": -44,
            "11": 40,
            "12": 43,
            "13": -34,
            "14": 30,
            "15": -10,
            "16": -12,
            "17": -7,
            "18": -6,
            "19": -25,
            "20": 27,
            "22": -37,
            "23": 34,
            "24": -34,
            "25": 20,
            "26": -47,
            "27": 26,
            "28": -26,
            "29": -13,
            "30": 1,
            "31": -10,
            "32": -22,
            "33": 47,
            "34": -8,
            "35": -17,
            "36": -8,
            "37": 1,
            "38": 19,
            "39": 6,
            "40": 28,
            "41": -34,
            "42": -41,
            "43": -39,
            "44": -5,
            "45": 44,
            "46": -39,
            "47": -49,
            "48": 36,
            "49": -8,
            "50": -31,
            "51": 44,
            "52": -36,
            "53": 47
        },
        "22": {
            "0": 6,
            "1": -44,
            "2": -13,
            "3": 7,
            "4": 25,
            "5": 35,
            "6": 20,
            "7": 30,
            "8": 6,
            "9": 42,
            "10": 46,
            "11": 9,
            "12": -38,
            "13": -31,
            "14": 46,
            "15": 24,
            "16": -32,
            "17": -42,
            "18": -16,
            "19": 31,
            "20": -8,
            "21": -37,
            "23": 11,
            "24": -42,
            "25": -24,
            "26": 40,
            "27": 47,
            "28": 42,
            "29": 30,
            "30": 9,
            "31": 27,
            "32": -15,
            "33": 37,
            "34": 20,
            "35": 48,
            "36": 24,
            "37": 36,
            "38": 15,
            "39": 33,
            "40": 5,
            "41": 25,
            "42": -48,
            "43": -44,
            "44": -47,
            "45": -33,
            "46": 39,
            "47": -35,
            "48": -29,
            "49": 2,
            "50": -15,
            "51": 7,
            "52": 0,
            "53": 0
        },
        "23": {
            "0": 22,
            "1": -13,
            "2": -27,
            "3": -27,
            "4": -31,
            "5": 35,
            "6": -46,
            "7": 23,
            "8": -24,
            "9": -34,
            "10": -39,
            "11": -41,
            "12": 23,
            "13": 16,
            "14": -3,
            "15": -15,
            "16": -47,
            "17": -27,
            "18": 17,
            "19": 14,
            "20": 23,
            "21": 34,
            "22": 11,
            "24": 19,
            "25": 7,
            "26": 9,
            "27": -42,
            "28": -12,
            "29": -44,
            "30": -39,
            "31": -48,
            "32": 0,
            "33": 29,
            "34": 40,
            "35": 5,
            "36": 49,
            "37": -34,
            "38": -15,
            "39": -14,
            "40": 4,
            "41": 35,
            "42": -49,
            "43": -21,
            "44": -38,
            "45": -19,
            "46": 7,
            "47": 36,
            "48": 0,
            "49": -8,
            "50": -4,
            "51": 14,
            "52": 48,
            "53": -20
        },
        "24": {
            "0": -2,
            "1": -49,
            "2": -25,
            "3": 14,
            "4": 6,
            "5": -27,
            "6": -1,
            "7": 23,
            "8": 14,
            "9": -18,
            "10": -26,
            "11": 17,
            "12": -9,
            "13": 47,
            "14": 19,
            "15": -3,
            "16": 14,
            "17": 42,
            "18": 1,
            "19": -48,
            "20": 22,
            "21": -34,
            "22": -42,
            "23": 19,
            "25": 40,
            "26": -35,
            "27": 13,
            "28": 24,
            "29": -3,
            "30": -11,
            "31": 23,
            "32": -37,
            "33": -37,
            "34": -44,
            "35": -7,
            "36": -19,
            "37": 38,
            "38": -2,
            "39": 9,
            "40": -23,
            "41": 29,
            "42": 11,
            "43": 34,
            "44": -43,
            "45": -35,
            "46": 17,
            "47": -27,
            "48": 17,
            "49": -35,
            "50": 40,
            "51": -10,
            "52": 10,
            "53": 18
        },
        "25": {
            "0": -7,
            "1": -22,
            "2": -11,
            "3": 34,
            "4": 40,
            "5": 13,
            "6": -14,
            "7": 28,
            "8": 21,
            "9": 32,
            "10": 35,
            "11": -29,
            "12": 8,
            "13": 46,
            "14": -35,
            "15": -16,
            "16": 46,
            "17": -17,
            "18": 17,
            "19": 24,
            "20": -38,
            "21": 20,
            "22": -24,
            "23": 7,
            "24": 40,
            "26": 40,
            "27": 30,
            "28": 21,
            "29": 3,
            "30": -49,
            "31": -10,
            "32": 1,
            "33": 15,
            "34": -33,
            "35": 37,
            "36": -37,
            "37": -28,
            "38": -37,
            "39": -46,
            "40": -43,
            "41": -13,
            "42": 11,
            "43": 0,
            "44": -48,
            "45": 37,
            "46": 22,
            "47": 28,
            "48": -44,
            "49": 2,
            "50": 25,
            "51": 4,
            "52": 35,
            "53": -4
        },
        "26": {
            "0": 7,
            "1": 22,
            "2": -39,
            "3": 9,
            "4": 4,
            "5": -31,
            "6": 20,
            "7": 14,
            "8": -34,
            "9": 25,
            "10": 7,
            "11": -18,
            "12": -45,
            "13": 3,
            "14": 19,
            "15": -14,
            "16": -28,
            "17": 36,
            "18": -44,
            "19": -32,
            "20": -48,
            "21": -47,
            "22": 40,
            "23": 9,
            "24": -35,
            "25": 40,
            "27": -9,
            "28": -30,
            "29": 22,
            "30": -15,
            "31": -32,
            "32": -32,
            "33": -39,
            "34": 12,
            "35": 26,
            "36": -4,
            "37": 26,
            "38": 21,
            "39": 24,
            "40": 26,
            "41": 30,
            "42": 29,
            "43": -5,
            "44": 41,
            "45": -29,
            "46": -6,
            "47": -44,
            "48": 14,
            "49": 29,
            "50": 1,
            "51": 10,
            "52": 32,
            "53": 31
        },
        "27": {
            "0": 8,
            "1": 30,
            "2": -5,
            "3": 1,
            "4": -18,
            "5": 4,
            "6": -16,
            "7": 6,
            "8": -26,
            "9": 27,
            "10": -18,
            "11": 17,
            "12": 25,
            "13": -24,
            "14": -38,
            "15": 49,
            "16": -26,
            "17": -3,
            "18": -46,
            "19": 12,
            "20": 24,
            "21": 26,
            "22": 47,
            "23": -42,
            "24": 13,
            "25": 30,
            "26": -9,
            "28": -20,
            "29": 33,
            "30": 11,
            "31": -48,
            "32": 18,
            "33": -10,
            "34": 39,
            "35": -15,
            "36": 7,
            "37": 29,
            "38": -28,
            "39": -47,
            "40": -48,
            "41": 37,
            "42": 39,
            "43": -24,
            "44": 41,
            "45": 6,
            "46": -4,
            "47": -13,
            "48": -1,
            "49": -14,
            "50": -8,
            "51": -27,
            "52": -42,
            "53": -18
        },
        "28": {
            "0": -26,
            "1": -21,
            "2": 43,
            "3": -10,
            "4": -39,
            "5": 16,
            "6": -29,
            "7": -11,
            "8": 30,
            "9": 37,
            "10": 47,
            "11": 9,
            "12": -1,
            "13": -30,
            "14": 34,
            "15": -12,
            "16": 19,
            "17": 27,
            "18": 42,
            "19": 41,
            "20": 20,
            "21": -26,
            "22": 42,
            "23": -12,
            "24": 24,
            "25": 21,
            "26": -30,
            "27": -20,
            "29": 16,
            "30": 28,
            "31": -36,
            "32": 23,
            "33": 1,
            "34": 27,
            "35": -32,
            "36": 46,
            "37": 14,
            "38": 34,
            "39": -37,
            "40": -7,
            "41": 3,
            "42": 8,
            "43": -5,
            "44": 0,
            "45": -18,
            "46": -48,
            "47": -30,
            "48": 9,
            "49": 14,
            "50": -25,
            "51": -17,
            "52": -38,
            "53": 44
        },
        "29": {
            "0": 21,
            "1": -30,
            "2": -33,
            "3": -18,
            "4": 0,
            "5": 14,
            "6": 49,
            "7": -43,
            "8": 7,
            "9": -3,
            "10": -36,
            "11": 44,
            "12": -24,
            "13": 43,
            "14": 0,
            "15": -49,
            "16": 12,
            "17": -25,
            "18": -5,
            "19": 49,
            "20": -49,
            "21": -13,
            "22": 30,
            "23": -44,
            "24": -3,
            "25": 3,
            "26": 22,
            "27": 33,
            "28": 16,
            "30": 45,
            "31": 30,
            "32": 40,
            "33": -35,
            "34": 5,
            "35": -14,
            "36": -32,
            "37": 2,
            "38": 9,
            "39": -43,
            "40": -2,
            "41": -4,
            "42": -30,
            "43": -40,
            "44": 0,
            "45": 21,
            "46": 43,
            "47": 25,
            "48": -19,
            "49": -12,
            "50": -19,
            "51": -33,
            "52": -12,
            "53": -45
        },
        "30": {
            "0": 28,
            "1": -19,
            "2": 31,
            "3": 5,
            "4": 6,
            "5": 16,
            "6": 41,
            "7": 12,
            "8": 27,
            "9": 24,
            "10": 49,
            "11": 27,
            "12": -31,
            "13": -7,
            "14": 11,
            "15": -20,
            "16": 49,
            "17": 35,
            "18": 39,
            "19": 32,
            "20": 8,
            "21": 1,
            "22": 9,
            "23": -39,
            "24": -11,
            "25": -49,
            "26": -15,
            "27": 11,
            "28": 28,
            "29": 45,
            "31": 35,
            "32": -17,
            "33": -2,
            "34": -25,
            "35": 5,
            "36": 34,
            "37": -12,
            "38": -47,
            "39": -18,
            "40": -37,
            "41": -32,
            "42": -19,
            "43": 6,
            "44": 16,
            "45": -44,
            "46": -42,
            "47": -47,
            "48": 2,
            "49": 1,
            "50": -45,
            "51": 42,
            "52": -23,
            "53": 28
        },
        "31": {
            "0": -20,
            "1": 12,
            "2": -43,
            "3": 41,
            "4": -39,
            "5": 37,
            "6": -43,
            "7": -46,
            "8": 5,
            "9": 19,
            "10": 23,
            "11": -48,
            "12": -24,
            "13": 5,
            "14": 21,
            "15": 20,
            "16": -3,
            "17": -26,
            "18": 42,
            "19": -28,
            "20": 28,
            "21": -10,
            "22": 27,
            "23": -48,
            "24": 23,
            "25": -10,
            "26": -32,
            "27": -48,
            "28": -36,
            "29": 30,
            "30": 35,
            "32": -7,
            "33": -47,
            "34": 8,
            "35": 28,
            "36": 21,
            "37": -44,
            "38": 39,
            "39": 46,
            "40": -24,
            "41": -47,
            "42": -24,
            "43": -23,
            "44": -44,
            "45": -8,
            "46": -49,
            "47": 40,
            "48": 8,
            "49": 39,
            "50": 15,
            "51": 8,
            "52": -21,
            "53": -5
        },
        "32": {
            "0": 9,
            "1": 19,
            "2": 44,
            "3": -6,
            "4": 46,
            "5": 6,
            "6": 9,
            "7": 15,
            "8": 27,
            "9": 16,
            "10": 36,
            "11": -31,
            "12": -15,
            "13": -12,
            "14": 36,
            "15": 39,
            "16": -10,
            "17": 49,
            "18": 6,
            "19": 0,
            "20": 12,
            "21": -22,
            "22": -15,
            "23": 0,
            "24": -37,
            "25": 1,
            "26": -32,
            "27": 18,
            "28": 23,
            "29": 40,
            "30": -17,
            "31": -7,
            "33": 4,
            "34": 30,
            "35": -28,
            "36": 42,
            "37": -41,
            "38": 41,
            "39": -35,
            "40": -11,
            "41": -21,
            "42": -48,
            "43": -41,
            "44": 27,
            "45": -33,
            "46": -31,
            "47": 45,
            "48": -49,
            "49": -34,
            "50": -2,
            "51": -24,
            "52": 13,
            "53": 5
        },
        "33": {
            "0": -12,
            "1": -17,
            "2": -44,
            "3": 37,
            "4": -13,
            "5": 20,
            "6": 33,
            "7": -22,
            "8": -47,
            "9": -24,
            "10": 28,
            "11": -20,
            "12": 35,
            "13": -2,
            "14": -31,
            "15": 33,
            "16": 46,
            "17": 24,
            "18": 29,
            "19": 32,
            "20": -31,
            "21": 47,
            "22": 37,
            "23": 29,
            "24": -37,
            "25": 15,
            "26": -39,
            "27": -10,
            "28": 1,
            "29": -35,
            "30": -2,
            "31": -47,
            "32": 4,
            "34": -19,
            "35": -15,
            "36": -9,
            "37": -41,
            "38": -45,
            "39": -36,
            "40": -47,
            "41": 11,
            "42": -36,
            "43": -18,
            "44": 17,
            "45": 22,
            "46": 25,
            "47": -38,
            "48": 40,
            "49": -21,
            "50": -12,
            "51": -9,
            "52": -46,
            "53": -37
        },
        "34": {
            "0": -15,
            "1": -2,
            "2": -43,
            "3": -20,
            "4": -46,
            "5": -16,
            "6": -1,
            "7": -37,
            "8": -41,
            "9": 38,
            "10": 43,
            "11": -33,
            "12": -48,
            "13": 12,
            "14": 30,
            "15": 37,
            "16": 40,
            "17": 6,
            "18": 46,
            "19": 0,
            "20": 43,
            "21": -8,
            "22": 20,
            "23": 40,
            "24": -44,
            "25": -33,
            "26": 12,
            "27": 39,
            "28": 27,
            "29": 5,
            "30": -25,
            "31": 8,
            "32": 30,
            "33": -19,
            "35": 27,
            "36": -23,
            "37": -46,
            "38": -19,
            "39": 1,
            "40": 8,
            "41": -27,
            "42": 0,
            "43": 8,
            "44": 34,
            "45": -17,
            "46": -18,
            "47": 11,
            "48": -22,
            "49": -6,
            "50": 35,
            "51": 13,
            "52": -7,
            "53": -8
        },
        "35": {
            "0": 39,
            "1": -18,
            "2": -30,
            "3": -23,
            "4": 20,
            "5": 5,
            "6": -20,
            "7": -37,
            "8": -46,
            "9": 16,
            "10": 9,
            "11": -29,
            "12": 34,
            "13": 6,
            "14": 22,
            "15": 4,
            "16": -47,
            "17": -46,
            "18": 11,
            "19": 24,
            "20": -7,
            "21": -17,
            "22": 48,
            "23": 5,
            "24": -7,
            "25": 37,
            "26": 26,
            "27": -15,
            "28": -32,
            "29": -14,
            "30": 5,
            "31": 28,
            "32": -28,
            "33": -15,
            "34": 27,
            "36": -41,
            "37": 2,
            "38": -4,
            "39": -46,
            "40": -35,
            "41": -41,
            "42": 38,
            "43": 46,
            "44": 0,
            "45": -11,
            "46": -24,
            "47": -23,
            "48": -22,
            "49": 0,
            "50": -36,
            "51": -42,
            "52": -41,
            "53": 37
        },
        "36": {
            "0": -3,
            "1": -35,
            "2": 47,
            "3": 0,
            "4": 28,
            "5": 2,
            "6": 6,
            "7": -16,
            "8": -7,
            "9": -7,
            "10": -35,
            "11": -38,
            "12": 28,
            "13": -22,
            "14": 0,
            "15": 38,
            "16": -35,
            "17": -9,
            "18": -32,
            "19": 8,
            "20": 20,
            "21": -8,
            "22": 24,
            "23": 49,
            "24": -19,
            "25": -37,
            "26": -4,
            "27": 7,
            "28": 46,
            "29": -32,
            "30": 34,
            "31": 21,
            "32": 42,
            "33": -9,
            "34": -23,
            "35": -41,
            "37": 28,
            "38": 23,
            "39": -44,
            "40": 29,
            "41": 28,
            "42": -33,
            "43": -21,
            "44": -4,
            "45": -19,
            "46": -48,
            "47": 15,
            "48": -37,
            "49": -29,
            "50": -36,
            "51": 44,
            "52": 13,
            "53": -20
        },
        "37": {
            "0": 0,
            "1": -19,
            "2": -31,
            "3": 25,
            "4": 22,
            "5": 18,
            "6": -20,
            "7": 42,
            "8": 8,
            "9": -15,
            "10": 30,
            "11": -21,
            "12": -5,
            "13": -43,
            "14": 29,
            "15": -35,
            "16": 29,
            "17": 49,
            "18": -19,
            "19": -38,
            "20": 33,
            "21": 1,
            "22": 36,
            "23": -34,
            "24": 38,
            "25": -28,
            "26": 26,
            "27": 29,
            "28": 14,
            "29": 2,
            "30": -12,
            "31": -44,
            "32": -41,
            "33": -41,
            "34": -46,
            "35": 2,
            "36": 28,
            "38": 43,
            "39": -25,
            "40": 2,
            "41": -46,
            "42": -10,
            "43": -23,
            "44": -22,
            "45": -15,
            "46": -28,
            "47": 47,
            "48": 6,
            "49": 25,
            "50": 9,
            "51": -5,
            "52": 34,
            "53": -11
        },
        "38": {
            "0": -17,
            "1": 49,
            "2": -3,
            "3": -41,
            "4": 33,
            "5": 49,
            "6": 42,
            "7": -28,
            "8": 0,
            "9": -2,
            "10": -33,
            "11": 17,
            "12": 10,
            "13": -14,
            "14": -14,
            "15": -13,
            "16": -26,
            "17": -20,
            "18": 25,
            "19": -46,
            "20": -34,
            "21": 19,
            "22": 15,
            "23": -15,
            "24": -2,
            "25": -37,
            "26": 21,
            "27": -28,
            "28": 34,
            "29": 9,
            "30": -47,
            "31": 39,
            "32": 41,
            "33": -45,
            "34": -19,
            "35": -4,
            "36": 23,
            "37": 43,
            "39": 33,
            "40": -42,
            "41": -4,
            "42": -35,
            "43": 47,
            "44": 43,
            "45": 25,
            "46": 34,
            "47": -12,
            "48": -17,
            "49": -41,
            "50": 9,
            "51": 15,
            "52": -23,
            "53": 5
        },
        "39": {
            "0": -23,
            "1": -16,
            "2": 0,
            "3": -18,
            "4": 19,
            "5": -31,
            "6": -18,
            "7": -12,
            "8": 13,
            "9": -35,
            "10": -36,
            "11": 21,
            "12": -11,
            "13": -5,
            "14": -6,
            "15": 23,
            "16": -17,
            "17": -30,
            "18": -43,
            "19": -48,
            "20": 46,
            "21": 6,
            "22": 33,
            "23": -14,
            "24": 9,
            "25": -46,
            "26": 24,
            "27": -47,
            "28": -37,
            "29": -43,
            "30": -18,
            "31": 46,
            "32": -35,
            "33": -36,
            "34": 1,
            "35": -46,
            "36": -44,
            "37": -25,
            "38": 33,
            "40": -19,
            "41": -31,
            "42": -45,
            "43": -34,
            "44": 2,
            "45": 18,
            "46": 0,
            "47": -2,
            "48": -43,
            "49": -2,
            "50": -2,
            "51": 26,
            "52": -4,
            "53": 42
        },
        "40": {
            "0": 49,
            "1": -24,
            "2": 2,
            "3": -42,
            "4": -21,
            "5": -20,
            "6": 40,
            "7": 7,
            "8": -39,
            "9": 39,
            "10": 27,
            "11": -10,
            "12": 49,
            "13": 14,
            "14": 7,
            "15": -1,
            "16": 3,
            "17": -6,
            "18": 32,
            "19": -28,
            "20": -43,
            "21": 28,
            "22": 5,
            "23": 4,
            "24": -23,
            "25": -43,
            "26": 26,
            "27": -48,
            "28": -7,
            "29": -2,
            "30": -37,
            "31": -24,
            "32": -11,
            "33": -47,
            "34": 8,
            "35": -35,
            "36": 29,
            "37": 2,
            "38": -42,
            "39": -19,
            "41": 23,
            "42": -19,
            "43": -35,
            "44": -29,
            "45": -14,
            "46": -6,
            "47": -33,
            "48": -36,
            "49": 21,
            "50": 25,
            "51": 48,
            "52": 20,
            "53": -36
        },
        "41": {
            "0": 31,
            "1": 9,
            "2": 0,
            "3": 10,
            "4": -4,
            "5": -1,
            "6": -34,
            "7": 20,
            "8": -35,
            "9": -45,
            "10": -3,
            "11": 34,
            "12": -35,
            "13": 11,
            "14": -23,
            "15": 32,
            "16": 10,
            "17": -5,
            "18": -41,
            "19": -23,
            "20": 45,
            "21": -34,
            "22": 25,
            "23": 35,
            "24": 29,
            "25": -13,
            "26": 30,
            "27": 37,
            "28": 3,
            "29": -4,
            "30": -32,
            "31": -47,
            "32": -21,
            "33": 11,
            "34": -27,
            "35": -41,
            "36": 28,
            "37": -46,
            "38": -4,
            "39": -31,
            "40": 23,
            "42": -25,
            "43": 47,
            "44": 40,
            "45": 11,
            "46": 42,
            "47": -35,
            "48": -30,
            "49": -46,
            "50": 40,
            "51": -19,
            "52": -33,
            "53": -22
        },
        "42": {
            "0": 23,
            "1": 27,
            "2": -43,
            "3": -33,
            "4": -46,
            "5": 28,
            "6": 44,
            "7": 17,
            "8": 49,
            "9": 40,
            "10": 2,
            "11": -44,
            "12": 37,
            "13": -9,
            "14": -49,
            "15": 4,
            "16": 11,
            "17": -31,
            "18": 42,
            "19": 34,
            "20": -20,
            "21": -41,
            "22": -48,
            "23": -49,
            "24": 11,
            "25": 11,
            "26": 29,
            "27": 39,
            "28": 8,
            "29": -30,
            "30": -19,
            "31": -24,
            "32": -48,
            "33": -36,
            "34": 0,
            "35": 38,
            "36": -33,
            "37": -10,
            "38": -35,
            "39": -45,
            "40": -19,
            "41": -25,
            "43": -33,
            "44": -6,
            "45": 37,
            "46": 48,
            "47": 34,
            "48": 31,
            "49": -27,
            "50": 17,
            "51": -32,
            "52": 13,
            "53": 0
        },
        "43": {
            "0": 36,
            "1": 31,
            "2": -42,
            "3": -4,
            "4": -26,
            "5": 16,
            "6": 34,
            "7": -29,
            "8": -45,
            "9": 43,
            "10": 31,
            "11": -43,
            "12": 42,
            "13": -5,
            "14": -3,
            "15": -48,
            "16": 41,
            "17": -18,
            "18": 48,
            "19": -22,
            "20": 32,
            "21": -39,
            "22": -44,
            "23": -21,
            "24": 34,
            "25": 0,
            "26": -5,
            "27": -24,
            "28": -5,
            "29": -40,
            "30": 6,
            "31": -23,
            "32": -41,
            "33": -18,
            "34": 8,
            "35": 46,
            "36": -21,
            "37": -23,
            "38": 47,
            "39": -34,
            "40": -35,
            "41": 47,
            "42": -33,
            "44": -25,
            "45": 19,
            "46": -37,
            "47": -48,
            "48": 24,
            "49": -27,
            "50": 28,
            "51": 4,
            "52": -32,
            "53": -8
        },
        "44": {
            "0": 34,
            "1": -15,
            "2": 43,
            "3": -31,
            "4": 18,
            "5": -19,
            "6": -22,
            "7": -29,
            "8": -38,
            "9": -18,
            "10": 11,
            "11": -42,
            "12": -15,
            "13": -48,
            "14": 36,
            "15": -48,
            "16": -10,
            "17": 14,
            "18": -47,
            "19": 31,
            "20": -20,
            "21": -5,
            "22": -47,
            "23": -38,
            "24": -43,
            "25": -48,
            "26": 41,
            "27": 41,
            "28": 0,
            "29": 0,
            "30": 16,
            "31": -44,
            "32": 27,
            "33": 17,
            "34": 34,
            "35": 0,
            "36": -4,
            "37": -22,
            "38": 43,
            "39": 2,
            "40": -29,
            "41": 40,
            "42": -6,
            "43": -25,
            "45": 18,
            "46": 18,
            "47": 9,
            "48": -19,
            "49": -17,
            "50": 32,
            "51": -7,
            "52": -27,
            "53": -21
        },
        "45": {
            "0": 39,
            "1": 23,
            "2": 24,
            "3": 14,
            "4": 4,
            "5": -15,
            "6": 39,
            "7": 46,
            "8": 30,
            "9": 15,
            "10": 27,
            "11": 22,
            "12": 33,
            "13": 17,
            "14": 28,
            "15": 38,
            "16": -15,
            "17": 49,
            "18": 5,
            "19": 9,
            "20": 28,
            "21": 44,
            "22": -33,
            "23": -19,
            "24": -35,
            "25": 37,
            "26": -29,
            "27": 6,
            "28": -18,
            "29": 21,
            "30": -44,
            "31": -8,
            "32": -33,
            "33": 22,
            "34": -17,
            "35": -11,
            "36": -19,
            "37": -15,
            "38": 25,
            "39": 18,
            "40": -14,
            "41": 11,
            "42": 37,
            "43": 19,
            "44": 18,
            "46": 28,
            "47": -36,
            "48": -11,
            "49": 30,
            "50": 31,
            "51": 13,
            "52": 28,
            "53": -11
        },
        "46": {
            "0": 20,
            "1": 40,
            "2": 26,
            "3": -36,
            "4": -34,
            "5": -42,
            "6": 9,
            "7": 33,
            "8": -6,
            "9": 42,
            "10": -44,
            "11": -40,
            "12": 45,
            "13": -29,
            "14": 13,
            "15": -7,
            "16": -19,
            "17": -24,
            "18": 33,
            "19": 27,
            "20": 2,
            "21": -39,
            "22": 39,
            "23": 7,
            "24": 17,
            "25": 22,
            "26": -6,
            "27": -4,
            "28": -48,
            "29": 43,
            "30": -42,
            "31": -49,
            "32": -31,
            "33": 25,
            "34": -18,
            "35": -24,
            "36": -48,
            "37": -28,
            "38": 34,
            "39": 0,
            "40": -6,
            "41": 42,
            "42": 48,
            "43": -37,
            "44": 18,
            "45": 28,
            "47": 48,
            "48": 24,
            "49": -23,
            "50": -22,
            "51": 35,
            "52": -20,
            "53": 31
        },
        "47": {
            "0": -21,
            "1": 21,
            "2": -9,
            "3": -46,
            "4": 17,
            "5": 11,
            "6": 14,
            "7": 6,
            "8": 15,
            "9": -39,
            "10": -1,
            "11": -46,
            "12": 34,
            "13": -33,
            "14": 10,
            "15": 20,
            "16": -32,
            "17": 30,
            "18": -5,
            "19": -4,
            "20": 7,
            "21": -49,
            "22": -35,
            "23": 36,
            "24": -27,
            "25": 28,
            "26": -44,
            "27": -13,
            "28": -30,
            "29": 25,
            "30": -47,
            "31": 40,
            "32": 45,
            "33": -38,
            "34": 11,
            "35": -23,
            "36": 15,
            "37": 47,
            "38": -12,
            "39": -2,
            "40": -33,
            "41": -35,
            "42": 34,
            "43": -48,
            "44": 9,
            "45": -36,
            "46": 48,
            "48": 41,
            "49": 47,
            "50": -25,
            "51": -4,
            "52": 7,
            "53": 21
        },
        "48": {
            "0": 24,
            "1": -5,
            "2": -10,
            "3": 15,
            "4": 10,
            "5": 29,
            "6": -20,
            "7": 31,
            "8": -13,
            "9": 1,
            "10": -17,
            "11": 1,
            "12": -45,
            "13": -7,
            "14": 49,
            "15": -16,
            "16": -20,
            "17": 19,
            "18": -33,
            "19": 45,
            "20": 39,
            "21": 36,
            "22": -29,
            "23": 0,
            "24": 17,
            "25": -44,
            "26": 14,
            "27": -1,
            "28": 9,
            "29": -19,
            "30": 2,
            "31": 8,
            "32": -49,
            "33": 40,
            "34": -22,
            "35": -22,
            "36": -37,
            "37": 6,
            "38": -17,
            "39": -43,
            "40": -36,
            "41": -30,
            "42": 31,
            "43": 24,
            "44": -19,
            "45": -11,
            "46": 24,
            "47": 41,
            "49": 9,
            "50": -43,
            "51": -2,
            "52": 44,
            "53": -10
        },
        "49": {
            "0": -46,
            "1": -24,
            "2": -33,
            "3": 9,
            "4": 5,
            "5": 8,
            "6": -31,
            "7": 2,
            "8": -33,
            "9": 40,
            "10": -2,
            "11": 46,
            "12": -30,
            "13": -5,
            "14": -47,
            "15": -40,
            "16": -13,
            "17": 35,
            "18": -16,
            "19": 18,
            "20": -42,
            "21": -8,
            "22": 2,
            "23": -8,
            "24": -35,
            "25": 2,
            "26": 29,
            "27": -14,
            "28": 14,
            "29": -12,
            "30": 1,
            "31": 39,
            "32": -34,
            "33": -21,
            "34": -6,
            "35": 0,
            "36": -29,
            "37": 25,
            "38": -41,
            "39": -2,
            "40": 21,
            "41": -46,
            "42": -27,
            "43": -27,
            "44": -17,
            "45": 30,
            "46": -23,
            "47": 47,
            "48": 9,
            "50": -18,
            "51": -15,
            "52": 43,
            "53": -1
        },
        "50": {
            "0": -43,
            "1": 42,
            "2": 44,
            "3": 29,
            "4": -45,
            "5": -36,
            "6": 46,
            "7": 30,
            "8": 10,
            "9": -3,
            "10": 7,
            "11": 35,
            "12": -21,
            "13": -37,
            "14": 42,
            "15": 13,
            "16": -43,
            "17": 43,
            "18": 19,
            "19": 34,
            "20": -28,
            "21": -31,
            "22": -15,
            "23": -4,
            "24": 40,
            "25": 25,
            "26": 1,
            "27": -8,
            "28": -25,
            "29": -19,
            "30": -45,
            "31": 15,
            "32": -2,
            "33": -12,
            "34": 35,
            "35": -36,
            "36": -36,
            "37": 9,
            "38": 9,
            "39": -2,
            "40": 25,
            "41": 40,
            "42": 17,
            "43": 28,
            "44": 32,
            "45": 31,
            "46": -22,
            "47": -25,
            "48": -43,
            "49": -18,
            "51": 3,
            "52": 7,
            "53": 1
        },
        "51": {
            "0": 43,
            "1": 44,
            "2": -48,
            "3": -3,
            "4": 6,
            "5": 2,
            "6": 36,
            "7": 26,
            "8": 22,
            "9": 21,
            "10": 46,
            "11": 49,
            "12": 38,
            "13": 0,
            "14": 2,
            "15": 0,
            "16": -26,
            "17": 20,
            "18": 23,
            "19": 21,
            "20": -1,
            "21": 44,
            "22": 7,
            "23": 14,
            "24": -10,
            "25": 4,
            "26": 10,
            "27": -27,
            "28": -17,
            "29": -33,
            "30": 42,
            "31": 8,
            "32": -24,
            "33": -9,
            "34": 13,
            "35": -42,
            "36": 44,
            "37": -5,
            "38": 15,
            "39": 26,
            "40": 48,
            "41": -19,
            "42": -32,
            "43": 4,
            "44": -7,
            "45": 13,
            "46": 35,
            "47": -4,
            "48": -2,
            "49": -15,
            "50": 3,
            "52": 22,
            "53": -2
        },
        "52": {
            "0": 0,
            "1": -15,
            "2": -3,
            "3": -29,
            "4": -29,
            "5": -15,
            "6": 36,
            "7": -34,
            "8": 26,
            "9": -11,
            "10": 31,
            "11": -21,
            "12": -40,
            "13": -21,
            "14": -8,
            "15": 36,
            "16": -39,
            "17": -15,
            "18": -9,
            "19": -35,
            "20": 24,
            "21": -36,
            "22": 0,
            "23": 48,
            "24": 10,
            "25": 35,
            "26": 32,
            "27": -42,
            "28": -38,
            "29": -12,
            "30": -23,
            "31": -21,
            "32": 13,
            "33": -46,
            "34": -7,
            "35": -41,
            "36": 13,
            "37": 34,
            "38": -23,
            "39": -4,
            "40": 20,
            "41": -33,
            "42": 13,
            "43": -32,
            "44": -27,
            "45": 28,
            "46": -20,
            "47": 7,
            "48": 44,
            "49": 43,
            "50": 7,
            "51": 22,
            "53": 26
        },
        "53": {
            "0": -45,
            "1": -32,
            "2": 33,
            "3": 49,
            "4": 9,
            "5": 13,
            "6": -13,
            "7": 7,
            "8": 14,
            "9": 40,
            "10": 0,
            "11": -17,
            "12": -32,
            "13": 28,
            "14": -23,
            "15": 31,
            "16": -42,
            "17": 0,
            "18": -38,
            "19": 34,
            "20": -13,
            "21": 47,
            "22": 0,
            "23": -20,
            "24": 18,
            "25": -4,
            "26": 31,
            "27": -18,
            "28": 44,
            "29": -45,
            "30": 28,
            "31": -5,
            "32": 5,
            "33": -37,
            "34": -8,
            "35": 37,
            "36": -20,
            "37": -11,
            "38": 5,
            "39": 42,
            "40": -36,
            "41": -22,
            "42": 0,
            "43": -8,
            "44": -21,
            "45": -11,
            "46": 31,
            "47": 21,
            "48": -10,
            "49": -1,
            "50": 1,
            "51": -2,
            "52": 26
        }
    },
    "Gamma": 27
}