{
    "knapsack_size": 1500,
    "n_items": 63,
    "costs": {
        "0": {
            "l": 65,
            "a": 79,
            "u": 85
        },
        "1": {
            "l": 49,
            "a": 52,
            "u": 63
        },
        "2": {
            "l": 50,
            "a": 65,
            "u": 78
        },
        "3": {
            "l": 61,
            "a": 82,
            "u": 99
        },
        "4": {
            "l": 56,
            "a": 71,
            "u": 71
        },
        "5": {
            "l": 58,
            "a": 87,
            "u": 90
        },
        "6": {
            "l": 59,
            "a": 116,
            "u": 123
        },
        "7": {
            "l": 57,
            "a": 97,
            "u": 101
        },
        "8": {
            "l": 59,
            "a": 98,
            "u": 140
        },
        "9": {
            "l": 66,
            "a": 96,
            "u": 121
        },
        "10": {
            "l": 47,
            "a": 61,
            "u": 62
        },
        "11": {
            "l": 52,
            "a": 100,
            "u": 104
        },
        "12": {
            "l": 66,
            "a": 91,
            "u": 132
        },
        "13": {
            "l": 45,
            "a": 69,
            "u": 97
        },
        "14": {
            "l": 55,
            "a": 74,
            "u": 81
        },
        "15": {
            "l": 58,
            "a": 62,
            "u": 66
        },
        "16": {
            "l": 46,
            "a": 89,
            "u": 131
        },
        "17": {
            "l": 53,
            "a": 91,
            "u": 129
        },
        "18": {
            "l": 59,
            "a": 108,
            "u": 150
        },
        "19": {
            "l": 48,
            "a": 78,
            "u": 98
        },
        "20": {
            "l": 61,
            "a": 76,
            "u": 91
        },
        "21": {
            "l": 63,
            "a": 67,
            "u": 90
        },
        "22": {
            "l": 60,
            "a": 109,
            "u": 127
        },
        "23": {
            "l": 53,
            "a": 84,
            "u": 121
        },
        "24": {
            "l": 57,
            "a": 87,
            "u": 102
        },
        "25": {
            "l": 54,
            "a": 79,
            "u": 96
        },
        "26": {
            "l": 48,
            "a": 50,
            "u": 62
        },
        "27": {
            "l": 55,
            "a": 100,
            "u": 139
        },
        "28": {
            "l": 45,
            "a": 73,
            "u": 83
        },
        "29": {
            "l": 67,
            "a": 103,
            "u": 112
        },
        "30": {
            "l": 46,
            "a": 82,
            "u": 102
        },
        "31": {
            "l": 68,
            "a": 106,
            "u": 143
        },
        "32": {
            "l": 65,
            "a": 77,
            "u": 98
        },
        "33": {
            "l": 62,
            "a": 78,
            "u": 94
        },
        "34": {
            "l": 58,
            "a": 114,
            "u": 170
        },
        "35": {
            "l": 45,
            "a": 57,
            "u": 58
        },
        "36": {
            "l": 45,
            "a": 71,
            "u": 92
        },
        "37": {
            "l": 69,
            "a": 110,
            "u": 155
        },
        "38": {
            "l": 48,
            "a": 71,
            "u": 73
        },
        "39": {
            "l": 67,
            "a": 76,
            "u": 104
        },
        "40": {
            "l": 64,
            "a": 66,
            "u": 89
        },
        "41": {
            "l": 58,
            "a": 98,
            "u": 124
        },
        "42": {
            "l": 45,
            "a": 53,
            "u": 57
        },
        "43": {
            "l": 68,
            "a": 129,
            "u": 176
        },
        "44": {
            "l": 51,
            "a": 86,
            "u": 93
        },
        "45": {
            "l": 52,
            "a": 93,
            "u": 114
        },
        "46": {
            "l": 57,
            "a": 87,
            "u": 115
        },
        "47": {
            "l": 67,
            "a": 91,
            "u": 120
        },
        "48": {
            "l": 67,
            "a": 88,
            "u": 124
        },
        "49": {
            "l": 52,
            "a": 101,
            "u": 112
        },
        "50": {
            "l": 63,
            "a": 68,
            "u": 70
        },
        "51": {
            "l": 48,
            "a": 68,
            "u": 82
        },
        "52": {
            "l": 64,
            "a": 86,
            "u": 118
        },
        "53": {
            "l": 66,
            "a": 110,
            "u": 116
        },
        "54": {
            "l": 55,
            "a": 86,
            "u": 122
        },
        "55": {
            "l": 51,
            "a": 98,
            "u": 105
        },
        "56": {
            "l": 49,
            "a": 76,
            "u": 100
        },
        "57": {
            "l": 57,
            "a": 62,
            "u": 83
        },
        "58": {
            "l": 48,
            "a": 52,
            "u": 55
        },
        "59": {
            "l": 48,
            "a": 75,
            "u": 88
        },
        "60": {
            "l": 61,
            "a": 99,
            "u": 141
        },
        "61": {
            "l": 53,
            "a": 73,
            "u": 83
        },
        "62": {
            "l": 47,
            "a": 54,
            "u": 80
        }
    },
    "profits": {
        "0": 129,
        "1": 82,
        "2": 114,
        "3": 160,
        "4": 120,
        "5": 160,
        "6": 174,
        "7": 170,
        "8": 179,
        "9": 165,
        "10": 116,
        "11": 183,
        "12": 167,
        "13": 125,
        "14": 119,
        "15": 103,
        "16": 155,
        "17": 177,
        "18": 197,
        "19": 155,
        "20": 148,
        "21": 124,
        "22": 188,
        "23": 164,
        "24": 148,
        "25": 141,
        "26": 93,
        "27": 180,
        "28": 117,
        "29": 158,
        "30": 161,
        "31": 189,
        "32": 123,
        "33": 117,
        "34": 195,
        "35": 108,
        "36": 112,
        "37": 196,
        "38": 113,
        "39": 140,
        "40": 118,
        "41": 147,
        "42": 95,
        "43": 206,
        "44": 171,
        "45": 147,
        "46": 133,
        "47": 171,
        "48": 144,
        "49": 182,
        "50": 118,
        "51": 112,
        "52": 162,
        "53": 194,
        "54": 166,
        "55": 193,
        "56": 116,
        "57": 100,
        "58": 90,
        "59": 126,
        "60": 149,
        "61": 122,
        "62": 97
    },
    "synergies": {
        "0": {
            "1": -5,
            "2": -24,
            "3": 20,
            "4": 14,
            "5": -45,
            "6": 42,
            "7": -16,
            "8": 11,
            "9": -31,
            "10": 6,
            "11": -14,
            "12": 6,
            "13": -9,
            "14": 23,
            "15": -33,
            "16": 30,
            "17": -47,
            "18": -15,
            "19": -32,
            "20": 48,
            "21": -26,
            "22": -1,
            "23": 23,
            "24": -5,
            "25": -41,
            "26": 25,
            "27": -36,
            "28": 18,
            "29": -31,
            "30": 2,
            "31": 32,
            "32": -48,
            "33": -9,
            "34": 16,
            "35": 33,
            "36": -38,
            "37": -6,
            "38": -16,
            "39": -47,
            "40": -36,
            "41": 39,
            "42": 2,
            "43": -19,
            "44": -5,
            "45": -20,
            "46": -47,
            "47": -44,
            "48": -44,
            "49": -44,
            "50": 31,
            "51": 32,
            "52": 1,
            "53": 32,
            "54": 21,
            "55": -32,
            "56": 26,
            "57": -7,
            "58": -21,
            "59": 31,
            "60": -24,
            "61": 2,
            "62": 1
        },
        "1": {
            "0": -5,
            "2": 12,
            "3": 7,
            "4": 49,
            "5": 29,
            "6": 34,
            "7": -37,
            "8": 20,
            "9": 43,
            "10": 36,
            "11": -33,
            "12": -5,
            "13": 33,
            "14": 14,
            "15": -6,
            "16": -25,
            "17": -23,
            "18": 40,
            "19": -18,
            "20": -44,
            "21": -2,
            "22": 34,
            "23": 49,
            "24": -2,
            "25": 43,
            "26": -11,
            "27": 15,
            "28": -2,
            "29": -21,
            "30": -37,
            "31": 18,
            "32": -5,
            "33": -15,
            "34": -30,
            "35": -28,
            "36": -48,
            "37": -41,
            "38": -37,
            "39": -10,
            "40": 20,
            "41": 42,
            "42": 6,
            "43": -16,
            "44": -45,
            "45": 18,
            "46": -20,
            "47": 13,
            "48": 45,
            "49": 17,
            "50": 33,
            "51": -35,
            "52": 14,
            "53": -48,
            "54": 12,
            "55": -28,
            "56": 14,
            "57": 46,
            "58": 48,
            "59": -39,
            "60": -11,
            "61": 32,
            "62": -7
        },
        "2": {
            "0": -24,
            "1": 12,
            "3": -24,
            "4": -44,
            "5": -2,
            "6": 6,
            "7": 12,
            "8": -30,
            "9": 49,
            "10": -41,
            "11": 49,
            "12": 21,
            "13": 28,
            "14": -45,
            "15": 40,
            "16": -25,
            "17": -40,
            "18": 17,
            "19": -36,
            "20": -34,
            "21": -10,
            "22": 14,
            "23": 3,
            "24": 6,
            "25": 19,
            "26": 35,
            "27": 9,
            "28": -30,
            "29": 3,
            "30": 26,
            "31": -17,
            "32": -1,
            "33": -18,
            "34": 38,
            "35": -15,
            "36": 46,
            "37": -18,
            "38": 28,
            "39": -49,
            "40": 0,
            "41": 32,
            "42": 39,
            "43": -42,
            "44": -9,
            "45": -46,
            "46": 41,
            "47": -6,
            "48": -44,
            "49": 27,
            "50": -17,
            "51": 0,
            "52": -13,
            "53": -2,
            "54": 18,
            "55": -3,
            "56": 25,
            "57": -14,
            "58": -19,
            "59": -3,
            "60": 11,
            "61": -8,
            "62": 7
        },
        "3": {
            "0": 20,
            "1": 7,
            "2": -24,
            "4": 8,
            "5": 24,
            "6": -24,
            "7": -28,
            "8": -39,
            "9": 46,
            "10": 2,
            "11": -27,
            "12": -5,
            "13": -48,
            "14": -39,
            "15": 41,
            "16": 38,
            "17": 29,
            "18": 36,
            "19": 3,
            "20": 38,
            "21": -43,
            "22": 8,
            "23": 0,
            "24": 13,
            "25": 36,
            "26": 5,
            "27": 19,
            "28": -10,
            "29": 30,
            "30": -3,
            "31": 1,
            "32": -47,
            "33": 2,
            "34": -36,
            "35": 44,
            "36": 31,
            "37": 37,
            "38": 44,
            "39": -18,
            "40": 45,
            "41": -42,
            "42": 37,
            "43": 4,
            "44": 5,
            "45": -24,
            "46": -20,
            "47": -17,
            "48": -5,
            "49": -21,
            "50": -14,
            "51": -7,
            "52": 34,
            "53": 27,
            "54": 45,
            "55": 48,
            "56": 17,
            "57": 26,
            "58": 10,
            "59": -15,
            "60": -3,
            "61": -40,
            "62": 4
        },
        "4": {
            "0": 14,
            "1": 49,
            "2": -44,
            "3": 8,
            "5": -2,
            "6": 0,
            "7": 7,
            "8": 38,
            "9": 47,
            "10": 27,
            "11": -21,
            "12": 36,
            "13": 29,
            "14": -44,
            "15": 8,
            "16": -1,
            "17": -14,
            "18": 23,
            "19": -42,
            "20": 36,
            "21": 36,
            "22": 34,
            "23": 45,
            "24": 9,
            "25": 5,
            "26": 6,
            "27": -10,
            "28": 40,
            "29": 27,
            "30": -7,
            "31": 13,
            "32": 40,
            "33": -37,
            "34": 18,
            "35": 28,
            "36": 29,
            "37": 12,
            "38": 4,
            "39": 7,
            "40": -2,
            "41": -33,
            "42": 48,
            "43": -23,
            "44": 5,
            "45": 26,
            "46": 16,
            "47": -42,
            "48": 44,
            "49": -21,
            "50": 42,
            "51": 37,
            "52": -47,
            "53": -34,
            "54": -2,
            "55": -14,
            "56": -10,
            "57": 1,
            "58": 40,
            "59": -43,
            "60": -43,
            "61": -46,
            "62": -37
        },
        "5": {
            "0": -45,
            "1": 29,
            "2": -2,
            "3": 24,
            "4": -2,
            "6": -31,
            "7": 46,
            "8": -12,
            "9": 34,
            "10": -8,
            "11": -5,
            "12": 35,
            "13": 36,
            "14": 6,
            "15": 23,
            "16": 38,
            "17": 11,
            "18": -18,
            "19": -16,
            "20": 41,
            "21": -23,
            "22": 13,
            "23": 31,
            "24": 25,
            "25": -1,
            "26": 49,
            "27": -7,
            "28": -31,
            "29": -26,
            "30": -40,
            "31": 17,
            "32": -11,
            "33": -41,
            "34": -49,
            "35": 5,
            "36": -33,
            "37": 19,
            "38": 48,
            "39": -5,
            "40": 34,
            "41": -17,
            "42": -18,
            "43": 48,
            "44": 5,
            "45": -6,
            "46": 11,
            "47": 37,
            "48": 38,
            "49": 19,
            "50": 0,
            "51": 11,
            "52": -11,
            "53": 13,
            "54": 29,
            "55": -39,
            "56": 1,
            "57": 44,
            "58": -23,
            "59": -40,
            "60": 12,
            "61": -31,
            "62": 31
        },
        "6": {
            "0": 42,
            "1": 34,
            "2": 6,
            "3": -24,
            "4": 0,
            "5": -31,
            "7": -22,
            "8": 21,
            "9": -11,
            "10": 24,
            "11": -48,
            "12": -9,
            "13": -5,
            "14": 10,
            "15": -21,
            "16": -11,
            "17": -49,
            "18": 16,
            "19": 12,
            "20": -38,
            "21": 46,
            "22": -38,
            "23": -16,
            "24": -31,
            "25": -36,
            "26": -45,
            "27": -42,
            "28": -32,
            "29": -1,
            "30": -25,
            "31": 8,
            "32": -1,
            "33": 1,
            "34": -19,
            "35": -36,
            "36": 10,
            "37": -35,
            "38": 11,
            "39": 15,
            "40": 17,
            "41": 24,
            "42": -37,
            "43": -1,
            "44": -19,
            "45": 34,
            "46": -20,
            "47": 16,
            "48": -35,
            "49": 46,
            "50": -22,
            "51": 19,
            "52": 3,
            "53": -5,
            "54": 4,
            "55": 34,
            "56": 21,
            "57": -14,
            "58": -17,
            "59": 29,
            "60": -37,
            "61": -44,
            "62": 27
        },
        "7": {
            "0": -16,
            "1": -37,
            "2": 12,
            "3": -28,
            "4": 7,
            "5": 46,
            "6": -22,
            "8": -33,
            "9": 25,
            "10": -11,
            "11": -25,
            "12": -38,
            "13": 20,
            "14": 38,
            "15": -23,
            "16": -2,
            "17": -32,
            "18": 33,
            "19": 29,
            "20": 47,
            "21": -3,
            "22": 49,
            "23": 3,
            "24": -17,
            "25": 47,
            "26": 11,
            "27": -47,
            "28": 48,
            "29": -46,
            "30": -25,
            "31": 27,
            "32": -35,
            "33": 17,
            "34": 23,
            "35": 0,
            "36": -9,
            "37": -25,
            "38": 34,
            "39": 4,
            "40": -41,
            "41": 6,
            "42": 25,
            "43": -20,
            "44": 19,
            "45": 48,
            "46": 31,
            "47": 41,
            "48": 2,
            "49": -5,
            "50": -32,
            "51": 39,
            "52": -34,
            "53": -37,
            "54": 10,
            "55": -12,
            "56": 6,
            "57": -4,
            "58": -36,
            "59": -29,
            "60": -6,
            "61": -12,
            "62": -36
        },
        "8": {
            "0": 11,
            "1": 20,
            "2": -30,
            "3": -39,
            "4": 38,
            "5": -12,
            "6": 21,
            "7": -33,
            "9": 1,
            "10": -20,
            "11": -3,
            "12": 1,
            "13": -30,
            "14": -7,
            "15": -6,
            "16": -29,
            "17": 28,
            "18": 43,
            "19": -34,
            "20": 45,
            "21": 23,
            "22": 34,
            "23": 22,
            "24": -6,
            "25": -10,
            "26": -31,
            "27": -26,
            "28": -49,
            "29": 37,
            "30": 18,
            "31": -6,
            "32": 11,
            "33": 35,
            "34": 14,
            "35": -32,
            "36": 31,
            "37": -49,
            "38": 35,
            "39": -39,
            "40": 17,
            "41": -42,
            "42": 19,
            "43": 18,
            "44": 23,
            "45": 39,
            "46": -46,
            "47": 29,
            "48": -45,
            "49": -4,
            "50": 19,
            "51": -43,
            "52": -46,
            "53": 39,
            "54": 25,
            "55": -9,
            "56": -38,
            "57": 11,
            "58": -42,
            "59": 16,
            "60": -2,
            "61": 23,
            "62": 27
        },
        "9": {
            "0": -31,
            "1": 43,
            "2": 49,
            "3": 46,
            "4": 47,
            "5": 34,
            "6": -11,
            "7": 25,
            "8": 1,
            "10": 4,
            "11": 0,
            "12": 2,
            "13": -4,
            "14": 23,
            "15": -36,
            "16": 44,
            "17": -25,
            "18": 6,
            "19": -14,
            "20": 29,
            "21": 14,
            "22": -4,
            "23": 16,
            "24": -44,
            "25": -45,
            "26": 19,
            "27": -19,
            "28": -38,
            "29": 29,
            "30": 4,
            "31": 0,
            "32": -21,
            "33": -23,
            "34": 13,
            "35": -1,
            "36": 15,
            "37": -11,
            "38": 37,
            "39": -46,
            "40": -2,
            "41": -29,
            "42": -14,
            "43": 42,
            "44": 40,
            "45": 29,
            "46": 47,
            "47": 2,
            "48": 1,
            "49": -10,
            "50": 25,
            "51": 15,
            "52": -49,
            "53": 19,
            "54": 1,
            "55": -4,
            "56": -21,
            "57": 10,
            "58": -21,
            "59": 17,
            "60": 3,
            "61": 31,
            "62": 36
        },
        "10": {
            "0": 6,
            "1": 36,
            "2": -41,
            "3": 2,
            "4": 27,
            "5": -8,
            "6": 24,
            "7": -11,
            "8": -20,
            "9": 4,
            "11": -43,
            "12": 48,
            "13": -28,
            "14": -23,
            "15": 43,
            "16": 7,
            "17": -46,
            "18": 24,
            "19": -18,
            "20": 11,
            "21": 15,
            "22": -17,
            "23": -8,
            "24": 9,
            "25": -20,
            "26": -7,
            "27": -18,
            "28": 2,
            "29": 9,
            "30": 19,
            "31": -49,
            "32": -11,
            "33": -47,
            "34": -34,
            "35": -34,
            "36": 38,
            "37": -9,
            "38": -44,
            "39": -13,
            "40": 49,
            "41": -19,
            "42": -30,
            "43": -32,
            "44": -27,
            "45": 35,
            "46": 16,
            "47": 17,
            "48": -47,
            "49": -38,
            "50": 4,
            "51": 36,
            "52": 31,
            "53": -10,
            "54": -43,
            "55": 8,
            "56": -22,
            "57": 16,
            "58": 41,
            "59": -34,
            "60": -25,
            "61": -32,
            "62": 48
        },
        "11": {
            "0": -14,
            "1": -33,
            "2": 49,
            "3": -27,
            "4": -21,
            "5": -5,
            "6": -48,
            "7": -25,
            "8": -3,
            "9": 0,
            "10": -43,
            "12": -3,
            "13": -43,
            "14": 10,
            "15": -47,
            "16": 13,
            "17": -31,
            "18": -19,
            "19": -16,
            "20": 26,
            "21": -33,
            "22": -33,
            "23": -31,
            "24": -15,
            "25": 1,
            "26": -7,
            "27": -44,
            "28": 42,
            "29": 31,
            "30": 32,
            "31": 14,
            "32": 3,
            "33": -20,
            "34": -43,
            "35": 21,
            "36": -36,
            "37": 24,
            "38": 2,
            "39": 47,
            "40": 35,
            "41": -10,
            "42": -5,
            "43": 28,
            "44": 7,
            "45": -4,
            "46": -36,
            "47": -32,
            "48": 30,
            "49": -48,
            "50": 36,
            "51": -34,
            "52": -47,
            "53": 22,
            "54": -1,
            "55": -4,
            "56": -5,
            "57": -47,
            "58": 1,
            "59": -32,
            "60": -46,
            "61": 6,
            "62": -47
        },
        "12": {
            "0": 6,
            "1": -5,
            "2": 21,
            "3": -5,
            "4": 36,
            "5": 35,
            "6": -9,
            "7": -38,
            "8": 1,
            "9": 2,
            "10": 48,
            "11": -3,
            "13": -19,
            "14": -7,
            "15": -43,
            "16": -16,
            "17": -48,
            "18": 13,
            "19": -33,
            "20": -8,
            "21": 38,
            "22": -41,
            "23": 31,
            "24": -15,
            "25": -29,
            "26": 14,
            "27": -5,
            "28": -11,
            "29": -32,
            "30": 39,
            "31": -24,
            "32": -7,
            "33": -22,
            "34": -41,
            "35": 18,
            "36": 39,
            "37": 22,
            "38": 43,
            "39": -29,
            "40": 24,
            "41": -49,
            "42": 7,
            "43": -38,
            "44": -12,
            "45": 39,
            "46": -23,
            "47": 8,
            "48": -15,
            "49": -17,
            "50": 34,
            "51": -31,
            "52": -18,
            "53": -12,
            "54": -14,
            "55": 37,
            "56": 20,
            "57": -13,
            "58": 48,
            "59": 14,
            "60": 17,
            "61": -3,
            "62": 43
        },
        "13": {
            "0": -9,
            "1": 33,
            "2": 28,
            "3": -48,
            "4": 29,
            "5": 36,
            "6": -5,
            "7": 20,
            "8": -30,
            "9": -4,
            "10": -28,
            "11": -43,
            "12": -19,
            "14": 49,
            "15": -31,
            "16": 39,
            "17": 38,
            "18": -22,
            "19": 49,
            "20": 42,
            "21": -18,
            "22": -7,
            "23": 19,
            "24": -3,
            "25": -11,
            "26": 23,
            "27": -43,
            "28": 2,
            "29": 0,
            "30": -18,
            "31": 21,
            "32": 40,
            "33": 4,
            "34": 48,
            "35": 0,
            "36": 0,
            "37": -11,
            "38": 19,
            "39": -1,
            "40": -21,
            "41": -32,
            "42": 19,
            "43": -25,
            "44": -8,
            "45": -12,
            "46": -12,
            "47": -23,
            "48": -11,
            "49": -31,
            "50": -17,
            "51": 45,
            "52": -24,
            "53": 20,
            "54": 34,
            "55": 43,
            "56": -15,
            "57": 44,
            "58": -4,
            "59": 21,
            "60": -30,
            "61": -9,
            "62": 17
        },
        "14": {
            "0": 23,
            "1": 14,
            "2": -45,
            "3": -39,
            "4": -44,
            "5": 6,
            "6": 10,
            "7": 38,
            "8": -7,
            "9": 23,
            "10": -23,
            "11": 10,
            "12": -7,
            "13": 49,
            "15": 17,
            "16": -36,
            "17": -22,
            "18": 43,
            "19": -4,
            "20": 19,
            "21": 14,
            "22": 19,
            "23": -23,
            "24": -28,
            "25": 12,
            "26": -38,
            "27": 5,
            "28": -1,
            "29": -39,
            "30": -37,
            "31": -25,
            "32": 29,
            "33": 0,
            "34": 31,
            "35": 7,
            "36": -28,
            "37": 9,
            "38": 17,
            "39": 32,
            "40": 19,
            "41": 0,
            "42": -1,
            "43": 40,
            "44": 13,
            "45": 49,
            "46": -16,
            "47": -49,
            "48": 20,
            "49": 31,
            "50": -20,
            "51": 2,
            "52": -11,
            "53": -40,
            "54": 29,
            "55": -14,
            "56": -32,
            "57": 48,
            "58": -48,
            "59": -37,
            "60": 44,
            "61": -19,
            "62": -9
        },
        "15": {
            "0": -33,
            "1": -6,
            "2": 40,
            "3": 41,
            "4": 8,
            "5": 23,
            "6": -21,
            "7": -23,
            "8": -6,
            "9": -36,
            "10": 43,
            "11": -47,
            "12": -43,
            "13": -31,
            "14": 17,
            "16": -20,
            "17": 8,
            "18": 35,
            "19": -10,
            "20": -9,
            "21": 43,
            "22": -30,
            "23": -5,
            "24": -37,
            "25": 47,
            "26": -8,
            "27": 34,
            "28": -19,
            "29": -12,
            "30": -28,
            "31": 12,
            "32": 20,
            "33": -30,
            "34": -42,
            "35": 18,
            "36": 10,
            "37": 16,
            "38": -31,
            "39": 1,
            "40": 29,
            "41": -15,
            "42": -32,
            "43": -19,
            "44": 19,
            "45": -4,
            "46": 49,
            "47": 18,
            "48": -38,
            "49": -9,
            "50": 19,
            "51": 6,
            "52": 22,
            "53": -26,
            "54": 17,
            "55": -44,
            "56": 40,
            "57": -44,
            "58": -16,
            "59": -28,
            "60": -14,
            "61": 35,
            "62": -28
        },
        "16": {
            "0": 30,
            "1": -25,
            "2": -25,
            "3": 38,
            "4": -1,
            "5": 38,
            "6": -11,
            "7": -2,
            "8": -29,
            "9": 44,
            "10": 7,
            "11": 13,
            "12": -16,
            "13": 39,
            "14": -36,
            "15": -20,
            "17": -43,
            "18": 35,
            "19": -11,
            "20": -12,
            "21": 21,
            "22": 31,
            "23": 49,
            "24": 13,
            "25": 0,
            "26": -2,
            "27": -3,
            "28": 35,
            "29": -31,
            "30": -42,
            "31": 32,
            "32": -1,
            "33": -16,
            "34": -45,
            "35": -36,
            "36": 36,
            "37": 3,
            "38": 8,
            "39": -40,
            "40": -34,
            "41": -17,
            "42": 15,
            "43": 40,
            "44": -30,
            "45": 11,
            "46": 28,
            "47": -40,
            "48": -34,
            "49": 23,
            "50": 21,
            "51": 40,
            "52": 9,
            "53": 29,
            "54": -7,
            "55": -15,
            "56": 29,
            "57": 10,
            "58": -33,
            "59": -40,
            "60": -4,
            "61": -44,
            "62": -44
        },
        "17": {
            "0": -47,
            "1": -23,
            "2": -40,
            "3": 29,
            "4": -14,
            "5": 11,
            "6": -49,
            "7": -32,
            "8": 28,
            "9": -25,
            "10": -46,
            "11": -31,
            "12": -48,
            "13": 38,
            "14": -22,
            "15": 8,
            "16": -43,
            "18": -11,
            "19": 27,
            "20": -49,
            "21": -46,
            "22": 46,
            "23": -47,
            "24": -46,
            "25": -15,
            "26": 17,
            "27": 23,
            "28": 14,
            "29": 28,
            "30": 18,
            "31": 11,
            "32": -27,
            "33": 0,
            "34": 1,
            "35": -46,
            "36": 17,
            "37": 15,
            "38": -3,
            "39": 9,
            "40": -28,
            "41": -20,
            "42": -28,
            "43": -43,
            "44": -35,
            "45": -32,
            "46": 26,
            "47": 49,
            "48": -16,
            "49": 20,
            "50": -23,
            "51": 49,
            "52": 30,
            "53": 6,
            "54": 45,
            "55": -17,
            "56": 48,
            "57": -28,
            "58": 40,
            "59": 11,
            "60": -32,
            "61": 22,
            "62": -3
        },
        "18": {
            "0": -15,
            "1": 40,
            "2": 17,
            "3": 36,
            "4": 23,
            "5": -18,
            "6": 16,
            "7": 33,
            "8": 43,
            "9": 6,
            "10": 24,
            "11": -19,
            "12": 13,
            "13": -22,
            "14": 43,
            "15": 35,
            "16": 35,
            "17": -11,
            "19": 8,
            "20": 37,
            "21": 37,
            "22": 35,
            "23": 34,
            "24": 44,
            "25": 15,
            "26": -20,
            "27": 39,
            "28": -22,
            "29": 11,
            "30": 39,
            "31": -13,
            "32": 0,
            "33": -25,
            "34": 26,
            "35": 6,
            "36": 39,
            "37": -36,
            "38": 32,
            "39": 4,
            "40": 21,
            "41": 4,
            "42": -23,
            "43": 5,
            "44": -40,
            "45": 37,
            "46": 27,
            "47": -3,
            "48": 47,
            "49": 27,
            "50": 20,
            "51": 18,
            "52": 47,
            "53": 30,
            "54": -47,
            "55": 46,
            "56": 47,
            "57": -26,
            "58": -32,
            "59": -6,
            "60": -17,
            "61": -21,
            "62": 14
        },
        "19": {
            "0": -32,
            "1": -18,
            "2": -36,
            "3": 3,
            "4": -42,
            "5": -16,
            "6": 12,
            "7": 29,
            "8": -34,
            "9": -14,
            "10": -18,
            "11": -16,
            "12": -33,
            "13": 49,
            "14": -4,
            "15": -10,
            "16": -11,
            "17": 27,
            "18": 8,
            "20": 45,
            "21": 32,
            "22": 30,
            "23": 21,
            "24": 13,
            "25": 43,
            "26": -14,
            "27": 47,
            "28": -33,
            "29": 20,
            "30": 18,
            "31": 8,
            "32": -27,
            "33": 18,
            "34": -19,
            "35": -42,
            "36": -32,
            "37": -26,
            "38": 1,
            "39": 24,
            "40": 12,
            "41": 19,
            "42": -5,
            "43": 33,
            "44": -26,
            "45": 10,
            "46": 16,
            "47": 1,
            "48": -28,
            "49": -35,
            "50": 17,
            "51": 30,
            "52": 20,
            "53": -7,
            "54": 25,
            "55": -21,
            "56": -29,
            "57": 21,
            "58": 0,
            "59": -13,
            "60": 28,
            "61": 15,
            "62": 41
        },
        "20": {
            "0": 48,
            "1": -44,
            "2": -34,
            "3": 38,
            "4": 36,
            "5": 41,
            "6": -38,
            "7": 47,
            "8": 45,
            "9": 29,
            "10": 11,
            "11": 26,
            "12": -8,
            "13": 42,
            "14": 19,
            "15": -9,
            "16": -12,
            "17": -49,
            "18": 37,
            "19": 45,
            "21": 35,
            "22": -33,
            "23": -13,
            "24": 34,
            "25": -29,
            "26": -43,
            "27": -8,
            "28": 0,
            "29": 42,
            "30": -6,
            "31": -21,
            "32": 25,
            "33": -33,
            "34": 4,
            "35": 11,
            "36": 15,
            "37": -8,
            "38": 8,
            "39": 16,
            "40": 44,
            "41": 35,
            "42": -39,
            "43": -19,
            "44": -26,
            "45": 45,
            "46": -4,
            "47": 40,
            "48": 47,
            "49": 39,
            "50": -43,
            "51": -47,
            "52": 43,
            "53": -40,
            "54": -15,
            "55": 38,
            "56": 45,
            "57": -38,
            "58": 41,
            "59": -14,
            "60": 27,
            "61": -4,
            "62": -21
        },
        "21": {
            "0": -26,
            "1": -2,
            "2": -10,
            "3": -43,
            "4": 36,
            "5": -23,
            "6": 46,
            "7": -3,
            "8": 23,
            "9": 14,
            "10": 15,
            "11": -33,
            "12": 38,
            "13": -18,
            "14": 14,
            "15": 43,
            "16": 21,
            "17": -46,
            "18": 37,
            "19": 32,
            "20": 35,
            "22": -29,
            "23": -32,
            "24": -44,
            "25": -48,
            "26": -28,
            "27": -14,
            "28": -33,
            "29": -27,
            "30": 23,
            "31": 6,
            "32": 28,
            "33": -18,
            "34": -32,
            "35": -31,
            "36": 44,
            "37": 27,
            "38": 18,
            "39": -32,
            "40": 21,
            "41": 34,
            "42": -15,
            "43": 22,
            "44": 36,
            "45": 18,
            "46": -13,
            "47": 40,
            "48": 9,
            "49": 23,
            "50": 34,
            "51": -37,
            "52": 4,
            "53": 12,
            "54": -4,
            "55": 40,
            "56": 8,
            "57": -36,
            "58": -8,
            "59": 0,
            "60": -14,
            "61": -35,
            "62": 44
        },
        "22": {
            "0": -1,
            "1": 34,
            "2": 14,
            "3": 8,
            "4": 34,
            "5": 13,
            "6": -38,
            "7": 49,
            "8": 34,
            "9": -4,
            "10": -17,
            "11": -33,
            "12": -41,
            "13": -7,
            "14": 19,
            "15": -30,
            "16": 31,
            "17": 46,
            "18": 35,
            "19": 30,
            "20": -33,
            "21": -29,
            "23": -15,
            "24": 3,
            "25": 18,
            "26": -29,
            "27": 47,
            "28": 45,
            "29": 48,
            "30": -33,
            "31": -4,
            "32": -14,
            "33": 30,
            "34": 22,
            "35": 4,
            "36": -22,
            "37": -25,
            "38": 0,
            "39": 25,
            "40": -29,
            "41": -37,
            "42": -44,
            "43": -26,
            "44": 1,
            "45": -18,
            "46": 14,
            "47": -12,
            "48": -14,
            "49": 4,
            "50": 17,
            "51": -34,
            "52": 8,
            "53": -47,
            "54": -15,
            "55": -45,
            "56": -49,
            "57": -7,
            "58": 19,
            "59": 9,
            "60": 35,
            "61": -13,
            "62": -4
        },
        "23": {
            "0": 23,
            "1": 49,
            "2": 3,
            "3": 0,
            "4": 45,
            "5": 31,
            "6": -16,
            "7": 3,
            "8": 22,
            "9": 16,
            "10": -8,
            "11": -31,
            "12": 31,
            "13": 19,
            "14": -23,
            "15": -5,
            "16": 49,
            "17": -47,
            "18": 34,
            "19": 21,
            "20": -13,
            "21": -32,
            "22": -15,
            "24": 21,
            "25": 15,
            "26": -12,
            "27": -35,
            "28": -4,
            "29": -21,
            "30": 10,
            "31": -8,
            "32": -10,
            "33": 27,
            "34": 13,
            "35": 28,
            "36": 13,
            "37": -18,
            "38": -19,
            "39": 41,
            "40": -40,
            "41": -46,
            "42": 46,
            "43": 19,
            "44": -24,
            "45": -41,
            "46": -35,
            "47": 10,
            "48": -4,
            "49": -44,
            "50": 2,
            "51": -23,
            "52": -17,
            "53": -13,
            "54": 15,
            "55": -48,
            "56": -8,
            "57": -26,
            "58": -43,
            "59": 24,
            "60": 41,
            "61": 41,
            "62": -25
        },
        "24": {
            "0": -5,
            "1": -2,
            "2": 6,
            "3": 13,
            "4": 9,
            "5": 25,
            "6": -31,
            "7": -17,
            "8": -6,
            "9": -44,
            "10": 9,
            "11": -15,
            "12": -15,
            "13": -3,
            "14": -28,
            "15": -37,
            "16": 13,
            "17": -46,
            "18": 44,
            "19": 13,
            "20": 34,
            "21": -44,
            "22": 3,
            "23": 21,
            "25": -21,
            "26": -31,
            "27": -8,
            "28": -2,
            "29": 27,
            "30": 36,
            "31": -49,
            "32": 36,
            "33": 23,
            "34": 16,
            "35": -19,
            "36": 33,
            "37": -32,
            "38": -11,
            "39": -21,
            "40": 45,
            "41": 45,
            "42": -20,
            "43": 15,
            "44": 13,
            "45": -11,
            "46": 4,
            "47": -5,
            "48": -15,
            "49": -4,
            "50": -39,
            "51": -19,
            "52": -19,
            "53": 18,
            "54": -34,
            "55": 2,
            "56": 48,
            "57": 44,
            "58": 5,
            "59": -15,
            "60": 0,
            "61": 13,
            "62": 37
        },
        "25": {
            "0": -41,
            "1": 43,
            "2": 19,
            "3": 36,
            "4": 5,
            "5": -1,
            "6": -36,
            "7": 47,
            "8": -10,
            "9": -45,
            "10": -20,
            "11": 1,
            "12": -29,
            "13": -11,
            "14": 12,
            "15": 47,
            "16": 0,
            "17": -15,
            "18": 15,
            "19": 43,
            "20": -29,
            "21": -48,
            "22": 18,
            "23": 15,
            "24": -21,
            "26": 22,
            "27": 0,
            "28": 48,
            "29": -39,
            "30": 34,
            "31": 7,
            "32": 43,
            "33": 36,
            "34": 35,
            "35": -43,
            "36": -33,
            "37": 4,
            "38": -35,
            "39": 38,
            "40": -30,
            "41": -2,
            "42": -39,
            "43": -15,
            "44": -35,
            "45": 18,
            "46": -23,
            "47": -22,
            "48": 27,
            "49": -35,
            "50": 29,
            "51": -28,
            "52": -43,
            "53": 43,
            "54": 33,
            "55": 3,
            "56": 21,
            "57": -21,
            "58": 7,
            "59": 41,
            "60": -18,
            "61": -42,
            "62": -15
        },
        "26": {
            "0": 25,
            "1": -11,
            "2": 35,
            "3": 5,
            "4": 6,
            "5": 49,
            "6": -45,
            "7": 11,
            "8": -31,
            "9": 19,
            "10": -7,
            "11": -7,
            "12": 14,
            "13": 23,
            "14": -38,
            "15": -8,
            "16": -2,
            "17": 17,
            "18": -20,
            "19": -14,
            "20": -43,
            "21": -28,
            "22": -29,
            "23": -12,
            "24": -31,
            "25": 22,
            "27": -41,
            "28": 11,
            "29": 8,
            "30": 18,
            "31": -5,
            "32": -42,
            "33": -14,
            "34": -46,
            "35": -22,
            "36": 32,
            "37": -8,
            "38": -3,
            "39": 6,
            "40": 12,
            "41": -41,
            "42": -33,
            "43": 16,
            "44": -21,
            "45": 17,
            "46": -12,
            "47": 49,
            "48": -38,
            "49": 34,
            "50": -44,
            "51": 0,
            "52": 1,
            "53": -22,
            "54": -5,
            "55": 33,
            "56": 0,
            "57": 27,
            "58": -11,
            "59": -26,
            "60": -44,
            "61": 47,
            "62": 28
        },
        "27": {
            "0": -36,
            "1": 15,
            "2": 9,
            "3": 19,
            "4": -10,
            "5": -7,
            "6": -42,
            "7": -47,
            "8": -26,
            "9": -19,
            "10": -18,
            "11": -44,
            "12": -5,
            "13": -43,
            "14": 5,
            "15": 34,
            "16": -3,
            "17": 23,
            "18": 39,
            "19": 47,
            "20": -8,
            "21": -14,
            "22": 47,
            "23": -35,
            "24": -8,
            "25": 0,
            "26": -41,
            "28": 44,
            "29": 10,
            "30": -48,
            "31": -7,
            "32": -4,
            "33": 29,
            "34": 0,
            "35": -47,
            "36": -27,
            "37": -13,
            "38": -46,
            "39": 29,
            "40": 40,
            "41": -39,
            "42": 18,
            "43": -16,
            "44": 41,
            "45": 33,
            "46": -49,
            "47": -37,
            "48": -39,
            "49": 11,
            "50": 3,
            "51": 2,
            "52": -1,
            "53": 43,
            "54": 6,
            "55": 22,
            "56": 2,
            "57": -10,
            "58": -44,
            "59": 43,
            "60": 3,
            "61": -16,
            "62": -21
        },
        "28": {
            "0": 18,
            "1": -2,
            "2": -30,
            "3": -10,
            "4": 40,
            "5": -31,
            "6": -32,
            "7": 48,
            "8": -49,
            "9": -38,
            "10": 2,
            "11": 42,
            "12": -11,
            "13": 2,
            "14": -1,
            "15": -19,
            "16": 35,
            "17": 14,
            "18": -22,
            "19": -33,
            "20": 0,
            "21": -33,
            "22": 45,
            "23": -4,
            "24": -2,
            "25": 48,
            "26": 11,
            "27": 44,
            "29": 32,
            "30": 31,
            "31": -35,
            "32": -24,
            "33": 25,
            "34": -15,
            "35": 4,
            "36": 3,
            "37": -31,
            "38": -26,
            "39": -18,
            "40": 48,
            "41": -22,
            "42": 8,
            "43": -10,
            "44": 33,
            "45": -6,
            "46": -39,
            "47": 14,
            "48": -37,
            "49": 48,
            "50": -1,
            "51": -15,
            "52": 5,
            "53": 7,
            "54": -9,
            "55": -16,
            "56": 29,
            "57": 32,
            "58": -5,
            "59": -17,
            "60": 30,
            "61": 7,
            "62": 32
        },
        "29": {
            "0": -31,
            "1": -21,
            "2": 3,
            "3": 30,
            "4": 27,
            "5": -26,
            "6": -1,
            "7": -46,
            "8": 37,
            "9": 29,
            "10": 9,
            "11": 31,
            "12": -32,
            "13": 0,
            "14": -39,
            "15": -12,
            "16": -31,
            "17": 28,
            "18": 11,
            "19": 20,
            "20": 42,
            "21": -27,
            "22": 48,
            "23": -21,
            "24": 27,
            "25": -39,
            "26": 8,
            "27": 10,
            "28": 32,
            "30": -40,
            "31": 33,
            "32": 47,
            "33": 17,
            "34": 15,
            "35": -17,
            "36": 11,
            "37": 36,
            "38": -19,
            "39": 26,
            "40": -5,
            "41": 47,
            "42": -28,
            "43": -6,
            "44": -48,
            "45": 17,
            "46": 18,
            "47": 9,
            "48": -34,
            "49": 17,
            "50": 16,
            "51": -49,
            "52": 30,
            "53": -35,
            "54": 7,
            "55": 14,
            "56": -29,
            "57": -43,
            "58": -3,
            "59": 0,
            "60": 8,
            "61": 37,
            "62": -23
        },
        "30": {
            "0": 2,
            "1": -37,
            "2": 26,
            "3": -3,
            "4": -7,
            "5": -40,
            "6": -25,
            "7": -25,
            "8": 18,
            "9": 4,
            "10": 19,
            "11": 32,
            "12": 39,
            "13": -18,
            "14": -37,
            "15": -28,
            "16": -42,
            "17": 18,
            "18": 39,
            "19": 18,
            "20": -6,
            "21": 23,
            "22": -33,
            "23": 10,
            "24": 36,
            "25": 34,
            "26": 18,
            "27": -48,
            "28": 31,
            "29": -40,
            "31": 34,
            "32": 11,
            "33": -9,
            "34": 27,
            "35": -18,
            "36": 13,
            "37": 17,
            "38": 29,
            "39": -16,
            "40": 3,
            "41": -35,
            "42": 49,
            "43": 40,
            "44": 41,
            "45": 38,
            "46": 34,
            "47": -40,
            "48": -4,
            "49": -23,
            "50": 17,
            "51": -4,
            "52": -38,
            "53": -41,
            "54": -23,
            "55": -10,
            "56": -27,
            "57": 45,
            "58": 39,
            "59": 48,
            "60": 15,
            "61": 27,
            "62": 9
        },
        "31": {
            "0": 32,
            "1": 18,
            "2": -17,
            "3": 1,
            "4": 13,
            "5": 17,
            "6": 8,
            "7": 27,
            "8": -6,
            "9": 0,
            "10": -49,
            "11": 14,
            "12": -24,
            "13": 21,
            "14": -25,
            "15": 12,
            "16": 32,
            "17": 11,
            "18": -13,
            "19": 8,
            "20": -21,
            "21": 6,
            "22": -4,
            "23": -8,
            "24": -49,
            "25": 7,
            "26": -5,
            "27": -7,
            "28": -35,
            "29": 33,
            "30": 34,
            "32": 7,
            "33": -36,
            "34": -12,
            "35": -17,
            "36": 0,
            "37": 20,
            "38": 9,
            "39": -44,
            "40": -23,
            "41": -10,
            "42": 35,
            "43": -23,
            "44": -34,
            "45": -35,
            "46": 26,
            "47": 24,
            "48": -46,
            "49": 35,
            "50": 0,
            "51": -36,
            "52": 32,
            "53": 11,
            "54": -41,
            "55": -39,
            "56": 9,
            "57": -23,
            "58": 21,
            "59": 42,
            "60": 2,
            "61": -12,
            "62": 2
        },
        "32": {
            "0": -48,
            "1": -5,
            "2": -1,
            "3": -47,
            "4": 40,
            "5": -11,
            "6": -1,
            "7": -35,
            "8": 11,
            "9": -21,
            "10": -11,
            "11": 3,
            "12": -7,
            "13": 40,
            "14": 29,
            "15": 20,
            "16": -1,
            "17": -27,
            "18": 0,
            "19": -27,
            "20": 25,
            "21": 28,
            "22": -14,
            "23": -10,
            "24": 36,
            "25": 43,
            "26": -42,
            "27": -4,
            "28": -24,
            "29": 47,
            "30": 11,
            "31": 7,
            "33": -39,
            "34": -12,
            "35": 1,
            "36": -2,
            "37": -31,
            "38": -39,
            "39": -25,
            "40": -6,
            "41": -7,
            "42": -22,
            "43": -18,
            "44": 45,
            "45": 25,
            "46": -29,
            "47": -49,
            "48": -19,
            "49": -22,
            "50": -6,
            "51": 45,
            "52": -49,
            "53": 45,
            "54": -40,
            "55": -5,
            "56": -34,
            "57": 25,
            "58": 16,
            "59": 36,
            "60": -3,
            "61": 40,
            "62": -27
        },
        "33": {
            "0": -9,
            "1": -15,
            "2": -18,
            "3": 2,
            "4": -37,
            "5": -41,
            "6": 1,
            "7": 17,
            "8": 35,
            "9": -23,
            "10": -47,
            "11": -20,
            "12": -22,
            "13": 4,
            "14": 0,
            "15": -30,
            "16": -16,
            "17": 0,
            "18": -25,
            "19": 18,
            "20": -33,
            "21": -18,
            "22": 30,
            "23": 27,
            "24": 23,
            "25": 36,
            "26": -14,
            "27": 29,
            "28": 25,
            "29": 17,
            "30": -9,
            "31": -36,
            "32": -39,
            "34": -49,
            "35": 30,
            "36": 16,
            "37": -35,
            "38": 37,
            "39": -39,
            "40": -15,
            "41": -42,
            "42": 42,
            "43": -25,
            "44": 5,
            "45": 17,
            "46": 0,
            "47": -39,
            "48": -32,
            "49": -34,
            "50": -25,
            "51": 21,
            "52": 38,
            "53": -14,
            "54": 32,
            "55": -11,
            "56": 41,
            "57": -15,
            "58": -36,
            "59": -6,
            "60": -32,
            "61": 33,
            "62": -23
        },
        "34": {
            "0": 16,
            "1": -30,
            "2": 38,
            "3": -36,
            "4": 18,
            "5": -49,
            "6": -19,
            "7": 23,
            "8": 14,
            "9": 13,
            "10": -34,
            "11": -43,
            "12": -41,
            "13": 48,
            "14": 31,
            "15": -42,
            "16": -45,
            "17": 1,
            "18": 26,
            "19": -19,
            "20": 4,
            "21": -32,
            "22": 22,
            "23": 13,
            "24": 16,
            "25": 35,
            "26": -46,
            "27": 0,
            "28": -15,
            "29": 15,
            "30": 27,
            "31": -12,
            "32": -12,
            "33": -49,
            "35": -38,
            "36": 45,
            "37": -18,
            "38": -45,
            "39": -20,
            "40": 49,
            "41": -10,
            "42": 17,
            "43": -32,
            "44": -45,
            "45": -9,
            "46": 36,
            "47": 35,
            "48": -36,
            "49": -42,
            "50": -48,
            "51": -30,
            "52": -26,
            "53": 33,
            "54": 4,
            "55": 9,
            "56": 7,
            "57": -3,
            "58": -11,
            "59": -11,
            "60": 47,
            "61": -27,
            "62": -47
        },
        "35": {
            "0": 33,
            "1": -28,
            "2": -15,
            "3": 44,
            "4": 28,
            "5": 5,
            "6": -36,
            "7": 0,
            "8": -32,
            "9": -1,
            "10": -34,
            "11": 21,
            "12": 18,
            "13": 0,
            "14": 7,
            "15": 18,
            "16": -36,
            "17": -46,
            "18": 6,
            "19": -42,
            "20": 11,
            "21": -31,
            "22": 4,
            "23": 28,
            "24": -19,
            "25": -43,
            "26": -22,
            "27": -47,
            "28": 4,
            "29": -17,
            "30": -18,
            "31": -17,
            "32": 1,
            "33": 30,
            "34": -38,
            "36": 6,
            "37": -14,
            "38": -35,
            "39": -24,
            "40": 49,
            "41": -17,
            "42": -1,
            "43": -19,
            "44": 23,
            "45": -39,
            "46": -28,
            "47": 48,
            "48": -10,
            "49": 45,
            "50": 4,
            "51": -24,
            "52": 0,
            "53": 1,
            "54": -32,
            "55": -10,
            "56": 29,
            "57": -14,
            "58": -22,
            "59": 0,
            "60": 28,
            "61": -6,
            "62": 2
        },
        "36": {
            "0": -38,
            "1": -48,
            "2": 46,
            "3": 31,
            "4": 29,
            "5": -33,
            "6": 10,
            "7": -9,
            "8": 31,
            "9": 15,
            "10": 38,
            "11": -36,
            "12": 39,
            "13": 0,
            "14": -28,
            "15": 10,
            "16": 36,
            "17": 17,
            "18": 39,
            "19": -32,
            "20": 15,
            "21": 44,
            "22": -22,
            "23": 13,
            "24": 33,
            "25": -33,
            "26": 32,
            "27": -27,
            "28": 3,
            "29": 11,
            "30": 13,
            "31": 0,
            "32": -2,
            "33": 16,
            "34": 45,
            "35": 6,
            "37": -25,
            "38": -36,
            "39": -44,
            "40": 44,
            "41": -43,
            "42": 42,
            "43": -48,
            "44": 16,
            "45": 43,
            "46": -47,
            "47": 26,
            "48": -5,
            "49": -44,
            "50": 0,
            "51": 28,
            "52": 19,
            "53": -43,
            "54": 16,
            "55": -39,
            "56": -13,
            "57": 31,
            "58": 39,
            "59": 38,
            "60": 32,
            "61": -11,
            "62": -30
        },
        "37": {
            "0": -6,
            "1": -41,
            "2": -18,
            "3": 37,
            "4": 12,
            "5": 19,
            "6": -35,
            "7": -25,
            "8": -49,
            "9": -11,
            "10": -9,
            "11": 24,
            "12": 22,
            "13": -11,
            "14": 9,
            "15": 16,
            "16": 3,
            "17": 15,
            "18": -36,
            "19": -26,
            "20": -8,
            "21": 27,
            "22": -25,
            "23": -18,
            "24": -32,
            "25": 4,
            "26": -8,
            "27": -13,
            "28": -31,
            "29": 36,
            "30": 17,
            "31": 20,
            "32": -31,
            "33": -35,
            "34": -18,
            "35": -14,
            "36": -25,
            "38": 0,
            "39": 27,
            "40": -42,
            "41": -1,
            "42": 37,
            "43": 48,
            "44": 16,
            "45": -4,
            "46": -1,
            "47": 47,
            "48": -26,
            "49": 44,
            "50": 0,
            "51": -20,
            "52": 15,
            "53": -33,
            "54": 34,
            "55": 33,
            "56": -34,
            "57": 21,
            "58": -44,
            "59": -44,
            "60": 24,
            "61": 35,
            "62": 3
        },
        "38": {
            "0": -16,
            "1": -37,
            "2": 28,
            "3": 44,
            "4": 4,
            "5": 48,
            "6": 11,
            "7": 34,
            "8": 35,
            "9": 37,
            "10": -44,
            "11": 2,
            "12": 43,
            "13": 19,
            "14": 17,
            "15": -31,
            "16": 8,
            "17": -3,
            "18": 32,
            "19": 1,
            "20": 8,
            "21": 18,
            "22": 0,
            "23": -19,
            "24": -11,
            "25": -35,
            "26": -3,
            "27": -46,
            "28": -26,
            "29": -19,
            "30": 29,
            "31": 9,
            "32": -39,
            "33": 37,
            "34": -45,
            "35": -35,
            "36": -36,
            "37": 0,
            "39": -26,
            "40": 30,
            "41": 22,
            "42": 5,
            "43": 42,
            "44": -16,
            "45": 10,
            "46": -36,
            "47": 49,
            "48": -47,
            "49": 11,
            "50": 4,
            "51": -37,
            "52": 18,
            "53": -43,
            "54": -16,
            "55": 47,
            "56": -6,
            "57": -38,
            "58": 42,
            "59": -28,
            "60": -27,
            "61": -49,
            "62": 0
        },
        "39": {
            "0": -47,
            "1": -10,
            "2": -49,
            "3": -18,
            "4": 7,
            "5": -5,
            "6": 15,
            "7": 4,
            "8": -39,
            "9": -46,
            "10": -13,
            "11": 47,
            "12": -29,
            "13": -1,
            "14": 32,
            "15": 1,
            "16": -40,
            "17": 9,
            "18": 4,
            "19": 24,
            "20": 16,
            "21": -32,
            "22": 25,
            "23": 41,
            "24": -21,
            "25": 38,
            "26": 6,
            "27": 29,
            "28": -18,
            "29": 26,
            "30": -16,
            "31": -44,
            "32": -25,
            "33": -39,
            "34": -20,
            "35": -24,
            "36": -44,
            "37": 27,
            "38": -26,
            "40": -27,
            "41": -2,
            "42": -43,
            "43": -26,
            "44": -48,
            "45": -44,
            "46": -41,
            "47": 0,
            "48": 19,
            "49": -37,
            "50": -5,
            "51": -45,
            "52": 3,
            "53": -5,
            "54": 16,
            "55": -26,
            "56": -36,
            "57": -7,
            "58": 40,
            "59": 7,
            "60": 44,
            "61": -7,
            "62": 49
        },
        "40": {
            "0": -36,
            "1": 20,
            "2": 0,
            "3": 45,
            "4": -2,
            "5": 34,
            "6": 17,
            "7": -41,
            "8": 17,
            "9": -2,
            "10": 49,
            "11": 35,
            "12": 24,
            "13": -21,
            "14": 19,
            "15": 29,
            "16": -34,
            "17": -28,
            "18": 21,
            "19": 12,
            "20": 44,
            "21": 21,
            "22": -29,
            "23": -40,
            "24": 45,
            "25": -30,
            "26": 12,
            "27": 40,
            "28": 48,
            "29": -5,
            "30": 3,
            "31": -23,
            "32": -6,
            "33": -15,
            "34": 49,
            "35": 49,
            "36": 44,
            "37": -42,
            "38": 30,
            "39": -27,
            "41": 14,
            "42": -29,
            "43": 16,
            "44": 31,
            "45": 19,
            "46": -12,
            "47": -22,
            "48": -47,
            "49": -14,
            "50": -17,
            "51": 42,
            "52": 47,
            "53": -29,
            "54": -29,
            "55": -31,
            "56": 5,
            "57": 25,
            "58": -5,
            "59": -32,
            "60": 48,
            "61": 21,
            "62": -23
        },
        "41": {
            "0": 39,
            "1": 42,
            "2": 32,
            "3": -42,
            "4": -33,
            "5": -17,
            "6": 24,
            "7": 6,
            "8": -42,
            "9": -29,
            "10": -19,
            "11": -10,
            "12": -49,
            "13": -32,
            "14": 0,
            "15": -15,
            "16": -17,
            "17": -20,
            "18": 4,
            "19": 19,
            "20": 35,
            "21": 34,
            "22": -37,
            "23": -46,
            "24": 45,
            "25": -2,
            "26": -41,
            "27": -39,
            "28": -22,
            "29": 47,
            "30": -35,
            "31": -10,
            "32": -7,
            "33": -42,
            "34": -10,
            "35": -17,
            "36": -43,
            "37": -1,
            "38": 22,
            "39": -2,
            "40": 14,
            "42": 42,
            "43": 44,
            "44": -11,
            "45": 21,
            "46": 48,
            "47": -17,
            "48": -28,
            "49": -4,
            "50": 4,
            "51": 38,
            "52": 5,
            "53": 26,
            "54": 26,
            "55": -20,
            "56": -33,
            "57": 0,
            "58": 39,
            "59": 27,
            "60": -29,
            "61": 25,
            "62": -49
        },
        "42": {
            "0": 2,
            "1": 6,
            "2": 39,
            "3": 37,
            "4": 48,
            "5": -18,
            "6": -37,
            "7": 25,
            "8": 19,
            "9": -14,
            "10": -30,
            "11": -5,
            "12": 7,
            "13": 19,
            "14": -1,
            "15": -32,
            "16": 15,
            "17": -28,
            "18": -23,
            "19": -5,
            "20": -39,
            "21": -15,
            "22": -44,
            "23": 46,
            "24": -20,
            "25": -39,
            "26": -33,
            "27": 18,
            "28": 8,
            "29": -28,
            "30": 49,
            "31": 35,
            "32": -22,
            "33": 42,
            "34": 17,
            "35": -1,
            "36": 42,
            "37": 37,
            "38": 5,
            "39": -43,
            "40": -29,
            "41": 42,
            "43": -13,
            "44": 36,
            "45": -16,
            "46": -13,
            "47": -17,
            "48": 7,
            "49": 2,
            "50": 33,
            "51": 39,
            "52": -14,
            "53": 8,
            "54": 0,
            "55": -37,
            "56": 33,
            "57": -44,
            "58": -29,
            "59": -43,
            "60": 1,
            "61": 7,
            "62": 1
        },
        "43": {
            "0": -19,
            "1": -16,
            "2": -42,
            "3": 4,
            "4": -23,
            "5": 48,
            "6": -1,
            "7": -20,
            "8": 18,
            "9": 42,
            "10": -32,
            "11": 28,
            "12": -38,
            "13": -25,
            "14": 40,
            "15": -19,
            "16": 40,
            "17": -43,
            "18": 5,
            "19": 33,
            "20": -19,
            "21": 22,
            "22": -26,
            "23": 19,
            "24": 15,
            "25": -15,
            "26": 16,
            "27": -16,
            "28": -10,
            "29": -6,
            "30": 40,
            "31": -23,
            "32": -18,
            "33": -25,
            "34": -32,
            "35": -19,
            "36": -48,
            "37": 48,
            "38": 42,
            "39": -26,
            "40": 16,
            "41": 44,
            "42": -13,
            "44": -28,
            "45": -32,
            "46": -13,
            "47": 3,
            "48": 36,
            "49": 6,
            "50": -31,
            "51": -20,
            "52": -4,
            "53": 22,
            "54": 9,
            "55": -12,
            "56": 38,
            "57": -47,
            "58": 26,
            "59": -2,
            "60": -7,
            "61": -13,
            "62": -11
        },
        "44": {
            "0": -5,
            "1": -45,
            "2": -9,
            "3": 5,
            "4": 5,
            "5": 5,
            "6": -19,
            "7": 19,
            "8": 23,
            "9": 40,
            "10": -27,
            "11": 7,
            "12": -12,
            "13": -8,
            "14": 13,
            "15": 19,
            "16": -30,
            "17": -35,
            "18": -40,
            "19": -26,
            "20": -26,
            "21": 36,
            "22": 1,
            "23": -24,
            "24": 13,
            "25": -35,
            "26": -21,
            "27": 41,
            "28": 33,
            "29": -48,
            "30": 41,
            "31": -34,
            "32": 45,
            "33": 5,
            "34": -45,
            "35": 23,
            "36": 16,
            "37": 16,
            "38": -16,
            "39": -48,
            "40": 31,
            "41": -11,
            "42": 36,
            "43": -28,
            "45": 26,
            "46": -39,
            "47": 18,
            "48": 12,
            "49": -27,
            "50": 37,
            "51": 19,
            "52": 48,
            "53": -6,
            "54": 3,
            "55": -30,
            "56": -31,
            "57": 1,
            "58": 21,
            "59": -23,
            "60": 23,
            "61": -8,
            "62": -16
        },
        "45": {
            "0": -20,
            "1": 18,
            "2": -46,
            "3": -24,
            "4": 26,
            "5": -6,
            "6": 34,
            "7": 48,
            "8": 39,
            "9": 29,
            "10": 35,
            "11": -4,
            "12": 39,
            "13": -12,
            "14": 49,
            "15": -4,
            "16": 11,
            "17": -32,
            "18": 37,
            "19": 10,
            "20": 45,
            "21": 18,
            "22": -18,
            "23": -41,
            "24": -11,
            "25": 18,
            "26": 17,
            "27": 33,
            "28": -6,
            "29": 17,
            "30": 38,
            "31": -35,
            "32": 25,
            "33": 17,
            "34": -9,
            "35": -39,
            "36": 43,
            "37": -4,
            "38": 10,
            "39": -44,
            "40": 19,
            "41": 21,
            "42": -16,
            "43": -32,
            "44": 26,
            "46": -23,
            "47": -31,
            "48": -49,
            "49": -39,
            "50": -6,
            "51": 4,
            "52": -37,
            "53": 29,
            "54": 21,
            "55": -39,
            "56": -1,
            "57": -4,
            "58": 11,
            "59": 1,
            "60": 33,
            "61": -41,
            "62": -45
        },
        "46": {
            "0": -47,
            "1": -20,
            "2": 41,
            "3": -20,
            "4": 16,
            "5": 11,
            "6": -20,
            "7": 31,
            "8": -46,
            "9": 47,
            "10": 16,
            "11": -36,
            "12": -23,
            "13": -12,
            "14": -16,
            "15": 49,
            "16": 28,
            "17": 26,
            "18": 27,
            "19": 16,
            "20": -4,
            "21": -13,
            "22": 14,
            "23": -35,
            "24": 4,
            "25": -23,
            "26": -12,
            "27": -49,
            "28": -39,
            "29": 18,
            "30": 34,
            "31": 26,
            "32": -29,
            "33": 0,
            "34": 36,
            "35": -28,
            "36": -47,
            "37": -1,
            "38": -36,
            "39": -41,
            "40": -12,
            "41": 48,
            "42": -13,
            "43": -13,
            "44": -39,
            "45": -23,
            "47": -3,
            "48": 41,
            "49": 0,
            "50": 18,
            "51": -4,
            "52": -2,
            "53": -49,
            "54": 34,
            "55": 30,
            "56": -23,
            "57": -19,
            "58": -19,
            "59": 40,
            "60": 9,
            "61": 5,
            "62": -31
        },
        "47": {
            "0": -44,
            "1": 13,
            "2": -6,
            "3": -17,
            "4": -42,
            "5": 37,
            "6": 16,
            "7": 41,
            "8": 29,
            "9": 2,
            "10": 17,
            "11": -32,
            "12": 8,
            "13": -23,
            "14": -49,
            "15": 18,
            "16": -40,
            "17": 49,
            "18": -3,
            "19": 1,
            "20": 40,
            "21": 40,
            "22": -12,
            "23": 10,
            "24": -5,
            "25": -22,
            "26": 49,
            "27": -37,
            "28": 14,
            "29": 9,
            "30": -40,
            "31": 24,
            "32": -49,
            "33": -39,
            "34": 35,
            "35": 48,
            "36": 26,
            "37": 47,
            "38": 49,
            "39": 0,
            "40": -22,
            "41": -17,
            "42": -17,
            "43": 3,
            "44": 18,
            "45": -31,
            "46": -3,
            "48": 24,
            "49": 30,
            "50": 47,
            "51": -46,
            "52": -16,
            "53": -49,
            "54": -31,
            "55": 28,
            "56": -32,
            "57": -44,
            "58": 27,
            "59": 2,
            "60": -48,
            "61": 1,
            "62": -44
        },
        "48": {
            "0": -44,
            "1": 45,
            "2": -44,
            "3": -5,
            "4": 44,
            "5": 38,
            "6": -35,
            "7": 2,
            "8": -45,
            "9": 1,
            "10": -47,
            "11": 30,
            "12": -15,
            "13": -11,
            "14": 20,
            "15": -38,
            "16": -34,
            "17": -16,
            "18": 47,
            "19": -28,
            "20": 47,
            "21": 9,
            "22": -14,
            "23": -4,
            "24": -15,
            "25": 27,
            "26": -38,
            "27": -39,
            "28": -37,
            "29": -34,
            "30": -4,
            "31": -46,
            "32": -19,
            "33": -32,
            "34": -36,
            "35": -10,
            "36": -5,
            "37": -26,
            "38": -47,
            "39": 19,
            "40": -47,
            "41": -28,
            "42": 7,
            "43": 36,
            "44": 12,
            "45": -49,
            "46": 41,
            "47": 24,
            "49": 43,
            "50": -20,
            "51": -48,
            "52": -46,
            "53": -24,
            "54": 22,
            "55": -43,
            "56": -13,
            "57": 38,
            "58": -18,
            "59": -19,
            "60": 21,
            "61": -35,
            "62": 37
        },
        "49": {
            "0": -44,
            "1": 17,
            "2": 27,
            "3": -21,
            "4": -21,
            "5": 19,
            "6": 46,
            "7": -5,
            "8": -4,
            "9": -10,
            "10": -38,
            "11": -48,
            "12": -17,
            "13": -31,
            "14": 31,
            "15": -9,
            "16": 23,
            "17": 20,
            "18": 27,
            "19": -35,
            "20": 39,
            "21": 23,
            "22": 4,
            "23": -44,
            "24": -4,
            "25": -35,
            "26": 34,
            "27": 11,
            "28": 48,
            "29": 17,
            "30": -23,
            "31": 35,
            "32": -22,
            "33": -34,
            "34": -42,
            "35": 45,
            "36": -44,
            "37": 44,
            "38": 11,
            "39": -37,
            "40": -14,
            "41": -4,
            "42": 2,
            "43": 6,
            "44": -27,
            "45": -39,
            "46": 0,
            "47": 30,
            "48": 43,
            "50": -42,
            "51": 12,
            "52": 7,
            "53": -1,
            "54": 25,
            "55": 16,
            "56": -29,
            "57": 44,
            "58": 1,
            "59": 5,
            "60": -10,
            "61": -46,
            "62": 13
        },
        "50": {
            "0": 31,
            "1": 33,
            "2": -17,
            "3": -14,
            "4": 42,
            "5": 0,
            "6": -22,
            "7": -32,
            "8": 19,
            "9": 25,
            "10": 4,
            "11": 36,
            "12": 34,
            "13": -17,
            "14": -20,
            "15": 19,
            "16": 21,
            "17": -23,
            "18": 20,
            "19": 17,
            "20": -43,
            "21": 34,
            "22": 17,
            "23": 2,
            "24": -39,
            "25": 29,
            "26": -44,
            "27": 3,
            "28": -1,
            "29": 16,
            "30": 17,
            "31": 0,
            "32": -6,
            "33": -25,
            "34": -48,
            "35": 4,
            "36": 0,
            "37": 0,
            "38": 4,
            "39": -5,
            "40": -17,
            "41": 4,
            "42": 33,
            "43": -31,
            "44": 37,
            "45": -6,
            "46": 18,
            "47": 47,
            "48": -20,
            "49": -42,
            "51": -25,
            "52": -17,
            "53": -30,
            "54": 38,
            "55": -25,
            "56": 0,
            "57": 2,
            "58": 45,
            "59": 15,
            "60": 44,
            "61": -43,
            "62": 1
        },
        "51": {
            "0": 32,
            "1": -35,
            "2": 0,
            "3": -7,
            "4": 37,
            "5": 11,
            "6": 19,
            "7": 39,
            "8": -43,
            "9": 15,
            "10": 36,
            "11": -34,
            "12": -31,
            "13": 45,
            "14": 2,
            "15": 6,
            "16": 40,
            "17": 49,
            "18": 18,
            "19": 30,
            "20": -47,
            "21": -37,
            "22": -34,
            "23": -23,
            "24": -19,
            "25": -28,
            "26": 0,
            "27": 2,
            "28": -15,
            "29": -49,
            "30": -4,
            "31": -36,
            "32": 45,
            "33": 21,
            "34": -30,
            "35": -24,
            "36": 28,
            "37": -20,
            "38": -37,
            "39": -45,
            "40": 42,
            "41": 38,
            "42": 39,
            "43": -20,
            "44": 19,
            "45": 4,
            "46": -4,
            "47": -46,
            "48": -48,
            "49": 12,
            "50": -25,
            "52": -11,
            "53": 35,
            "54": -37,
            "55": -27,
            "56": -1,
            "57": -15,
            "58": 10,
            "59": -15,
            "60": 32,
            "61": 6,
            "62": 7
        },
        "52": {
            "0": 1,
            "1": 14,
            "2": -13,
            "3": 34,
            "4": -47,
            "5": -11,
            "6": 3,
            "7": -34,
            "8": -46,
            "9": -49,
            "10": 31,
            "11": -47,
            "12": -18,
            "13": -24,
            "14": -11,
            "15": 22,
            "16": 9,
            "17": 30,
            "18": 47,
            "19": 20,
            "20": 43,
            "21": 4,
            "22": 8,
            "23": -17,
            "24": -19,
            "25": -43,
            "26": 1,
            "27": -1,
            "28": 5,
            "29": 30,
            "30": -38,
            "31": 32,
            "32": -49,
            "33": 38,
            "34": -26,
            "35": 0,
            "36": 19,
            "37": 15,
            "38": 18,
            "39": 3,
            "40": 47,
            "41": 5,
            "42": -14,
            "43": -4,
            "44": 48,
            "45": -37,
            "46": -2,
            "47": -16,
            "48": -46,
            "49": 7,
            "50": -17,
            "51": -11,
            "53": 19,
            "54": -26,
            "55": -38,
            "56": -33,
            "57": 41,
            "58": 22,
            "59": 41,
            "60": 28,
            "61": -24,
            "62": 29
        },
        "53": {
            "0": 32,
            "1": -48,
            "2": -2,
            "3": 27,
            "4": -34,
            "5": 13,
            "6": -5,
            "7": -37,
            "8": 39,
            "9": 19,
            "10": -10,
            "11": 22,
            "12": -12,
            "13": 20,
            "14": -40,
            "15": -26,
            "16": 29,
            "17": 6,
            "18": 30,
            "19": -7,
            "20": -40,
            "21": 12,
            "22": -47,
            "23": -13,
            "24": 18,
            "25": 43,
            "26": -22,
            "27": 43,
            "28": 7,
            "29": -35,
            "30": -41,
            "31": 11,
            "32": 45,
            "33": -14,
            "34": 33,
            "35": 1,
            "36": -43,
            "37": -33,
            "38": -43,
            "39": -5,
            "40": -29,
            "41": 26,
            "42": 8,
            "43": 22,
            "44": -6,
            "45": 29,
            "46": -49,
            "47": -49,
            "48": -24,
            "49": -1,
            "50": -30,
            "51": 35,
            "52": 19,
            "54": -12,
            "55": -2,
            "56": -11,
            "57": 14,
            "58": 41,
            "59": -19,
            "60": -28,
            "61": -15,
            "62": 33
        },
        "54": {
            "0": 21,
            "1": 12,
            "2": 18,
            "3": 45,
            "4": -2,
            "5": 29,
            "6": 4,
            "7": 10,
            "8": 25,
            "9": 1,
            "10": -43,
            "11": -1,
            "12": -14,
            "13": 34,
            "14": 29,
            "15": 17,
            "16": -7,
            "17": 45,
            "18": -47,
            "19": 25,
            "20": -15,
            "21": -4,
            "22": -15,
            "23": 15,
            "24": -34,
            "25": 33,
            "26": -5,
            "27": 6,
            "28": -9,
            "29": 7,
            "30": -23,
            "31": -41,
            "32": -40,
            "33": 32,
            "34": 4,
            "35": -32,
            "36": 16,
            "37": 34,
            "38": -16,
            "39": 16,
            "40": -29,
            "41": 26,
            "42": 0,
            "43": 9,
            "44": 3,
            "45": 21,
            "46": 34,
            "47": -31,
            "48": 22,
            "49": 25,
            "50": 38,
            "51": -37,
            "52": -26,
            "53": -12,
            "55": 2,
            "56": 8,
            "57": 39,
            "58": -20,
            "59": -19,
            "60": -21,
            "61": 14,
            "62": -1
        },
        "55": {
            "0": -32,
            "1": -28,
            "2": -3,
            "3": 48,
            "4": -14,
            "5": -39,
            "6": 34,
            "7": -12,
            "8": -9,
            "9": -4,
            "10": 8,
            "11": -4,
            "12": 37,
            "13": 43,
            "14": -14,
            "15": -44,
            "16": -15,
            "17": -17,
            "18": 46,
            "19": -21,
            "20": 38,
            "21": 40,
            "22": -45,
            "23": -48,
            "24": 2,
            "25": 3,
            "26": 33,
            "27": 22,
            "28": -16,
            "29": 14,
            "30": -10,
            "31": -39,
            "32": -5,
            "33": -11,
            "34": 9,
            "35": -10,
            "36": -39,
            "37": 33,
            "38": 47,
            "39": -26,
            "40": -31,
            "41": -20,
            "42": -37,
            "43": -12,
            "44": -30,
            "45": -39,
            "46": 30,
            "47": 28,
            "48": -43,
            "49": 16,
            "50": -25,
            "51": -27,
            "52": -38,
            "53": -2,
            "54": 2,
            "56": -12,
            "57": -24,
            "58": 32,
            "59": 0,
            "60": -2,
            "61": -8,
            "62": 47
        },
        "56": {
            "0": 26,
            "1": 14,
            "2": 25,
            "3": 17,
            "4": -10,
            "5": 1,
            "6": 21,
            "7": 6,
            "8": -38,
            "9": -21,
            "10": -22,
            "11": -5,
            "12": 20,
            "13": -15,
            "14": -32,
            "15": 40,
            "16": 29,
            "17": 48,
            "18": 47,
            "19": -29,
            "20": 45,
            "21": 8,
            "22": -49,
            "23": -8,
            "24": 48,
            "25": 21,
            "26": 0,
            "27": 2,
            "28": 29,
            "29": -29,
            "30": -27,
            "31": 9,
            "32": -34,
            "33": 41,
            "34": 7,
            "35": 29,
            "36": -13,
            "37": -34,
            "38": -6,
            "39": -36,
            "40": 5,
            "41": -33,
            "42": 33,
            "43": 38,
            "44": -31,
            "45": -1,
            "46": -23,
            "47": -32,
            "48": -13,
            "49": -29,
            "50": 0,
            "51": -1,
            "52": -33,
            "53": -11,
            "54": 8,
            "55": -12,
            "57": -8,
            "58": 13,
            "59": -16,
            "60": 18,
            "61": 40,
            "62": 45
        },
        "57": {
            "0": -7,
            "1": 46,
            "2": -14,
            "3": 26,
            "4": 1,
            "5": 44,
            "6": -14,
            "7": -4,
            "8": 11,
            "9": 10,
            "10": 16,
            "11": -47,
            "12": -13,
            "13": 44,
            "14": 48,
            "15": -44,
            "16": 10,
            "17": -28,
            "18": -26,
            "19": 21,
            "20": -38,
            "21": -36,
            "22": -7,
            "23": -26,
            "24": 44,
            "25": -21,
            "26": 27,
            "27": -10,
            "28": 32,
            "29": -43,
            "30": 45,
            "31": -23,
            "32": 25,
            "33": -15,
            "34": -3,
            "35": -14,
            "36": 31,
            "37": 21,
            "38": -38,
            "39": -7,
            "40": 25,
            "41": 0,
            "42": -44,
            "43": -47,
            "44": 1,
            "45": -4,
            "46": -19,
            "47": -44,
            "48": 38,
            "49": 44,
            "50": 2,
            "51": -15,
            "52": 41,
            "53": 14,
            "54": 39,
            "55": -24,
            "56": -8,
            "58": 38,
            "59": 18,
            "60": -43,
            "61": 21,
            "62": 1
        },
        "58": {
            "0": -21,
            "1": 48,
            "2": -19,
            "3": 10,
            "4": 40,
            "5": -23,
            "6": -17,
            "7": -36,
            "8": -42,
            "9": -21,
            "10": 41,
            "11": 1,
            "12": 48,
            "13": -4,
            "14": -48,
            "15": -16,
            "16": -33,
            "17": 40,
            "18": -32,
            "19": 0,
            "20": 41,
            "21": -8,
            "22": 19,
            "23": -43,
            "24": 5,
            "25": 7,
            "26": -11,
            "27": -44,
            "28": -5,
            "29": -3,
            "30": 39,
            "31": 21,
            "32": 16,
            "33": -36,
            "34": -11,
            "35": -22,
            "36": 39,
            "37": -44,
            "38": 42,
            "39": 40,
            "40": -5,
            "41": 39,
            "42": -29,
            "43": 26,
            "44": 21,
            "45": 11,
            "46": -19,
            "47": 27,
            "48": -18,
            "49": 1,
            "50": 45,
            "51": 10,
            "52": 22,
            "53": 41,
            "54": -20,
            "55": 32,
            "56": 13,
            "57": 38,
            "59": 31,
            "60": 6,
            "61": 20,
            "62": 11
        },
        "59": {
            "0": 31,
            "1": -39,
            "2": -3,
            "3": -15,
            "4": -43,
            "5": -40,
            "6": 29,
            "7": -29,
            "8": 16,
            "9": 17,
            "10": -34,
            "11": -32,
            "12": 14,
            "13": 21,
            "14": -37,
            "15": -28,
            "16": -40,
            "17": 11,
            "18": -6,
            "19": -13,
            "20": -14,
            "21": 0,
            "22": 9,
            "23": 24,
            "24": -15,
            "25": 41,
            "26": -26,
            "27": 43,
            "28": -17,
            "29": 0,
            "30": 48,
            "31": 42,
            "32": 36,
            "33": -6,
            "34": -11,
            "35": 0,
            "36": 38,
            "37": -44,
            "38": -28,
            "39": 7,
            "40": -32,
            "41": 27,
            "42": -43,
            "43": -2,
            "44": -23,
            "45": 1,
            "46": 40,
            "47": 2,
            "48": -19,
            "49": 5,
            "50": 15,
            "51": -15,
            "52": 41,
            "53": -19,
            "54": -19,
            "55": 0,
            "56": -16,
            "57": 18,
            "58": 31,
            "60": 41,
            "61": -49,
            "62": 22
        },
        "60": {
            "0": -24,
            "1": -11,
            "2": 11,
            "3": -3,
            "4": -43,
            "5": 12,
            "6": -37,
            "7": -6,
            "8": -2,
            "9": 3,
            "10": -25,
            "11": -46,
            "12": 17,
            "13": -30,
            "14": 44,
            "15": -14,
            "16": -4,
            "17": -32,
            "18": -17,
            "19": 28,
            "20": 27,
            "21": -14,
            "22": 35,
            "23": 41,
            "24": 0,
            "25": -18,
            "26": -44,
            "27": 3,
            "28": 30,
            "29": 8,
            "30": 15,
            "31": 2,
            "32": -3,
            "33": -32,
            "34": 47,
            "35": 28,
            "36": 32,
            "37": 24,
            "38": -27,
            "39": 44,
            "40": 48,
            "41": -29,
            "42": 1,
            "43": -7,
            "44": 23,
            "45": 33,
            "46": 9,
            "47": -48,
            "48": 21,
            "49": -10,
            "50": 44,
            "51": 32,
            "52": 28,
            "53": -28,
            "54": -21,
            "55": -2,
            "56": 18,
            "57": -43,
            "58": 6,
            "59": 41,
            "61": 32,
            "62": -3
        },
        "61": {
            "0": 2,
            "1": 32,
            "2": -8,
            "3": -40,
            "4": -46,
            "5": -31,
            "6": -44,
            "7": -12,
            "8": 23,
            "9": 31,
            "10": -32,
            "11": 6,
            "12": -3,
            "13": -9,
            "14": -19,
            "15": 35,
            "16": -44,
            "17": 22,
            "18": -21,
            "19": 15,
            "20": -4,
            "21": -35,
            "22": -13,
            "23": 41,
            "24": 13,
            "25": -42,
            "26": 47,
            "27": -16,
            "28": 7,
            "29": 37,
            "30": 27,
            "31": -12,
            "32": 40,
            "33": 33,
            "34": -27,
            "35": -6,
            "36": -11,
            "37": 35,
            "38": -49,
            "39": -7,
            "40": 21,
            "41": 25,
            "42": 7,
            "43": -13,
            "44": -8,
            "45": -41,
            "46": 5,
            "47": 1,
            "48": -35,
            "49": -46,
            "50": -43,
            "51": 6,
            "52": -24,
            "53": -15,
            "54": 14,
            "55": -8,
            "56": 40,
            "57": 21,
            "58": 20,
            "59": -49,
            "60": 32,
            "62": -15
        },
        "62": {
            "0": 1,
            "1": -7,
            "2": 7,
            "3": 4,
            "4": -37,
            "5": 31,
            "6": 27,
            "7": -36,
            "8": 27,
            "9": 36,
            "10": 48,
            "11": -47,
            "12": 43,
            "13": 17,
            "14": -9,
            "15": -28,
            "16": -44,
            "17": -3,
            "18": 14,
            "19": 41,
            "20": -21,
            "21": 44,
            "22": -4,
            "23": -25,
            "24": 37,
            "25": -15,
            "26": 28,
            "27": -21,
            "28": 32,
            "29": -23,
            "30": 9,
            "31": 2,
            "32": -27,
            "33": -23,
            "34": -47,
            "35": 2,
            "36": -30,
            "37": 3,
            "38": 0,
            "39": 49,
            "40": -23,
            "41": -49,
            "42": 1,
            "43": -11,
            "44": -16,
            "45": -45,
            "46": -31,
            "47": -44,
            "48": 37,
            "49": 13,
            "50": 1,
            "51": 7,
            "52": 29,
            "53": 33,
            "54": -1,
            "55": 47,
            "56": 45,
            "57": 1,
            "58": 11,
            "59": 22,
            "60": -3,
            "61": -15
        }
    },
    "Gamma": 31
}