{
    "knapsack_size": 17890,
    "Gamma": 56,
    "n_items": 60,
    "costs": {
        "0": {
            "l": 25.65,
            "a": 39.33,
            "u": 68.86
        },
        "1": {
            "l": 11.36,
            "a": 47.14,
            "u": 80.42
        },
        "2": {
            "l": 33.01,
            "a": 35.26,
            "u": 57.57
        },
        "3": {
            "l": 27.56,
            "a": 57.66,
            "u": 71.79
        },
        "4": {
            "l": 15.71,
            "a": 56.84,
            "u": 65.0
        },
        "5": {
            "l": 23.01,
            "a": 32.12,
            "u": 42.26
        },
        "6": {
            "l": 28.91,
            "a": 43.16,
            "u": 67.85
        },
        "7": {
            "l": 4.84,
            "a": 32.84,
            "u": 44.12
        },
        "8": {
            "l": 23.29,
            "a": 57.54,
            "u": 82.63
        },
        "9": {
            "l": 16.76,
            "a": 53.67,
            "u": 79.07
        },
        "10": {
            "l": 32.88,
            "a": 59.29,
            "u": 71.04
        },
        "11": {
            "l": 16.92,
            "a": 43.06,
            "u": 45.77
        },
        "12": {
            "l": 7.14,
            "a": 18.1,
            "u": 41.45
        },
        "13": {
            "l": 5.49,
            "a": 55.35,
            "u": 67.89
        },
        "14": {
            "l": 28.46,
            "a": 34.24,
            "u": 52.55
        },
        "15": {
            "l": 10.82,
            "a": 40.96,
            "u": 67.97
        },
        "16": {
            "l": 13.35,
            "a": 24.43,
            "u": 86.36
        },
        "17": {
            "l": 32.48,
            "a": 40.82,
            "u": 51.11
        },
        "18": {
            "l": 11.98,
            "a": 16.47,
            "u": 28.96
        },
        "19": {
            "l": 1.36,
            "a": 23.96,
            "u": 41.77
        },
        "20": {
            "l": 12.27,
            "a": 46.89,
            "u": 66.35
        },
        "21": {
            "l": 24.58,
            "a": 25.9,
            "u": 45.8
        },
        "22": {
            "l": 1.42,
            "a": 27.82,
            "u": 43.14
        },
        "23": {
            "l": 18.79,
            "a": 55.3,
            "u": 70.23
        },
        "24": {
            "l": 17.22,
            "a": 31.52,
            "u": 48.79
        },
        "25": {
            "l": 8.48,
            "a": 13.92,
            "u": 57.13
        },
        "26": {
            "l": 5.47,
            "a": 56.79,
            "u": 78.81
        },
        "27": {
            "l": 1.88,
            "a": 18.44,
            "u": 20.56
        },
        "28": {
            "l": 23.16,
            "a": 53.61,
            "u": 67.71
        },
        "29": {
            "l": 21.59,
            "a": 32.41,
            "u": 59.7
        },
        "30": {
            "l": 8.2,
            "a": 42.16,
            "u": 45.84
        },
        "31": {
            "l": 33.02,
            "a": 53.39,
            "u": 86.48
        },
        "32": {
            "l": 23.76,
            "a": 49.89,
            "u": 58.29
        },
        "33": {
            "l": 20.28,
            "a": 28.35,
            "u": 48.33
        },
        "34": {
            "l": 4.98,
            "a": 14.98,
            "u": 33.99
        },
        "35": {
            "l": 15.19,
            "a": 45.83,
            "u": 78.69
        },
        "36": {
            "l": 24.37,
            "a": 47.5,
            "u": 78.22
        },
        "37": {
            "l": 19.49,
            "a": 26.46,
            "u": 64.95
        },
        "38": {
            "l": 12.78,
            "a": 38.39,
            "u": 63.51
        },
        "39": {
            "l": 17.39,
            "a": 55.87,
            "u": 56.79
        },
        "40": {
            "l": 21.78,
            "a": 31.47,
            "u": 45.18
        },
        "41": {
            "l": 13.08,
            "a": 43.37,
            "u": 44.94
        },
        "42": {
            "l": 12.3,
            "a": 39.19,
            "u": 84.43
        },
        "43": {
            "l": 16.57,
            "a": 30.11,
            "u": 53.1
        },
        "44": {
            "l": 23.28,
            "a": 40.27,
            "u": 83.05
        },
        "45": {
            "l": 25.6,
            "a": 33.88,
            "u": 60.1
        },
        "46": {
            "l": 9.21,
            "a": 31.42,
            "u": 65.28
        },
        "47": {
            "l": 24.14,
            "a": 49.69,
            "u": 64.11
        },
        "48": {
            "l": 7.5,
            "a": 30.59,
            "u": 77.99
        },
        "49": {
            "l": 9.5,
            "a": 56.09,
            "u": 83.29
        },
        "50": {
            "l": 4.26,
            "a": 41.35,
            "u": 59.4
        },
        "51": {
            "l": 17.68,
            "a": 51.99,
            "u": 84.85
        },
        "52": {
            "l": 20.8,
            "a": 35.43,
            "u": 36.57
        },
        "53": {
            "l": 33.33,
            "a": 55.75,
            "u": 56.66
        },
        "54": {
            "l": 13.44,
            "a": 14.62,
            "u": 29.38
        },
        "55": {
            "l": 31.43,
            "a": 48.59,
            "u": 66.14
        },
        "56": {
            "l": 4.19,
            "a": 48.83,
            "u": 50.16
        },
        "57": {
            "l": 12.38,
            "a": 46.94,
            "u": 83.53
        },
        "58": {
            "l": 7.07,
            "a": 30.11,
            "u": 59.2
        },
        "59": {
            "l": 12.77,
            "a": 55.71,
            "u": 61.99
        }
    },
    "profits": {
        "0": 50.2,
        "1": 83.77,
        "2": 71.97,
        "3": 75.53,
        "4": 62.87,
        "5": 77.23,
        "6": 80.06,
        "7": 91.66,
        "8": 60.55,
        "9": 58.1,
        "10": 84.4,
        "11": 83.31,
        "12": 55.17,
        "13": 89.91,
        "14": 55.74,
        "15": 82.46,
        "16": 41.31,
        "17": 53.33,
        "18": 82.15,
        "19": 59.06,
        "20": 52.59,
        "21": 48.07,
        "22": 46.84,
        "23": 78.92,
        "24": 90.63,
        "25": 61.75,
        "26": 94.81,
        "27": 31.29,
        "28": 86.2,
        "29": 67.47,
        "30": 75.58,
        "31": 92.62,
        "32": 81.87,
        "33": 67.63,
        "34": 17.7,
        "35": 83.2,
        "36": 76.23,
        "37": 46.76,
        "38": 60.56,
        "39": 80.63,
        "40": 79.3,
        "41": 48.86,
        "42": 94.74,
        "43": 73.22,
        "44": 71.69,
        "45": 74.5,
        "46": 62.73,
        "47": 89.31,
        "48": 48.78,
        "49": 91.71,
        "50": 73.46,
        "51": 93.9,
        "52": 90.59,
        "53": 56.18,
        "54": 41.93,
        "55": 60.78,
        "56": 61.72,
        "57": 85.62,
        "58": 72.03,
        "59": 94.65
    },
    "synergies": {
        "0": {
            "1": -5.23,
            "2": 7.89,
            "3": -3.12,
            "4": -11.32,
            "5": 0.2,
            "6": -5.48,
            "7": 0.65,
            "8": -4.1,
            "9": -5.46,
            "10": 7.31,
            "11": -8.05,
            "12": -4.11,
            "13": -2.41,
            "14": -8.22,
            "15": 5.5,
            "16": 8.26,
            "17": 11.18,
            "18": 2.79,
            "19": -2.13,
            "20": -4.93,
            "21": -2.65,
            "22": -9.88,
            "23": -6.66,
            "24": 2.12,
            "25": -2.65,
            "26": 1.4,
            "27": -0.27,
            "28": 0.08,
            "29": 8.18,
            "30": -0.54,
            "31": 5.7,
            "32": -9.47,
            "33": 4.72,
            "34": -9.16,
            "35": 6.26,
            "36": -5.0,
            "37": -9.1,
            "38": -4.02,
            "39": 8.49,
            "40": -3.16,
            "41": 6.51,
            "42": 2.41,
            "43": -4.6,
            "44": 2.42,
            "45": 2.76,
            "46": 1.84,
            "47": -1.3,
            "48": -10.07,
            "49": 11.25,
            "50": 11.91,
            "51": -4.93,
            "52": 11.61,
            "53": -4.93,
            "54": 9.53,
            "55": -4.49,
            "56": -4.64,
            "57": 6.82,
            "58": 0.02,
            "59": 1.05
        },
        "1": {
            "0": -5.23,
            "2": 5.88,
            "3": 4.55,
            "4": -9.55,
            "5": 1.97,
            "6": 1.66,
            "7": 6.38,
            "8": 3.24,
            "9": 0.31,
            "10": 11.89,
            "11": 6.88,
            "12": 5.25,
            "13": -8.32,
            "14": -5.93,
            "15": 8.64,
            "16": 11.66,
            "17": -1.68,
            "18": 2.93,
            "19": -3.75,
            "20": -3.88,
            "21": -0.97,
            "22": 1.6,
            "23": -10.28,
            "24": 3.37,
            "25": 11.12,
            "26": -2.15,
            "27": -11.31,
            "28": 6.37,
            "29": 10.76,
            "30": -6.17,
            "31": 7.36,
            "32": -10.0,
            "33": 11.48,
            "34": 2.16,
            "35": -1.13,
            "36": -6.67,
            "37": 7.17,
            "38": 2.62,
            "39": 5.19,
            "40": 3.98,
            "41": -11.66,
            "42": -10.79,
            "43": 6.28,
            "44": -3.86,
            "45": 10.55,
            "46": -8.17,
            "47": -8.48,
            "48": 0.68,
            "49": -1.83,
            "50": 10.85,
            "51": -11.93,
            "52": 7.97,
            "53": -3.8,
            "54": -8.71,
            "55": -7.06,
            "56": 1.54,
            "57": -6.36,
            "58": -7.31,
            "59": -9.74
        },
        "2": {
            "0": 7.89,
            "1": 5.88,
            "3": -6.19,
            "4": 4.09,
            "5": 2.5,
            "6": -6.83,
            "7": 5.09,
            "8": 6.26,
            "9": -8.66,
            "10": 6.3,
            "11": -10.46,
            "12": 9.11,
            "13": 9.55,
            "14": 9.46,
            "15": 0.67,
            "16": 8.7,
            "17": 4.25,
            "18": -3.73,
            "19": -9.96,
            "20": -8.42,
            "21": 6.56,
            "22": -11.24,
            "23": -9.17,
            "24": 0.3,
            "25": 3.28,
            "26": -3.61,
            "27": -10.65,
            "28": 4.78,
            "29": 11.66,
            "30": 2.1,
            "31": 6.54,
            "32": -9.54,
            "33": 3.61,
            "34": 3.12,
            "35": 11.0,
            "36": 5.68,
            "37": 9.49,
            "38": -2.31,
            "39": 9.74,
            "40": -8.72,
            "41": -5.01,
            "42": 5.44,
            "43": -1.76,
            "44": 10.12,
            "45": 9.13,
            "46": -10.0,
            "47": 5.42,
            "48": -11.92,
            "49": 0.84,
            "50": 8.85,
            "51": 9.52,
            "52": 0.46,
            "53": 7.05,
            "54": -4.39,
            "55": 3.14,
            "56": 7.84,
            "57": -1.97,
            "58": -6.28,
            "59": -6.67
        },
        "3": {
            "0": -3.12,
            "1": 4.55,
            "2": -6.19,
            "4": 2.73,
            "5": -10.59,
            "6": -6.17,
            "7": -10.28,
            "8": 6.49,
            "9": -6.83,
            "10": 9.15,
            "11": 6.45,
            "12": 9.32,
            "13": 11.51,
            "14": -3.62,
            "15": -3.22,
            "16": -9.07,
            "17": -7.6,
            "18": -7.33,
            "19": 0.07,
            "20": 0.71,
            "21": 0.3,
            "22": 10.74,
            "23": 1.66,
            "24": -3.07,
            "25": 9.75,
            "26": 3.98,
            "27": -10.7,
            "28": -2.21,
            "29": -4.96,
            "30": 3.22,
            "31": -11.98,
            "32": 1.25,
            "33": 3.23,
            "34": -10.29,
            "35": -0.32,
            "36": -0.31,
            "37": 4.3,
            "38": 0.61,
            "39": 5.92,
            "40": 8.96,
            "41": 0.28,
            "42": 7.04,
            "43": -3.4,
            "44": 11.19,
            "45": 6.2,
            "46": 4.03,
            "47": 4.4,
            "48": 11.5,
            "49": -9.58,
            "50": -1.02,
            "51": 9.49,
            "52": -1.11,
            "53": 8.1,
            "54": 10.92,
            "55": -4.91,
            "56": -5.3,
            "57": 1.3,
            "58": -4.25,
            "59": -9.47
        },
        "4": {
            "0": -11.32,
            "1": -9.55,
            "2": 4.09,
            "3": 2.73,
            "5": -4.75,
            "6": 8.79,
            "7": 7.65,
            "8": -11.02,
            "9": -5.13,
            "10": 11.38,
            "11": 3.28,
            "12": -8.21,
            "13": -2.39,
            "14": -7.54,
            "15": 7.28,
            "16": 10.19,
            "17": 1.97,
            "18": -3.39,
            "19": 0.97,
            "20": 1.98,
            "21": -4.15,
            "22": -9.42,
            "23": -11.35,
            "24": 0.87,
            "25": -1.57,
            "26": -9.63,
            "27": 7.09,
            "28": -7.41,
            "29": 8.06,
            "30": -0.4,
            "31": 0.79,
            "32": -2.08,
            "33": -2.95,
            "34": 10.4,
            "35": -10.14,
            "36": -9.71,
            "37": -6.63,
            "38": -8.41,
            "39": -8.3,
            "40": -2.22,
            "41": 8.03,
            "42": 1.91,
            "43": 11.73,
            "44": 6.78,
            "45": -11.57,
            "46": 11.4,
            "47": -6.17,
            "48": -9.2,
            "49": 10.77,
            "50": 9.21,
            "51": -9.89,
            "52": 7.4,
            "53": -9.9,
            "54": -9.65,
            "55": 6.64,
            "56": -1.49,
            "57": -1.88,
            "58": -11.17,
            "59": -8.14
        },
        "5": {
            "0": 0.2,
            "1": 1.97,
            "2": 2.5,
            "3": -10.59,
            "4": -4.75,
            "6": 6.6,
            "7": 6.86,
            "8": -1.61,
            "9": -3.34,
            "10": 1.53,
            "11": -4.98,
            "12": -5.19,
            "13": 10.04,
            "14": -7.98,
            "15": 2.19,
            "16": -8.49,
            "17": 0.16,
            "18": 3.63,
            "19": 5.0,
            "20": -7.85,
            "21": 6.38,
            "22": 3.82,
            "23": 5.71,
            "24": -0.55,
            "25": 9.54,
            "26": 2.5,
            "27": -9.76,
            "28": 5.99,
            "29": -4.82,
            "30": 3.12,
            "31": -0.09,
            "32": -0.57,
            "33": 10.84,
            "34": -6.86,
            "35": -0.91,
            "36": 9.68,
            "37": 11.53,
            "38": 6.36,
            "39": -0.93,
            "40": 3.38,
            "41": -1.34,
            "42": -7.58,
            "43": -1.44,
            "44": -9.94,
            "45": -5.49,
            "46": -8.0,
            "47": 5.41,
            "48": 3.77,
            "49": 7.1,
            "50": -7.11,
            "51": -0.94,
            "52": -5.7,
            "53": -1.33,
            "54": 11.16,
            "55": -8.67,
            "56": -9.95,
            "57": -7.83,
            "58": 1.18,
            "59": -1.13
        },
        "6": {
            "0": -5.48,
            "1": 1.66,
            "2": -6.83,
            "3": -6.17,
            "4": 8.79,
            "5": 6.6,
            "7": 0.44,
            "8": 2.88,
            "9": 2.29,
            "10": -1.7,
            "11": 9.51,
            "12": 9.32,
            "13": -4.94,
            "14": -0.42,
            "15": -0.93,
            "16": 8.43,
            "17": 11.57,
            "18": -11.16,
            "19": -0.6,
            "20": -1.39,
            "21": 5.39,
            "22": -5.7,
            "23": -6.78,
            "24": 7.87,
            "25": -4.82,
            "26": -6.35,
            "27": -2.55,
            "28": -10.03,
            "29": -11.29,
            "30": 11.72,
            "31": -8.26,
            "32": -10.91,
            "33": -5.8,
            "34": -10.11,
            "35": 2.38,
            "36": 5.66,
            "37": 4.91,
            "38": 5.28,
            "39": 11.53,
            "40": 8.31,
            "41": -7.97,
            "42": -3.18,
            "43": -0.75,
            "44": 7.96,
            "45": -11.85,
            "46": -6.93,
            "47": 11.27,
            "48": -3.8,
            "49": -5.94,
            "50": -6.61,
            "51": -6.59,
            "52": -9.42,
            "53": 1.06,
            "54": -9.2,
            "55": -1.82,
            "56": -2.71,
            "57": -11.07,
            "58": 11.88,
            "59": -2.09
        },
        "7": {
            "0": 0.65,
            "1": 6.38,
            "2": 5.09,
            "3": -10.28,
            "4": 7.65,
            "5": 6.86,
            "6": 0.44,
            "8": -9.47,
            "9": -11.55,
            "10": -2.69,
            "11": -10.97,
            "12": -1.36,
            "13": -4.32,
            "14": 11.73,
            "15": 5.74,
            "16": -5.73,
            "17": -0.73,
            "18": -11.86,
            "19": 1.14,
            "20": -5.98,
            "21": 2.0,
            "22": 0.94,
            "23": -1.22,
            "24": 9.81,
            "25": -2.17,
            "26": 3.34,
            "27": -1.79,
            "28": -7.97,
            "29": 8.05,
            "30": 3.76,
            "31": 3.55,
            "32": 0.98,
            "33": -8.65,
            "34": -0.35,
            "35": 3.8,
            "36": 0.59,
            "37": -9.38,
            "38": -9.87,
            "39": 4.21,
            "40": 0.72,
            "41": 11.97,
            "42": -7.58,
            "43": -2.7,
            "44": -7.94,
            "45": 5.01,
            "46": 6.57,
            "47": 2.91,
            "48": -5.02,
            "49": -0.81,
            "50": 4.89,
            "51": -4.78,
            "52": 7.73,
            "53": 2.07,
            "54": 7.38,
            "55": 7.57,
            "56": 0.88,
            "57": -9.59,
            "58": -3.91,
            "59": -9.41
        },
        "8": {
            "0": -4.1,
            "1": 3.24,
            "2": 6.26,
            "3": 6.49,
            "4": -11.02,
            "5": -1.61,
            "6": 2.88,
            "7": -9.47,
            "9": 7.34,
            "10": -10.89,
            "11": -8.99,
            "12": -0.41,
            "13": 3.88,
            "14": -11.53,
            "15": 4.16,
            "16": -6.76,
            "17": -1.12,
            "18": -4.29,
            "19": 7.54,
            "20": -2.9,
            "21": 8.37,
            "22": 3.98,
            "23": 2.83,
            "24": -8.61,
            "25": -9.13,
            "26": 4.25,
            "27": -2.3,
            "28": -8.16,
            "29": -4.3,
            "30": 11.73,
            "31": -1.93,
            "32": 11.06,
            "33": -5.57,
            "34": 11.59,
            "35": 1.23,
            "36": 1.66,
            "37": -7.56,
            "38": 10.08,
            "39": 7.6,
            "40": -11.86,
            "41": 0.38,
            "42": 3.39,
            "43": -11.29,
            "44": 9.15,
            "45": 1.11,
            "46": -11.58,
            "47": 2.06,
            "48": 11.56,
            "49": -9.64,
            "50": 5.56,
            "51": -9.66,
            "52": -7.38,
            "53": 1.63,
            "54": 4.27,
            "55": -8.73,
            "56": 9.07,
            "57": -6.44,
            "58": -0.25,
            "59": -0.29
        },
        "9": {
            "0": -5.46,
            "1": 0.31,
            "2": -8.66,
            "3": -6.83,
            "4": -5.13,
            "5": -3.34,
            "6": 2.29,
            "7": -11.55,
            "8": 7.34,
            "10": -8.83,
            "11": 10.11,
            "12": 3.1,
            "13": 5.52,
            "14": -2.49,
            "15": -1.25,
            "16": 5.28,
            "17": 2.84,
            "18": 5.18,
            "19": -8.05,
            "20": -5.5,
            "21": 4.45,
            "22": -0.27,
            "23": 9.92,
            "24": -8.42,
            "25": 2.54,
            "26": -11.9,
            "27": 11.72,
            "28": 1.25,
            "29": 11.04,
            "30": -9.3,
            "31": 11.49,
            "32": -10.41,
            "33": -9.41,
            "34": 8.73,
            "35": -0.91,
            "36": -4.82,
            "37": -0.91,
            "38": 2.59,
            "39": 11.75,
            "40": -3.0,
            "41": 11.78,
            "42": -5.03,
            "43": 5.88,
            "44": -9.1,
            "45": -9.46,
            "46": 11.62,
            "47": 6.61,
            "48": 6.38,
            "49": 1.08,
            "50": 5.7,
            "51": 8.2,
            "52": -0.14,
            "53": 10.18,
            "54": -0.94,
            "55": 1.12,
            "56": 10.86,
            "57": -9.97,
            "58": -8.17,
            "59": -5.71
        },
        "10": {
            "0": 7.31,
            "1": 11.89,
            "2": 6.3,
            "3": 9.15,
            "4": 11.38,
            "5": 1.53,
            "6": -1.7,
            "7": -2.69,
            "8": -10.89,
            "9": -8.83,
            "11": -7.32,
            "12": -6.21,
            "13": 3.37,
            "14": 1.17,
            "15": 0.59,
            "16": 10.91,
            "17": 6.41,
            "18": 1.6,
            "19": -1.67,
            "20": 3.47,
            "21": -5.76,
            "22": -9.95,
            "23": -8.11,
            "24": -11.41,
            "25": -4.84,
            "26": 5.38,
            "27": 9.01,
            "28": -7.87,
            "29": -11.99,
            "30": 2.48,
            "31": 7.29,
            "32": -6.08,
            "33": 0.07,
            "34": -8.27,
            "35": -4.72,
            "36": -10.65,
            "37": 4.81,
            "38": 4.18,
            "39": 11.52,
            "40": -5.21,
            "41": 3.31,
            "42": 1.72,
            "43": -8.59,
            "44": 8.77,
            "45": 3.8,
            "46": -6.55,
            "47": 6.39,
            "48": 2.49,
            "49": -8.3,
            "50": -1.74,
            "51": -5.51,
            "52": -11.88,
            "53": -8.28,
            "54": 9.92,
            "55": 1.33,
            "56": -7.59,
            "57": -7.55,
            "58": -7.06,
            "59": 11.72
        },
        "11": {
            "0": -8.05,
            "1": 6.88,
            "2": -10.46,
            "3": 6.45,
            "4": 3.28,
            "5": -4.98,
            "6": 9.51,
            "7": -10.97,
            "8": -8.99,
            "9": 10.11,
            "10": -7.32,
            "12": 4.22,
            "13": 11.64,
            "14": 8.51,
            "15": -11.73,
            "16": -11.93,
            "17": 8.48,
            "18": -5.38,
            "19": 2.78,
            "20": 0.37,
            "21": 9.22,
            "22": 3.03,
            "23": -6.06,
            "24": 6.39,
            "25": -1.51,
            "26": 5.63,
            "27": -1.32,
            "28": 4.36,
            "29": 5.98,
            "30": -0.57,
            "31": 3.08,
            "32": 4.21,
            "33": -0.61,
            "34": 6.12,
            "35": -11.49,
            "36": 6.73,
            "37": 3.99,
            "38": 7.63,
            "39": -9.15,
            "40": 11.57,
            "41": -1.72,
            "42": -3.14,
            "43": 4.47,
            "44": -5.69,
            "45": 10.01,
            "46": -3.82,
            "47": 0.88,
            "48": 6.22,
            "49": -2.92,
            "50": -3.44,
            "51": 1.52,
            "52": 1.8,
            "53": 5.99,
            "54": -9.88,
            "55": -1.15,
            "56": -10.79,
            "57": -11.34,
            "58": 8.42,
            "59": -9.98
        },
        "12": {
            "0": -4.11,
            "1": 5.25,
            "2": 9.11,
            "3": 9.32,
            "4": -8.21,
            "5": -5.19,
            "6": 9.32,
            "7": -1.36,
            "8": -0.41,
            "9": 3.1,
            "10": -6.21,
            "11": 4.22,
            "13": 9.78,
            "14": 9.53,
            "15": -0.62,
            "16": 5.71,
            "17": 9.15,
            "18": -10.74,
            "19": -8.51,
            "20": -10.72,
            "21": 3.78,
            "22": -3.26,
            "23": -11.37,
            "24": 8.14,
            "25": -5.4,
            "26": 1.23,
            "27": -10.53,
            "28": 3.15,
            "29": 9.82,
            "30": 10.96,
            "31": 2.61,
            "32": 6.31,
            "33": -10.44,
            "34": -6.68,
            "35": 1.14,
            "36": -5.94,
            "37": -2.39,
            "38": -9.96,
            "39": 3.79,
            "40": 2.53,
            "41": 7.6,
            "42": -7.6,
            "43": -4.9,
            "44": 7.3,
            "45": -6.39,
            "46": 4.89,
            "47": 3.86,
            "48": 7.83,
            "49": -0.08,
            "50": 11.99,
            "51": 0.2,
            "52": 3.23,
            "53": -5.84,
            "54": -1.07,
            "55": 9.88,
            "56": -1.93,
            "57": 10.82,
            "58": 9.01,
            "59": -9.03
        },
        "13": {
            "0": -2.41,
            "1": -8.32,
            "2": 9.55,
            "3": 11.51,
            "4": -2.39,
            "5": 10.04,
            "6": -4.94,
            "7": -4.32,
            "8": 3.88,
            "9": 5.52,
            "10": 3.37,
            "11": 11.64,
            "12": 9.78,
            "14": 9.94,
            "15": 4.64,
            "16": -5.28,
            "17": -0.68,
            "18": -0.77,
            "19": -4.81,
            "20": 4.52,
            "21": 4.87,
            "22": 7.52,
            "23": 2.29,
            "24": 2.79,
            "25": -8.07,
            "26": -9.97,
            "27": -6.1,
            "28": 11.91,
            "29": 1.97,
            "30": -9.82,
            "31": 1.39,
            "32": -2.04,
            "33": -6.38,
            "34": 1.55,
            "35": -3.81,
            "36": 3.03,
            "37": -2.8,
            "38": 6.41,
            "39": 10.44,
            "40": 9.95,
            "41": 8.17,
            "42": 3.81,
            "43": 10.44,
            "44": -1.56,
            "45": -5.85,
            "46": -2.47,
            "47": -11.09,
            "48": 0.08,
            "49": 1.75,
            "50": 10.38,
            "51": 11.97,
            "52": 7.0,
            "53": -11.25,
            "54": 9.0,
            "55": -9.03,
            "56": 4.91,
            "57": -9.24,
            "58": 0.73,
            "59": 4.52
        },
        "14": {
            "0": -8.22,
            "1": -5.93,
            "2": 9.46,
            "3": -3.62,
            "4": -7.54,
            "5": -7.98,
            "6": -0.42,
            "7": 11.73,
            "8": -11.53,
            "9": -2.49,
            "10": 1.17,
            "11": 8.51,
            "12": 9.53,
            "13": 9.94,
            "15": 8.95,
            "16": 2.82,
            "17": -6.82,
            "18": -0.18,
            "19": -10.1,
            "20": -2.16,
            "21": 11.92,
            "22": -7.56,
            "23": -6.08,
            "24": 9.15,
            "25": 1.61,
            "26": -10.81,
            "27": -6.4,
            "28": -3.12,
            "29": 8.28,
            "30": -6.68,
            "31": 1.09,
            "32": 2.68,
            "33": -2.66,
            "34": 5.81,
            "35": -9.63,
            "36": 8.98,
            "37": -1.07,
            "38": 4.85,
            "39": 2.24,
            "40": -5.67,
            "41": -0.88,
            "42": -0.39,
            "43": -6.82,
            "44": -5.49,
            "45": -8.01,
            "46": -8.08,
            "47": -2.79,
            "48": -6.0,
            "49": -5.78,
            "50": 6.01,
            "51": 3.53,
            "52": 1.66,
            "53": -6.36,
            "54": 0.34,
            "55": -0.53,
            "56": 5.25,
            "57": -0.43,
            "58": -7.39,
            "59": -2.0
        },
        "15": {
            "0": 5.5,
            "1": 8.64,
            "2": 0.67,
            "3": -3.22,
            "4": 7.28,
            "5": 2.19,
            "6": -0.93,
            "7": 5.74,
            "8": 4.16,
            "9": -1.25,
            "10": 0.59,
            "11": -11.73,
            "12": -0.62,
            "13": 4.64,
            "14": 8.95,
            "16": -1.33,
            "17": -1.89,
            "18": -6.04,
            "19": 2.87,
            "20": 8.93,
            "21": -9.76,
            "22": 8.78,
            "23": 9.07,
            "24": 11.54,
            "25": -6.63,
            "26": -5.11,
            "27": -6.27,
            "28": -6.0,
            "29": -1.69,
            "30": 4.86,
            "31": -0.83,
            "32": -4.83,
            "33": 2.51,
            "34": -7.05,
            "35": -7.26,
            "36": -8.88,
            "37": -8.15,
            "38": -7.2,
            "39": -3.21,
            "40": -5.22,
            "41": 8.77,
            "42": 2.86,
            "43": -11.95,
            "44": 5.52,
            "45": 7.62,
            "46": -8.51,
            "47": -11.09,
            "48": -9.98,
            "49": -1.69,
            "50": 1.52,
            "51": 3.72,
            "52": -4.71,
            "53": 1.65,
            "54": -6.73,
            "55": 8.03,
            "56": 8.12,
            "57": -4.98,
            "58": 9.55,
            "59": -6.29
        },
        "16": {
            "0": 8.26,
            "1": 11.66,
            "2": 8.7,
            "3": -9.07,
            "4": 10.19,
            "5": -8.49,
            "6": 8.43,
            "7": -5.73,
            "8": -6.76,
            "9": 5.28,
            "10": 10.91,
            "11": -11.93,
            "12": 5.71,
            "13": -5.28,
            "14": 2.82,
            "15": -1.33,
            "17": -5.5,
            "18": 1.41,
            "19": 6.9,
            "20": 1.77,
            "21": 10.5,
            "22": 2.42,
            "23": -2.79,
            "24": 5.08,
            "25": 8.94,
            "26": -3.64,
            "27": -10.38,
            "28": 2.57,
            "29": -5.89,
            "30": -0.14,
            "31": -1.51,
            "32": -4.17,
            "33": 9.53,
            "34": -7.39,
            "35": -7.19,
            "36": 8.14,
            "37": -7.73,
            "38": 3.61,
            "39": -2.23,
            "40": -4.2,
            "41": 6.81,
            "42": 7.83,
            "43": -0.19,
            "44": 2.35,
            "45": -8.15,
            "46": -2.89,
            "47": -2.2,
            "48": -4.7,
            "49": -11.01,
            "50": 10.42,
            "51": 4.13,
            "52": 6.27,
            "53": -5.71,
            "54": 9.75,
            "55": 6.37,
            "56": -6.46,
            "57": -7.19,
            "58": 4.26,
            "59": -5.89
        },
        "17": {
            "0": 11.18,
            "1": -1.68,
            "2": 4.25,
            "3": -7.6,
            "4": 1.97,
            "5": 0.16,
            "6": 11.57,
            "7": -0.73,
            "8": -1.12,
            "9": 2.84,
            "10": 6.41,
            "11": 8.48,
            "12": 9.15,
            "13": -0.68,
            "14": -6.82,
            "15": -1.89,
            "16": -5.5,
            "18": 0.3,
            "19": -10.99,
            "20": 10.69,
            "21": 1.21,
            "22": 3.98,
            "23": -5.54,
            "24": 5.2,
            "25": 10.05,
            "26": 10.69,
            "27": -4.18,
            "28": -0.61,
            "29": -9.35,
            "30": 6.89,
            "31": -9.59,
            "32": -5.7,
            "33": 8.3,
            "34": -9.42,
            "35": -3.25,
            "36": 1.55,
            "37": 0.72,
            "38": -0.45,
            "39": -8.57,
            "40": 1.91,
            "41": -3.31,
            "42": 10.33,
            "43": -0.89,
            "44": 8.58,
            "45": -11.84,
            "46": 5.44,
            "47": -7.53,
            "48": 6.43,
            "49": 10.67,
            "50": -3.62,
            "51": 3.42,
            "52": -7.7,
            "53": -4.83,
            "54": -7.39,
            "55": 5.55,
            "56": -1.28,
            "57": -1.18,
            "58": 6.26,
            "59": -0.66
        },
        "18": {
            "0": 2.79,
            "1": 2.93,
            "2": -3.73,
            "3": -7.33,
            "4": -3.39,
            "5": 3.63,
            "6": -11.16,
            "7": -11.86,
            "8": -4.29,
            "9": 5.18,
            "10": 1.6,
            "11": -5.38,
            "12": -10.74,
            "13": -0.77,
            "14": -0.18,
            "15": -6.04,
            "16": 1.41,
            "17": 0.3,
            "19": 5.2,
            "20": 4.85,
            "21": -8.59,
            "22": 11.87,
            "23": -2.2,
            "24": -8.73,
            "25": 8.79,
            "26": 4.63,
            "27": -4.83,
            "28": -7.2,
            "29": 10.38,
            "30": -4.66,
            "31": 6.51,
            "32": 1.11,
            "33": 7.56,
            "34": -2.08,
            "35": -11.36,
            "36": -9.74,
            "37": 1.59,
            "38": -10.07,
            "39": 6.37,
            "40": 11.54,
            "41": -0.97,
            "42": 0.15,
            "43": -9.13,
            "44": -12.0,
            "45": 2.9,
            "46": 7.53,
            "47": -10.55,
            "48": 10.16,
            "49": -11.65,
            "50": 4.78,
            "51": 10.01,
            "52": 2.74,
            "53": 11.6,
            "54": -10.22,
            "55": -3.82,
            "56": 10.56,
            "57": -5.28,
            "58": 1.31,
            "59": -6.53
        },
        "19": {
            "0": -2.13,
            "1": -3.75,
            "2": -9.96,
            "3": 0.07,
            "4": 0.97,
            "5": 5.0,
            "6": -0.6,
            "7": 1.14,
            "8": 7.54,
            "9": -8.05,
            "10": -1.67,
            "11": 2.78,
            "12": -8.51,
            "13": -4.81,
            "14": -10.1,
            "15": 2.87,
            "16": 6.9,
            "17": -10.99,
            "18": 5.2,
            "20": 1.48,
            "21": -9.93,
            "22": -4.84,
            "23": -11.93,
            "24": 10.44,
            "25": -3.25,
            "26": 8.99,
            "27": 3.71,
            "28": -11.9,
            "29": -6.72,
            "30": 0.06,
            "31": 0.98,
            "32": 8.81,
            "33": -9.85,
            "34": -3.18,
            "35": -5.09,
            "36": 1.7,
            "37": -11.48,
            "38": 10.06,
            "39": 6.69,
            "40": -11.26,
            "41": 6.21,
            "42": 11.44,
            "43": -0.18,
            "44": 8.13,
            "45": -3.26,
            "46": 0.99,
            "47": 6.09,
            "48": 8.47,
            "49": 3.96,
            "50": -5.72,
            "51": 7.98,
            "52": -1.4,
            "53": 10.32,
            "54": 6.55,
            "55": 9.61,
            "56": 5.92,
            "57": -2.31,
            "58": 3.88,
            "59": 7.7
        },
        "20": {
            "0": -4.93,
            "1": -3.88,
            "2": -8.42,
            "3": 0.71,
            "4": 1.98,
            "5": -7.85,
            "6": -1.39,
            "7": -5.98,
            "8": -2.9,
            "9": -5.5,
            "10": 3.47,
            "11": 0.37,
            "12": -10.72,
            "13": 4.52,
            "14": -2.16,
            "15": 8.93,
            "16": 1.77,
            "17": 10.69,
            "18": 4.85,
            "19": 1.48,
            "21": 11.54,
            "22": 0.96,
            "23": -10.77,
            "24": -10.79,
            "25": 0.22,
            "26": -5.38,
            "27": 5.12,
            "28": -8.25,
            "29": 6.31,
            "30": 1.07,
            "31": -8.83,
            "32": 2.12,
            "33": -1.8,
            "34": -10.07,
            "35": 1.82,
            "36": -0.21,
            "37": 1.14,
            "38": 4.39,
            "39": -5.32,
            "40": -2.44,
            "41": 10.26,
            "42": -4.57,
            "43": -11.94,
            "44": 6.57,
            "45": -4.23,
            "46": 4.32,
            "47": 3.67,
            "48": 8.7,
            "49": 0.93,
            "50": -2.88,
            "51": -3.45,
            "52": -0.93,
            "53": 11.47,
            "54": -6.69,
            "55": 8.06,
            "56": -4.32,
            "57": -10.65,
            "58": -0.15,
            "59": -9.02
        },
        "21": {
            "0": -2.65,
            "1": -0.97,
            "2": 6.56,
            "3": 0.3,
            "4": -4.15,
            "5": 6.38,
            "6": 5.39,
            "7": 2.0,
            "8": 8.37,
            "9": 4.45,
            "10": -5.76,
            "11": 9.22,
            "12": 3.78,
            "13": 4.87,
            "14": 11.92,
            "15": -9.76,
            "16": 10.5,
            "17": 1.21,
            "18": -8.59,
            "19": -9.93,
            "20": 11.54,
            "22": 11.51,
            "23": -11.72,
            "24": -0.54,
            "25": -1.99,
            "26": -10.77,
            "27": 3.04,
            "28": 7.12,
            "29": -4.93,
            "30": -3.19,
            "31": -3.18,
            "32": -4.47,
            "33": -11.32,
            "34": -11.02,
            "35": -2.98,
            "36": 7.15,
            "37": 7.26,
            "38": 1.35,
            "39": 11.93,
            "40": -0.19,
            "41": 10.28,
            "42": -3.98,
            "43": -4.99,
            "44": 8.16,
            "45": 7.91,
            "46": 5.09,
            "47": 7.12,
            "48": -7.22,
            "49": -8.65,
            "50": 5.01,
            "51": 4.43,
            "52": -1.16,
            "53": -2.82,
            "54": -3.61,
            "55": 0.49,
            "56": 8.81,
            "57": 7.86,
            "58": -0.24,
            "59": -7.44
        },
        "22": {
            "0": -9.88,
            "1": 1.6,
            "2": -11.24,
            "3": 10.74,
            "4": -9.42,
            "5": 3.82,
            "6": -5.7,
            "7": 0.94,
            "8": 3.98,
            "9": -0.27,
            "10": -9.95,
            "11": 3.03,
            "12": -3.26,
            "13": 7.52,
            "14": -7.56,
            "15": 8.78,
            "16": 2.42,
            "17": 3.98,
            "18": 11.87,
            "19": -4.84,
            "20": 0.96,
            "21": 11.51,
            "23": 2.62,
            "24": 6.12,
            "25": -3.11,
            "26": 10.03,
            "27": -5.05,
            "28": -4.9,
            "29": -1.93,
            "30": -3.18,
            "31": -9.98,
            "32": -1.39,
            "33": -8.65,
            "34": 9.72,
            "35": 0.15,
            "36": 2.91,
            "37": 9.01,
            "38": 0.75,
            "39": 2.16,
            "40": 11.08,
            "41": -2.69,
            "42": 3.58,
            "43": 10.36,
            "44": -6.9,
            "45": 0.9,
            "46": -2.73,
            "47": 6.25,
            "48": 4.19,
            "49": -11.18,
            "50": 0.81,
            "51": -6.77,
            "52": 2.72,
            "53": -8.73,
            "54": 5.08,
            "55": 5.0,
            "56": 2.03,
            "57": -3.62,
            "58": 8.21,
            "59": 11.44
        },
        "23": {
            "0": -6.66,
            "1": -10.28,
            "2": -9.17,
            "3": 1.66,
            "4": -11.35,
            "5": 5.71,
            "6": -6.78,
            "7": -1.22,
            "8": 2.83,
            "9": 9.92,
            "10": -8.11,
            "11": -6.06,
            "12": -11.37,
            "13": 2.29,
            "14": -6.08,
            "15": 9.07,
            "16": -2.79,
            "17": -5.54,
            "18": -2.2,
            "19": -11.93,
            "20": -10.77,
            "21": -11.72,
            "22": 2.62,
            "24": 3.86,
            "25": 8.45,
            "26": -2.33,
            "27": -8.08,
            "28": 4.75,
            "29": 8.12,
            "30": -11.48,
            "31": 4.68,
            "32": -2.31,
            "33": -5.55,
            "34": -11.39,
            "35": 5.66,
            "36": -4.92,
            "37": -9.0,
            "38": 6.06,
            "39": -9.38,
            "40": 11.46,
            "41": -8.12,
            "42": -4.75,
            "43": 5.87,
            "44": 4.82,
            "45": 0.78,
            "46": 7.93,
            "47": 3.79,
            "48": 4.59,
            "49": 7.39,
            "50": 0.54,
            "51": 11.49,
            "52": -10.59,
            "53": 10.5,
            "54": -10.12,
            "55": -0.78,
            "56": -4.34,
            "57": -7.83,
            "58": -1.01,
            "59": -8.58
        },
        "24": {
            "0": 2.12,
            "1": 3.37,
            "2": 0.3,
            "3": -3.07,
            "4": 0.87,
            "5": -0.55,
            "6": 7.87,
            "7": 9.81,
            "8": -8.61,
            "9": -8.42,
            "10": -11.41,
            "11": 6.39,
            "12": 8.14,
            "13": 2.79,
            "14": 9.15,
            "15": 11.54,
            "16": 5.08,
            "17": 5.2,
            "18": -8.73,
            "19": 10.44,
            "20": -10.79,
            "21": -0.54,
            "22": 6.12,
            "23": 3.86,
            "25": 8.6,
            "26": 5.54,
            "27": -0.81,
            "28": -2.64,
            "29": 11.84,
            "30": 3.85,
            "31": -0.73,
            "32": 2.58,
            "33": 9.25,
            "34": -5.87,
            "35": -10.67,
            "36": -4.54,
            "37": 4.9,
            "38": 1.39,
            "39": -3.66,
            "40": 0.05,
            "41": 4.61,
            "42": -9.38,
            "43": -6.74,
            "44": -2.07,
            "45": 10.64,
            "46": 5.99,
            "47": -8.16,
            "48": 2.59,
            "49": -0.38,
            "50": -7.53,
            "51": 3.31,
            "52": -11.21,
            "53": 0.35,
            "54": -7.0,
            "55": -11.45,
            "56": -7.67,
            "57": 9.77,
            "58": 8.78,
            "59": 9.35
        },
        "25": {
            "0": -2.65,
            "1": 11.12,
            "2": 3.28,
            "3": 9.75,
            "4": -1.57,
            "5": 9.54,
            "6": -4.82,
            "7": -2.17,
            "8": -9.13,
            "9": 2.54,
            "10": -4.84,
            "11": -1.51,
            "12": -5.4,
            "13": -8.07,
            "14": 1.61,
            "15": -6.63,
            "16": 8.94,
            "17": 10.05,
            "18": 8.79,
            "19": -3.25,
            "20": 0.22,
            "21": -1.99,
            "22": -3.11,
            "23": 8.45,
            "24": 8.6,
            "26": -11.84,
            "27": -8.28,
            "28": 8.51,
            "29": 2.06,
            "30": 10.67,
            "31": 10.62,
            "32": -0.57,
            "33": -6.66,
            "34": -0.94,
            "35": 0.47,
            "36": 1.25,
            "37": 11.37,
            "38": -3.34,
            "39": 11.75,
            "40": -7.61,
            "41": -11.21,
            "42": -5.0,
            "43": 6.05,
            "44": 6.36,
            "45": 8.04,
            "46": 7.81,
            "47": -0.57,
            "48": -8.04,
            "49": 3.21,
            "50": 10.87,
            "51": -10.5,
            "52": 8.93,
            "53": 7.3,
            "54": -3.91,
            "55": 4.6,
            "56": -8.69,
            "57": -8.7,
            "58": -5.3,
            "59": 5.42
        },
        "26": {
            "0": 1.4,
            "1": -2.15,
            "2": -3.61,
            "3": 3.98,
            "4": -9.63,
            "5": 2.5,
            "6": -6.35,
            "7": 3.34,
            "8": 4.25,
            "9": -11.9,
            "10": 5.38,
            "11": 5.63,
            "12": 1.23,
            "13": -9.97,
            "14": -10.81,
            "15": -5.11,
            "16": -3.64,
            "17": 10.69,
            "18": 4.63,
            "19": 8.99,
            "20": -5.38,
            "21": -10.77,
            "22": 10.03,
            "23": -2.33,
            "24": 5.54,
            "25": -11.84,
            "27": 1.61,
            "28": -9.98,
            "29": 0.64,
            "30": -4.66,
            "31": 0.92,
            "32": 9.03,
            "33": 9.26,
            "34": -2.15,
            "35": 10.7,
            "36": 3.34,
            "37": 3.79,
            "38": 11.11,
            "39": -5.62,
            "40": 7.94,
            "41": 3.36,
            "42": -1.27,
            "43": -3.84,
            "44": -8.61,
            "45": -1.48,
            "46": -7.09,
            "47": -3.5,
            "48": 8.65,
            "49": -3.06,
            "50": -9.54,
            "51": 9.19,
            "52": -7.99,
            "53": -3.77,
            "54": 4.13,
            "55": 0.59,
            "56": -2.11,
            "57": 3.98,
            "58": -6.31,
            "59": 5.08
        },
        "27": {
            "0": -0.27,
            "1": -11.31,
            "2": -10.65,
            "3": -10.7,
            "4": 7.09,
            "5": -9.76,
            "6": -2.55,
            "7": -1.79,
            "8": -2.3,
            "9": 11.72,
            "10": 9.01,
            "11": -1.32,
            "12": -10.53,
            "13": -6.1,
            "14": -6.4,
            "15": -6.27,
            "16": -10.38,
            "17": -4.18,
            "18": -4.83,
            "19": 3.71,
            "20": 5.12,
            "21": 3.04,
            "22": -5.05,
            "23": -8.08,
            "24": -0.81,
            "25": -8.28,
            "26": 1.61,
            "28": -10.62,
            "29": -3.72,
            "30": -4.68,
            "31": -10.82,
            "32": -6.37,
            "33": 7.13,
            "34": 11.1,
            "35": -6.92,
            "36": 0.66,
            "37": 0.49,
            "38": 11.13,
            "39": -10.72,
            "40": 10.63,
            "41": 0.83,
            "42": 8.92,
            "43": -8.93,
            "44": -0.6,
            "45": -7.47,
            "46": -9.15,
            "47": -8.7,
            "48": -0.71,
            "49": 0.87,
            "50": -4.86,
            "51": 10.29,
            "52": 9.29,
            "53": -11.0,
            "54": 9.22,
            "55": -4.06,
            "56": -11.93,
            "57": -7.69,
            "58": 0.27,
            "59": 3.58
        },
        "28": {
            "0": 0.08,
            "1": 6.37,
            "2": 4.78,
            "3": -2.21,
            "4": -7.41,
            "5": 5.99,
            "6": -10.03,
            "7": -7.97,
            "8": -8.16,
            "9": 1.25,
            "10": -7.87,
            "11": 4.36,
            "12": 3.15,
            "13": 11.91,
            "14": -3.12,
            "15": -6.0,
            "16": 2.57,
            "17": -0.61,
            "18": -7.2,
            "19": -11.9,
            "20": -8.25,
            "21": 7.12,
            "22": -4.9,
            "23": 4.75,
            "24": -2.64,
            "25": 8.51,
            "26": -9.98,
            "27": -10.62,
            "29": -9.5,
            "30": -0.6,
            "31": 9.86,
            "32": -1.89,
            "33": 2.91,
            "34": -9.4,
            "35": 1.24,
            "36": -4.4,
            "37": 3.53,
            "38": -4.29,
            "39": -8.68,
            "40": 5.59,
            "41": -11.58,
            "42": 6.7,
            "43": -4.98,
            "44": 7.6,
            "45": 0.93,
            "46": -3.23,
            "47": 7.06,
            "48": -10.56,
            "49": 1.85,
            "50": 6.98,
            "51": 9.48,
            "52": -7.56,
            "53": 1.97,
            "54": 8.01,
            "55": 7.56,
            "56": 7.47,
            "57": 10.94,
            "58": -7.97,
            "59": 4.43
        },
        "29": {
            "0": 8.18,
            "1": 10.76,
            "2": 11.66,
            "3": -4.96,
            "4": 8.06,
            "5": -4.82,
            "6": -11.29,
            "7": 8.05,
            "8": -4.3,
            "9": 11.04,
            "10": -11.99,
            "11": 5.98,
            "12": 9.82,
            "13": 1.97,
            "14": 8.28,
            "15": -1.69,
            "16": -5.89,
            "17": -9.35,
            "18": 10.38,
            "19": -6.72,
            "20": 6.31,
            "21": -4.93,
            "22": -1.93,
            "23": 8.12,
            "24": 11.84,
            "25": 2.06,
            "26": 0.64,
            "27": -3.72,
            "28": -9.5,
            "30": 2.69,
            "31": -10.98,
            "32": -1.81,
            "33": 4.05,
            "34": 0.56,
            "35": 1.02,
            "36": -2.7,
            "37": -10.31,
            "38": 11.28,
            "39": -0.39,
            "40": 7.01,
            "41": 6.4,
            "42": 4.41,
            "43": 2.22,
            "44": -8.57,
            "45": -3.51,
            "46": 5.44,
            "47": 0.32,
            "48": 1.93,
            "49": -2.78,
            "50": 1.74,
            "51": 0.23,
            "52": 2.76,
            "53": -11.02,
            "54": -3.28,
            "55": 9.98,
            "56": -2.76,
            "57": -7.63,
            "58": 5.99,
            "59": 1.53
        },
        "30": {
            "0": -0.54,
            "1": -6.17,
            "2": 2.1,
            "3": 3.22,
            "4": -0.4,
            "5": 3.12,
            "6": 11.72,
            "7": 3.76,
            "8": 11.73,
            "9": -9.3,
            "10": 2.48,
            "11": -0.57,
            "12": 10.96,
            "13": -9.82,
            "14": -6.68,
            "15": 4.86,
            "16": -0.14,
            "17": 6.89,
            "18": -4.66,
            "19": 0.06,
            "20": 1.07,
            "21": -3.19,
            "22": -3.18,
            "23": -11.48,
            "24": 3.85,
            "25": 10.67,
            "26": -4.66,
            "27": -4.68,
            "28": -0.6,
            "29": 2.69,
            "31": -0.4,
            "32": 9.87,
            "33": -3.77,
            "34": 7.45,
            "35": -3.94,
            "36": -6.16,
            "37": 6.84,
            "38": 8.81,
            "39": -8.26,
            "40": -0.64,
            "41": -1.81,
            "42": -7.02,
            "43": -0.13,
            "44": 1.81,
            "45": 9.56,
            "46": 7.92,
            "47": -6.54,
            "48": 1.17,
            "49": 4.1,
            "50": -8.16,
            "51": -1.97,
            "52": 0.16,
            "53": -3.26,
            "54": 10.72,
            "55": -6.9,
            "56": -11.22,
            "57": 2.17,
            "58": 4.55,
            "59": 11.2
        },
        "31": {
            "0": 5.7,
            "1": 7.36,
            "2": 6.54,
            "3": -11.98,
            "4": 0.79,
            "5": -0.09,
            "6": -8.26,
            "7": 3.55,
            "8": -1.93,
            "9": 11.49,
            "10": 7.29,
            "11": 3.08,
            "12": 2.61,
            "13": 1.39,
            "14": 1.09,
            "15": -0.83,
            "16": -1.51,
            "17": -9.59,
            "18": 6.51,
            "19": 0.98,
            "20": -8.83,
            "21": -3.18,
            "22": -9.98,
            "23": 4.68,
            "24": -0.73,
            "25": 10.62,
            "26": 0.92,
            "27": -10.82,
            "28": 9.86,
            "29": -10.98,
            "30": -0.4,
            "32": -0.36,
            "33": 2.71,
            "34": -4.01,
            "35": -9.07,
            "36": 4.49,
            "37": -7.14,
            "38": -4.14,
            "39": 10.16,
            "40": 8.44,
            "41": -5.74,
            "42": 5.84,
            "43": -11.93,
            "44": 10.6,
            "45": -1.26,
            "46": -9.27,
            "47": -9.1,
            "48": 4.32,
            "49": 5.66,
            "50": -11.06,
            "51": -10.29,
            "52": -0.08,
            "53": 3.17,
            "54": -2.84,
            "55": -7.51,
            "56": 10.0,
            "57": -0.82,
            "58": -4.79,
            "59": -9.17
        },
        "32": {
            "0": -9.47,
            "1": -10.0,
            "2": -9.54,
            "3": 1.25,
            "4": -2.08,
            "5": -0.57,
            "6": -10.91,
            "7": 0.98,
            "8": 11.06,
            "9": -10.41,
            "10": -6.08,
            "11": 4.21,
            "12": 6.31,
            "13": -2.04,
            "14": 2.68,
            "15": -4.83,
            "16": -4.17,
            "17": -5.7,
            "18": 1.11,
            "19": 8.81,
            "20": 2.12,
            "21": -4.47,
            "22": -1.39,
            "23": -2.31,
            "24": 2.58,
            "25": -0.57,
            "26": 9.03,
            "27": -6.37,
            "28": -1.89,
            "29": -1.81,
            "30": 9.87,
            "31": -0.36,
            "33": -5.47,
            "34": -5.8,
            "35": -0.94,
            "36": -0.74,
            "37": 1.07,
            "38": -3.29,
            "39": 2.54,
            "40": -0.76,
            "41": -11.31,
            "42": -1.49,
            "43": -7.37,
            "44": 8.77,
            "45": 10.55,
            "46": -7.26,
            "47": 4.17,
            "48": 4.05,
            "49": -7.79,
            "50": 10.67,
            "51": -10.99,
            "52": 4.53,
            "53": 2.12,
            "54": 3.43,
            "55": 7.48,
            "56": 10.3,
            "57": 8.12,
            "58": 3.78,
            "59": -11.56
        },
        "33": {
            "0": 4.72,
            "1": 11.48,
            "2": 3.61,
            "3": 3.23,
            "4": -2.95,
            "5": 10.84,
            "6": -5.8,
            "7": -8.65,
            "8": -5.57,
            "9": -9.41,
            "10": 0.07,
            "11": -0.61,
            "12": -10.44,
            "13": -6.38,
            "14": -2.66,
            "15": 2.51,
            "16": 9.53,
            "17": 8.3,
            "18": 7.56,
            "19": -9.85,
            "20": -1.8,
            "21": -11.32,
            "22": -8.65,
            "23": -5.55,
            "24": 9.25,
            "25": -6.66,
            "26": 9.26,
            "27": 7.13,
            "28": 2.91,
            "29": 4.05,
            "30": -3.77,
            "31": 2.71,
            "32": -5.47,
            "34": 2.46,
            "35": 1.73,
            "36": -3.35,
            "37": -10.51,
            "38": -9.65,
            "39": -2.36,
            "40": -10.05,
            "41": -5.93,
            "42": -8.69,
            "43": 2.17,
            "44": 2.45,
            "45": 11.4,
            "46": 0.02,
            "47": -1.98,
            "48": -0.39,
            "49": -1.98,
            "50": -8.84,
            "51": 4.13,
            "52": 11.79,
            "53": -9.98,
            "54": 1.24,
            "55": -4.0,
            "56": -10.37,
            "57": 9.06,
            "58": -2.05,
            "59": 4.44
        },
        "34": {
            "0": -9.16,
            "1": 2.16,
            "2": 3.12,
            "3": -10.29,
            "4": 10.4,
            "5": -6.86,
            "6": -10.11,
            "7": -0.35,
            "8": 11.59,
            "9": 8.73,
            "10": -8.27,
            "11": 6.12,
            "12": -6.68,
            "13": 1.55,
            "14": 5.81,
            "15": -7.05,
            "16": -7.39,
            "17": -9.42,
            "18": -2.08,
            "19": -3.18,
            "20": -10.07,
            "21": -11.02,
            "22": 9.72,
            "23": -11.39,
            "24": -5.87,
            "25": -0.94,
            "26": -2.15,
            "27": 11.1,
            "28": -9.4,
            "29": 0.56,
            "30": 7.45,
            "31": -4.01,
            "32": -5.8,
            "33": 2.46,
            "35": 1.0,
            "36": -7.25,
            "37": -11.36,
            "38": -6.91,
            "39": 0.73,
            "40": -10.5,
            "41": 3.0,
            "42": 9.37,
            "43": -1.4,
            "44": -7.02,
            "45": -11.16,
            "46": -5.45,
            "47": 1.53,
            "48": 6.77,
            "49": -0.34,
            "50": -8.95,
            "51": -9.96,
            "52": 4.08,
            "53": -6.93,
            "54": -11.14,
            "55": 11.61,
            "56": 2.09,
            "57": 0.32,
            "58": -9.36,
            "59": -2.32
        },
        "35": {
            "0": 6.26,
            "1": -1.13,
            "2": 11.0,
            "3": -0.32,
            "4": -10.14,
            "5": -0.91,
            "6": 2.38,
            "7": 3.8,
            "8": 1.23,
            "9": -0.91,
            "10": -4.72,
            "11": -11.49,
            "12": 1.14,
            "13": -3.81,
            "14": -9.63,
            "15": -7.26,
            "16": -7.19,
            "17": -3.25,
            "18": -11.36,
            "19": -5.09,
            "20": 1.82,
            "21": -2.98,
            "22": 0.15,
            "23": 5.66,
            "24": -10.67,
            "25": 0.47,
            "26": 10.7,
            "27": -6.92,
            "28": 1.24,
            "29": 1.02,
            "30": -3.94,
            "31": -9.07,
            "32": -0.94,
            "33": 1.73,
            "34": 1.0,
            "36": -10.25,
            "37": -6.01,
            "38": 2.04,
            "39": 2.42,
            "40": 7.46,
            "41": -9.6,
            "42": -7.25,
            "43": 7.79,
            "44": 11.61,
            "45": 2.38,
            "46": -4.26,
            "47": 4.29,
            "48": 8.84,
            "49": 8.82,
            "50": -6.16,
            "51": 0.49,
            "52": 4.05,
            "53": -9.74,
            "54": -0.06,
            "55": -8.21,
            "56": 11.95,
            "57": 10.24,
            "58": 0.19,
            "59": 4.54
        },
        "36": {
            "0": -5.0,
            "1": -6.67,
            "2": 5.68,
            "3": -0.31,
            "4": -9.71,
            "5": 9.68,
            "6": 5.66,
            "7": 0.59,
            "8": 1.66,
            "9": -4.82,
            "10": -10.65,
            "11": 6.73,
            "12": -5.94,
            "13": 3.03,
            "14": 8.98,
            "15": -8.88,
            "16": 8.14,
            "17": 1.55,
            "18": -9.74,
            "19": 1.7,
            "20": -0.21,
            "21": 7.15,
            "22": 2.91,
            "23": -4.92,
            "24": -4.54,
            "25": 1.25,
            "26": 3.34,
            "27": 0.66,
            "28": -4.4,
            "29": -2.7,
            "30": -6.16,
            "31": 4.49,
            "32": -0.74,
            "33": -3.35,
            "34": -7.25,
            "35": -10.25,
            "37": -6.74,
            "38": -8.86,
            "39": -3.59,
            "40": 11.03,
            "41": 7.93,
            "42": -10.38,
            "43": 11.35,
            "44": -11.02,
            "45": -0.98,
            "46": -6.83,
            "47": 6.42,
            "48": -1.71,
            "49": -0.73,
            "50": -8.73,
            "51": 4.03,
            "52": -2.96,
            "53": -0.65,
            "54": 8.91,
            "55": 7.54,
            "56": 2.45,
            "57": 5.44,
            "58": -2.58,
            "59": 4.95
        },
        "37": {
            "0": -9.1,
            "1": 7.17,
            "2": 9.49,
            "3": 4.3,
            "4": -6.63,
            "5": 11.53,
            "6": 4.91,
            "7": -9.38,
            "8": -7.56,
            "9": -0.91,
            "10": 4.81,
            "11": 3.99,
            "12": -2.39,
            "13": -2.8,
            "14": -1.07,
            "15": -8.15,
            "16": -7.73,
            "17": 0.72,
            "18": 1.59,
            "19": -11.48,
            "20": 1.14,
            "21": 7.26,
            "22": 9.01,
            "23": -9.0,
            "24": 4.9,
            "25": 11.37,
            "26": 3.79,
            "27": 0.49,
            "28": 3.53,
            "29": -10.31,
            "30": 6.84,
            "31": -7.14,
            "32": 1.07,
            "33": -10.51,
            "34": -11.36,
            "35": -6.01,
            "36": -6.74,
            "38": -10.86,
            "39": 7.65,
            "40": -8.57,
            "41": -3.88,
            "42": -9.01,
            "43": -3.01,
            "44": -5.05,
            "45": -2.55,
            "46": 6.9,
            "47": 0.39,
            "48": -7.05,
            "49": -3.51,
            "50": -2.83,
            "51": 9.88,
            "52": -10.6,
            "53": 11.53,
            "54": 6.39,
            "55": 0.63,
            "56": -5.47,
            "57": 4.81,
            "58": 11.2,
            "59": -5.03
        },
        "38": {
            "0": -4.02,
            "1": 2.62,
            "2": -2.31,
            "3": 0.61,
            "4": -8.41,
            "5": 6.36,
            "6": 5.28,
            "7": -9.87,
            "8": 10.08,
            "9": 2.59,
            "10": 4.18,
            "11": 7.63,
            "12": -9.96,
            "13": 6.41,
            "14": 4.85,
            "15": -7.2,
            "16": 3.61,
            "17": -0.45,
            "18": -10.07,
            "19": 10.06,
            "20": 4.39,
            "21": 1.35,
            "22": 0.75,
            "23": 6.06,
            "24": 1.39,
            "25": -3.34,
            "26": 11.11,
            "27": 11.13,
            "28": -4.29,
            "29": 11.28,
            "30": 8.81,
            "31": -4.14,
            "32": -3.29,
            "33": -9.65,
            "34": -6.91,
            "35": 2.04,
            "36": -8.86,
            "37": -10.86,
            "39": 0.51,
            "40": 5.39,
            "41": 10.63,
            "42": 0.04,
            "43": -2.63,
            "44": 5.34,
            "45": 0.87,
            "46": 11.18,
            "47": 0.55,
            "48": 5.93,
            "49": 8.95,
            "50": 4.43,
            "51": 8.96,
            "52": 9.3,
            "53": -6.88,
            "54": 3.06,
            "55": -4.89,
            "56": 10.21,
            "57": -5.12,
            "58": -4.1,
            "59": 0.27
        },
        "39": {
            "0": 8.49,
            "1": 5.19,
            "2": 9.74,
            "3": 5.92,
            "4": -8.3,
            "5": -0.93,
            "6": 11.53,
            "7": 4.21,
            "8": 7.6,
            "9": 11.75,
            "10": 11.52,
            "11": -9.15,
            "12": 3.79,
            "13": 10.44,
            "14": 2.24,
            "15": -3.21,
            "16": -2.23,
            "17": -8.57,
            "18": 6.37,
            "19": 6.69,
            "20": -5.32,
            "21": 11.93,
            "22": 2.16,
            "23": -9.38,
            "24": -3.66,
            "25": 11.75,
            "26": -5.62,
            "27": -10.72,
            "28": -8.68,
            "29": -0.39,
            "30": -8.26,
            "31": 10.16,
            "32": 2.54,
            "33": -2.36,
            "34": 0.73,
            "35": 2.42,
            "36": -3.59,
            "37": 7.65,
            "38": 0.51,
            "40": 3.31,
            "41": 10.48,
            "42": -7.68,
            "43": 6.98,
            "44": -9.29,
            "45": -3.53,
            "46": 11.18,
            "47": 0.0,
            "48": 2.92,
            "49": 6.12,
            "50": -10.69,
            "51": -1.64,
            "52": -10.12,
            "53": -4.17,
            "54": -5.27,
            "55": -9.81,
            "56": -9.28,
            "57": 0.29,
            "58": -5.55,
            "59": 5.19
        },
        "40": {
            "0": -3.16,
            "1": 3.98,
            "2": -8.72,
            "3": 8.96,
            "4": -2.22,
            "5": 3.38,
            "6": 8.31,
            "7": 0.72,
            "8": -11.86,
            "9": -3.0,
            "10": -5.21,
            "11": 11.57,
            "12": 2.53,
            "13": 9.95,
            "14": -5.67,
            "15": -5.22,
            "16": -4.2,
            "17": 1.91,
            "18": 11.54,
            "19": -11.26,
            "20": -2.44,
            "21": -0.19,
            "22": 11.08,
            "23": 11.46,
            "24": 0.05,
            "25": -7.61,
            "26": 7.94,
            "27": 10.63,
            "28": 5.59,
            "29": 7.01,
            "30": -0.64,
            "31": 8.44,
            "32": -0.76,
            "33": -10.05,
            "34": -10.5,
            "35": 7.46,
            "36": 11.03,
            "37": -8.57,
            "38": 5.39,
            "39": 3.31,
            "41": 2.08,
            "42": -4.21,
            "43": 5.1,
            "44": -10.68,
            "45": -0.44,
            "46": -11.4,
            "47": -8.69,
            "48": -11.77,
            "49": 0.79,
            "50": 3.18,
            "51": 11.27,
            "52": -1.28,
            "53": -10.95,
            "54": -10.37,
            "55": 6.76,
            "56": -4.32,
            "57": 10.35,
            "58": -3.85,
            "59": -1.45
        },
        "41": {
            "0": 6.51,
            "1": -11.66,
            "2": -5.01,
            "3": 0.28,
            "4": 8.03,
            "5": -1.34,
            "6": -7.97,
            "7": 11.97,
            "8": 0.38,
            "9": 11.78,
            "10": 3.31,
            "11": -1.72,
            "12": 7.6,
            "13": 8.17,
            "14": -0.88,
            "15": 8.77,
            "16": 6.81,
            "17": -3.31,
            "18": -0.97,
            "19": 6.21,
            "20": 10.26,
            "21": 10.28,
            "22": -2.69,
            "23": -8.12,
            "24": 4.61,
            "25": -11.21,
            "26": 3.36,
            "27": 0.83,
            "28": -11.58,
            "29": 6.4,
            "30": -1.81,
            "31": -5.74,
            "32": -11.31,
            "33": -5.93,
            "34": 3.0,
            "35": -9.6,
            "36": 7.93,
            "37": -3.88,
            "38": 10.63,
            "39": 10.48,
            "40": 2.08,
            "42": 6.69,
            "43": 9.35,
            "44": -6.45,
            "45": -2.63,
            "46": -4.33,
            "47": 4.89,
            "48": -6.51,
            "49": 1.95,
            "50": 8.89,
            "51": 8.44,
            "52": 1.13,
            "53": -3.9,
            "54": 4.48,
            "55": -2.5,
            "56": -10.84,
            "57": -7.47,
            "58": 1.83,
            "59": -9.03
        },
        "42": {
            "0": 2.41,
            "1": -10.79,
            "2": 5.44,
            "3": 7.04,
            "4": 1.91,
            "5": -7.58,
            "6": -3.18,
            "7": -7.58,
            "8": 3.39,
            "9": -5.03,
            "10": 1.72,
            "11": -3.14,
            "12": -7.6,
            "13": 3.81,
            "14": -0.39,
            "15": 2.86,
            "16": 7.83,
            "17": 10.33,
            "18": 0.15,
            "19": 11.44,
            "20": -4.57,
            "21": -3.98,
            "22": 3.58,
            "23": -4.75,
            "24": -9.38,
            "25": -5.0,
            "26": -1.27,
            "27": 8.92,
            "28": 6.7,
            "29": 4.41,
            "30": -7.02,
            "31": 5.84,
            "32": -1.49,
            "33": -8.69,
            "34": 9.37,
            "35": -7.25,
            "36": -10.38,
            "37": -9.01,
            "38": 0.04,
            "39": -7.68,
            "40": -4.21,
            "41": 6.69,
            "43": -11.61,
            "44": -10.62,
            "45": -11.18,
            "46": 5.98,
            "47": -0.44,
            "48": -10.36,
            "49": 11.68,
            "50": -9.62,
            "51": -8.77,
            "52": -9.27,
            "53": -2.61,
            "54": -5.47,
            "55": -1.98,
            "56": 8.61,
            "57": 3.69,
            "58": 6.16,
            "59": -0.1
        },
        "43": {
            "0": -4.6,
            "1": 6.28,
            "2": -1.76,
            "3": -3.4,
            "4": 11.73,
            "5": -1.44,
            "6": -0.75,
            "7": -2.7,
            "8": -11.29,
            "9": 5.88,
            "10": -8.59,
            "11": 4.47,
            "12": -4.9,
            "13": 10.44,
            "14": -6.82,
            "15": -11.95,
            "16": -0.19,
            "17": -0.89,
            "18": -9.13,
            "19": -0.18,
            "20": -11.94,
            "21": -4.99,
            "22": 10.36,
            "23": 5.87,
            "24": -6.74,
            "25": 6.05,
            "26": -3.84,
            "27": -8.93,
            "28": -4.98,
            "29": 2.22,
            "30": -0.13,
            "31": -11.93,
            "32": -7.37,
            "33": 2.17,
            "34": -1.4,
            "35": 7.79,
            "36": 11.35,
            "37": -3.01,
            "38": -2.63,
            "39": 6.98,
            "40": 5.1,
            "41": 9.35,
            "42": -11.61,
            "44": 6.08,
            "45": 11.91,
            "46": 11.23,
            "47": -7.75,
            "48": 4.7,
            "49": -1.84,
            "50": -8.0,
            "51": 8.35,
            "52": 5.8,
            "53": -2.56,
            "54": 3.13,
            "55": -4.04,
            "56": 7.65,
            "57": 4.0,
            "58": -10.85,
            "59": -5.19
        },
        "44": {
            "0": 2.42,
            "1": -3.86,
            "2": 10.12,
            "3": 11.19,
            "4": 6.78,
            "5": -9.94,
            "6": 7.96,
            "7": -7.94,
            "8": 9.15,
            "9": -9.1,
            "10": 8.77,
            "11": -5.69,
            "12": 7.3,
            "13": -1.56,
            "14": -5.49,
            "15": 5.52,
            "16": 2.35,
            "17": 8.58,
            "18": -12.0,
            "19": 8.13,
            "20": 6.57,
            "21": 8.16,
            "22": -6.9,
            "23": 4.82,
            "24": -2.07,
            "25": 6.36,
            "26": -8.61,
            "27": -0.6,
            "28": 7.6,
            "29": -8.57,
            "30": 1.81,
            "31": 10.6,
            "32": 8.77,
            "33": 2.45,
            "34": -7.02,
            "35": 11.61,
            "36": -11.02,
            "37": -5.05,
            "38": 5.34,
            "39": -9.29,
            "40": -10.68,
            "41": -6.45,
            "42": -10.62,
            "43": 6.08,
            "45": -10.52,
            "46": -4.84,
            "47": -5.61,
            "48": 11.34,
            "49": 5.77,
            "50": -3.15,
            "51": 7.1,
            "52": 2.84,
            "53": 3.81,
            "54": 11.06,
            "55": 7.38,
            "56": -7.07,
            "57": 0.7,
            "58": 1.74,
            "59": 10.28
        },
        "45": {
            "0": 2.76,
            "1": 10.55,
            "2": 9.13,
            "3": 6.2,
            "4": -11.57,
            "5": -5.49,
            "6": -11.85,
            "7": 5.01,
            "8": 1.11,
            "9": -9.46,
            "10": 3.8,
            "11": 10.01,
            "12": -6.39,
            "13": -5.85,
            "14": -8.01,
            "15": 7.62,
            "16": -8.15,
            "17": -11.84,
            "18": 2.9,
            "19": -3.26,
            "20": -4.23,
            "21": 7.91,
            "22": 0.9,
            "23": 0.78,
            "24": 10.64,
            "25": 8.04,
            "26": -1.48,
            "27": -7.47,
            "28": 0.93,
            "29": -3.51,
            "30": 9.56,
            "31": -1.26,
            "32": 10.55,
            "33": 11.4,
            "34": -11.16,
            "35": 2.38,
            "36": -0.98,
            "37": -2.55,
            "38": 0.87,
            "39": -3.53,
            "40": -0.44,
            "41": -2.63,
            "42": -11.18,
            "43": 11.91,
            "44": -10.52,
            "46": -6.04,
            "47": 3.13,
            "48": 9.46,
            "49": -0.8,
            "50": 3.94,
            "51": -7.24,
            "52": -10.13,
            "53": -6.31,
            "54": -9.78,
            "55": -3.76,
            "56": 4.36,
            "57": -0.17,
            "58": 5.42,
            "59": -2.43
        },
        "46": {
            "0": 1.84,
            "1": -8.17,
            "2": -10.0,
            "3": 4.03,
            "4": 11.4,
            "5": -8.0,
            "6": -6.93,
            "7": 6.57,
            "8": -11.58,
            "9": 11.62,
            "10": -6.55,
            "11": -3.82,
            "12": 4.89,
            "13": -2.47,
            "14": -8.08,
            "15": -8.51,
            "16": -2.89,
            "17": 5.44,
            "18": 7.53,
            "19": 0.99,
            "20": 4.32,
            "21": 5.09,
            "22": -2.73,
            "23": 7.93,
            "24": 5.99,
            "25": 7.81,
            "26": -7.09,
            "27": -9.15,
            "28": -3.23,
            "29": 5.44,
            "30": 7.92,
            "31": -9.27,
            "32": -7.26,
            "33": 0.02,
            "34": -5.45,
            "35": -4.26,
            "36": -6.83,
            "37": 6.9,
            "38": 11.18,
            "39": 11.18,
            "40": -11.4,
            "41": -4.33,
            "42": 5.98,
            "43": 11.23,
            "44": -4.84,
            "45": -6.04,
            "47": 2.7,
            "48": 6.14,
            "49": -5.92,
            "50": 4.39,
            "51": -9.87,
            "52": 3.93,
            "53": -1.77,
            "54": 1.39,
            "55": -9.19,
            "56": 11.58,
            "57": 11.42,
            "58": 2.15,
            "59": 1.49
        },
        "47": {
            "0": -1.3,
            "1": -8.48,
            "2": 5.42,
            "3": 4.4,
            "4": -6.17,
            "5": 5.41,
            "6": 11.27,
            "7": 2.91,
            "8": 2.06,
            "9": 6.61,
            "10": 6.39,
            "11": 0.88,
            "12": 3.86,
            "13": -11.09,
            "14": -2.79,
            "15": -11.09,
            "16": -2.2,
            "17": -7.53,
            "18": -10.55,
            "19": 6.09,
            "20": 3.67,
            "21": 7.12,
            "22": 6.25,
            "23": 3.79,
            "24": -8.16,
            "25": -0.57,
            "26": -3.5,
            "27": -8.7,
            "28": 7.06,
            "29": 0.32,
            "30": -6.54,
            "31": -9.1,
            "32": 4.17,
            "33": -1.98,
            "34": 1.53,
            "35": 4.29,
            "36": 6.42,
            "37": 0.39,
            "38": 0.55,
            "39": 0.0,
            "40": -8.69,
            "41": 4.89,
            "42": -0.44,
            "43": -7.75,
            "44": -5.61,
            "45": 3.13,
            "46": 2.7,
            "48": 2.82,
            "49": 8.84,
            "50": 5.48,
            "51": -8.63,
            "52": 11.57,
            "53": -0.59,
            "54": -5.9,
            "55": 0.15,
            "56": 11.91,
            "57": 5.51,
            "58": -0.4,
            "59": 7.48
        },
        "48": {
            "0": -10.07,
            "1": 0.68,
            "2": -11.92,
            "3": 11.5,
            "4": -9.2,
            "5": 3.77,
            "6": -3.8,
            "7": -5.02,
            "8": 11.56,
            "9": 6.38,
            "10": 2.49,
            "11": 6.22,
            "12": 7.83,
            "13": 0.08,
            "14": -6.0,
            "15": -9.98,
            "16": -4.7,
            "17": 6.43,
            "18": 10.16,
            "19": 8.47,
            "20": 8.7,
            "21": -7.22,
            "22": 4.19,
            "23": 4.59,
            "24": 2.59,
            "25": -8.04,
            "26": 8.65,
            "27": -0.71,
            "28": -10.56,
            "29": 1.93,
            "30": 1.17,
            "31": 4.32,
            "32": 4.05,
            "33": -0.39,
            "34": 6.77,
            "35": 8.84,
            "36": -1.71,
            "37": -7.05,
            "38": 5.93,
            "39": 2.92,
            "40": -11.77,
            "41": -6.51,
            "42": -10.36,
            "43": 4.7,
            "44": 11.34,
            "45": 9.46,
            "46": 6.14,
            "47": 2.82,
            "49": 0.25,
            "50": -6.91,
            "51": -4.21,
            "52": -6.4,
            "53": 11.93,
            "54": 5.98,
            "55": 6.9,
            "56": 3.63,
            "57": 7.18,
            "58": 2.8,
            "59": -11.25
        },
        "49": {
            "0": 11.25,
            "1": -1.83,
            "2": 0.84,
            "3": -9.58,
            "4": 10.77,
            "5": 7.1,
            "6": -5.94,
            "7": -0.81,
            "8": -9.64,
            "9": 1.08,
            "10": -8.3,
            "11": -2.92,
            "12": -0.08,
            "13": 1.75,
            "14": -5.78,
            "15": -1.69,
            "16": -11.01,
            "17": 10.67,
            "18": -11.65,
            "19": 3.96,
            "20": 0.93,
            "21": -8.65,
            "22": -11.18,
            "23": 7.39,
            "24": -0.38,
            "25": 3.21,
            "26": -3.06,
            "27": 0.87,
            "28": 1.85,
            "29": -2.78,
            "30": 4.1,
            "31": 5.66,
            "32": -7.79,
            "33": -1.98,
            "34": -0.34,
            "35": 8.82,
            "36": -0.73,
            "37": -3.51,
            "38": 8.95,
            "39": 6.12,
            "40": 0.79,
            "41": 1.95,
            "42": 11.68,
            "43": -1.84,
            "44": 5.77,
            "45": -0.8,
            "46": -5.92,
            "47": 8.84,
            "48": 0.25,
            "50": -2.18,
            "51": -6.47,
            "52": 6.94,
            "53": -0.69,
            "54": 7.65,
            "55": -3.82,
            "56": -3.38,
            "57": 4.55,
            "58": -8.94,
            "59": -0.39
        },
        "50": {
            "0": 11.91,
            "1": 10.85,
            "2": 8.85,
            "3": -1.02,
            "4": 9.21,
            "5": -7.11,
            "6": -6.61,
            "7": 4.89,
            "8": 5.56,
            "9": 5.7,
            "10": -1.74,
            "11": -3.44,
            "12": 11.99,
            "13": 10.38,
            "14": 6.01,
            "15": 1.52,
            "16": 10.42,
            "17": -3.62,
            "18": 4.78,
            "19": -5.72,
            "20": -2.88,
            "21": 5.01,
            "22": 0.81,
            "23": 0.54,
            "24": -7.53,
            "25": 10.87,
            "26": -9.54,
            "27": -4.86,
            "28": 6.98,
            "29": 1.74,
            "30": -8.16,
            "31": -11.06,
            "32": 10.67,
            "33": -8.84,
            "34": -8.95,
            "35": -6.16,
            "36": -8.73,
            "37": -2.83,
            "38": 4.43,
            "39": -10.69,
            "40": 3.18,
            "41": 8.89,
            "42": -9.62,
            "43": -8.0,
            "44": -3.15,
            "45": 3.94,
            "46": 4.39,
            "47": 5.48,
            "48": -6.91,
            "49": -2.18,
            "51": -0.93,
            "52": -6.5,
            "53": 10.28,
            "54": -0.02,
            "55": 11.16,
            "56": 6.89,
            "57": 11.88,
            "58": -5.73,
            "59": -0.13
        },
        "51": {
            "0": -4.93,
            "1": -11.93,
            "2": 9.52,
            "3": 9.49,
            "4": -9.89,
            "5": -0.94,
            "6": -6.59,
            "7": -4.78,
            "8": -9.66,
            "9": 8.2,
            "10": -5.51,
            "11": 1.52,
            "12": 0.2,
            "13": 11.97,
            "14": 3.53,
            "15": 3.72,
            "16": 4.13,
            "17": 3.42,
            "18": 10.01,
            "19": 7.98,
            "20": -3.45,
            "21": 4.43,
            "22": -6.77,
            "23": 11.49,
            "24": 3.31,
            "25": -10.5,
            "26": 9.19,
            "27": 10.29,
            "28": 9.48,
            "29": 0.23,
            "30": -1.97,
            "31": -10.29,
            "32": -10.99,
            "33": 4.13,
            "34": -9.96,
            "35": 0.49,
            "36": 4.03,
            "37": 9.88,
            "38": 8.96,
            "39": -1.64,
            "40": 11.27,
            "41": 8.44,
            "42": -8.77,
            "43": 8.35,
            "44": 7.1,
            "45": -7.24,
            "46": -9.87,
            "47": -8.63,
            "48": -4.21,
            "49": -6.47,
            "50": -0.93,
            "52": 9.97,
            "53": 1.13,
            "54": 11.73,
            "55": 9.54,
            "56": -1.31,
            "57": 5.3,
            "58": 3.19,
            "59": 8.17
        },
        "52": {
            "0": 11.61,
            "1": 7.97,
            "2": 0.46,
            "3": -1.11,
            "4": 7.4,
            "5": -5.7,
            "6": -9.42,
            "7": 7.73,
            "8": -7.38,
            "9": -0.14,
            "10": -11.88,
            "11": 1.8,
            "12": 3.23,
            "13": 7.0,
            "14": 1.66,
            "15": -4.71,
            "16": 6.27,
            "17": -7.7,
            "18": 2.74,
            "19": -1.4,
            "20": -0.93,
            "21": -1.16,
            "22": 2.72,
            "23": -10.59,
            "24": -11.21,
            "25": 8.93,
            "26": -7.99,
            "27": 9.29,
            "28": -7.56,
            "29": 2.76,
            "30": 0.16,
            "31": -0.08,
            "32": 4.53,
            "33": 11.79,
            "34": 4.08,
            "35": 4.05,
            "36": -2.96,
            "37": -10.6,
            "38": 9.3,
            "39": -10.12,
            "40": -1.28,
            "41": 1.13,
            "42": -9.27,
            "43": 5.8,
            "44": 2.84,
            "45": -10.13,
            "46": 3.93,
            "47": 11.57,
            "48": -6.4,
            "49": 6.94,
            "50": -6.5,
            "51": 9.97,
            "53": 9.76,
            "54": -5.11,
            "55": -4.52,
            "56": 1.16,
            "57": -8.91,
            "58": -3.27,
            "59": 11.16
        },
        "53": {
            "0": -4.93,
            "1": -3.8,
            "2": 7.05,
            "3": 8.1,
            "4": -9.9,
            "5": -1.33,
            "6": 1.06,
            "7": 2.07,
            "8": 1.63,
            "9": 10.18,
            "10": -8.28,
            "11": 5.99,
            "12": -5.84,
            "13": -11.25,
            "14": -6.36,
            "15": 1.65,
            "16": -5.71,
            "17": -4.83,
            "18": 11.6,
            "19": 10.32,
            "20": 11.47,
            "21": -2.82,
            "22": -8.73,
            "23": 10.5,
            "24": 0.35,
            "25": 7.3,
            "26": -3.77,
            "27": -11.0,
            "28": 1.97,
            "29": -11.02,
            "30": -3.26,
            "31": 3.17,
            "32": 2.12,
            "33": -9.98,
            "34": -6.93,
            "35": -9.74,
            "36": -0.65,
            "37": 11.53,
            "38": -6.88,
            "39": -4.17,
            "40": -10.95,
            "41": -3.9,
            "42": -2.61,
            "43": -2.56,
            "44": 3.81,
            "45": -6.31,
            "46": -1.77,
            "47": -0.59,
            "48": 11.93,
            "49": -0.69,
            "50": 10.28,
            "51": 1.13,
            "52": 9.76,
            "54": -4.72,
            "55": -11.34,
            "56": -5.94,
            "57": -4.49,
            "58": -10.47,
            "59": -5.12
        },
        "54": {
            "0": 9.53,
            "1": -8.71,
            "2": -4.39,
            "3": 10.92,
            "4": -9.65,
            "5": 11.16,
            "6": -9.2,
            "7": 7.38,
            "8": 4.27,
            "9": -0.94,
            "10": 9.92,
            "11": -9.88,
            "12": -1.07,
            "13": 9.0,
            "14": 0.34,
            "15": -6.73,
            "16": 9.75,
            "17": -7.39,
            "18": -10.22,
            "19": 6.55,
            "20": -6.69,
            "21": -3.61,
            "22": 5.08,
            "23": -10.12,
            "24": -7.0,
            "25": -3.91,
            "26": 4.13,
            "27": 9.22,
            "28": 8.01,
            "29": -3.28,
            "30": 10.72,
            "31": -2.84,
            "32": 3.43,
            "33": 1.24,
            "34": -11.14,
            "35": -0.06,
            "36": 8.91,
            "37": 6.39,
            "38": 3.06,
            "39": -5.27,
            "40": -10.37,
            "41": 4.48,
            "42": -5.47,
            "43": 3.13,
            "44": 11.06,
            "45": -9.78,
            "46": 1.39,
            "47": -5.9,
            "48": 5.98,
            "49": 7.65,
            "50": -0.02,
            "51": 11.73,
            "52": -5.11,
            "53": -4.72,
            "55": -9.5,
            "56": -10.41,
            "57": 8.83,
            "58": 5.11,
            "59": -1.46
        },
        "55": {
            "0": -4.49,
            "1": -7.06,
            "2": 3.14,
            "3": -4.91,
            "4": 6.64,
            "5": -8.67,
            "6": -1.82,
            "7": 7.57,
            "8": -8.73,
            "9": 1.12,
            "10": 1.33,
            "11": -1.15,
            "12": 9.88,
            "13": -9.03,
            "14": -0.53,
            "15": 8.03,
            "16": 6.37,
            "17": 5.55,
            "18": -3.82,
            "19": 9.61,
            "20": 8.06,
            "21": 0.49,
            "22": 5.0,
            "23": -0.78,
            "24": -11.45,
            "25": 4.6,
            "26": 0.59,
            "27": -4.06,
            "28": 7.56,
            "29": 9.98,
            "30": -6.9,
            "31": -7.51,
            "32": 7.48,
            "33": -4.0,
            "34": 11.61,
            "35": -8.21,
            "36": 7.54,
            "37": 0.63,
            "38": -4.89,
            "39": -9.81,
            "40": 6.76,
            "41": -2.5,
            "42": -1.98,
            "43": -4.04,
            "44": 7.38,
            "45": -3.76,
            "46": -9.19,
            "47": 0.15,
            "48": 6.9,
            "49": -3.82,
            "50": 11.16,
            "51": 9.54,
            "52": -4.52,
            "53": -11.34,
            "54": -9.5,
            "56": 2.53,
            "57": -9.54,
            "58": 7.82,
            "59": 1.08
        },
        "56": {
            "0": -4.64,
            "1": 1.54,
            "2": 7.84,
            "3": -5.3,
            "4": -1.49,
            "5": -9.95,
            "6": -2.71,
            "7": 0.88,
            "8": 9.07,
            "9": 10.86,
            "10": -7.59,
            "11": -10.79,
            "12": -1.93,
            "13": 4.91,
            "14": 5.25,
            "15": 8.12,
            "16": -6.46,
            "17": -1.28,
            "18": 10.56,
            "19": 5.92,
            "20": -4.32,
            "21": 8.81,
            "22": 2.03,
            "23": -4.34,
            "24": -7.67,
            "25": -8.69,
            "26": -2.11,
            "27": -11.93,
            "28": 7.47,
            "29": -2.76,
            "30": -11.22,
            "31": 10.0,
            "32": 10.3,
            "33": -10.37,
            "34": 2.09,
            "35": 11.95,
            "36": 2.45,
            "37": -5.47,
            "38": 10.21,
            "39": -9.28,
            "40": -4.32,
            "41": -10.84,
            "42": 8.61,
            "43": 7.65,
            "44": -7.07,
            "45": 4.36,
            "46": 11.58,
            "47": 11.91,
            "48": 3.63,
            "49": -3.38,
            "50": 6.89,
            "51": -1.31,
            "52": 1.16,
            "53": -5.94,
            "54": -10.41,
            "55": 2.53,
            "57": 11.27,
            "58": 5.3,
            "59": -9.75
        },
        "57": {
            "0": 6.82,
            "1": -6.36,
            "2": -1.97,
            "3": 1.3,
            "4": -1.88,
            "5": -7.83,
            "6": -11.07,
            "7": -9.59,
            "8": -6.44,
            "9": -9.97,
            "10": -7.55,
            "11": -11.34,
            "12": 10.82,
            "13": -9.24,
            "14": -0.43,
            "15": -4.98,
            "16": -7.19,
            "17": -1.18,
            "18": -5.28,
            "19": -2.31,
            "20": -10.65,
            "21": 7.86,
            "22": -3.62,
            "23": -7.83,
            "24": 9.77,
            "25": -8.7,
            "26": 3.98,
            "27": -7.69,
            "28": 10.94,
            "29": -7.63,
            "30": 2.17,
            "31": -0.82,
            "32": 8.12,
            "33": 9.06,
            "34": 0.32,
            "35": 10.24,
            "36": 5.44,
            "37": 4.81,
            "38": -5.12,
            "39": 0.29,
            "40": 10.35,
            "41": -7.47,
            "42": 3.69,
            "43": 4.0,
            "44": 0.7,
            "45": -0.17,
            "46": 11.42,
            "47": 5.51,
            "48": 7.18,
            "49": 4.55,
            "50": 11.88,
            "51": 5.3,
            "52": -8.91,
            "53": -4.49,
            "54": 8.83,
            "55": -9.54,
            "56": 11.27,
            "58": -2.51,
            "59": 11.66
        },
        "58": {
            "0": 0.02,
            "1": -7.31,
            "2": -6.28,
            "3": -4.25,
            "4": -11.17,
            "5": 1.18,
            "6": 11.88,
            "7": -3.91,
            "8": -0.25,
            "9": -8.17,
            "10": -7.06,
            "11": 8.42,
            "12": 9.01,
            "13": 0.73,
            "14": -7.39,
            "15": 9.55,
            "16": 4.26,
            "17": 6.26,
            "18": 1.31,
            "19": 3.88,
            "20": -0.15,
            "21": -0.24,
            "22": 8.21,
            "23": -1.01,
            "24": 8.78,
            "25": -5.3,
            "26": -6.31,
            "27": 0.27,
            "28": -7.97,
            "29": 5.99,
            "30": 4.55,
            "31": -4.79,
            "32": 3.78,
            "33": -2.05,
            "34": -9.36,
            "35": 0.19,
            "36": -2.58,
            "37": 11.2,
            "38": -4.1,
            "39": -5.55,
            "40": -3.85,
            "41": 1.83,
            "42": 6.16,
            "43": -10.85,
            "44": 1.74,
            "45": 5.42,
            "46": 2.15,
            "47": -0.4,
            "48": 2.8,
            "49": -8.94,
            "50": -5.73,
            "51": 3.19,
            "52": -3.27,
            "53": -10.47,
            "54": 5.11,
            "55": 7.82,
            "56": 5.3,
            "57": -2.51,
            "59": 5.34
        },
        "59": {
            "0": 1.05,
            "1": -9.74,
            "2": -6.67,
            "3": -9.47,
            "4": -8.14,
            "5": -1.13,
            "6": -2.09,
            "7": -9.41,
            "8": -0.29,
            "9": -5.71,
            "10": 11.72,
            "11": -9.98,
            "12": -9.03,
            "13": 4.52,
            "14": -2.0,
            "15": -6.29,
            "16": -5.89,
            "17": -0.66,
            "18": -6.53,
            "19": 7.7,
            "20": -9.02,
            "21": -7.44,
            "22": 11.44,
            "23": -8.58,
            "24": 9.35,
            "25": 5.42,
            "26": 5.08,
            "27": 3.58,
            "28": 4.43,
            "29": 1.53,
            "30": 11.2,
            "31": -9.17,
            "32": -11.56,
            "33": 4.44,
            "34": -2.32,
            "35": 4.54,
            "36": 4.95,
            "37": -5.03,
            "38": 0.27,
            "39": 5.19,
            "40": -1.45,
            "41": -9.03,
            "42": -0.1,
            "43": -5.19,
            "44": 10.28,
            "45": -2.43,
            "46": 1.49,
            "47": 7.48,
            "48": -11.25,
            "49": -0.39,
            "50": -0.13,
            "51": 8.17,
            "52": 11.16,
            "53": -5.12,
            "54": -1.46,
            "55": 1.08,
            "56": -9.75,
            "57": 11.66,
            "58": 5.34
        }
    }
}