{
    "knapsack_size": 20000,
    "Gamma": 51,
    "n_items": 56,
    "costs": {
        "0": {
            "l": 209.77,
            "a": 284.69,
            "u": 307.5
        },
        "1": {
            "l": 142.05,
            "a": 209.08,
            "u": 279.9
        },
        "2": {
            "l": 216.5,
            "a": 268.39,
            "u": 391.73
        },
        "3": {
            "l": 185.04,
            "a": 194.95,
            "u": 200.17
        },
        "4": {
            "l": 290.89,
            "a": 367.07,
            "u": 390.75
        },
        "5": {
            "l": 263.22,
            "a": 306.56,
            "u": 319.29
        },
        "6": {
            "l": 174.61,
            "a": 241.52,
            "u": 352.93
        },
        "7": {
            "l": 111.28,
            "a": 321.96,
            "u": 354.52
        },
        "8": {
            "l": 119.82,
            "a": 310.19,
            "u": 347.38
        },
        "9": {
            "l": 229.87,
            "a": 230.07,
            "u": 316.08
        },
        "10": {
            "l": 216.2,
            "a": 279.97,
            "u": 379.91
        },
        "11": {
            "l": 139.47,
            "a": 198.33,
            "u": 359.51
        },
        "12": {
            "l": 100.38,
            "a": 231.24,
            "u": 299.69
        },
        "13": {
            "l": 288.65,
            "a": 327.46,
            "u": 332.37
        },
        "14": {
            "l": 249.72,
            "a": 287.49,
            "u": 302.36
        },
        "15": {
            "l": 190.86,
            "a": 323.82,
            "u": 357.49
        },
        "16": {
            "l": 153.15,
            "a": 331.49,
            "u": 352.48
        },
        "17": {
            "l": 155.08,
            "a": 368.35,
            "u": 395.79
        },
        "18": {
            "l": 104.63,
            "a": 330.33,
            "u": 369.03
        },
        "19": {
            "l": 318.67,
            "a": 355.77,
            "u": 382.26
        },
        "20": {
            "l": 160.46,
            "a": 244.27,
            "u": 330.83
        },
        "21": {
            "l": 169.66,
            "a": 284.36,
            "u": 333.89
        },
        "22": {
            "l": 266.03,
            "a": 297.07,
            "u": 391.01
        },
        "23": {
            "l": 117.88,
            "a": 245.82,
            "u": 379.75
        },
        "24": {
            "l": 210.71,
            "a": 347.31,
            "u": 390.31
        },
        "25": {
            "l": 126.88,
            "a": 144.88,
            "u": 276.89
        },
        "26": {
            "l": 181.09,
            "a": 277.0,
            "u": 307.8
        },
        "27": {
            "l": 149.51,
            "a": 255.81,
            "u": 261.14
        },
        "28": {
            "l": 170.35,
            "a": 265.03,
            "u": 311.06
        },
        "29": {
            "l": 230.08,
            "a": 238.22,
            "u": 349.88
        },
        "30": {
            "l": 198.2,
            "a": 278.94,
            "u": 347.64
        },
        "31": {
            "l": 285.06,
            "a": 302.51,
            "u": 395.65
        },
        "32": {
            "l": 273.0,
            "a": 281.81,
            "u": 316.53
        },
        "33": {
            "l": 128.26,
            "a": 222.91,
            "u": 375.14
        },
        "34": {
            "l": 135.46,
            "a": 332.6,
            "u": 366.8
        },
        "35": {
            "l": 240.23,
            "a": 255.25,
            "u": 259.67
        },
        "36": {
            "l": 323.97,
            "a": 348.22,
            "u": 358.21
        },
        "37": {
            "l": 132.27,
            "a": 193.44,
            "u": 299.97
        },
        "38": {
            "l": 308.75,
            "a": 313.74,
            "u": 315.41
        },
        "39": {
            "l": 100.16,
            "a": 286.13,
            "u": 376.83
        },
        "40": {
            "l": 155.45,
            "a": 210.22,
            "u": 313.28
        },
        "41": {
            "l": 315.69,
            "a": 337.75,
            "u": 355.79
        },
        "42": {
            "l": 142.3,
            "a": 257.46,
            "u": 277.16
        },
        "43": {
            "l": 113.06,
            "a": 345.78,
            "u": 386.71
        },
        "44": {
            "l": 117.55,
            "a": 362.55,
            "u": 398.08
        },
        "45": {
            "l": 208.47,
            "a": 359.44,
            "u": 375.2
        },
        "46": {
            "l": 118.97,
            "a": 260.53,
            "u": 307.36
        },
        "47": {
            "l": 135.59,
            "a": 148.04,
            "u": 359.2
        },
        "48": {
            "l": 182.38,
            "a": 227.34,
            "u": 315.95
        },
        "49": {
            "l": 157.37,
            "a": 265.09,
            "u": 316.7
        },
        "50": {
            "l": 303.28,
            "a": 338.21,
            "u": 388.05
        },
        "51": {
            "l": 236.44,
            "a": 306.14,
            "u": 353.75
        },
        "52": {
            "l": 132.94,
            "a": 227.05,
            "u": 279.66
        },
        "53": {
            "l": 196.47,
            "a": 345.84,
            "u": 353.42
        },
        "54": {
            "l": 168.25,
            "a": 219.34,
            "u": 265.91
        },
        "55": {
            "l": 184.1,
            "a": 328.75,
            "u": 363.9
        }
    },
    "profits": {
        "0": 448.6,
        "1": 443.91,
        "2": 388.84,
        "3": 300.33,
        "4": 401.49,
        "5": 385.19,
        "6": 245.32,
        "7": 382.2,
        "8": 381.79,
        "9": 410.39,
        "10": 348.79,
        "11": 338.82,
        "12": 415.76,
        "13": 415.75,
        "14": 400.84,
        "15": 449.71,
        "16": 384.98,
        "17": 381.66,
        "18": 438.04,
        "19": 357.23,
        "20": 300.42,
        "21": 304.58,
        "22": 355.07,
        "23": 286.2,
        "24": 442.9,
        "25": 375.99,
        "26": 301.66,
        "27": 314.28,
        "28": 444.92,
        "29": 360.77,
        "30": 409.62,
        "31": 388.51,
        "32": 447.75,
        "33": 343.97,
        "34": 407.96,
        "35": 378.84,
        "36": 442.63,
        "37": 438.06,
        "38": 324.08,
        "39": 292.96,
        "40": 278.09,
        "41": 352.16,
        "42": 331.4,
        "43": 439.3,
        "44": 443.78,
        "45": 377.19,
        "46": 281.07,
        "47": 260.68,
        "48": 272.84,
        "49": 420.67,
        "50": 399.84,
        "51": 385.7,
        "52": 375.07,
        "53": 395.91,
        "54": 305.94,
        "55": 428.79
    },
    "synergies": {
        "0": {
            "1": 8.1,
            "2": -26.09,
            "3": -4.11,
            "4": 31.31,
            "5": 18.1,
            "6": 20.97,
            "7": -46.59,
            "8": -43.72,
            "9": 43.06,
            "10": 32.19,
            "11": 34.64,
            "12": 41.49,
            "13": 47.21,
            "14": 29.46,
            "15": 12.15,
            "16": -4.37,
            "17": -36.82,
            "18": 12.93,
            "19": -10.63,
            "20": -8.37,
            "21": 14.97,
            "22": -39.46,
            "23": -47.37,
            "24": -26.53,
            "25": 47.9,
            "26": 3.73,
            "27": -2.41,
            "28": 41.92,
            "29": 11.73,
            "30": -47.26,
            "31": -40.58,
            "32": -44.96,
            "33": 43.17,
            "34": 43.51,
            "35": -39.04,
            "36": -6.42,
            "37": -1.85,
            "38": -41.28,
            "39": 34.51,
            "40": 33.77,
            "41": -38.49,
            "42": 29.15,
            "43": 1.65,
            "44": -5.56,
            "45": 10.61,
            "46": 22.26,
            "47": -25.21,
            "48": -25.78,
            "49": -31.96,
            "50": -29.74,
            "51": -6.87,
            "52": 28.52,
            "53": -0.95,
            "54": 1.19,
            "55": -17.78
        },
        "1": {
            "0": 8.1,
            "2": -22.01,
            "3": 21.94,
            "4": 11.74,
            "5": 28.14,
            "6": 37.3,
            "7": 21.23,
            "8": 46.66,
            "9": 13.01,
            "10": 35.41,
            "11": 0.11,
            "12": -13.53,
            "13": 24.31,
            "14": -46.32,
            "15": 6.13,
            "16": 39.91,
            "17": -34.48,
            "18": 0.58,
            "19": -12.19,
            "20": -47.22,
            "21": -27.2,
            "22": 12.62,
            "23": 27.95,
            "24": -46.45,
            "25": -14.69,
            "26": 13.36,
            "27": 28.29,
            "28": 28.13,
            "29": 37.58,
            "30": 45.26,
            "31": -33.86,
            "32": 17.28,
            "33": 28.87,
            "34": 32.63,
            "35": -28.36,
            "36": 6.74,
            "37": 36.57,
            "38": -24.15,
            "39": 5.36,
            "40": -23.61,
            "41": -32.34,
            "42": -45.38,
            "43": 20.3,
            "44": 5.08,
            "45": 41.26,
            "46": 10.69,
            "47": 45.64,
            "48": -20.08,
            "49": -23.75,
            "50": -45.56,
            "51": -41.0,
            "52": -46.64,
            "53": 41.48,
            "54": 35.41,
            "55": 32.52
        },
        "2": {
            "0": -26.09,
            "1": -22.01,
            "3": 13.24,
            "4": 21.45,
            "5": 35.32,
            "6": 35.21,
            "7": -17.64,
            "8": -30.54,
            "9": -8.26,
            "10": 19.15,
            "11": 21.46,
            "12": 46.68,
            "13": -39.94,
            "14": -13.55,
            "15": -14.52,
            "16": 27.13,
            "17": 27.45,
            "18": -3.18,
            "19": 30.49,
            "20": 39.22,
            "21": 6.96,
            "22": -23.81,
            "23": -34.15,
            "24": 10.92,
            "25": -23.02,
            "26": -8.79,
            "27": 34.33,
            "28": 20.37,
            "29": -20.24,
            "30": -26.47,
            "31": -14.24,
            "32": 9.13,
            "33": 46.98,
            "34": 13.21,
            "35": 39.0,
            "36": -26.14,
            "37": -5.87,
            "38": -41.31,
            "39": 26.88,
            "40": 28.66,
            "41": 31.45,
            "42": 9.55,
            "43": 19.69,
            "44": 25.39,
            "45": 18.24,
            "46": -21.66,
            "47": -26.32,
            "48": 41.81,
            "49": 3.75,
            "50": 10.53,
            "51": -10.42,
            "52": -12.44,
            "53": -19.54,
            "54": 27.07,
            "55": 36.81
        },
        "3": {
            "0": -4.11,
            "1": 21.94,
            "2": 13.24,
            "4": 9.75,
            "5": -8.01,
            "6": 32.95,
            "7": 23.84,
            "8": -35.47,
            "9": -45.95,
            "10": -40.56,
            "11": -3.87,
            "12": 32.09,
            "13": 2.76,
            "14": -47.94,
            "15": -19.18,
            "16": 42.15,
            "17": -2.35,
            "18": -39.62,
            "19": -13.51,
            "20": 36.82,
            "21": -9.91,
            "22": 22.1,
            "23": -13.67,
            "24": -27.82,
            "25": 43.24,
            "26": 21.11,
            "27": -12.24,
            "28": -28.75,
            "29": 19.99,
            "30": -16.5,
            "31": 43.6,
            "32": -7.16,
            "33": -46.33,
            "34": 35.88,
            "35": -2.98,
            "36": -19.28,
            "37": -23.28,
            "38": -47.18,
            "39": 3.52,
            "40": -5.65,
            "41": -33.23,
            "42": -9.05,
            "43": 23.2,
            "44": 11.12,
            "45": 17.11,
            "46": 13.67,
            "47": -22.03,
            "48": 24.07,
            "49": 5.57,
            "50": 38.75,
            "51": -21.63,
            "52": 28.49,
            "53": 16.51,
            "54": -2.77,
            "55": -41.54
        },
        "4": {
            "0": 31.31,
            "1": 11.74,
            "2": 21.45,
            "3": 9.75,
            "5": 42.17,
            "6": 43.61,
            "7": 0.16,
            "8": -47.2,
            "9": 11.36,
            "10": 3.79,
            "11": 14.48,
            "12": -29.79,
            "13": -6.47,
            "14": 43.08,
            "15": 41.31,
            "16": -29.35,
            "17": 21.42,
            "18": -2.38,
            "19": 14.66,
            "20": 28.96,
            "21": 26.2,
            "22": 25.12,
            "23": 16.43,
            "24": -42.92,
            "25": 35.94,
            "26": -46.29,
            "27": 8.99,
            "28": 21.8,
            "29": 45.09,
            "30": 22.25,
            "31": -47.84,
            "32": 8.44,
            "33": 7.89,
            "34": -43.83,
            "35": 1.52,
            "36": -32.36,
            "37": -15.47,
            "38": -40.54,
            "39": 18.62,
            "40": 39.89,
            "41": -14.86,
            "42": 46.7,
            "43": 45.83,
            "44": -38.94,
            "45": -7.44,
            "46": -20.08,
            "47": 6.6,
            "48": 33.34,
            "49": -18.08,
            "50": -29.11,
            "51": -36.68,
            "52": 13.07,
            "53": -46.87,
            "54": 10.04,
            "55": -43.31
        },
        "5": {
            "0": 18.1,
            "1": 28.14,
            "2": 35.32,
            "3": -8.01,
            "4": 42.17,
            "6": 9.63,
            "7": -35.48,
            "8": 0.12,
            "9": 17.9,
            "10": 18.23,
            "11": -45.43,
            "12": -47.09,
            "13": 16.32,
            "14": -9.58,
            "15": 43.93,
            "16": 4.01,
            "17": 19.18,
            "18": 5.42,
            "19": -22.21,
            "20": -10.36,
            "21": -28.58,
            "22": -15.41,
            "23": -34.11,
            "24": -31.65,
            "25": 27.9,
            "26": -10.63,
            "27": -47.5,
            "28": -21.06,
            "29": -3.61,
            "30": 31.15,
            "31": -25.22,
            "32": 37.22,
            "33": 42.21,
            "34": 26.48,
            "35": 8.78,
            "36": 24.53,
            "37": -39.23,
            "38": 41.95,
            "39": 27.75,
            "40": -8.4,
            "41": -5.81,
            "42": -3.84,
            "43": -21.64,
            "44": 5.99,
            "45": 40.14,
            "46": -25.99,
            "47": -33.71,
            "48": 14.97,
            "49": -35.15,
            "50": 44.16,
            "51": 7.3,
            "52": -46.78,
            "53": 44.8,
            "54": -19.36,
            "55": -14.33
        },
        "6": {
            "0": 20.97,
            "1": 37.3,
            "2": 35.21,
            "3": 32.95,
            "4": 43.61,
            "5": 9.63,
            "7": -20.41,
            "8": -19.45,
            "9": -15.46,
            "10": 28.59,
            "11": -28.47,
            "12": -30.14,
            "13": 25.03,
            "14": 3.61,
            "15": 17.56,
            "16": -36.04,
            "17": 16.36,
            "18": 27.82,
            "19": 40.76,
            "20": 6.99,
            "21": 32.68,
            "22": 13.74,
            "23": 31.81,
            "24": -11.3,
            "25": -15.15,
            "26": -20.89,
            "27": 20.78,
            "28": -42.32,
            "29": 25.75,
            "30": -9.62,
            "31": 21.66,
            "32": -37.76,
            "33": -39.82,
            "34": -34.83,
            "35": 38.11,
            "36": -30.46,
            "37": 15.98,
            "38": 44.22,
            "39": 19.05,
            "40": -6.13,
            "41": -7.12,
            "42": 16.85,
            "43": 39.78,
            "44": -12.06,
            "45": -15.47,
            "46": -10.24,
            "47": 28.73,
            "48": -21.98,
            "49": 26.52,
            "50": -24.35,
            "51": 4.27,
            "52": 13.42,
            "53": 45.49,
            "54": 7.13,
            "55": -7.66
        },
        "7": {
            "0": -46.59,
            "1": 21.23,
            "2": -17.64,
            "3": 23.84,
            "4": 0.16,
            "5": -35.48,
            "6": -20.41,
            "8": -5.37,
            "9": -22.15,
            "10": -12.84,
            "11": -27.63,
            "12": -43.81,
            "13": -37.16,
            "14": 28.65,
            "15": 11.99,
            "16": -3.38,
            "17": -17.51,
            "18": -25.92,
            "19": -10.31,
            "20": 0.78,
            "21": -17.96,
            "22": -10.18,
            "23": 30.72,
            "24": 43.92,
            "25": -7.01,
            "26": 43.95,
            "27": -0.38,
            "28": 32.9,
            "29": -13.77,
            "30": 31.41,
            "31": -42.12,
            "32": -39.02,
            "33": 16.67,
            "34": -45.7,
            "35": -28.22,
            "36": 1.67,
            "37": 42.21,
            "38": 7.91,
            "39": -34.79,
            "40": 38.87,
            "41": 13.41,
            "42": 44.23,
            "43": -41.81,
            "44": 4.85,
            "45": 38.01,
            "46": -39.67,
            "47": 28.69,
            "48": 24.4,
            "49": 30.82,
            "50": 14.3,
            "51": 23.79,
            "52": 9.02,
            "53": -47.4,
            "54": 22.5,
            "55": -5.37
        },
        "8": {
            "0": -43.72,
            "1": 46.66,
            "2": -30.54,
            "3": -35.47,
            "4": -47.2,
            "5": 0.12,
            "6": -19.45,
            "7": -5.37,
            "9": 32.4,
            "10": 25.21,
            "11": 41.74,
            "12": -41.85,
            "13": -34.51,
            "14": -34.11,
            "15": -30.29,
            "16": 5.29,
            "17": 15.04,
            "18": 10.74,
            "19": 9.31,
            "20": 13.17,
            "21": 32.89,
            "22": 42.47,
            "23": 21.31,
            "24": -18.86,
            "25": -2.77,
            "26": 11.23,
            "27": 17.19,
            "28": 31.26,
            "29": 44.71,
            "30": 45.48,
            "31": -27.73,
            "32": 20.24,
            "33": -23.26,
            "34": -6.2,
            "35": 47.54,
            "36": -44.25,
            "37": -43.51,
            "38": 45.33,
            "39": -27.2,
            "40": 36.59,
            "41": 33.23,
            "42": 30.55,
            "43": -35.0,
            "44": -44.79,
            "45": -0.57,
            "46": -22.96,
            "47": -32.49,
            "48": 35.63,
            "49": -39.94,
            "50": -5.32,
            "51": 18.49,
            "52": 22.86,
            "53": -41.01,
            "54": -3.79,
            "55": 14.31
        },
        "9": {
            "0": 43.06,
            "1": 13.01,
            "2": -8.26,
            "3": -45.95,
            "4": 11.36,
            "5": 17.9,
            "6": -15.46,
            "7": -22.15,
            "8": 32.4,
            "10": -25.44,
            "11": -31.19,
            "12": 40.18,
            "13": -38.96,
            "14": -28.44,
            "15": -47.65,
            "16": -5.55,
            "17": -1.31,
            "18": -32.67,
            "19": -33.03,
            "20": -43.65,
            "21": 10.06,
            "22": -27.42,
            "23": 22.67,
            "24": 27.1,
            "25": 41.02,
            "26": 41.77,
            "27": 36.13,
            "28": -0.67,
            "29": -3.39,
            "30": 15.64,
            "31": -38.6,
            "32": -31.21,
            "33": 15.87,
            "34": -47.68,
            "35": -7.52,
            "36": 43.1,
            "37": 4.09,
            "38": -37.83,
            "39": -46.37,
            "40": 20.32,
            "41": -3.28,
            "42": -47.5,
            "43": -34.75,
            "44": -10.96,
            "45": -14.49,
            "46": -9.91,
            "47": -9.47,
            "48": 0.74,
            "49": -47.96,
            "50": -0.7,
            "51": -1.25,
            "52": 19.83,
            "53": 25.46,
            "54": 10.81,
            "55": 14.91
        },
        "10": {
            "0": 32.19,
            "1": 35.41,
            "2": 19.15,
            "3": -40.56,
            "4": 3.79,
            "5": 18.23,
            "6": 28.59,
            "7": -12.84,
            "8": 25.21,
            "9": -25.44,
            "11": -18.38,
            "12": 39.18,
            "13": 13.15,
            "14": 32.94,
            "15": 44.08,
            "16": -42.25,
            "17": 38.6,
            "18": -38.99,
            "19": -34.14,
            "20": 38.54,
            "21": -13.19,
            "22": -40.28,
            "23": 22.59,
            "24": 45.22,
            "25": 42.29,
            "26": 40.87,
            "27": 3.63,
            "28": -13.8,
            "29": -16.59,
            "30": 12.42,
            "31": 35.22,
            "32": 24.66,
            "33": -13.56,
            "34": 46.58,
            "35": -36.52,
            "36": -32.13,
            "37": -37.19,
            "38": -45.48,
            "39": -4.84,
            "40": 27.74,
            "41": -0.73,
            "42": 23.38,
            "43": -44.51,
            "44": 5.14,
            "45": 3.13,
            "46": -17.99,
            "47": -31.15,
            "48": 7.91,
            "49": 43.88,
            "50": -19.18,
            "51": 26.42,
            "52": -27.91,
            "53": 47.12,
            "54": 9.52,
            "55": -37.62
        },
        "11": {
            "0": 34.64,
            "1": 0.11,
            "2": 21.46,
            "3": -3.87,
            "4": 14.48,
            "5": -45.43,
            "6": -28.47,
            "7": -27.63,
            "8": 41.74,
            "9": -31.19,
            "10": -18.38,
            "12": 31.31,
            "13": 32.26,
            "14": 28.19,
            "15": -9.97,
            "16": 21.54,
            "17": 5.14,
            "18": 31.06,
            "19": 37.89,
            "20": 14.0,
            "21": 27.88,
            "22": -6.33,
            "23": 18.19,
            "24": -39.61,
            "25": 21.61,
            "26": -9.29,
            "27": -16.14,
            "28": -12.49,
            "29": 25.57,
            "30": 44.13,
            "31": -17.71,
            "32": -18.23,
            "33": 3.3,
            "34": -20.46,
            "35": 42.05,
            "36": 13.01,
            "37": -33.81,
            "38": -0.35,
            "39": -1.82,
            "40": -47.67,
            "41": -45.8,
            "42": -13.47,
            "43": -14.07,
            "44": 2.23,
            "45": 4.64,
            "46": -6.74,
            "47": -45.36,
            "48": 30.04,
            "49": -41.72,
            "50": -37.6,
            "51": -7.19,
            "52": -3.12,
            "53": 3.98,
            "54": 30.97,
            "55": -5.74
        },
        "12": {
            "0": 41.49,
            "1": -13.53,
            "2": 46.68,
            "3": 32.09,
            "4": -29.79,
            "5": -47.09,
            "6": -30.14,
            "7": -43.81,
            "8": -41.85,
            "9": 40.18,
            "10": 39.18,
            "11": 31.31,
            "13": -11.32,
            "14": -44.14,
            "15": -20.06,
            "16": 1.09,
            "17": 35.93,
            "18": -15.07,
            "19": 8.44,
            "20": -37.72,
            "21": -6.2,
            "22": -22.55,
            "23": 20.23,
            "24": 10.38,
            "25": -29.09,
            "26": -39.65,
            "27": -19.75,
            "28": -16.36,
            "29": 32.6,
            "30": 20.54,
            "31": 6.5,
            "32": -18.92,
            "33": -12.73,
            "34": 3.53,
            "35": -14.86,
            "36": 34.01,
            "37": -13.58,
            "38": 33.5,
            "39": 0.47,
            "40": -43.69,
            "41": 24.46,
            "42": -26.82,
            "43": 46.6,
            "44": 39.62,
            "45": -0.23,
            "46": -47.04,
            "47": -14.74,
            "48": 25.99,
            "49": -11.29,
            "50": -45.61,
            "51": -34.23,
            "52": -36.81,
            "53": -31.22,
            "54": 16.63,
            "55": 41.69
        },
        "13": {
            "0": 47.21,
            "1": 24.31,
            "2": -39.94,
            "3": 2.76,
            "4": -6.47,
            "5": 16.32,
            "6": 25.03,
            "7": -37.16,
            "8": -34.51,
            "9": -38.96,
            "10": 13.15,
            "11": 32.26,
            "12": -11.32,
            "14": 34.06,
            "15": 42.87,
            "16": 9.5,
            "17": 28.39,
            "18": -39.5,
            "19": 34.01,
            "20": 18.9,
            "21": -18.25,
            "22": -34.17,
            "23": -38.46,
            "24": 9.1,
            "25": 37.01,
            "26": 44.57,
            "27": -2.96,
            "28": 12.18,
            "29": 27.24,
            "30": 3.79,
            "31": -9.13,
            "32": 13.68,
            "33": -41.83,
            "34": -4.17,
            "35": -12.72,
            "36": 46.39,
            "37": -8.98,
            "38": 11.23,
            "39": -0.4,
            "40": 38.61,
            "41": 2.92,
            "42": -32.1,
            "43": 2.47,
            "44": 28.78,
            "45": -22.2,
            "46": -45.55,
            "47": 34.17,
            "48": 44.2,
            "49": 46.16,
            "50": -4.14,
            "51": 35.41,
            "52": 29.67,
            "53": 38.83,
            "54": -13.98,
            "55": -22.61
        },
        "14": {
            "0": 29.46,
            "1": -46.32,
            "2": -13.55,
            "3": -47.94,
            "4": 43.08,
            "5": -9.58,
            "6": 3.61,
            "7": 28.65,
            "8": -34.11,
            "9": -28.44,
            "10": 32.94,
            "11": 28.19,
            "12": -44.14,
            "13": 34.06,
            "15": 46.93,
            "16": 38.19,
            "17": 28.45,
            "18": -13.02,
            "19": -25.83,
            "20": -29.87,
            "21": -41.91,
            "22": -8.24,
            "23": -35.75,
            "24": -9.62,
            "25": 18.06,
            "26": 29.75,
            "27": -17.77,
            "28": -17.23,
            "29": 30.9,
            "30": 20.56,
            "31": 41.67,
            "32": -41.76,
            "33": -41.27,
            "34": 10.38,
            "35": -42.44,
            "36": 4.97,
            "37": 8.53,
            "38": -41.99,
            "39": -0.54,
            "40": -35.15,
            "41": 31.04,
            "42": -26.75,
            "43": -45.24,
            "44": -20.69,
            "45": 7.75,
            "46": -4.17,
            "47": -9.5,
            "48": -36.43,
            "49": 30.86,
            "50": -7.3,
            "51": 25.01,
            "52": 16.69,
            "53": 24.22,
            "54": 35.12,
            "55": 17.05
        },
        "15": {
            "0": 12.15,
            "1": 6.13,
            "2": -14.52,
            "3": -19.18,
            "4": 41.31,
            "5": 43.93,
            "6": 17.56,
            "7": 11.99,
            "8": -30.29,
            "9": -47.65,
            "10": 44.08,
            "11": -9.97,
            "12": -20.06,
            "13": 42.87,
            "14": 46.93,
            "16": 41.0,
            "17": -25.54,
            "18": 8.29,
            "19": 33.18,
            "20": -39.15,
            "21": 0.97,
            "22": -47.97,
            "23": -30.22,
            "24": -16.07,
            "25": 29.83,
            "26": -12.76,
            "27": 26.68,
            "28": 23.78,
            "29": -23.97,
            "30": -10.18,
            "31": -8.76,
            "32": -18.96,
            "33": 19.91,
            "34": 9.23,
            "35": 40.96,
            "36": -29.58,
            "37": 4.33,
            "38": 17.28,
            "39": 18.4,
            "40": 26.32,
            "41": 13.28,
            "42": -2.78,
            "43": -25.77,
            "44": -0.43,
            "45": 18.75,
            "46": -41.9,
            "47": -33.76,
            "48": -47.2,
            "49": 46.48,
            "50": -6.06,
            "51": 41.45,
            "52": 10.44,
            "53": 24.15,
            "54": -6.53,
            "55": -34.77
        },
        "16": {
            "0": -4.37,
            "1": 39.91,
            "2": 27.13,
            "3": 42.15,
            "4": -29.35,
            "5": 4.01,
            "6": -36.04,
            "7": -3.38,
            "8": 5.29,
            "9": -5.55,
            "10": -42.25,
            "11": 21.54,
            "12": 1.09,
            "13": 9.5,
            "14": 38.19,
            "15": 41.0,
            "17": -27.48,
            "18": -10.12,
            "19": 24.12,
            "20": 36.55,
            "21": -32.83,
            "22": -41.91,
            "23": -46.74,
            "24": 47.32,
            "25": -47.02,
            "26": -0.22,
            "27": 42.05,
            "28": 14.16,
            "29": -12.48,
            "30": 5.56,
            "31": 18.35,
            "32": 27.77,
            "33": -29.81,
            "34": -38.31,
            "35": -22.16,
            "36": 37.1,
            "37": -2.19,
            "38": -7.52,
            "39": 22.12,
            "40": 41.78,
            "41": -41.27,
            "42": -46.7,
            "43": 24.12,
            "44": -25.78,
            "45": -26.5,
            "46": 20.01,
            "47": 25.71,
            "48": -40.41,
            "49": 13.08,
            "50": 40.39,
            "51": -28.15,
            "52": 37.51,
            "53": 11.25,
            "54": 19.69,
            "55": 26.82
        },
        "17": {
            "0": -36.82,
            "1": -34.48,
            "2": 27.45,
            "3": -2.35,
            "4": 21.42,
            "5": 19.18,
            "6": 16.36,
            "7": -17.51,
            "8": 15.04,
            "9": -1.31,
            "10": 38.6,
            "11": 5.14,
            "12": 35.93,
            "13": 28.39,
            "14": 28.45,
            "15": -25.54,
            "16": -27.48,
            "18": 9.61,
            "19": -31.85,
            "20": -43.74,
            "21": -40.48,
            "22": -5.73,
            "23": -46.65,
            "24": -29.94,
            "25": 11.51,
            "26": -35.44,
            "27": 22.85,
            "28": 7.47,
            "29": 33.24,
            "30": 38.04,
            "31": -39.53,
            "32": -44.41,
            "33": -29.27,
            "34": -8.68,
            "35": 33.19,
            "36": 43.84,
            "37": 43.23,
            "38": 18.16,
            "39": -19.11,
            "40": 4.86,
            "41": -3.46,
            "42": 47.0,
            "43": 38.66,
            "44": -21.45,
            "45": 17.63,
            "46": 8.81,
            "47": 6.07,
            "48": 14.51,
            "49": 12.41,
            "50": 15.46,
            "51": 26.52,
            "52": -42.43,
            "53": 31.48,
            "54": 17.17,
            "55": 5.91
        },
        "18": {
            "0": 12.93,
            "1": 0.58,
            "2": -3.18,
            "3": -39.62,
            "4": -2.38,
            "5": 5.42,
            "6": 27.82,
            "7": -25.92,
            "8": 10.74,
            "9": -32.67,
            "10": -38.99,
            "11": 31.06,
            "12": -15.07,
            "13": -39.5,
            "14": -13.02,
            "15": 8.29,
            "16": -10.12,
            "17": 9.61,
            "19": -24.3,
            "20": 45.99,
            "21": -24.12,
            "22": 41.69,
            "23": -6.84,
            "24": -3.4,
            "25": 43.62,
            "26": -27.3,
            "27": -5.32,
            "28": -40.0,
            "29": -4.42,
            "30": -6.59,
            "31": -8.13,
            "32": 43.91,
            "33": 43.28,
            "34": -12.27,
            "35": 16.36,
            "36": 27.36,
            "37": -15.24,
            "38": 12.98,
            "39": 44.69,
            "40": 43.73,
            "41": 40.19,
            "42": 25.03,
            "43": 28.48,
            "44": -5.31,
            "45": -14.85,
            "46": 47.56,
            "47": -36.73,
            "48": -23.01,
            "49": 43.32,
            "50": 29.82,
            "51": -45.19,
            "52": -34.53,
            "53": 34.45,
            "54": 18.61,
            "55": 13.64
        },
        "19": {
            "0": -10.63,
            "1": -12.19,
            "2": 30.49,
            "3": -13.51,
            "4": 14.66,
            "5": -22.21,
            "6": 40.76,
            "7": -10.31,
            "8": 9.31,
            "9": -33.03,
            "10": -34.14,
            "11": 37.89,
            "12": 8.44,
            "13": 34.01,
            "14": -25.83,
            "15": 33.18,
            "16": 24.12,
            "17": -31.85,
            "18": -24.3,
            "20": -34.07,
            "21": -25.41,
            "22": -26.58,
            "23": -44.32,
            "24": -21.53,
            "25": -18.88,
            "26": -21.08,
            "27": -31.61,
            "28": 42.3,
            "29": -27.68,
            "30": -10.37,
            "31": 15.28,
            "32": -18.99,
            "33": -9.07,
            "34": 0.76,
            "35": -29.27,
            "36": 44.95,
            "37": -32.33,
            "38": -31.08,
            "39": 23.74,
            "40": 11.65,
            "41": 11.08,
            "42": -43.07,
            "43": 1.12,
            "44": 4.38,
            "45": 39.67,
            "46": -3.57,
            "47": -39.1,
            "48": -32.51,
            "49": 20.2,
            "50": 33.83,
            "51": 0.52,
            "52": -40.81,
            "53": -24.78,
            "54": -24.68,
            "55": -44.32
        },
        "20": {
            "0": -8.37,
            "1": -47.22,
            "2": 39.22,
            "3": 36.82,
            "4": 28.96,
            "5": -10.36,
            "6": 6.99,
            "7": 0.78,
            "8": 13.17,
            "9": -43.65,
            "10": 38.54,
            "11": 14.0,
            "12": -37.72,
            "13": 18.9,
            "14": -29.87,
            "15": -39.15,
            "16": 36.55,
            "17": -43.74,
            "18": 45.99,
            "19": -34.07,
            "21": -16.64,
            "22": 25.88,
            "23": 25.21,
            "24": -37.46,
            "25": 30.27,
            "26": 13.74,
            "27": 37.84,
            "28": -45.13,
            "29": -45.81,
            "30": 34.63,
            "31": 20.14,
            "32": -26.04,
            "33": -32.27,
            "34": 17.06,
            "35": -17.66,
            "36": -30.89,
            "37": 29.38,
            "38": -24.95,
            "39": -20.02,
            "40": 9.96,
            "41": 41.34,
            "42": 30.17,
            "43": 0.08,
            "44": 16.38,
            "45": 46.47,
            "46": 12.55,
            "47": -4.21,
            "48": -8.61,
            "49": 8.31,
            "50": 44.27,
            "51": 47.76,
            "52": 0.14,
            "53": -42.29,
            "54": 12.28,
            "55": 46.27
        },
        "21": {
            "0": 14.97,
            "1": -27.2,
            "2": 6.96,
            "3": -9.91,
            "4": 26.2,
            "5": -28.58,
            "6": 32.68,
            "7": -17.96,
            "8": 32.89,
            "9": 10.06,
            "10": -13.19,
            "11": 27.88,
            "12": -6.2,
            "13": -18.25,
            "14": -41.91,
            "15": 0.97,
            "16": -32.83,
            "17": -40.48,
            "18": -24.12,
            "19": -25.41,
            "20": -16.64,
            "22": -41.21,
            "23": -6.97,
            "24": -29.66,
            "25": 31.38,
            "26": 0.54,
            "27": 36.36,
            "28": -23.25,
            "29": 14.71,
            "30": -14.16,
            "31": -46.28,
            "32": 1.91,
            "33": 16.42,
            "34": -18.96,
            "35": 33.86,
            "36": 2.86,
            "37": 42.08,
            "38": 15.84,
            "39": -18.14,
            "40": -47.18,
            "41": -20.56,
            "42": 37.72,
            "43": -36.97,
            "44": -14.43,
            "45": 9.79,
            "46": 14.62,
            "47": 36.07,
            "48": 27.99,
            "49": -28.56,
            "50": 24.65,
            "51": -0.34,
            "52": 45.4,
            "53": -12.21,
            "54": 42.03,
            "55": 16.9
        },
        "22": {
            "0": -39.46,
            "1": 12.62,
            "2": -23.81,
            "3": 22.1,
            "4": 25.12,
            "5": -15.41,
            "6": 13.74,
            "7": -10.18,
            "8": 42.47,
            "9": -27.42,
            "10": -40.28,
            "11": -6.33,
            "12": -22.55,
            "13": -34.17,
            "14": -8.24,
            "15": -47.97,
            "16": -41.91,
            "17": -5.73,
            "18": 41.69,
            "19": -26.58,
            "20": 25.88,
            "21": -41.21,
            "23": -31.08,
            "24": 13.94,
            "25": 10.22,
            "26": 27.66,
            "27": 29.53,
            "28": 24.51,
            "29": -13.05,
            "30": -19.68,
            "31": -2.65,
            "32": 6.48,
            "33": 5.62,
            "34": -43.78,
            "35": -3.21,
            "36": -43.29,
            "37": 15.1,
            "38": 28.59,
            "39": -12.24,
            "40": -14.7,
            "41": -25.4,
            "42": 7.12,
            "43": -46.3,
            "44": 8.92,
            "45": 34.27,
            "46": -31.83,
            "47": 11.32,
            "48": -4.23,
            "49": -13.63,
            "50": -1.37,
            "51": -14.14,
            "52": -11.7,
            "53": 5.29,
            "54": -3.35,
            "55": -28.9
        },
        "23": {
            "0": -47.37,
            "1": 27.95,
            "2": -34.15,
            "3": -13.67,
            "4": 16.43,
            "5": -34.11,
            "6": 31.81,
            "7": 30.72,
            "8": 21.31,
            "9": 22.67,
            "10": 22.59,
            "11": 18.19,
            "12": 20.23,
            "13": -38.46,
            "14": -35.75,
            "15": -30.22,
            "16": -46.74,
            "17": -46.65,
            "18": -6.84,
            "19": -44.32,
            "20": 25.21,
            "21": -6.97,
            "22": -31.08,
            "24": 33.21,
            "25": -21.81,
            "26": -14.17,
            "27": 34.53,
            "28": -44.64,
            "29": 12.35,
            "30": 31.18,
            "31": -14.09,
            "32": -26.71,
            "33": -41.54,
            "34": -9.93,
            "35": 22.76,
            "36": 21.05,
            "37": 19.66,
            "38": -14.18,
            "39": 21.7,
            "40": 19.83,
            "41": 46.05,
            "42": -2.78,
            "43": -26.42,
            "44": -8.16,
            "45": 37.15,
            "46": -22.91,
            "47": 45.93,
            "48": 36.26,
            "49": 38.64,
            "50": 42.4,
            "51": -43.89,
            "52": 12.54,
            "53": -6.28,
            "54": 38.77,
            "55": 38.91
        },
        "24": {
            "0": -26.53,
            "1": -46.45,
            "2": 10.92,
            "3": -27.82,
            "4": -42.92,
            "5": -31.65,
            "6": -11.3,
            "7": 43.92,
            "8": -18.86,
            "9": 27.1,
            "10": 45.22,
            "11": -39.61,
            "12": 10.38,
            "13": 9.1,
            "14": -9.62,
            "15": -16.07,
            "16": 47.32,
            "17": -29.94,
            "18": -3.4,
            "19": -21.53,
            "20": -37.46,
            "21": -29.66,
            "22": 13.94,
            "23": 33.21,
            "25": 9.23,
            "26": 9.03,
            "27": -29.24,
            "28": -25.4,
            "29": 36.89,
            "30": 0.42,
            "31": 37.17,
            "32": -36.99,
            "33": -25.83,
            "34": -12.85,
            "35": -17.55,
            "36": -20.44,
            "37": 27.63,
            "38": 47.57,
            "39": -6.18,
            "40": -31.59,
            "41": 22.97,
            "42": -43.42,
            "43": 5.26,
            "44": 44.23,
            "45": -0.49,
            "46": 41.2,
            "47": 37.1,
            "48": 17.86,
            "49": -23.63,
            "50": -7.8,
            "51": 31.83,
            "52": 15.7,
            "53": 36.2,
            "54": 13.09,
            "55": 13.92
        },
        "25": {
            "0": 47.9,
            "1": -14.69,
            "2": -23.02,
            "3": 43.24,
            "4": 35.94,
            "5": 27.9,
            "6": -15.15,
            "7": -7.01,
            "8": -2.77,
            "9": 41.02,
            "10": 42.29,
            "11": 21.61,
            "12": -29.09,
            "13": 37.01,
            "14": 18.06,
            "15": 29.83,
            "16": -47.02,
            "17": 11.51,
            "18": 43.62,
            "19": -18.88,
            "20": 30.27,
            "21": 31.38,
            "22": 10.22,
            "23": -21.81,
            "24": 9.23,
            "26": -10.6,
            "27": -16.98,
            "28": -23.93,
            "29": -38.79,
            "30": -0.42,
            "31": -11.57,
            "32": -41.23,
            "33": 41.47,
            "34": -46.73,
            "35": 15.67,
            "36": 18.08,
            "37": -33.88,
            "38": -32.38,
            "39": -18.2,
            "40": 31.52,
            "41": 46.54,
            "42": 6.69,
            "43": -1.39,
            "44": -46.59,
            "45": -44.53,
            "46": -20.55,
            "47": -20.37,
            "48": -27.52,
            "49": 40.85,
            "50": 20.27,
            "51": 10.15,
            "52": 27.99,
            "53": 12.49,
            "54": 3.91,
            "55": -6.71
        },
        "26": {
            "0": 3.73,
            "1": 13.36,
            "2": -8.79,
            "3": 21.11,
            "4": -46.29,
            "5": -10.63,
            "6": -20.89,
            "7": 43.95,
            "8": 11.23,
            "9": 41.77,
            "10": 40.87,
            "11": -9.29,
            "12": -39.65,
            "13": 44.57,
            "14": 29.75,
            "15": -12.76,
            "16": -0.22,
            "17": -35.44,
            "18": -27.3,
            "19": -21.08,
            "20": 13.74,
            "21": 0.54,
            "22": 27.66,
            "23": -14.17,
            "24": 9.03,
            "25": -10.6,
            "27": -22.44,
            "28": -20.89,
            "29": -26.66,
            "30": -19.4,
            "31": 5.66,
            "32": 19.53,
            "33": -16.04,
            "34": -29.03,
            "35": -47.21,
            "36": 19.12,
            "37": 46.93,
            "38": 20.24,
            "39": 24.7,
            "40": -42.16,
            "41": -42.7,
            "42": 45.44,
            "43": -24.15,
            "44": -9.78,
            "45": -44.55,
            "46": -46.96,
            "47": -20.53,
            "48": 13.81,
            "49": -31.62,
            "50": 29.65,
            "51": -21.85,
            "52": 8.96,
            "53": -40.2,
            "54": 10.33,
            "55": 47.93
        },
        "27": {
            "0": -2.41,
            "1": 28.29,
            "2": 34.33,
            "3": -12.24,
            "4": 8.99,
            "5": -47.5,
            "6": 20.78,
            "7": -0.38,
            "8": 17.19,
            "9": 36.13,
            "10": 3.63,
            "11": -16.14,
            "12": -19.75,
            "13": -2.96,
            "14": -17.77,
            "15": 26.68,
            "16": 42.05,
            "17": 22.85,
            "18": -5.32,
            "19": -31.61,
            "20": 37.84,
            "21": 36.36,
            "22": 29.53,
            "23": 34.53,
            "24": -29.24,
            "25": -16.98,
            "26": -22.44,
            "28": -36.62,
            "29": 33.11,
            "30": -46.07,
            "31": -31.28,
            "32": 47.98,
            "33": -24.6,
            "34": 21.82,
            "35": 27.46,
            "36": 41.55,
            "37": 31.15,
            "38": 22.26,
            "39": 22.42,
            "40": -13.01,
            "41": -21.75,
            "42": -34.8,
            "43": -30.08,
            "44": -41.73,
            "45": -47.4,
            "46": -32.99,
            "47": 16.97,
            "48": 24.05,
            "49": 45.52,
            "50": -36.66,
            "51": 19.28,
            "52": -34.06,
            "53": 11.67,
            "54": 26.24,
            "55": -5.96
        },
        "28": {
            "0": 41.92,
            "1": 28.13,
            "2": 20.37,
            "3": -28.75,
            "4": 21.8,
            "5": -21.06,
            "6": -42.32,
            "7": 32.9,
            "8": 31.26,
            "9": -0.67,
            "10": -13.8,
            "11": -12.49,
            "12": -16.36,
            "13": 12.18,
            "14": -17.23,
            "15": 23.78,
            "16": 14.16,
            "17": 7.47,
            "18": -40.0,
            "19": 42.3,
            "20": -45.13,
            "21": -23.25,
            "22": 24.51,
            "23": -44.64,
            "24": -25.4,
            "25": -23.93,
            "26": -20.89,
            "27": -36.62,
            "29": 8.39,
            "30": 37.66,
            "31": -8.08,
            "32": 1.14,
            "33": -42.83,
            "34": 8.68,
            "35": 11.39,
            "36": 9.11,
            "37": 25.49,
            "38": 46.89,
            "39": 38.86,
            "40": 36.65,
            "41": 33.65,
            "42": 13.74,
            "43": -45.64,
            "44": 27.16,
            "45": -44.48,
            "46": 38.8,
            "47": -6.32,
            "48": 0.06,
            "49": 23.26,
            "50": 37.05,
            "51": -13.76,
            "52": -1.26,
            "53": -23.65,
            "54": 0.71,
            "55": 5.56
        },
        "29": {
            "0": 11.73,
            "1": 37.58,
            "2": -20.24,
            "3": 19.99,
            "4": 45.09,
            "5": -3.61,
            "6": 25.75,
            "7": -13.77,
            "8": 44.71,
            "9": -3.39,
            "10": -16.59,
            "11": 25.57,
            "12": 32.6,
            "13": 27.24,
            "14": 30.9,
            "15": -23.97,
            "16": -12.48,
            "17": 33.24,
            "18": -4.42,
            "19": -27.68,
            "20": -45.81,
            "21": 14.71,
            "22": -13.05,
            "23": 12.35,
            "24": 36.89,
            "25": -38.79,
            "26": -26.66,
            "27": 33.11,
            "28": 8.39,
            "30": -19.04,
            "31": 10.34,
            "32": 0.35,
            "33": -21.25,
            "34": -3.15,
            "35": 36.93,
            "36": 33.74,
            "37": -46.16,
            "38": -28.1,
            "39": 7.74,
            "40": -6.39,
            "41": -45.74,
            "42": -31.51,
            "43": 9.94,
            "44": -10.0,
            "45": -27.1,
            "46": 12.59,
            "47": -13.52,
            "48": 34.75,
            "49": -0.27,
            "50": 17.3,
            "51": 33.15,
            "52": 41.88,
            "53": 33.68,
            "54": -41.28,
            "55": 11.41
        },
        "30": {
            "0": -47.26,
            "1": 45.26,
            "2": -26.47,
            "3": -16.5,
            "4": 22.25,
            "5": 31.15,
            "6": -9.62,
            "7": 31.41,
            "8": 45.48,
            "9": 15.64,
            "10": 12.42,
            "11": 44.13,
            "12": 20.54,
            "13": 3.79,
            "14": 20.56,
            "15": -10.18,
            "16": 5.56,
            "17": 38.04,
            "18": -6.59,
            "19": -10.37,
            "20": 34.63,
            "21": -14.16,
            "22": -19.68,
            "23": 31.18,
            "24": 0.42,
            "25": -0.42,
            "26": -19.4,
            "27": -46.07,
            "28": 37.66,
            "29": -19.04,
            "31": -21.5,
            "32": 2.04,
            "33": 0.75,
            "34": -26.06,
            "35": 39.86,
            "36": 27.44,
            "37": 24.38,
            "38": 37.04,
            "39": 23.63,
            "40": 38.18,
            "41": 24.16,
            "42": 19.61,
            "43": 2.66,
            "44": 9.77,
            "45": -12.82,
            "46": -46.65,
            "47": -41.27,
            "48": -45.89,
            "49": 6.81,
            "50": 16.68,
            "51": -11.89,
            "52": -46.73,
            "53": 43.91,
            "54": 39.96,
            "55": -18.71
        },
        "31": {
            "0": -40.58,
            "1": -33.86,
            "2": -14.24,
            "3": 43.6,
            "4": -47.84,
            "5": -25.22,
            "6": 21.66,
            "7": -42.12,
            "8": -27.73,
            "9": -38.6,
            "10": 35.22,
            "11": -17.71,
            "12": 6.5,
            "13": -9.13,
            "14": 41.67,
            "15": -8.76,
            "16": 18.35,
            "17": -39.53,
            "18": -8.13,
            "19": 15.28,
            "20": 20.14,
            "21": -46.28,
            "22": -2.65,
            "23": -14.09,
            "24": 37.17,
            "25": -11.57,
            "26": 5.66,
            "27": -31.28,
            "28": -8.08,
            "29": 10.34,
            "30": -21.5,
            "32": 44.85,
            "33": -42.94,
            "34": 0.35,
            "35": 24.54,
            "36": -14.03,
            "37": 33.56,
            "38": -35.01,
            "39": -17.56,
            "40": 21.78,
            "41": -41.55,
            "42": -24.66,
            "43": 34.79,
            "44": -8.65,
            "45": -32.77,
            "46": -47.71,
            "47": -24.7,
            "48": 18.09,
            "49": -9.96,
            "50": -46.07,
            "51": 27.4,
            "52": 15.57,
            "53": -5.97,
            "54": 26.58,
            "55": 27.46
        },
        "32": {
            "0": -44.96,
            "1": 17.28,
            "2": 9.13,
            "3": -7.16,
            "4": 8.44,
            "5": 37.22,
            "6": -37.76,
            "7": -39.02,
            "8": 20.24,
            "9": -31.21,
            "10": 24.66,
            "11": -18.23,
            "12": -18.92,
            "13": 13.68,
            "14": -41.76,
            "15": -18.96,
            "16": 27.77,
            "17": -44.41,
            "18": 43.91,
            "19": -18.99,
            "20": -26.04,
            "21": 1.91,
            "22": 6.48,
            "23": -26.71,
            "24": -36.99,
            "25": -41.23,
            "26": 19.53,
            "27": 47.98,
            "28": 1.14,
            "29": 0.35,
            "30": 2.04,
            "31": 44.85,
            "33": 11.05,
            "34": -24.22,
            "35": 20.58,
            "36": 41.41,
            "37": 23.54,
            "38": -8.83,
            "39": 28.01,
            "40": 15.99,
            "41": 35.72,
            "42": 33.16,
            "43": -8.78,
            "44": -5.4,
            "45": -45.77,
            "46": 41.41,
            "47": -2.01,
            "48": 24.21,
            "49": -9.02,
            "50": -15.75,
            "51": 14.81,
            "52": -41.14,
            "53": 12.53,
            "54": -22.95,
            "55": -11.06
        },
        "33": {
            "0": 43.17,
            "1": 28.87,
            "2": 46.98,
            "3": -46.33,
            "4": 7.89,
            "5": 42.21,
            "6": -39.82,
            "7": 16.67,
            "8": -23.26,
            "9": 15.87,
            "10": -13.56,
            "11": 3.3,
            "12": -12.73,
            "13": -41.83,
            "14": -41.27,
            "15": 19.91,
            "16": -29.81,
            "17": -29.27,
            "18": 43.28,
            "19": -9.07,
            "20": -32.27,
            "21": 16.42,
            "22": 5.62,
            "23": -41.54,
            "24": -25.83,
            "25": 41.47,
            "26": -16.04,
            "27": -24.6,
            "28": -42.83,
            "29": -21.25,
            "30": 0.75,
            "31": -42.94,
            "32": 11.05,
            "34": 19.48,
            "35": -5.65,
            "36": 28.13,
            "37": -23.98,
            "38": -27.67,
            "39": -44.88,
            "40": 38.17,
            "41": 6.1,
            "42": -28.59,
            "43": 3.48,
            "44": -16.75,
            "45": 29.61,
            "46": 39.58,
            "47": 43.42,
            "48": -0.79,
            "49": -28.73,
            "50": 25.46,
            "51": 12.33,
            "52": 45.34,
            "53": 27.47,
            "54": -41.6,
            "55": 24.63
        },
        "34": {
            "0": 43.51,
            "1": 32.63,
            "2": 13.21,
            "3": 35.88,
            "4": -43.83,
            "5": 26.48,
            "6": -34.83,
            "7": -45.7,
            "8": -6.2,
            "9": -47.68,
            "10": 46.58,
            "11": -20.46,
            "12": 3.53,
            "13": -4.17,
            "14": 10.38,
            "15": 9.23,
            "16": -38.31,
            "17": -8.68,
            "18": -12.27,
            "19": 0.76,
            "20": 17.06,
            "21": -18.96,
            "22": -43.78,
            "23": -9.93,
            "24": -12.85,
            "25": -46.73,
            "26": -29.03,
            "27": 21.82,
            "28": 8.68,
            "29": -3.15,
            "30": -26.06,
            "31": 0.35,
            "32": -24.22,
            "33": 19.48,
            "35": 26.66,
            "36": 44.66,
            "37": -24.82,
            "38": 26.95,
            "39": -40.11,
            "40": -32.1,
            "41": -29.61,
            "42": -32.31,
            "43": 16.97,
            "44": 38.31,
            "45": -23.4,
            "46": -8.16,
            "47": -28.56,
            "48": 37.5,
            "49": -37.77,
            "50": 42.47,
            "51": -25.24,
            "52": 13.67,
            "53": -17.17,
            "54": 38.18,
            "55": 43.08
        },
        "35": {
            "0": -39.04,
            "1": -28.36,
            "2": 39.0,
            "3": -2.98,
            "4": 1.52,
            "5": 8.78,
            "6": 38.11,
            "7": -28.22,
            "8": 47.54,
            "9": -7.52,
            "10": -36.52,
            "11": 42.05,
            "12": -14.86,
            "13": -12.72,
            "14": -42.44,
            "15": 40.96,
            "16": -22.16,
            "17": 33.19,
            "18": 16.36,
            "19": -29.27,
            "20": -17.66,
            "21": 33.86,
            "22": -3.21,
            "23": 22.76,
            "24": -17.55,
            "25": 15.67,
            "26": -47.21,
            "27": 27.46,
            "28": 11.39,
            "29": 36.93,
            "30": 39.86,
            "31": 24.54,
            "32": 20.58,
            "33": -5.65,
            "34": 26.66,
            "36": 30.51,
            "37": -36.54,
            "38": -26.59,
            "39": 21.17,
            "40": 14.12,
            "41": -29.26,
            "42": -46.86,
            "43": -33.74,
            "44": -30.55,
            "45": 27.36,
            "46": 13.3,
            "47": 3.38,
            "48": -17.05,
            "49": 10.31,
            "50": -8.91,
            "51": 34.85,
            "52": -12.14,
            "53": -40.57,
            "54": -18.8,
            "55": 28.01
        },
        "36": {
            "0": -6.42,
            "1": 6.74,
            "2": -26.14,
            "3": -19.28,
            "4": -32.36,
            "5": 24.53,
            "6": -30.46,
            "7": 1.67,
            "8": -44.25,
            "9": 43.1,
            "10": -32.13,
            "11": 13.01,
            "12": 34.01,
            "13": 46.39,
            "14": 4.97,
            "15": -29.58,
            "16": 37.1,
            "17": 43.84,
            "18": 27.36,
            "19": 44.95,
            "20": -30.89,
            "21": 2.86,
            "22": -43.29,
            "23": 21.05,
            "24": -20.44,
            "25": 18.08,
            "26": 19.12,
            "27": 41.55,
            "28": 9.11,
            "29": 33.74,
            "30": 27.44,
            "31": -14.03,
            "32": 41.41,
            "33": 28.13,
            "34": 44.66,
            "35": 30.51,
            "37": 39.3,
            "38": -29.15,
            "39": 32.28,
            "40": 16.24,
            "41": -16.12,
            "42": 29.89,
            "43": -33.34,
            "44": -6.08,
            "45": 0.45,
            "46": -34.83,
            "47": -36.4,
            "48": -30.63,
            "49": -17.19,
            "50": -24.96,
            "51": 8.41,
            "52": -6.77,
            "53": -4.9,
            "54": -26.52,
            "55": -20.06
        },
        "37": {
            "0": -1.85,
            "1": 36.57,
            "2": -5.87,
            "3": -23.28,
            "4": -15.47,
            "5": -39.23,
            "6": 15.98,
            "7": 42.21,
            "8": -43.51,
            "9": 4.09,
            "10": -37.19,
            "11": -33.81,
            "12": -13.58,
            "13": -8.98,
            "14": 8.53,
            "15": 4.33,
            "16": -2.19,
            "17": 43.23,
            "18": -15.24,
            "19": -32.33,
            "20": 29.38,
            "21": 42.08,
            "22": 15.1,
            "23": 19.66,
            "24": 27.63,
            "25": -33.88,
            "26": 46.93,
            "27": 31.15,
            "28": 25.49,
            "29": -46.16,
            "30": 24.38,
            "31": 33.56,
            "32": 23.54,
            "33": -23.98,
            "34": -24.82,
            "35": -36.54,
            "36": 39.3,
            "38": 38.36,
            "39": -22.06,
            "40": -24.87,
            "41": -11.23,
            "42": 23.52,
            "43": 35.46,
            "44": -15.16,
            "45": -0.95,
            "46": 43.89,
            "47": 26.68,
            "48": -31.68,
            "49": -8.41,
            "50": -47.35,
            "51": 41.64,
            "52": 18.04,
            "53": -28.13,
            "54": -21.78,
            "55": -5.09
        },
        "38": {
            "0": -41.28,
            "1": -24.15,
            "2": -41.31,
            "3": -47.18,
            "4": -40.54,
            "5": 41.95,
            "6": 44.22,
            "7": 7.91,
            "8": 45.33,
            "9": -37.83,
            "10": -45.48,
            "11": -0.35,
            "12": 33.5,
            "13": 11.23,
            "14": -41.99,
            "15": 17.28,
            "16": -7.52,
            "17": 18.16,
            "18": 12.98,
            "19": -31.08,
            "20": -24.95,
            "21": 15.84,
            "22": 28.59,
            "23": -14.18,
            "24": 47.57,
            "25": -32.38,
            "26": 20.24,
            "27": 22.26,
            "28": 46.89,
            "29": -28.1,
            "30": 37.04,
            "31": -35.01,
            "32": -8.83,
            "33": -27.67,
            "34": 26.95,
            "35": -26.59,
            "36": -29.15,
            "37": 38.36,
            "39": -34.58,
            "40": 46.47,
            "41": 35.22,
            "42": -37.07,
            "43": 3.13,
            "44": -13.15,
            "45": -4.77,
            "46": 29.27,
            "47": 27.16,
            "48": 14.52,
            "49": 32.5,
            "50": 37.9,
            "51": -30.85,
            "52": -8.7,
            "53": 31.7,
            "54": -18.02,
            "55": -35.4
        },
        "39": {
            "0": 34.51,
            "1": 5.36,
            "2": 26.88,
            "3": 3.52,
            "4": 18.62,
            "5": 27.75,
            "6": 19.05,
            "7": -34.79,
            "8": -27.2,
            "9": -46.37,
            "10": -4.84,
            "11": -1.82,
            "12": 0.47,
            "13": -0.4,
            "14": -0.54,
            "15": 18.4,
            "16": 22.12,
            "17": -19.11,
            "18": 44.69,
            "19": 23.74,
            "20": -20.02,
            "21": -18.14,
            "22": -12.24,
            "23": 21.7,
            "24": -6.18,
            "25": -18.2,
            "26": 24.7,
            "27": 22.42,
            "28": 38.86,
            "29": 7.74,
            "30": 23.63,
            "31": -17.56,
            "32": 28.01,
            "33": -44.88,
            "34": -40.11,
            "35": 21.17,
            "36": 32.28,
            "37": -22.06,
            "38": -34.58,
            "40": 30.41,
            "41": -9.26,
            "42": 2.31,
            "43": 34.22,
            "44": -31.88,
            "45": 37.38,
            "46": 5.35,
            "47": -17.7,
            "48": 36.48,
            "49": -46.44,
            "50": 0.99,
            "51": 6.23,
            "52": -23.32,
            "53": -20.89,
            "54": 17.59,
            "55": -18.27
        },
        "40": {
            "0": 33.77,
            "1": -23.61,
            "2": 28.66,
            "3": -5.65,
            "4": 39.89,
            "5": -8.4,
            "6": -6.13,
            "7": 38.87,
            "8": 36.59,
            "9": 20.32,
            "10": 27.74,
            "11": -47.67,
            "12": -43.69,
            "13": 38.61,
            "14": -35.15,
            "15": 26.32,
            "16": 41.78,
            "17": 4.86,
            "18": 43.73,
            "19": 11.65,
            "20": 9.96,
            "21": -47.18,
            "22": -14.7,
            "23": 19.83,
            "24": -31.59,
            "25": 31.52,
            "26": -42.16,
            "27": -13.01,
            "28": 36.65,
            "29": -6.39,
            "30": 38.18,
            "31": 21.78,
            "32": 15.99,
            "33": 38.17,
            "34": -32.1,
            "35": 14.12,
            "36": 16.24,
            "37": -24.87,
            "38": 46.47,
            "39": 30.41,
            "41": 21.54,
            "42": 30.64,
            "43": -38.02,
            "44": -25.17,
            "45": -20.65,
            "46": 18.38,
            "47": -30.37,
            "48": -43.23,
            "49": -10.88,
            "50": -17.8,
            "51": -7.47,
            "52": 5.95,
            "53": 21.85,
            "54": -22.82,
            "55": 30.62
        },
        "41": {
            "0": -38.49,
            "1": -32.34,
            "2": 31.45,
            "3": -33.23,
            "4": -14.86,
            "5": -5.81,
            "6": -7.12,
            "7": 13.41,
            "8": 33.23,
            "9": -3.28,
            "10": -0.73,
            "11": -45.8,
            "12": 24.46,
            "13": 2.92,
            "14": 31.04,
            "15": 13.28,
            "16": -41.27,
            "17": -3.46,
            "18": 40.19,
            "19": 11.08,
            "20": 41.34,
            "21": -20.56,
            "22": -25.4,
            "23": 46.05,
            "24": 22.97,
            "25": 46.54,
            "26": -42.7,
            "27": -21.75,
            "28": 33.65,
            "29": -45.74,
            "30": 24.16,
            "31": -41.55,
            "32": 35.72,
            "33": 6.1,
            "34": -29.61,
            "35": -29.26,
            "36": -16.12,
            "37": -11.23,
            "38": 35.22,
            "39": -9.26,
            "40": 21.54,
            "42": -19.91,
            "43": 7.44,
            "44": -9.18,
            "45": -33.33,
            "46": -40.24,
            "47": -36.64,
            "48": -2.89,
            "49": -5.3,
            "50": -23.41,
            "51": 44.75,
            "52": 15.94,
            "53": 0.48,
            "54": -3.79,
            "55": 32.58
        },
        "42": {
            "0": 29.15,
            "1": -45.38,
            "2": 9.55,
            "3": -9.05,
            "4": 46.7,
            "5": -3.84,
            "6": 16.85,
            "7": 44.23,
            "8": 30.55,
            "9": -47.5,
            "10": 23.38,
            "11": -13.47,
            "12": -26.82,
            "13": -32.1,
            "14": -26.75,
            "15": -2.78,
            "16": -46.7,
            "17": 47.0,
            "18": 25.03,
            "19": -43.07,
            "20": 30.17,
            "21": 37.72,
            "22": 7.12,
            "23": -2.78,
            "24": -43.42,
            "25": 6.69,
            "26": 45.44,
            "27": -34.8,
            "28": 13.74,
            "29": -31.51,
            "30": 19.61,
            "31": -24.66,
            "32": 33.16,
            "33": -28.59,
            "34": -32.31,
            "35": -46.86,
            "36": 29.89,
            "37": 23.52,
            "38": -37.07,
            "39": 2.31,
            "40": 30.64,
            "41": -19.91,
            "43": -0.73,
            "44": 11.12,
            "45": 28.05,
            "46": 2.14,
            "47": -37.62,
            "48": -8.12,
            "49": 12.21,
            "50": -30.66,
            "51": 41.46,
            "52": 18.58,
            "53": 6.73,
            "54": 40.17,
            "55": -27.2
        },
        "43": {
            "0": 1.65,
            "1": 20.3,
            "2": 19.69,
            "3": 23.2,
            "4": 45.83,
            "5": -21.64,
            "6": 39.78,
            "7": -41.81,
            "8": -35.0,
            "9": -34.75,
            "10": -44.51,
            "11": -14.07,
            "12": 46.6,
            "13": 2.47,
            "14": -45.24,
            "15": -25.77,
            "16": 24.12,
            "17": 38.66,
            "18": 28.48,
            "19": 1.12,
            "20": 0.08,
            "21": -36.97,
            "22": -46.3,
            "23": -26.42,
            "24": 5.26,
            "25": -1.39,
            "26": -24.15,
            "27": -30.08,
            "28": -45.64,
            "29": 9.94,
            "30": 2.66,
            "31": 34.79,
            "32": -8.78,
            "33": 3.48,
            "34": 16.97,
            "35": -33.74,
            "36": -33.34,
            "37": 35.46,
            "38": 3.13,
            "39": 34.22,
            "40": -38.02,
            "41": 7.44,
            "42": -0.73,
            "44": -14.09,
            "45": 0.93,
            "46": 32.83,
            "47": -26.22,
            "48": -18.75,
            "49": -32.96,
            "50": -34.42,
            "51": 30.2,
            "52": 19.5,
            "53": 16.18,
            "54": 5.26,
            "55": 25.21
        },
        "44": {
            "0": -5.56,
            "1": 5.08,
            "2": 25.39,
            "3": 11.12,
            "4": -38.94,
            "5": 5.99,
            "6": -12.06,
            "7": 4.85,
            "8": -44.79,
            "9": -10.96,
            "10": 5.14,
            "11": 2.23,
            "12": 39.62,
            "13": 28.78,
            "14": -20.69,
            "15": -0.43,
            "16": -25.78,
            "17": -21.45,
            "18": -5.31,
            "19": 4.38,
            "20": 16.38,
            "21": -14.43,
            "22": 8.92,
            "23": -8.16,
            "24": 44.23,
            "25": -46.59,
            "26": -9.78,
            "27": -41.73,
            "28": 27.16,
            "29": -10.0,
            "30": 9.77,
            "31": -8.65,
            "32": -5.4,
            "33": -16.75,
            "34": 38.31,
            "35": -30.55,
            "36": -6.08,
            "37": -15.16,
            "38": -13.15,
            "39": -31.88,
            "40": -25.17,
            "41": -9.18,
            "42": 11.12,
            "43": -14.09,
            "45": 1.48,
            "46": 3.69,
            "47": -0.1,
            "48": 6.1,
            "49": -32.33,
            "50": -16.71,
            "51": -29.58,
            "52": -27.81,
            "53": -25.18,
            "54": 13.34,
            "55": -46.51
        },
        "45": {
            "0": 10.61,
            "1": 41.26,
            "2": 18.24,
            "3": 17.11,
            "4": -7.44,
            "5": 40.14,
            "6": -15.47,
            "7": 38.01,
            "8": -0.57,
            "9": -14.49,
            "10": 3.13,
            "11": 4.64,
            "12": -0.23,
            "13": -22.2,
            "14": 7.75,
            "15": 18.75,
            "16": -26.5,
            "17": 17.63,
            "18": -14.85,
            "19": 39.67,
            "20": 46.47,
            "21": 9.79,
            "22": 34.27,
            "23": 37.15,
            "24": -0.49,
            "25": -44.53,
            "26": -44.55,
            "27": -47.4,
            "28": -44.48,
            "29": -27.1,
            "30": -12.82,
            "31": -32.77,
            "32": -45.77,
            "33": 29.61,
            "34": -23.4,
            "35": 27.36,
            "36": 0.45,
            "37": -0.95,
            "38": -4.77,
            "39": 37.38,
            "40": -20.65,
            "41": -33.33,
            "42": 28.05,
            "43": 0.93,
            "44": 1.48,
            "46": 23.49,
            "47": -43.16,
            "48": -36.99,
            "49": -0.26,
            "50": 12.89,
            "51": -33.35,
            "52": -5.25,
            "53": 34.13,
            "54": -27.26,
            "55": 5.93
        },
        "46": {
            "0": 22.26,
            "1": 10.69,
            "2": -21.66,
            "3": 13.67,
            "4": -20.08,
            "5": -25.99,
            "6": -10.24,
            "7": -39.67,
            "8": -22.96,
            "9": -9.91,
            "10": -17.99,
            "11": -6.74,
            "12": -47.04,
            "13": -45.55,
            "14": -4.17,
            "15": -41.9,
            "16": 20.01,
            "17": 8.81,
            "18": 47.56,
            "19": -3.57,
            "20": 12.55,
            "21": 14.62,
            "22": -31.83,
            "23": -22.91,
            "24": 41.2,
            "25": -20.55,
            "26": -46.96,
            "27": -32.99,
            "28": 38.8,
            "29": 12.59,
            "30": -46.65,
            "31": -47.71,
            "32": 41.41,
            "33": 39.58,
            "34": -8.16,
            "35": 13.3,
            "36": -34.83,
            "37": 43.89,
            "38": 29.27,
            "39": 5.35,
            "40": 18.38,
            "41": -40.24,
            "42": 2.14,
            "43": 32.83,
            "44": 3.69,
            "45": 23.49,
            "47": 15.51,
            "48": -29.72,
            "49": 25.34,
            "50": 23.14,
            "51": -32.93,
            "52": 45.2,
            "53": -47.88,
            "54": -20.0,
            "55": -44.23
        },
        "47": {
            "0": -25.21,
            "1": 45.64,
            "2": -26.32,
            "3": -22.03,
            "4": 6.6,
            "5": -33.71,
            "6": 28.73,
            "7": 28.69,
            "8": -32.49,
            "9": -9.47,
            "10": -31.15,
            "11": -45.36,
            "12": -14.74,
            "13": 34.17,
            "14": -9.5,
            "15": -33.76,
            "16": 25.71,
            "17": 6.07,
            "18": -36.73,
            "19": -39.1,
            "20": -4.21,
            "21": 36.07,
            "22": 11.32,
            "23": 45.93,
            "24": 37.1,
            "25": -20.37,
            "26": -20.53,
            "27": 16.97,
            "28": -6.32,
            "29": -13.52,
            "30": -41.27,
            "31": -24.7,
            "32": -2.01,
            "33": 43.42,
            "34": -28.56,
            "35": 3.38,
            "36": -36.4,
            "37": 26.68,
            "38": 27.16,
            "39": -17.7,
            "40": -30.37,
            "41": -36.64,
            "42": -37.62,
            "43": -26.22,
            "44": -0.1,
            "45": -43.16,
            "46": 15.51,
            "48": 20.83,
            "49": -20.54,
            "50": 46.97,
            "51": 5.61,
            "52": 7.74,
            "53": -1.36,
            "54": 42.98,
            "55": 15.45
        },
        "48": {
            "0": -25.78,
            "1": -20.08,
            "2": 41.81,
            "3": 24.07,
            "4": 33.34,
            "5": 14.97,
            "6": -21.98,
            "7": 24.4,
            "8": 35.63,
            "9": 0.74,
            "10": 7.91,
            "11": 30.04,
            "12": 25.99,
            "13": 44.2,
            "14": -36.43,
            "15": -47.2,
            "16": -40.41,
            "17": 14.51,
            "18": -23.01,
            "19": -32.51,
            "20": -8.61,
            "21": 27.99,
            "22": -4.23,
            "23": 36.26,
            "24": 17.86,
            "25": -27.52,
            "26": 13.81,
            "27": 24.05,
            "28": 0.06,
            "29": 34.75,
            "30": -45.89,
            "31": 18.09,
            "32": 24.21,
            "33": -0.79,
            "34": 37.5,
            "35": -17.05,
            "36": -30.63,
            "37": -31.68,
            "38": 14.52,
            "39": 36.48,
            "40": -43.23,
            "41": -2.89,
            "42": -8.12,
            "43": -18.75,
            "44": 6.1,
            "45": -36.99,
            "46": -29.72,
            "47": 20.83,
            "49": 28.13,
            "50": -18.32,
            "51": -0.25,
            "52": -24.53,
            "53": 1.51,
            "54": 23.64,
            "55": -14.99
        },
        "49": {
            "0": -31.96,
            "1": -23.75,
            "2": 3.75,
            "3": 5.57,
            "4": -18.08,
            "5": -35.15,
            "6": 26.52,
            "7": 30.82,
            "8": -39.94,
            "9": -47.96,
            "10": 43.88,
            "11": -41.72,
            "12": -11.29,
            "13": 46.16,
            "14": 30.86,
            "15": 46.48,
            "16": 13.08,
            "17": 12.41,
            "18": 43.32,
            "19": 20.2,
            "20": 8.31,
            "21": -28.56,
            "22": -13.63,
            "23": 38.64,
            "24": -23.63,
            "25": 40.85,
            "26": -31.62,
            "27": 45.52,
            "28": 23.26,
            "29": -0.27,
            "30": 6.81,
            "31": -9.96,
            "32": -9.02,
            "33": -28.73,
            "34": -37.77,
            "35": 10.31,
            "36": -17.19,
            "37": -8.41,
            "38": 32.5,
            "39": -46.44,
            "40": -10.88,
            "41": -5.3,
            "42": 12.21,
            "43": -32.96,
            "44": -32.33,
            "45": -0.26,
            "46": 25.34,
            "47": -20.54,
            "48": 28.13,
            "50": 40.55,
            "51": 43.88,
            "52": 14.95,
            "53": 46.36,
            "54": -4.06,
            "55": -5.77
        },
        "50": {
            "0": -29.74,
            "1": -45.56,
            "2": 10.53,
            "3": 38.75,
            "4": -29.11,
            "5": 44.16,
            "6": -24.35,
            "7": 14.3,
            "8": -5.32,
            "9": -0.7,
            "10": -19.18,
            "11": -37.6,
            "12": -45.61,
            "13": -4.14,
            "14": -7.3,
            "15": -6.06,
            "16": 40.39,
            "17": 15.46,
            "18": 29.82,
            "19": 33.83,
            "20": 44.27,
            "21": 24.65,
            "22": -1.37,
            "23": 42.4,
            "24": -7.8,
            "25": 20.27,
            "26": 29.65,
            "27": -36.66,
            "28": 37.05,
            "29": 17.3,
            "30": 16.68,
            "31": -46.07,
            "32": -15.75,
            "33": 25.46,
            "34": 42.47,
            "35": -8.91,
            "36": -24.96,
            "37": -47.35,
            "38": 37.9,
            "39": 0.99,
            "40": -17.8,
            "41": -23.41,
            "42": -30.66,
            "43": -34.42,
            "44": -16.71,
            "45": 12.89,
            "46": 23.14,
            "47": 46.97,
            "48": -18.32,
            "49": 40.55,
            "51": -27.0,
            "52": -14.64,
            "53": 12.15,
            "54": 39.29,
            "55": 33.82
        },
        "51": {
            "0": -6.87,
            "1": -41.0,
            "2": -10.42,
            "3": -21.63,
            "4": -36.68,
            "5": 7.3,
            "6": 4.27,
            "7": 23.79,
            "8": 18.49,
            "9": -1.25,
            "10": 26.42,
            "11": -7.19,
            "12": -34.23,
            "13": 35.41,
            "14": 25.01,
            "15": 41.45,
            "16": -28.15,
            "17": 26.52,
            "18": -45.19,
            "19": 0.52,
            "20": 47.76,
            "21": -0.34,
            "22": -14.14,
            "23": -43.89,
            "24": 31.83,
            "25": 10.15,
            "26": -21.85,
            "27": 19.28,
            "28": -13.76,
            "29": 33.15,
            "30": -11.89,
            "31": 27.4,
            "32": 14.81,
            "33": 12.33,
            "34": -25.24,
            "35": 34.85,
            "36": 8.41,
            "37": 41.64,
            "38": -30.85,
            "39": 6.23,
            "40": -7.47,
            "41": 44.75,
            "42": 41.46,
            "43": 30.2,
            "44": -29.58,
            "45": -33.35,
            "46": -32.93,
            "47": 5.61,
            "48": -0.25,
            "49": 43.88,
            "50": -27.0,
            "52": 7.07,
            "53": -45.67,
            "54": 15.02,
            "55": 29.19
        },
        "52": {
            "0": 28.52,
            "1": -46.64,
            "2": -12.44,
            "3": 28.49,
            "4": 13.07,
            "5": -46.78,
            "6": 13.42,
            "7": 9.02,
            "8": 22.86,
            "9": 19.83,
            "10": -27.91,
            "11": -3.12,
            "12": -36.81,
            "13": 29.67,
            "14": 16.69,
            "15": 10.44,
            "16": 37.51,
            "17": -42.43,
            "18": -34.53,
            "19": -40.81,
            "20": 0.14,
            "21": 45.4,
            "22": -11.7,
            "23": 12.54,
            "24": 15.7,
            "25": 27.99,
            "26": 8.96,
            "27": -34.06,
            "28": -1.26,
            "29": 41.88,
            "30": -46.73,
            "31": 15.57,
            "32": -41.14,
            "33": 45.34,
            "34": 13.67,
            "35": -12.14,
            "36": -6.77,
            "37": 18.04,
            "38": -8.7,
            "39": -23.32,
            "40": 5.95,
            "41": 15.94,
            "42": 18.58,
            "43": 19.5,
            "44": -27.81,
            "45": -5.25,
            "46": 45.2,
            "47": 7.74,
            "48": -24.53,
            "49": 14.95,
            "50": -14.64,
            "51": 7.07,
            "53": 13.45,
            "54": -20.9,
            "55": 33.77
        },
        "53": {
            "0": -0.95,
            "1": 41.48,
            "2": -19.54,
            "3": 16.51,
            "4": -46.87,
            "5": 44.8,
            "6": 45.49,
            "7": -47.4,
            "8": -41.01,
            "9": 25.46,
            "10": 47.12,
            "11": 3.98,
            "12": -31.22,
            "13": 38.83,
            "14": 24.22,
            "15": 24.15,
            "16": 11.25,
            "17": 31.48,
            "18": 34.45,
            "19": -24.78,
            "20": -42.29,
            "21": -12.21,
            "22": 5.29,
            "23": -6.28,
            "24": 36.2,
            "25": 12.49,
            "26": -40.2,
            "27": 11.67,
            "28": -23.65,
            "29": 33.68,
            "30": 43.91,
            "31": -5.97,
            "32": 12.53,
            "33": 27.47,
            "34": -17.17,
            "35": -40.57,
            "36": -4.9,
            "37": -28.13,
            "38": 31.7,
            "39": -20.89,
            "40": 21.85,
            "41": 0.48,
            "42": 6.73,
            "43": 16.18,
            "44": -25.18,
            "45": 34.13,
            "46": -47.88,
            "47": -1.36,
            "48": 1.51,
            "49": 46.36,
            "50": 12.15,
            "51": -45.67,
            "52": 13.45,
            "54": -14.62,
            "55": 3.95
        },
        "54": {
            "0": 1.19,
            "1": 35.41,
            "2": 27.07,
            "3": -2.77,
            "4": 10.04,
            "5": -19.36,
            "6": 7.13,
            "7": 22.5,
            "8": -3.79,
            "9": 10.81,
            "10": 9.52,
            "11": 30.97,
            "12": 16.63,
            "13": -13.98,
            "14": 35.12,
            "15": -6.53,
            "16": 19.69,
            "17": 17.17,
            "18": 18.61,
            "19": -24.68,
            "20": 12.28,
            "21": 42.03,
            "22": -3.35,
            "23": 38.77,
            "24": 13.09,
            "25": 3.91,
            "26": 10.33,
            "27": 26.24,
            "28": 0.71,
            "29": -41.28,
            "30": 39.96,
            "31": 26.58,
            "32": -22.95,
            "33": -41.6,
            "34": 38.18,
            "35": -18.8,
            "36": -26.52,
            "37": -21.78,
            "38": -18.02,
            "39": 17.59,
            "40": -22.82,
            "41": -3.79,
            "42": 40.17,
            "43": 5.26,
            "44": 13.34,
            "45": -27.26,
            "46": -20.0,
            "47": 42.98,
            "48": 23.64,
            "49": -4.06,
            "50": 39.29,
            "51": 15.02,
            "52": -20.9,
            "53": -14.62,
            "55": -12.18
        },
        "55": {
            "0": -17.78,
            "1": 32.52,
            "2": 36.81,
            "3": -41.54,
            "4": -43.31,
            "5": -14.33,
            "6": -7.66,
            "7": -5.37,
            "8": 14.31,
            "9": 14.91,
            "10": -37.62,
            "11": -5.74,
            "12": 41.69,
            "13": -22.61,
            "14": 17.05,
            "15": -34.77,
            "16": 26.82,
            "17": 5.91,
            "18": 13.64,
            "19": -44.32,
            "20": 46.27,
            "21": 16.9,
            "22": -28.9,
            "23": 38.91,
            "24": 13.92,
            "25": -6.71,
            "26": 47.93,
            "27": -5.96,
            "28": 5.56,
            "29": 11.41,
            "30": -18.71,
            "31": 27.46,
            "32": -11.06,
            "33": 24.63,
            "34": 43.08,
            "35": 28.01,
            "36": -20.06,
            "37": -5.09,
            "38": -35.4,
            "39": -18.27,
            "40": 30.62,
            "41": 32.58,
            "42": -27.2,
            "43": 25.21,
            "44": -46.51,
            "45": 5.93,
            "46": -44.23,
            "47": 15.45,
            "48": -14.99,
            "49": -5.77,
            "50": 33.82,
            "51": 29.19,
            "52": 33.77,
            "53": 3.95,
            "54": -12.18
        }
    }
}