{
    "knapsack_size": 200,
    "Gamma": 60,
    "n_items": 58,
    "costs": {
        "0": {
            "u": 3,
            "a": 2,
            "l": 1
        },
        "1": {
            "u": 3,
            "a": 2,
            "l": 1
        },
        "2": {
            "u": 3,
            "a": 2,
            "l": 1
        },
        "3": {
            "u": 3,
            "a": 2,
            "l": 1
        },
        "4": {
            "u": 3,
            "a": 2,
            "l": 1
        },
        "5": {
            "u": 3,
            "a": 2,
            "l": 1
        },
        "6": {
            "u": 3,
            "a": 2,
            "l": 1
        },
        "7": {
            "u": 3,
            "a": 2,
            "l": 1
        },
        "8": {
            "u": 3,
            "a": 2,
            "l": 1
        },
        "9": {
            "u": 3,
            "a": 2,
            "l": 1
        },
        "10": {
            "u": 3,
            "a": 2,
            "l": 1
        },
        "11": {
            "u": 3,
            "a": 2,
            "l": 1
        },
        "12": {
            "u": 3,
            "a": 2,
            "l": 1
        },
        "13": {
            "u": 3,
            "a": 2,
            "l": 1
        },
        "14": {
            "u": 3,
            "a": 2,
            "l": 1
        },
        "15": {
            "u": 3,
            "a": 2,
            "l": 1
        },
        "16": {
            "u": 3,
            "a": 2,
            "l": 1
        },
        "17": {
            "u": 3,
            "a": 2,
            "l": 1
        },
        "18": {
            "u": 3,
            "a": 2,
            "l": 1
        },
        "19": {
            "u": 3,
            "a": 2,
            "l": 1
        },
        "20": {
            "u": 3,
            "a": 2,
            "l": 1
        },
        "21": {
            "u": 3,
            "a": 2,
            "l": 1
        },
        "22": {
            "u": 3,
            "a": 2,
            "l": 1
        },
        "23": {
            "u": 3,
            "a": 2,
            "l": 1
        },
        "24": {
            "u": 3,
            "a": 2,
            "l": 1
        },
        "25": {
            "u": 3,
            "a": 2,
            "l": 1
        },
        "26": {
            "u": 3,
            "a": 2,
            "l": 1
        },
        "27": {
            "u": 3,
            "a": 2,
            "l": 1
        },
        "28": {
            "u": 3,
            "a": 2,
            "l": 1
        },
        "29": {
            "u": 3,
            "a": 2,
            "l": 1
        },
        "30": {
            "u": 3,
            "a": 2,
            "l": 1
        },
        "31": {
            "u": 3,
            "a": 2,
            "l": 1
        },
        "32": {
            "u": 3,
            "a": 2,
            "l": 1
        },
        "33": {
            "u": 3,
            "a": 2,
            "l": 1
        },
        "34": {
            "u": 3,
            "a": 2,
            "l": 1
        },
        "35": {
            "u": 3,
            "a": 2,
            "l": 1
        },
        "36": {
            "u": 3,
            "a": 2,
            "l": 1
        },
        "37": {
            "u": 3,
            "a": 2,
            "l": 1
        },
        "38": {
            "u": 3,
            "a": 2,
            "l": 1
        },
        "39": {
            "u": 3,
            "a": 2,
            "l": 1
        },
        "40": {
            "u": 3,
            "a": 2,
            "l": 1
        },
        "41": {
            "u": 3,
            "a": 2,
            "l": 1
        },
        "42": {
            "u": 3,
            "a": 2,
            "l": 1
        },
        "43": {
            "u": 3,
            "a": 2,
            "l": 1
        },
        "44": {
            "u": 3,
            "a": 2,
            "l": 1
        },
        "45": {
            "u": 3,
            "a": 2,
            "l": 1
        },
        "46": {
            "u": 3,
            "a": 2,
            "l": 1
        },
        "47": {
            "u": 3,
            "a": 2,
            "l": 1
        },
        "48": {
            "u": 3,
            "a": 2,
            "l": 1
        },
        "49": {
            "u": 3,
            "a": 2,
            "l": 1
        },
        "50": {
            "u": 3,
            "a": 2,
            "l": 1
        },
        "51": {
            "u": 3,
            "a": 2,
            "l": 1
        },
        "52": {
            "u": 3,
            "a": 2,
            "l": 1
        },
        "53": {
            "u": 3,
            "a": 2,
            "l": 1
        },
        "54": {
            "u": 3,
            "a": 2,
            "l": 1
        },
        "55": {
            "u": 3,
            "a": 2,
            "l": 1
        },
        "56": {
            "u": 3,
            "a": 2,
            "l": 1
        },
        "57": {
            "u": 3,
            "a": 2,
            "l": 1
        }
    },
    "profits": {
        "0": 179,
        "1": 189,
        "2": 151,
        "3": 44,
        "4": 80,
        "5": 302,
        "6": 57,
        "7": 205,
        "8": 184,
        "9": 239,
        "10": 117,
        "11": 216,
        "12": 288,
        "13": 300,
        "14": 29,
        "15": 25,
        "16": 263,
        "17": 225,
        "18": 214,
        "19": 223,
        "20": 46,
        "21": 76,
        "22": 107,
        "23": 183,
        "24": 142,
        "25": 219,
        "26": 157,
        "27": 187,
        "28": 9,
        "29": 241,
        "30": 105,
        "31": 217,
        "32": 189,
        "33": 135,
        "34": 61,
        "35": 16,
        "36": 83,
        "37": 29,
        "38": 9,
        "39": 276,
        "40": 15,
        "41": 33,
        "42": 127,
        "43": 16,
        "44": 171,
        "45": 92,
        "46": 207,
        "47": 69,
        "48": 103,
        "49": 282,
        "50": 301,
        "51": 124,
        "52": 206,
        "53": 302,
        "54": 187,
        "55": 89,
        "56": 58,
        "57": 280
    },
    "synergies": {
        "0": {
            "1": -14,
            "2": 47,
            "3": 24,
            "4": -37,
            "5": 48,
            "6": 39,
            "7": 8,
            "8": -34,
            "9": -9,
            "10": 28,
            "11": -5,
            "12": 20,
            "13": -34,
            "14": 39,
            "15": -14,
            "16": -3,
            "17": 16,
            "18": -30,
            "19": 35,
            "20": -10,
            "21": -41,
            "22": 47,
            "23": 36,
            "24": -21,
            "25": 32,
            "26": -46,
            "27": 9,
            "28": 0,
            "29": 2,
            "30": -32,
            "31": 35,
            "32": -19,
            "33": 19,
            "34": 29,
            "35": -6,
            "36": 34,
            "37": -11,
            "38": 28,
            "39": -10,
            "40": -1,
            "41": -31,
            "42": 13,
            "43": 15,
            "44": 28,
            "45": -42,
            "46": 12,
            "47": 3,
            "48": 42,
            "49": 7,
            "50": 45,
            "51": 27,
            "52": 16,
            "53": 32,
            "54": 28,
            "55": -43,
            "56": 14,
            "57": -29
        },
        "1": {
            "0": -14,
            "2": 25,
            "3": -40,
            "4": 40,
            "5": -33,
            "6": 32,
            "7": 23,
            "8": -25,
            "9": -45,
            "10": 23,
            "11": -17,
            "12": 34,
            "13": 0,
            "14": -24,
            "15": 36,
            "16": 7,
            "17": -13,
            "18": 23,
            "19": 43,
            "20": 29,
            "21": 18,
            "22": 30,
            "23": 37,
            "24": 29,
            "25": 19,
            "26": 12,
            "27": 19,
            "28": -47,
            "29": 28,
            "30": -47,
            "31": -18,
            "32": 13,
            "33": -14,
            "34": -26,
            "35": 37,
            "36": 9,
            "37": -20,
            "38": 37,
            "39": -13,
            "40": 38,
            "41": -38,
            "42": 2,
            "43": 22,
            "44": -47,
            "45": -32,
            "46": -35,
            "47": -44,
            "48": -23,
            "49": 5,
            "50": 29,
            "51": -13,
            "52": -31,
            "53": -32,
            "54": 12,
            "55": 0,
            "56": -45,
            "57": -15
        },
        "2": {
            "0": 47,
            "1": 25,
            "3": -22,
            "4": 20,
            "5": -5,
            "6": -16,
            "7": 0,
            "8": -14,
            "9": 21,
            "10": 0,
            "11": -33,
            "12": -36,
            "13": -14,
            "14": 41,
            "15": -10,
            "16": -8,
            "17": -37,
            "18": -35,
            "19": 25,
            "20": 8,
            "21": -30,
            "22": 45,
            "23": -25,
            "24": 41,
            "25": 13,
            "26": -2,
            "27": -8,
            "28": 22,
            "29": -17,
            "30": 9,
            "31": -25,
            "32": -20,
            "33": 46,
            "34": -34,
            "35": -33,
            "36": 42,
            "37": -47,
            "38": -14,
            "39": -8,
            "40": -42,
            "41": -19,
            "42": -8,
            "43": 39,
            "44": -29,
            "45": -37,
            "46": -3,
            "47": -37,
            "48": -49,
            "49": 27,
            "50": 40,
            "51": 1,
            "52": 23,
            "53": 2,
            "54": -45,
            "55": -18,
            "56": 32,
            "57": -15
        },
        "3": {
            "0": 24,
            "1": -40,
            "2": -22,
            "4": 40,
            "5": 26,
            "6": 43,
            "7": -21,
            "8": -29,
            "9": 28,
            "10": -11,
            "11": -22,
            "12": 36,
            "13": 40,
            "14": 42,
            "15": 16,
            "16": -34,
            "17": -24,
            "18": 28,
            "19": -47,
            "20": 43,
            "21": -44,
            "22": 14,
            "23": 2,
            "24": -16,
            "25": 37,
            "26": 13,
            "27": -11,
            "28": -29,
            "29": 38,
            "30": 15,
            "31": -17,
            "32": 12,
            "33": 37,
            "34": 20,
            "35": -9,
            "36": -49,
            "37": -41,
            "38": -16,
            "39": 20,
            "40": 48,
            "41": 34,
            "42": 30,
            "43": 29,
            "44": -19,
            "45": 7,
            "46": -40,
            "47": -5,
            "48": -17,
            "49": -11,
            "50": 7,
            "51": -35,
            "52": -30,
            "53": -11,
            "54": -1,
            "55": -8,
            "56": -9,
            "57": 5
        },
        "4": {
            "0": -37,
            "1": 40,
            "2": 20,
            "3": 40,
            "5": -23,
            "6": 45,
            "7": 7,
            "8": -36,
            "9": -48,
            "10": 13,
            "11": -1,
            "12": 1,
            "13": 32,
            "14": -36,
            "15": -23,
            "16": 40,
            "17": 39,
            "18": 22,
            "19": -44,
            "20": 44,
            "21": 41,
            "22": 36,
            "23": 19,
            "24": -19,
            "25": 39,
            "26": -33,
            "27": 23,
            "28": 39,
            "29": -34,
            "30": -2,
            "31": 45,
            "32": -1,
            "33": 21,
            "34": -31,
            "35": 48,
            "36": 10,
            "37": 36,
            "38": 37,
            "39": 44,
            "40": -9,
            "41": 44,
            "42": -1,
            "43": -33,
            "44": -20,
            "45": -34,
            "46": -44,
            "47": -22,
            "48": -18,
            "49": -13,
            "50": -35,
            "51": 0,
            "52": 26,
            "53": 34,
            "54": -26,
            "55": -27,
            "56": 12,
            "57": -9
        },
        "5": {
            "0": 48,
            "1": -33,
            "2": -5,
            "3": 26,
            "4": -23,
            "6": 23,
            "7": 39,
            "8": 38,
            "9": -11,
            "10": -18,
            "11": 33,
            "12": 9,
            "13": 4,
            "14": -9,
            "15": -36,
            "16": 25,
            "17": 31,
            "18": -44,
            "19": 9,
            "20": -23,
            "21": -12,
            "22": 1,
            "23": 26,
            "24": 13,
            "25": 6,
            "26": 13,
            "27": 24,
            "28": 39,
            "29": -47,
            "30": 30,
            "31": -49,
            "32": 24,
            "33": -18,
            "34": -7,
            "35": -29,
            "36": -14,
            "37": -3,
            "38": 38,
            "39": 18,
            "40": -8,
            "41": -25,
            "42": 3,
            "43": 30,
            "44": -31,
            "45": -20,
            "46": 31,
            "47": 30,
            "48": -10,
            "49": 3,
            "50": 4,
            "51": -44,
            "52": 7,
            "53": -42,
            "54": 17,
            "55": 28,
            "56": 18,
            "57": -24
        },
        "6": {
            "0": 39,
            "1": 32,
            "2": -16,
            "3": 43,
            "4": 45,
            "5": 23,
            "7": -43,
            "8": -32,
            "9": 41,
            "10": -40,
            "11": -46,
            "12": -24,
            "13": -46,
            "14": -45,
            "15": 48,
            "16": -49,
            "17": 30,
            "18": 49,
            "19": -46,
            "20": -19,
            "21": -44,
            "22": 32,
            "23": -17,
            "24": 2,
            "25": 0,
            "26": -22,
            "27": 28,
            "28": -25,
            "29": 25,
            "30": 49,
            "31": -46,
            "32": -2,
            "33": -31,
            "34": 44,
            "35": -26,
            "36": -23,
            "37": 20,
            "38": -41,
            "39": 37,
            "40": 29,
            "41": 14,
            "42": -37,
            "43": -29,
            "44": 38,
            "45": 0,
            "46": 43,
            "47": 7,
            "48": 25,
            "49": 44,
            "50": -33,
            "51": -28,
            "52": 36,
            "53": 6,
            "54": -16,
            "55": 25,
            "56": 45,
            "57": 18
        },
        "7": {
            "0": 8,
            "1": 23,
            "2": 0,
            "3": -21,
            "4": 7,
            "5": 39,
            "6": -43,
            "8": 3,
            "9": 27,
            "10": -6,
            "11": -18,
            "12": 20,
            "13": -43,
            "14": 43,
            "15": -11,
            "16": -26,
            "17": -40,
            "18": -35,
            "19": 44,
            "20": -38,
            "21": -21,
            "22": -25,
            "23": -43,
            "24": 19,
            "25": 45,
            "26": 25,
            "27": -47,
            "28": -45,
            "29": -13,
            "30": 9,
            "31": 33,
            "32": -1,
            "33": -22,
            "34": 0,
            "35": 29,
            "36": 6,
            "37": -42,
            "38": 24,
            "39": 44,
            "40": 33,
            "41": -28,
            "42": 40,
            "43": 14,
            "44": 32,
            "45": 36,
            "46": 37,
            "47": 43,
            "48": -24,
            "49": -46,
            "50": -47,
            "51": 18,
            "52": 28,
            "53": -20,
            "54": -9,
            "55": 29,
            "56": -23,
            "57": -33
        },
        "8": {
            "0": -34,
            "1": -25,
            "2": -14,
            "3": -29,
            "4": -36,
            "5": 38,
            "6": -32,
            "7": 3,
            "9": -42,
            "10": -30,
            "11": -20,
            "12": 31,
            "13": -19,
            "14": -30,
            "15": -39,
            "16": -29,
            "17": -41,
            "18": -26,
            "19": -47,
            "20": 46,
            "21": -5,
            "22": -20,
            "23": 37,
            "24": -37,
            "25": 36,
            "26": -16,
            "27": 32,
            "28": 44,
            "29": 45,
            "30": 18,
            "31": 36,
            "32": 18,
            "33": -3,
            "34": 14,
            "35": 33,
            "36": -19,
            "37": 22,
            "38": -4,
            "39": -22,
            "40": 10,
            "41": 23,
            "42": 46,
            "43": 36,
            "44": -16,
            "45": -25,
            "46": 5,
            "47": -21,
            "48": -43,
            "49": 22,
            "50": -9,
            "51": -7,
            "52": -8,
            "53": 9,
            "54": -47,
            "55": 1,
            "56": 9,
            "57": 33
        },
        "9": {
            "0": -9,
            "1": -45,
            "2": 21,
            "3": 28,
            "4": -48,
            "5": -11,
            "6": 41,
            "7": 27,
            "8": -42,
            "10": 44,
            "11": -9,
            "12": -14,
            "13": -17,
            "14": -35,
            "15": -47,
            "16": 25,
            "17": -7,
            "18": 29,
            "19": 20,
            "20": 31,
            "21": -42,
            "22": -31,
            "23": -42,
            "24": -45,
            "25": 14,
            "26": 36,
            "27": 48,
            "28": 0,
            "29": 9,
            "30": 11,
            "31": -14,
            "32": 32,
            "33": 11,
            "34": -44,
            "35": -48,
            "36": 12,
            "37": 17,
            "38": 17,
            "39": 0,
            "40": -44,
            "41": -39,
            "42": -31,
            "43": 49,
            "44": -8,
            "45": -4,
            "46": -24,
            "47": -27,
            "48": -19,
            "49": -32,
            "50": 0,
            "51": -17,
            "52": 26,
            "53": 41,
            "54": 5,
            "55": -35,
            "56": -38,
            "57": -36
        },
        "10": {
            "0": 28,
            "1": 23,
            "2": 0,
            "3": -11,
            "4": 13,
            "5": -18,
            "6": -40,
            "7": -6,
            "8": -30,
            "9": 44,
            "11": -44,
            "12": 18,
            "13": 7,
            "14": -11,
            "15": -41,
            "16": -43,
            "17": 48,
            "18": 41,
            "19": 25,
            "20": 18,
            "21": -35,
            "22": 7,
            "23": 24,
            "24": 38,
            "25": -21,
            "26": 27,
            "27": 37,
            "28": 36,
            "29": 35,
            "30": -4,
            "31": -40,
            "32": 22,
            "33": -10,
            "34": 17,
            "35": 23,
            "36": -1,
            "37": 4,
            "38": 12,
            "39": 19,
            "40": 3,
            "41": 13,
            "42": 31,
            "43": -6,
            "44": 20,
            "45": -49,
            "46": 24,
            "47": -42,
            "48": -25,
            "49": 26,
            "50": -32,
            "51": 5,
            "52": -4,
            "53": 48,
            "54": 44,
            "55": -36,
            "56": 11,
            "57": 29
        },
        "11": {
            "0": -5,
            "1": -17,
            "2": -33,
            "3": -22,
            "4": -1,
            "5": 33,
            "6": -46,
            "7": -18,
            "8": -20,
            "9": -9,
            "10": -44,
            "12": -26,
            "13": 10,
            "14": -11,
            "15": -26,
            "16": 39,
            "17": 20,
            "18": 3,
            "19": 40,
            "20": -10,
            "21": -36,
            "22": -41,
            "23": 49,
            "24": 11,
            "25": 33,
            "26": -45,
            "27": -46,
            "28": -45,
            "29": 28,
            "30": 19,
            "31": -37,
            "32": -11,
            "33": -41,
            "34": -19,
            "35": -42,
            "36": 29,
            "37": 0,
            "38": -34,
            "39": -4,
            "40": -5,
            "41": 39,
            "42": 40,
            "43": 25,
            "44": 4,
            "45": 10,
            "46": -14,
            "47": 4,
            "48": 48,
            "49": 7,
            "50": 24,
            "51": 25,
            "52": 24,
            "53": -21,
            "54": 19,
            "55": 26,
            "56": 9,
            "57": -32
        },
        "12": {
            "0": 20,
            "1": 34,
            "2": -36,
            "3": 36,
            "4": 1,
            "5": 9,
            "6": -24,
            "7": 20,
            "8": 31,
            "9": -14,
            "10": 18,
            "11": -26,
            "13": -5,
            "14": -9,
            "15": 46,
            "16": -48,
            "17": -6,
            "18": -32,
            "19": -23,
            "20": 47,
            "21": 4,
            "22": 21,
            "23": 38,
            "24": 32,
            "25": -19,
            "26": -15,
            "27": -12,
            "28": -29,
            "29": -16,
            "30": -7,
            "31": 48,
            "32": -41,
            "33": -35,
            "34": -21,
            "35": -49,
            "36": -14,
            "37": 8,
            "38": 8,
            "39": 30,
            "40": -17,
            "41": 2,
            "42": 0,
            "43": 35,
            "44": -44,
            "45": 12,
            "46": -9,
            "47": -46,
            "48": 8,
            "49": 36,
            "50": 37,
            "51": 24,
            "52": 17,
            "53": -16,
            "54": 4,
            "55": 43,
            "56": -40,
            "57": 6
        },
        "13": {
            "0": -34,
            "1": 0,
            "2": -14,
            "3": 40,
            "4": 32,
            "5": 4,
            "6": -46,
            "7": -43,
            "8": -19,
            "9": -17,
            "10": 7,
            "11": 10,
            "12": -5,
            "14": -2,
            "15": -4,
            "16": -41,
            "17": 12,
            "18": 0,
            "19": -40,
            "20": -8,
            "21": 45,
            "22": 36,
            "23": 16,
            "24": 42,
            "25": -36,
            "26": -34,
            "27": -26,
            "28": -24,
            "29": -49,
            "30": -17,
            "31": -10,
            "32": -33,
            "33": 44,
            "34": 23,
            "35": -41,
            "36": 32,
            "37": -28,
            "38": -33,
            "39": -23,
            "40": -6,
            "41": -36,
            "42": 41,
            "43": 36,
            "44": 49,
            "45": -8,
            "46": 25,
            "47": -12,
            "48": -17,
            "49": 13,
            "50": -23,
            "51": 17,
            "52": -19,
            "53": 16,
            "54": -31,
            "55": 29,
            "56": -49,
            "57": 10
        },
        "14": {
            "0": 39,
            "1": -24,
            "2": 41,
            "3": 42,
            "4": -36,
            "5": -9,
            "6": -45,
            "7": 43,
            "8": -30,
            "9": -35,
            "10": -11,
            "11": -11,
            "12": -9,
            "13": -2,
            "15": 35,
            "16": -15,
            "17": 37,
            "18": 25,
            "19": -26,
            "20": 26,
            "21": 33,
            "22": -38,
            "23": -16,
            "24": -27,
            "25": -34,
            "26": 38,
            "27": -5,
            "28": -6,
            "29": -22,
            "30": 41,
            "31": 11,
            "32": -26,
            "33": 15,
            "34": 42,
            "35": 31,
            "36": 24,
            "37": 1,
            "38": -44,
            "39": -14,
            "40": 16,
            "41": -47,
            "42": 44,
            "43": -45,
            "44": -11,
            "45": -26,
            "46": -23,
            "47": -36,
            "48": 3,
            "49": 12,
            "50": -23,
            "51": 39,
            "52": 38,
            "53": -39,
            "54": 44,
            "55": -15,
            "56": 40,
            "57": 46
        },
        "15": {
            "0": -14,
            "1": 36,
            "2": -10,
            "3": 16,
            "4": -23,
            "5": -36,
            "6": 48,
            "7": -11,
            "8": -39,
            "9": -47,
            "10": -41,
            "11": -26,
            "12": 46,
            "13": -4,
            "14": 35,
            "16": -1,
            "17": 33,
            "18": -32,
            "19": -49,
            "20": 8,
            "21": -44,
            "22": -7,
            "23": 10,
            "24": -13,
            "25": -22,
            "26": 45,
            "27": -26,
            "28": 14,
            "29": 9,
            "30": -24,
            "31": -11,
            "32": -49,
            "33": 43,
            "34": 49,
            "35": 27,
            "36": -9,
            "37": -20,
            "38": -28,
            "39": -6,
            "40": 28,
            "41": -44,
            "42": -30,
            "43": -23,
            "44": 48,
            "45": -41,
            "46": 45,
            "47": -37,
            "48": 41,
            "49": 31,
            "50": 39,
            "51": 36,
            "52": 10,
            "53": -48,
            "54": -21,
            "55": -37,
            "56": -1,
            "57": 40
        },
        "16": {
            "0": -3,
            "1": 7,
            "2": -8,
            "3": -34,
            "4": 40,
            "5": 25,
            "6": -49,
            "7": -26,
            "8": -29,
            "9": 25,
            "10": -43,
            "11": 39,
            "12": -48,
            "13": -41,
            "14": -15,
            "15": -1,
            "17": -48,
            "18": 32,
            "19": -34,
            "20": -14,
            "21": 43,
            "22": 16,
            "23": -42,
            "24": -13,
            "25": 11,
            "26": 25,
            "27": -4,
            "28": 47,
            "29": -2,
            "30": -46,
            "31": -15,
            "32": 38,
            "33": -28,
            "34": 5,
            "35": 24,
            "36": -34,
            "37": -9,
            "38": -17,
            "39": -37,
            "40": -46,
            "41": -49,
            "42": 4,
            "43": 4,
            "44": 16,
            "45": -2,
            "46": -44,
            "47": -38,
            "48": 19,
            "49": 43,
            "50": 16,
            "51": -43,
            "52": 42,
            "53": 20,
            "54": -32,
            "55": -16,
            "56": -40,
            "57": 41
        },
        "17": {
            "0": 16,
            "1": -13,
            "2": -37,
            "3": -24,
            "4": 39,
            "5": 31,
            "6": 30,
            "7": -40,
            "8": -41,
            "9": -7,
            "10": 48,
            "11": 20,
            "12": -6,
            "13": 12,
            "14": 37,
            "15": 33,
            "16": -48,
            "18": 18,
            "19": 24,
            "20": -48,
            "21": -19,
            "22": -25,
            "23": 27,
            "24": -27,
            "25": 18,
            "26": 6,
            "27": -30,
            "28": -2,
            "29": 40,
            "30": -2,
            "31": -3,
            "32": 8,
            "33": -43,
            "34": 42,
            "35": 2,
            "36": 47,
            "37": 42,
            "38": 16,
            "39": -34,
            "40": 24,
            "41": 13,
            "42": 24,
            "43": 9,
            "44": -46,
            "45": -38,
            "46": 21,
            "47": -3,
            "48": 36,
            "49": -7,
            "50": -27,
            "51": 12,
            "52": 49,
            "53": -8,
            "54": -22,
            "55": -9,
            "56": 13,
            "57": 49
        },
        "18": {
            "0": -30,
            "1": 23,
            "2": -35,
            "3": 28,
            "4": 22,
            "5": -44,
            "6": 49,
            "7": -35,
            "8": -26,
            "9": 29,
            "10": 41,
            "11": 3,
            "12": -32,
            "13": 0,
            "14": 25,
            "15": -32,
            "16": 32,
            "17": 18,
            "19": 5,
            "20": 36,
            "21": 35,
            "22": 21,
            "23": 22,
            "24": 18,
            "25": -31,
            "26": 3,
            "27": 3,
            "28": 16,
            "29": -1,
            "30": -46,
            "31": 49,
            "32": -31,
            "33": 45,
            "34": -47,
            "35": 2,
            "36": -41,
            "37": 19,
            "38": -45,
            "39": -45,
            "40": -1,
            "41": 8,
            "42": -20,
            "43": -24,
            "44": -32,
            "45": -8,
            "46": 49,
            "47": 26,
            "48": -8,
            "49": -43,
            "50": 41,
            "51": 18,
            "52": 30,
            "53": -31,
            "54": 48,
            "55": 38,
            "56": 7,
            "57": -2
        },
        "19": {
            "0": 35,
            "1": 43,
            "2": 25,
            "3": -47,
            "4": -44,
            "5": 9,
            "6": -46,
            "7": 44,
            "8": -47,
            "9": 20,
            "10": 25,
            "11": 40,
            "12": -23,
            "13": -40,
            "14": -26,
            "15": -49,
            "16": -34,
            "17": 24,
            "18": 5,
            "20": 24,
            "21": 35,
            "22": 27,
            "23": -34,
            "24": 44,
            "25": -25,
            "26": -12,
            "27": -44,
            "28": -12,
            "29": -33,
            "30": -5,
            "31": 22,
            "32": 23,
            "33": 17,
            "34": -25,
            "35": -11,
            "36": 11,
            "37": 31,
            "38": -38,
            "39": 43,
            "40": 42,
            "41": 13,
            "42": -34,
            "43": 10,
            "44": -49,
            "45": -47,
            "46": -36,
            "47": 9,
            "48": -4,
            "49": 28,
            "50": 2,
            "51": 3,
            "52": -23,
            "53": 28,
            "54": 1,
            "55": 40,
            "56": -11,
            "57": 47
        },
        "20": {
            "0": -10,
            "1": 29,
            "2": 8,
            "3": 43,
            "4": 44,
            "5": -23,
            "6": -19,
            "7": -38,
            "8": 46,
            "9": 31,
            "10": 18,
            "11": -10,
            "12": 47,
            "13": -8,
            "14": 26,
            "15": 8,
            "16": -14,
            "17": -48,
            "18": 36,
            "19": 24,
            "21": -3,
            "22": -46,
            "23": 7,
            "24": -34,
            "25": 29,
            "26": 5,
            "27": 38,
            "28": -11,
            "29": 11,
            "30": 36,
            "31": -33,
            "32": 22,
            "33": -25,
            "34": 10,
            "35": 6,
            "36": -32,
            "37": 13,
            "38": 22,
            "39": -22,
            "40": -16,
            "41": -22,
            "42": 43,
            "43": -41,
            "44": 1,
            "45": 38,
            "46": 41,
            "47": 36,
            "48": 19,
            "49": -15,
            "50": -49,
            "51": 47,
            "52": -4,
            "53": -38,
            "54": 15,
            "55": 18,
            "56": 36,
            "57": -25
        },
        "21": {
            "0": -41,
            "1": 18,
            "2": -30,
            "3": -44,
            "4": 41,
            "5": -12,
            "6": -44,
            "7": -21,
            "8": -5,
            "9": -42,
            "10": -35,
            "11": -36,
            "12": 4,
            "13": 45,
            "14": 33,
            "15": -44,
            "16": 43,
            "17": -19,
            "18": 35,
            "19": 35,
            "20": -3,
            "22": 15,
            "23": -20,
            "24": -37,
            "25": 15,
            "26": -45,
            "27": -34,
            "28": -21,
            "29": 14,
            "30": 30,
            "31": 27,
            "32": -1,
            "33": 26,
            "34": 41,
            "35": 34,
            "36": 38,
            "37": 2,
            "38": -33,
            "39": -21,
            "40": -10,
            "41": -4,
            "42": 28,
            "43": -19,
            "44": -16,
            "45": 46,
            "46": -26,
            "47": 17,
            "48": 28,
            "49": 14,
            "50": 8,
            "51": 49,
            "52": 33,
            "53": -36,
            "54": 36,
            "55": 10,
            "56": 14,
            "57": -34
        },
        "22": {
            "0": 47,
            "1": 30,
            "2": 45,
            "3": 14,
            "4": 36,
            "5": 1,
            "6": 32,
            "7": -25,
            "8": -20,
            "9": -31,
            "10": 7,
            "11": -41,
            "12": 21,
            "13": 36,
            "14": -38,
            "15": -7,
            "16": 16,
            "17": -25,
            "18": 21,
            "19": 27,
            "20": -46,
            "21": 15,
            "23": -7,
            "24": 41,
            "25": -8,
            "26": -1,
            "27": 44,
            "28": 2,
            "29": 30,
            "30": -27,
            "31": -40,
            "32": 30,
            "33": 10,
            "34": 30,
            "35": -17,
            "36": -22,
            "37": 9,
            "38": -21,
            "39": 21,
            "40": -13,
            "41": -42,
            "42": 35,
            "43": 29,
            "44": -12,
            "45": 11,
            "46": 4,
            "47": -35,
            "48": 48,
            "49": -38,
            "50": 16,
            "51": -3,
            "52": -37,
            "53": -34,
            "54": -18,
            "55": -30,
            "56": 16,
            "57": -7
        },
        "23": {
            "0": 36,
            "1": 37,
            "2": -25,
            "3": 2,
            "4": 19,
            "5": 26,
            "6": -17,
            "7": -43,
            "8": 37,
            "9": -42,
            "10": 24,
            "11": 49,
            "12": 38,
            "13": 16,
            "14": -16,
            "15": 10,
            "16": -42,
            "17": 27,
            "18": 22,
            "19": -34,
            "20": 7,
            "21": -20,
            "22": -7,
            "24": -48,
            "25": -43,
            "26": 23,
            "27": 27,
            "28": 36,
            "29": -25,
            "30": -22,
            "31": 13,
            "32": -46,
            "33": -21,
            "34": -25,
            "35": -14,
            "36": 25,
            "37": 10,
            "38": -24,
            "39": 41,
            "40": 22,
            "41": -45,
            "42": 38,
            "43": 11,
            "44": 47,
            "45": -8,
            "46": 19,
            "47": -45,
            "48": 27,
            "49": 13,
            "50": -46,
            "51": 22,
            "52": 30,
            "53": 42,
            "54": -28,
            "55": 9,
            "56": -23,
            "57": 27
        },
        "24": {
            "0": -21,
            "1": 29,
            "2": 41,
            "3": -16,
            "4": -19,
            "5": 13,
            "6": 2,
            "7": 19,
            "8": -37,
            "9": -45,
            "10": 38,
            "11": 11,
            "12": 32,
            "13": 42,
            "14": -27,
            "15": -13,
            "16": -13,
            "17": -27,
            "18": 18,
            "19": 44,
            "20": -34,
            "21": -37,
            "22": 41,
            "23": -48,
            "25": -35,
            "26": 20,
            "27": 40,
            "28": -32,
            "29": -25,
            "30": 6,
            "31": -3,
            "32": -27,
            "33": -42,
            "34": -30,
            "35": 18,
            "36": 41,
            "37": -37,
            "38": 45,
            "39": 42,
            "40": -16,
            "41": -7,
            "42": 27,
            "43": -47,
            "44": -28,
            "45": -5,
            "46": 41,
            "47": 41,
            "48": -27,
            "49": 33,
            "50": -27,
            "51": -43,
            "52": -44,
            "53": 40,
            "54": -26,
            "55": 31,
            "56": 39,
            "57": 3
        },
        "25": {
            "0": 32,
            "1": 19,
            "2": 13,
            "3": 37,
            "4": 39,
            "5": 6,
            "6": 0,
            "7": 45,
            "8": 36,
            "9": 14,
            "10": -21,
            "11": 33,
            "12": -19,
            "13": -36,
            "14": -34,
            "15": -22,
            "16": 11,
            "17": 18,
            "18": -31,
            "19": -25,
            "20": 29,
            "21": 15,
            "22": -8,
            "23": -43,
            "24": -35,
            "26": 11,
            "27": -13,
            "28": 3,
            "29": -18,
            "30": -13,
            "31": 36,
            "32": 43,
            "33": -45,
            "34": -18,
            "35": 21,
            "36": 48,
            "37": -36,
            "38": 29,
            "39": -14,
            "40": 16,
            "41": -5,
            "42": 30,
            "43": -35,
            "44": -16,
            "45": 5,
            "46": 16,
            "47": -38,
            "48": 46,
            "49": -16,
            "50": -41,
            "51": 45,
            "52": -12,
            "53": 21,
            "54": -23,
            "55": 26,
            "56": 16,
            "57": 35
        },
        "26": {
            "0": -46,
            "1": 12,
            "2": -2,
            "3": 13,
            "4": -33,
            "5": 13,
            "6": -22,
            "7": 25,
            "8": -16,
            "9": 36,
            "10": 27,
            "11": -45,
            "12": -15,
            "13": -34,
            "14": 38,
            "15": 45,
            "16": 25,
            "17": 6,
            "18": 3,
            "19": -12,
            "20": 5,
            "21": -45,
            "22": -1,
            "23": 23,
            "24": 20,
            "25": 11,
            "27": 39,
            "28": -23,
            "29": 46,
            "30": -7,
            "31": 20,
            "32": -37,
            "33": 40,
            "34": 48,
            "35": 4,
            "36": -23,
            "37": 3,
            "38": -47,
            "39": 7,
            "40": -42,
            "41": 3,
            "42": 18,
            "43": -24,
            "44": -41,
            "45": 36,
            "46": -42,
            "47": 49,
            "48": -35,
            "49": -14,
            "50": -49,
            "51": 32,
            "52": 36,
            "53": -27,
            "54": -38,
            "55": 12,
            "56": 24,
            "57": -45
        },
        "27": {
            "0": 9,
            "1": 19,
            "2": -8,
            "3": -11,
            "4": 23,
            "5": 24,
            "6": 28,
            "7": -47,
            "8": 32,
            "9": 48,
            "10": 37,
            "11": -46,
            "12": -12,
            "13": -26,
            "14": -5,
            "15": -26,
            "16": -4,
            "17": -30,
            "18": 3,
            "19": -44,
            "20": 38,
            "21": -34,
            "22": 44,
            "23": 27,
            "24": 40,
            "25": -13,
            "26": 39,
            "28": 48,
            "29": 47,
            "30": -1,
            "31": -3,
            "32": 37,
            "33": -41,
            "34": 0,
            "35": 13,
            "36": 20,
            "37": 18,
            "38": 24,
            "39": -22,
            "40": 20,
            "41": 12,
            "42": 6,
            "43": -3,
            "44": 11,
            "45": -27,
            "46": -29,
            "47": -31,
            "48": -14,
            "49": 7,
            "50": 15,
            "51": 36,
            "52": -41,
            "53": -48,
            "54": 36,
            "55": 36,
            "56": 30,
            "57": 22
        },
        "28": {
            "0": 0,
            "1": -47,
            "2": 22,
            "3": -29,
            "4": 39,
            "5": 39,
            "6": -25,
            "7": -45,
            "8": 44,
            "9": 0,
            "10": 36,
            "11": -45,
            "12": -29,
            "13": -24,
            "14": -6,
            "15": 14,
            "16": 47,
            "17": -2,
            "18": 16,
            "19": -12,
            "20": -11,
            "21": -21,
            "22": 2,
            "23": 36,
            "24": -32,
            "25": 3,
            "26": -23,
            "27": 48,
            "29": 8,
            "30": -11,
            "31": -32,
            "32": 29,
            "33": -28,
            "34": 13,
            "35": 26,
            "36": -47,
            "37": -43,
            "38": 21,
            "39": -31,
            "40": 34,
            "41": -42,
            "42": -40,
            "43": -5,
            "44": 17,
            "45": 7,
            "46": 32,
            "47": 48,
            "48": 46,
            "49": -45,
            "50": -24,
            "51": -10,
            "52": -10,
            "53": -37,
            "54": 37,
            "55": 34,
            "56": 39,
            "57": 45
        },
        "29": {
            "0": 2,
            "1": 28,
            "2": -17,
            "3": 38,
            "4": -34,
            "5": -47,
            "6": 25,
            "7": -13,
            "8": 45,
            "9": 9,
            "10": 35,
            "11": 28,
            "12": -16,
            "13": -49,
            "14": -22,
            "15": 9,
            "16": -2,
            "17": 40,
            "18": -1,
            "19": -33,
            "20": 11,
            "21": 14,
            "22": 30,
            "23": -25,
            "24": -25,
            "25": -18,
            "26": 46,
            "27": 47,
            "28": 8,
            "30": 5,
            "31": -34,
            "32": -47,
            "33": 31,
            "34": 41,
            "35": 46,
            "36": -16,
            "37": 38,
            "38": -32,
            "39": -3,
            "40": -23,
            "41": 9,
            "42": 20,
            "43": 32,
            "44": -39,
            "45": 30,
            "46": 22,
            "47": -21,
            "48": -5,
            "49": -21,
            "50": 16,
            "51": -2,
            "52": 32,
            "53": -10,
            "54": 24,
            "55": 43,
            "56": -46,
            "57": -47
        },
        "30": {
            "0": -32,
            "1": -47,
            "2": 9,
            "3": 15,
            "4": -2,
            "5": 30,
            "6": 49,
            "7": 9,
            "8": 18,
            "9": 11,
            "10": -4,
            "11": 19,
            "12": -7,
            "13": -17,
            "14": 41,
            "15": -24,
            "16": -46,
            "17": -2,
            "18": -46,
            "19": -5,
            "20": 36,
            "21": 30,
            "22": -27,
            "23": -22,
            "24": 6,
            "25": -13,
            "26": -7,
            "27": -1,
            "28": -11,
            "29": 5,
            "31": -10,
            "32": -26,
            "33": -2,
            "34": 12,
            "35": -32,
            "36": 13,
            "37": 27,
            "38": -13,
            "39": 43,
            "40": 40,
            "41": -36,
            "42": 40,
            "43": -17,
            "44": 44,
            "45": 19,
            "46": 21,
            "47": -22,
            "48": -8,
            "49": -27,
            "50": 23,
            "51": -45,
            "52": -25,
            "53": 24,
            "54": -15,
            "55": 48,
            "56": -30,
            "57": 6
        },
        "31": {
            "0": 35,
            "1": -18,
            "2": -25,
            "3": -17,
            "4": 45,
            "5": -49,
            "6": -46,
            "7": 33,
            "8": 36,
            "9": -14,
            "10": -40,
            "11": -37,
            "12": 48,
            "13": -10,
            "14": 11,
            "15": -11,
            "16": -15,
            "17": -3,
            "18": 49,
            "19": 22,
            "20": -33,
            "21": 27,
            "22": -40,
            "23": 13,
            "24": -3,
            "25": 36,
            "26": 20,
            "27": -3,
            "28": -32,
            "29": -34,
            "30": -10,
            "32": 28,
            "33": 47,
            "34": 45,
            "35": -2,
            "36": 38,
            "37": 43,
            "38": -27,
            "39": 37,
            "40": 44,
            "41": 10,
            "42": 29,
            "43": 5,
            "44": -47,
            "45": -35,
            "46": -1,
            "47": -42,
            "48": -48,
            "49": 4,
            "50": 6,
            "51": -19,
            "52": 25,
            "53": 5,
            "54": -4,
            "55": 37,
            "56": -4,
            "57": 21
        },
        "32": {
            "0": -19,
            "1": 13,
            "2": -20,
            "3": 12,
            "4": -1,
            "5": 24,
            "6": -2,
            "7": -1,
            "8": 18,
            "9": 32,
            "10": 22,
            "11": -11,
            "12": -41,
            "13": -33,
            "14": -26,
            "15": -49,
            "16": 38,
            "17": 8,
            "18": -31,
            "19": 23,
            "20": 22,
            "21": -1,
            "22": 30,
            "23": -46,
            "24": -27,
            "25": 43,
            "26": -37,
            "27": 37,
            "28": 29,
            "29": -47,
            "30": -26,
            "31": 28,
            "33": -2,
            "34": -11,
            "35": 4,
            "36": -20,
            "37": 37,
            "38": -3,
            "39": 39,
            "40": 43,
            "41": 19,
            "42": -22,
            "43": -47,
            "44": 29,
            "45": -19,
            "46": 15,
            "47": 18,
            "48": 5,
            "49": -41,
            "50": -33,
            "51": 12,
            "52": 2,
            "53": 45,
            "54": -8,
            "55": -3,
            "56": 43,
            "57": -19
        },
        "33": {
            "0": 19,
            "1": -14,
            "2": 46,
            "3": 37,
            "4": 21,
            "5": -18,
            "6": -31,
            "7": -22,
            "8": -3,
            "9": 11,
            "10": -10,
            "11": -41,
            "12": -35,
            "13": 44,
            "14": 15,
            "15": 43,
            "16": -28,
            "17": -43,
            "18": 45,
            "19": 17,
            "20": -25,
            "21": 26,
            "22": 10,
            "23": -21,
            "24": -42,
            "25": -45,
            "26": 40,
            "27": -41,
            "28": -28,
            "29": 31,
            "30": -2,
            "31": 47,
            "32": -2,
            "34": 13,
            "35": 15,
            "36": 25,
            "37": -25,
            "38": 15,
            "39": -40,
            "40": -13,
            "41": 16,
            "42": 27,
            "43": 42,
            "44": -33,
            "45": 36,
            "46": -21,
            "47": -2,
            "48": -19,
            "49": 28,
            "50": -5,
            "51": -17,
            "52": -49,
            "53": -45,
            "54": -46,
            "55": 17,
            "56": -23,
            "57": 3
        },
        "34": {
            "0": 29,
            "1": -26,
            "2": -34,
            "3": 20,
            "4": -31,
            "5": -7,
            "6": 44,
            "7": 0,
            "8": 14,
            "9": -44,
            "10": 17,
            "11": -19,
            "12": -21,
            "13": 23,
            "14": 42,
            "15": 49,
            "16": 5,
            "17": 42,
            "18": -47,
            "19": -25,
            "20": 10,
            "21": 41,
            "22": 30,
            "23": -25,
            "24": -30,
            "25": -18,
            "26": 48,
            "27": 0,
            "28": 13,
            "29": 41,
            "30": 12,
            "31": 45,
            "32": -11,
            "33": 13,
            "35": -25,
            "36": 22,
            "37": -17,
            "38": 40,
            "39": -33,
            "40": -23,
            "41": -23,
            "42": 13,
            "43": -32,
            "44": -31,
            "45": 9,
            "46": -12,
            "47": 41,
            "48": -10,
            "49": -2,
            "50": 43,
            "51": -48,
            "52": 28,
            "53": 16,
            "54": 0,
            "55": -47,
            "56": -22,
            "57": -1
        },
        "35": {
            "0": -6,
            "1": 37,
            "2": -33,
            "3": -9,
            "4": 48,
            "5": -29,
            "6": -26,
            "7": 29,
            "8": 33,
            "9": -48,
            "10": 23,
            "11": -42,
            "12": -49,
            "13": -41,
            "14": 31,
            "15": 27,
            "16": 24,
            "17": 2,
            "18": 2,
            "19": -11,
            "20": 6,
            "21": 34,
            "22": -17,
            "23": -14,
            "24": 18,
            "25": 21,
            "26": 4,
            "27": 13,
            "28": 26,
            "29": 46,
            "30": -32,
            "31": -2,
            "32": 4,
            "33": 15,
            "34": -25,
            "36": -10,
            "37": 3,
            "38": 26,
            "39": -2,
            "40": -46,
            "41": -31,
            "42": -46,
            "43": -9,
            "44": -26,
            "45": -41,
            "46": -22,
            "47": -3,
            "48": -4,
            "49": 29,
            "50": 25,
            "51": -10,
            "52": -36,
            "53": -32,
            "54": 5,
            "55": -24,
            "56": 27,
            "57": 18
        },
        "36": {
            "0": 34,
            "1": 9,
            "2": 42,
            "3": -49,
            "4": 10,
            "5": -14,
            "6": -23,
            "7": 6,
            "8": -19,
            "9": 12,
            "10": -1,
            "11": 29,
            "12": -14,
            "13": 32,
            "14": 24,
            "15": -9,
            "16": -34,
            "17": 47,
            "18": -41,
            "19": 11,
            "20": -32,
            "21": 38,
            "22": -22,
            "23": 25,
            "24": 41,
            "25": 48,
            "26": -23,
            "27": 20,
            "28": -47,
            "29": -16,
            "30": 13,
            "31": 38,
            "32": -20,
            "33": 25,
            "34": 22,
            "35": -10,
            "37": 3,
            "38": -23,
            "39": -40,
            "40": -10,
            "41": -22,
            "42": -17,
            "43": -15,
            "44": -36,
            "45": 11,
            "46": 17,
            "47": -43,
            "48": 20,
            "49": 13,
            "50": 1,
            "51": 36,
            "52": 18,
            "53": 6,
            "54": 48,
            "55": -10,
            "56": 40,
            "57": -25
        },
        "37": {
            "0": -11,
            "1": -20,
            "2": -47,
            "3": -41,
            "4": 36,
            "5": -3,
            "6": 20,
            "7": -42,
            "8": 22,
            "9": 17,
            "10": 4,
            "11": 0,
            "12": 8,
            "13": -28,
            "14": 1,
            "15": -20,
            "16": -9,
            "17": 42,
            "18": 19,
            "19": 31,
            "20": 13,
            "21": 2,
            "22": 9,
            "23": 10,
            "24": -37,
            "25": -36,
            "26": 3,
            "27": 18,
            "28": -43,
            "29": 38,
            "30": 27,
            "31": 43,
            "32": 37,
            "33": -25,
            "34": -17,
            "35": 3,
            "36": 3,
            "38": 35,
            "39": 18,
            "40": -32,
            "41": 10,
            "42": -27,
            "43": 34,
            "44": -29,
            "45": -12,
            "46": 14,
            "47": 19,
            "48": 38,
            "49": -40,
            "50": 34,
            "51": -10,
            "52": -30,
            "53": -21,
            "54": -46,
            "55": 1,
            "56": 4,
            "57": 6
        },
        "38": {
            "0": 28,
            "1": 37,
            "2": -14,
            "3": -16,
            "4": 37,
            "5": 38,
            "6": -41,
            "7": 24,
            "8": -4,
            "9": 17,
            "10": 12,
            "11": -34,
            "12": 8,
            "13": -33,
            "14": -44,
            "15": -28,
            "16": -17,
            "17": 16,
            "18": -45,
            "19": -38,
            "20": 22,
            "21": -33,
            "22": -21,
            "23": -24,
            "24": 45,
            "25": 29,
            "26": -47,
            "27": 24,
            "28": 21,
            "29": -32,
            "30": -13,
            "31": -27,
            "32": -3,
            "33": 15,
            "34": 40,
            "35": 26,
            "36": -23,
            "37": 35,
            "39": 15,
            "40": -25,
            "41": 47,
            "42": -7,
            "43": -45,
            "44": 39,
            "45": -12,
            "46": 32,
            "47": -40,
            "48": -44,
            "49": -24,
            "50": -35,
            "51": -49,
            "52": 23,
            "53": 0,
            "54": 43,
            "55": -23,
            "56": -9,
            "57": -28
        },
        "39": {
            "0": -10,
            "1": -13,
            "2": -8,
            "3": 20,
            "4": 44,
            "5": 18,
            "6": 37,
            "7": 44,
            "8": -22,
            "9": 0,
            "10": 19,
            "11": -4,
            "12": 30,
            "13": -23,
            "14": -14,
            "15": -6,
            "16": -37,
            "17": -34,
            "18": -45,
            "19": 43,
            "20": -22,
            "21": -21,
            "22": 21,
            "23": 41,
            "24": 42,
            "25": -14,
            "26": 7,
            "27": -22,
            "28": -31,
            "29": -3,
            "30": 43,
            "31": 37,
            "32": 39,
            "33": -40,
            "34": -33,
            "35": -2,
            "36": -40,
            "37": 18,
            "38": 15,
            "40": -25,
            "41": 32,
            "42": 30,
            "43": 20,
            "44": -24,
            "45": -18,
            "46": -36,
            "47": 40,
            "48": -26,
            "49": 20,
            "50": -16,
            "51": 34,
            "52": 44,
            "53": 21,
            "54": -43,
            "55": -22,
            "56": 39,
            "57": -45
        },
        "40": {
            "0": -1,
            "1": 38,
            "2": -42,
            "3": 48,
            "4": -9,
            "5": -8,
            "6": 29,
            "7": 33,
            "8": 10,
            "9": -44,
            "10": 3,
            "11": -5,
            "12": -17,
            "13": -6,
            "14": 16,
            "15": 28,
            "16": -46,
            "17": 24,
            "18": -1,
            "19": 42,
            "20": -16,
            "21": -10,
            "22": -13,
            "23": 22,
            "24": -16,
            "25": 16,
            "26": -42,
            "27": 20,
            "28": 34,
            "29": -23,
            "30": 40,
            "31": 44,
            "32": 43,
            "33": -13,
            "34": -23,
            "35": -46,
            "36": -10,
            "37": -32,
            "38": -25,
            "39": -25,
            "41": -26,
            "42": 16,
            "43": 6,
            "44": 4,
            "45": -34,
            "46": -12,
            "47": 28,
            "48": 5,
            "49": 9,
            "50": -3,
            "51": 40,
            "52": -47,
            "53": -13,
            "54": 5,
            "55": 21,
            "56": -46,
            "57": 24
        },
        "41": {
            "0": -31,
            "1": -38,
            "2": -19,
            "3": 34,
            "4": 44,
            "5": -25,
            "6": 14,
            "7": -28,
            "8": 23,
            "9": -39,
            "10": 13,
            "11": 39,
            "12": 2,
            "13": -36,
            "14": -47,
            "15": -44,
            "16": -49,
            "17": 13,
            "18": 8,
            "19": 13,
            "20": -22,
            "21": -4,
            "22": -42,
            "23": -45,
            "24": -7,
            "25": -5,
            "26": 3,
            "27": 12,
            "28": -42,
            "29": 9,
            "30": -36,
            "31": 10,
            "32": 19,
            "33": 16,
            "34": -23,
            "35": -31,
            "36": -22,
            "37": 10,
            "38": 47,
            "39": 32,
            "40": -26,
            "42": -3,
            "43": 48,
            "44": 17,
            "45": -26,
            "46": 41,
            "47": 46,
            "48": -24,
            "49": 13,
            "50": 8,
            "51": -38,
            "52": -20,
            "53": -48,
            "54": 17,
            "55": -29,
            "56": -39,
            "57": 33
        },
        "42": {
            "0": 13,
            "1": 2,
            "2": -8,
            "3": 30,
            "4": -1,
            "5": 3,
            "6": -37,
            "7": 40,
            "8": 46,
            "9": -31,
            "10": 31,
            "11": 40,
            "12": 0,
            "13": 41,
            "14": 44,
            "15": -30,
            "16": 4,
            "17": 24,
            "18": -20,
            "19": -34,
            "20": 43,
            "21": 28,
            "22": 35,
            "23": 38,
            "24": 27,
            "25": 30,
            "26": 18,
            "27": 6,
            "28": -40,
            "29": 20,
            "30": 40,
            "31": 29,
            "32": -22,
            "33": 27,
            "34": 13,
            "35": -46,
            "36": -17,
            "37": -27,
            "38": -7,
            "39": 30,
            "40": 16,
            "41": -3,
            "43": 39,
            "44": 25,
            "45": 25,
            "46": 48,
            "47": -42,
            "48": -18,
            "49": 28,
            "50": 16,
            "51": -18,
            "52": 35,
            "53": 14,
            "54": -22,
            "55": 22,
            "56": 37,
            "57": -11
        },
        "43": {
            "0": 15,
            "1": 22,
            "2": 39,
            "3": 29,
            "4": -33,
            "5": 30,
            "6": -29,
            "7": 14,
            "8": 36,
            "9": 49,
            "10": -6,
            "11": 25,
            "12": 35,
            "13": 36,
            "14": -45,
            "15": -23,
            "16": 4,
            "17": 9,
            "18": -24,
            "19": 10,
            "20": -41,
            "21": -19,
            "22": 29,
            "23": 11,
            "24": -47,
            "25": -35,
            "26": -24,
            "27": -3,
            "28": -5,
            "29": 32,
            "30": -17,
            "31": 5,
            "32": -47,
            "33": 42,
            "34": -32,
            "35": -9,
            "36": -15,
            "37": 34,
            "38": -45,
            "39": 20,
            "40": 6,
            "41": 48,
            "42": 39,
            "44": 32,
            "45": 31,
            "46": 36,
            "47": 2,
            "48": -23,
            "49": 45,
            "50": -12,
            "51": 1,
            "52": 4,
            "53": 28,
            "54": -11,
            "55": -48,
            "56": -27,
            "57": -10
        },
        "44": {
            "0": 28,
            "1": -47,
            "2": -29,
            "3": -19,
            "4": -20,
            "5": -31,
            "6": 38,
            "7": 32,
            "8": -16,
            "9": -8,
            "10": 20,
            "11": 4,
            "12": -44,
            "13": 49,
            "14": -11,
            "15": 48,
            "16": 16,
            "17": -46,
            "18": -32,
            "19": -49,
            "20": 1,
            "21": -16,
            "22": -12,
            "23": 47,
            "24": -28,
            "25": -16,
            "26": -41,
            "27": 11,
            "28": 17,
            "29": -39,
            "30": 44,
            "31": -47,
            "32": 29,
            "33": -33,
            "34": -31,
            "35": -26,
            "36": -36,
            "37": -29,
            "38": 39,
            "39": -24,
            "40": 4,
            "41": 17,
            "42": 25,
            "43": 32,
            "45": 49,
            "46": 0,
            "47": -13,
            "48": 36,
            "49": -23,
            "50": 27,
            "51": -27,
            "52": 27,
            "53": -37,
            "54": -7,
            "55": -1,
            "56": -16,
            "57": -37
        },
        "45": {
            "0": -42,
            "1": -32,
            "2": -37,
            "3": 7,
            "4": -34,
            "5": -20,
            "6": 0,
            "7": 36,
            "8": -25,
            "9": -4,
            "10": -49,
            "11": 10,
            "12": 12,
            "13": -8,
            "14": -26,
            "15": -41,
            "16": -2,
            "17": -38,
            "18": -8,
            "19": -47,
            "20": 38,
            "21": 46,
            "22": 11,
            "23": -8,
            "24": -5,
            "25": 5,
            "26": 36,
            "27": -27,
            "28": 7,
            "29": 30,
            "30": 19,
            "31": -35,
            "32": -19,
            "33": 36,
            "34": 9,
            "35": -41,
            "36": 11,
            "37": -12,
            "38": -12,
            "39": -18,
            "40": -34,
            "41": -26,
            "42": 25,
            "43": 31,
            "44": 49,
            "46": -42,
            "47": 20,
            "48": -41,
            "49": 19,
            "50": 37,
            "51": 43,
            "52": 7,
            "53": 23,
            "54": -24,
            "55": -8,
            "56": 29,
            "57": -11
        },
        "46": {
            "0": 12,
            "1": -35,
            "2": -3,
            "3": -40,
            "4": -44,
            "5": 31,
            "6": 43,
            "7": 37,
            "8": 5,
            "9": -24,
            "10": 24,
            "11": -14,
            "12": -9,
            "13": 25,
            "14": -23,
            "15": 45,
            "16": -44,
            "17": 21,
            "18": 49,
            "19": -36,
            "20": 41,
            "21": -26,
            "22": 4,
            "23": 19,
            "24": 41,
            "25": 16,
            "26": -42,
            "27": -29,
            "28": 32,
            "29": 22,
            "30": 21,
            "31": -1,
            "32": 15,
            "33": -21,
            "34": -12,
            "35": -22,
            "36": 17,
            "37": 14,
            "38": 32,
            "39": -36,
            "40": -12,
            "41": 41,
            "42": 48,
            "43": 36,
            "44": 0,
            "45": -42,
            "47": 39,
            "48": -15,
            "49": 16,
            "50": 22,
            "51": 44,
            "52": -2,
            "53": 47,
            "54": 30,
            "55": 30,
            "56": -35,
            "57": -6
        },
        "47": {
            "0": 3,
            "1": -44,
            "2": -37,
            "3": -5,
            "4": -22,
            "5": 30,
            "6": 7,
            "7": 43,
            "8": -21,
            "9": -27,
            "10": -42,
            "11": 4,
            "12": -46,
            "13": -12,
            "14": -36,
            "15": -37,
            "16": -38,
            "17": -3,
            "18": 26,
            "19": 9,
            "20": 36,
            "21": 17,
            "22": -35,
            "23": -45,
            "24": 41,
            "25": -38,
            "26": 49,
            "27": -31,
            "28": 48,
            "29": -21,
            "30": -22,
            "31": -42,
            "32": 18,
            "33": -2,
            "34": 41,
            "35": -3,
            "36": -43,
            "37": 19,
            "38": -40,
            "39": 40,
            "40": 28,
            "41": 46,
            "42": -42,
            "43": 2,
            "44": -13,
            "45": 20,
            "46": 39,
            "48": -17,
            "49": 39,
            "50": 3,
            "51": 20,
            "52": 18,
            "53": 44,
            "54": 21,
            "55": -30,
            "56": -41,
            "57": 28
        },
        "48": {
            "0": 42,
            "1": -23,
            "2": -49,
            "3": -17,
            "4": -18,
            "5": -10,
            "6": 25,
            "7": -24,
            "8": -43,
            "9": -19,
            "10": -25,
            "11": 48,
            "12": 8,
            "13": -17,
            "14": 3,
            "15": 41,
            "16": 19,
            "17": 36,
            "18": -8,
            "19": -4,
            "20": 19,
            "21": 28,
            "22": 48,
            "23": 27,
            "24": -27,
            "25": 46,
            "26": -35,
            "27": -14,
            "28": 46,
            "29": -5,
            "30": -8,
            "31": -48,
            "32": 5,
            "33": -19,
            "34": -10,
            "35": -4,
            "36": 20,
            "37": 38,
            "38": -44,
            "39": -26,
            "40": 5,
            "41": -24,
            "42": -18,
            "43": -23,
            "44": 36,
            "45": -41,
            "46": -15,
            "47": -17,
            "49": 40,
            "50": 39,
            "51": 9,
            "52": 30,
            "53": 45,
            "54": 24,
            "55": -38,
            "56": -47,
            "57": 14
        },
        "49": {
            "0": 7,
            "1": 5,
            "2": 27,
            "3": -11,
            "4": -13,
            "5": 3,
            "6": 44,
            "7": -46,
            "8": 22,
            "9": -32,
            "10": 26,
            "11": 7,
            "12": 36,
            "13": 13,
            "14": 12,
            "15": 31,
            "16": 43,
            "17": -7,
            "18": -43,
            "19": 28,
            "20": -15,
            "21": 14,
            "22": -38,
            "23": 13,
            "24": 33,
            "25": -16,
            "26": -14,
            "27": 7,
            "28": -45,
            "29": -21,
            "30": -27,
            "31": 4,
            "32": -41,
            "33": 28,
            "34": -2,
            "35": 29,
            "36": 13,
            "37": -40,
            "38": -24,
            "39": 20,
            "40": 9,
            "41": 13,
            "42": 28,
            "43": 45,
            "44": -23,
            "45": 19,
            "46": 16,
            "47": 39,
            "48": 40,
            "50": 23,
            "51": -47,
            "52": 19,
            "53": -8,
            "54": 48,
            "55": -39,
            "56": -37,
            "57": 19
        },
        "50": {
            "0": 45,
            "1": 29,
            "2": 40,
            "3": 7,
            "4": -35,
            "5": 4,
            "6": -33,
            "7": -47,
            "8": -9,
            "9": 0,
            "10": -32,
            "11": 24,
            "12": 37,
            "13": -23,
            "14": -23,
            "15": 39,
            "16": 16,
            "17": -27,
            "18": 41,
            "19": 2,
            "20": -49,
            "21": 8,
            "22": 16,
            "23": -46,
            "24": -27,
            "25": -41,
            "26": -49,
            "27": 15,
            "28": -24,
            "29": 16,
            "30": 23,
            "31": 6,
            "32": -33,
            "33": -5,
            "34": 43,
            "35": 25,
            "36": 1,
            "37": 34,
            "38": -35,
            "39": -16,
            "40": -3,
            "41": 8,
            "42": 16,
            "43": -12,
            "44": 27,
            "45": 37,
            "46": 22,
            "47": 3,
            "48": 39,
            "49": 23,
            "51": 11,
            "52": 3,
            "53": -34,
            "54": 1,
            "55": 33,
            "56": 38,
            "57": 38
        },
        "51": {
            "0": 27,
            "1": -13,
            "2": 1,
            "3": -35,
            "4": 0,
            "5": -44,
            "6": -28,
            "7": 18,
            "8": -7,
            "9": -17,
            "10": 5,
            "11": 25,
            "12": 24,
            "13": 17,
            "14": 39,
            "15": 36,
            "16": -43,
            "17": 12,
            "18": 18,
            "19": 3,
            "20": 47,
            "21": 49,
            "22": -3,
            "23": 22,
            "24": -43,
            "25": 45,
            "26": 32,
            "27": 36,
            "28": -10,
            "29": -2,
            "30": -45,
            "31": -19,
            "32": 12,
            "33": -17,
            "34": -48,
            "35": -10,
            "36": 36,
            "37": -10,
            "38": -49,
            "39": 34,
            "40": 40,
            "41": -38,
            "42": -18,
            "43": 1,
            "44": -27,
            "45": 43,
            "46": 44,
            "47": 20,
            "48": 9,
            "49": -47,
            "50": 11,
            "52": 29,
            "53": -40,
            "54": 44,
            "55": 31,
            "56": 28,
            "57": 42
        },
        "52": {
            "0": 16,
            "1": -31,
            "2": 23,
            "3": -30,
            "4": 26,
            "5": 7,
            "6": 36,
            "7": 28,
            "8": -8,
            "9": 26,
            "10": -4,
            "11": 24,
            "12": 17,
            "13": -19,
            "14": 38,
            "15": 10,
            "16": 42,
            "17": 49,
            "18": 30,
            "19": -23,
            "20": -4,
            "21": 33,
            "22": -37,
            "23": 30,
            "24": -44,
            "25": -12,
            "26": 36,
            "27": -41,
            "28": -10,
            "29": 32,
            "30": -25,
            "31": 25,
            "32": 2,
            "33": -49,
            "34": 28,
            "35": -36,
            "36": 18,
            "37": -30,
            "38": 23,
            "39": 44,
            "40": -47,
            "41": -20,
            "42": 35,
            "43": 4,
            "44": 27,
            "45": 7,
            "46": -2,
            "47": 18,
            "48": 30,
            "49": 19,
            "50": 3,
            "51": 29,
            "53": 17,
            "54": 36,
            "55": 49,
            "56": 14,
            "57": -38
        },
        "53": {
            "0": 32,
            "1": -32,
            "2": 2,
            "3": -11,
            "4": 34,
            "5": -42,
            "6": 6,
            "7": -20,
            "8": 9,
            "9": 41,
            "10": 48,
            "11": -21,
            "12": -16,
            "13": 16,
            "14": -39,
            "15": -48,
            "16": 20,
            "17": -8,
            "18": -31,
            "19": 28,
            "20": -38,
            "21": -36,
            "22": -34,
            "23": 42,
            "24": 40,
            "25": 21,
            "26": -27,
            "27": -48,
            "28": -37,
            "29": -10,
            "30": 24,
            "31": 5,
            "32": 45,
            "33": -45,
            "34": 16,
            "35": -32,
            "36": 6,
            "37": -21,
            "38": 0,
            "39": 21,
            "40": -13,
            "41": -48,
            "42": 14,
            "43": 28,
            "44": -37,
            "45": 23,
            "46": 47,
            "47": 44,
            "48": 45,
            "49": -8,
            "50": -34,
            "51": -40,
            "52": 17,
            "54": -10,
            "55": 17,
            "56": -34,
            "57": -22
        },
        "54": {
            "0": 28,
            "1": 12,
            "2": -45,
            "3": -1,
            "4": -26,
            "5": 17,
            "6": -16,
            "7": -9,
            "8": -47,
            "9": 5,
            "10": 44,
            "11": 19,
            "12": 4,
            "13": -31,
            "14": 44,
            "15": -21,
            "16": -32,
            "17": -22,
            "18": 48,
            "19": 1,
            "20": 15,
            "21": 36,
            "22": -18,
            "23": -28,
            "24": -26,
            "25": -23,
            "26": -38,
            "27": 36,
            "28": 37,
            "29": 24,
            "30": -15,
            "31": -4,
            "32": -8,
            "33": -46,
            "34": 0,
            "35": 5,
            "36": 48,
            "37": -46,
            "38": 43,
            "39": -43,
            "40": 5,
            "41": 17,
            "42": -22,
            "43": -11,
            "44": -7,
            "45": -24,
            "46": 30,
            "47": 21,
            "48": 24,
            "49": 48,
            "50": 1,
            "51": 44,
            "52": 36,
            "53": -10,
            "55": -6,
            "56": 47,
            "57": 20
        },
        "55": {
            "0": -43,
            "1": 0,
            "2": -18,
            "3": -8,
            "4": -27,
            "5": 28,
            "6": 25,
            "7": 29,
            "8": 1,
            "9": -35,
            "10": -36,
            "11": 26,
            "12": 43,
            "13": 29,
            "14": -15,
            "15": -37,
            "16": -16,
            "17": -9,
            "18": 38,
            "19": 40,
            "20": 18,
            "21": 10,
            "22": -30,
            "23": 9,
            "24": 31,
            "25": 26,
            "26": 12,
            "27": 36,
            "28": 34,
            "29": 43,
            "30": 48,
            "31": 37,
            "32": -3,
            "33": 17,
            "34": -47,
            "35": -24,
            "36": -10,
            "37": 1,
            "38": -23,
            "39": -22,
            "40": 21,
            "41": -29,
            "42": 22,
            "43": -48,
            "44": -1,
            "45": -8,
            "46": 30,
            "47": -30,
            "48": -38,
            "49": -39,
            "50": 33,
            "51": 31,
            "52": 49,
            "53": 17,
            "54": -6,
            "56": 27,
            "57": 35
        },
        "56": {
            "0": 14,
            "1": -45,
            "2": 32,
            "3": -9,
            "4": 12,
            "5": 18,
            "6": 45,
            "7": -23,
            "8": 9,
            "9": -38,
            "10": 11,
            "11": 9,
            "12": -40,
            "13": -49,
            "14": 40,
            "15": -1,
            "16": -40,
            "17": 13,
            "18": 7,
            "19": -11,
            "20": 36,
            "21": 14,
            "22": 16,
            "23": -23,
            "24": 39,
            "25": 16,
            "26": 24,
            "27": 30,
            "28": 39,
            "29": -46,
            "30": -30,
            "31": -4,
            "32": 43,
            "33": -23,
            "34": -22,
            "35": 27,
            "36": 40,
            "37": 4,
            "38": -9,
            "39": 39,
            "40": -46,
            "41": -39,
            "42": 37,
            "43": -27,
            "44": -16,
            "45": 29,
            "46": -35,
            "47": -41,
            "48": -47,
            "49": -37,
            "50": 38,
            "51": 28,
            "52": 14,
            "53": -34,
            "54": 47,
            "55": 27,
            "57": -1
        },
        "57": {
            "0": -29,
            "1": -15,
            "2": -15,
            "3": 5,
            "4": -9,
            "5": -24,
            "6": 18,
            "7": -33,
            "8": 33,
            "9": -36,
            "10": 29,
            "11": -32,
            "12": 6,
            "13": 10,
            "14": 46,
            "15": 40,
            "16": 41,
            "17": 49,
            "18": -2,
            "19": 47,
            "20": -25,
            "21": -34,
            "22": -7,
            "23": 27,
            "24": 3,
            "25": 35,
            "26": -45,
            "27": 22,
            "28": 45,
            "29": -47,
            "30": 6,
            "31": 21,
            "32": -19,
            "33": 3,
            "34": -1,
            "35": 18,
            "36": -25,
            "37": 6,
            "38": -28,
            "39": -45,
            "40": 24,
            "41": 33,
            "42": -11,
            "43": -10,
            "44": -37,
            "45": -11,
            "46": -6,
            "47": 28,
            "48": 14,
            "49": 19,
            "50": 38,
            "51": 42,
            "52": -38,
            "53": -22,
            "54": 20,
            "55": 35,
            "56": -1
        }
    }
}