{
    "knapsack_size": 9000,
    "Gamma": 23,
    "n_items": 46,
    "costs": {
        "0": {
            "u": 391,
            "a": 203,
            "l": 80
        },
        "1": {
            "u": 391,
            "a": 240,
            "l": 119
        },
        "2": {
            "u": 391,
            "a": 250,
            "l": 121
        },
        "3": {
            "u": 391,
            "a": 348,
            "l": 117
        },
        "4": {
            "u": 391,
            "a": 372,
            "l": 178
        },
        "5": {
            "u": 391,
            "a": 334,
            "l": 118
        },
        "6": {
            "u": 391,
            "a": 274,
            "l": 120
        },
        "7": {
            "u": 391,
            "a": 244,
            "l": 115
        },
        "8": {
            "u": 391,
            "a": 279,
            "l": 130
        },
        "9": {
            "u": 391,
            "a": 268,
            "l": 124
        },
        "10": {
            "u": 391,
            "a": 359,
            "l": 172
        },
        "11": {
            "u": 391,
            "a": 316,
            "l": 154
        },
        "12": {
            "u": 391,
            "a": 253,
            "l": 112
        },
        "13": {
            "u": 391,
            "a": 229,
            "l": 107
        },
        "14": {
            "u": 391,
            "a": 358,
            "l": 178
        },
        "15": {
            "u": 391,
            "a": 273,
            "l": 130
        },
        "16": {
            "u": 391,
            "a": 244,
            "l": 110
        },
        "17": {
            "u": 391,
            "a": 241,
            "l": 95
        },
        "18": {
            "u": 391,
            "a": 315,
            "l": 136
        },
        "19": {
            "u": 391,
            "a": 355,
            "l": 164
        },
        "20": {
            "u": 391,
            "a": 388,
            "l": 130
        },
        "21": {
            "u": 391,
            "a": 332,
            "l": 151
        },
        "22": {
            "u": 391,
            "a": 287,
            "l": 101
        },
        "23": {
            "u": 391,
            "a": 277,
            "l": 130
        },
        "24": {
            "u": 391,
            "a": 259,
            "l": 104
        },
        "25": {
            "u": 391,
            "a": 232,
            "l": 82
        },
        "26": {
            "u": 391,
            "a": 374,
            "l": 134
        },
        "27": {
            "u": 391,
            "a": 222,
            "l": 83
        },
        "28": {
            "u": 391,
            "a": 342,
            "l": 167
        },
        "29": {
            "u": 391,
            "a": 293,
            "l": 117
        },
        "30": {
            "u": 391,
            "a": 266,
            "l": 108
        },
        "31": {
            "u": 391,
            "a": 214,
            "l": 93
        },
        "32": {
            "u": 391,
            "a": 209,
            "l": 95
        },
        "33": {
            "u": 391,
            "a": 328,
            "l": 114
        },
        "34": {
            "u": 391,
            "a": 347,
            "l": 155
        },
        "35": {
            "u": 391,
            "a": 220,
            "l": 104
        },
        "36": {
            "u": 391,
            "a": 247,
            "l": 91
        },
        "37": {
            "u": 391,
            "a": 370,
            "l": 167
        },
        "38": {
            "u": 391,
            "a": 262,
            "l": 110
        },
        "39": {
            "u": 391,
            "a": 240,
            "l": 98
        },
        "40": {
            "u": 391,
            "a": 299,
            "l": 107
        },
        "41": {
            "u": 391,
            "a": 329,
            "l": 141
        },
        "42": {
            "u": 391,
            "a": 386,
            "l": 175
        },
        "43": {
            "u": 391,
            "a": 252,
            "l": 91
        },
        "44": {
            "u": 391,
            "a": 290,
            "l": 137
        },
        "45": {
            "u": 391,
            "a": 270,
            "l": 95
        }
    },
    "profits": {
        "0": 451,
        "1": 645,
        "2": 522,
        "3": 636,
        "4": 463,
        "5": 666,
        "6": 647,
        "7": 556,
        "8": 677,
        "9": 555,
        "10": 422,
        "11": 580,
        "12": 415,
        "13": 584,
        "14": 656,
        "15": 589,
        "16": 576,
        "17": 406,
        "18": 558,
        "19": 470,
        "20": 667,
        "21": 426,
        "22": 439,
        "23": 394,
        "24": 609,
        "25": 676,
        "26": 671,
        "27": 515,
        "28": 416,
        "29": 484,
        "30": 666,
        "31": 528,
        "32": 455,
        "33": 503,
        "34": 680,
        "35": 683,
        "36": 484,
        "37": 619,
        "38": 583,
        "39": 612,
        "40": 575,
        "41": 409,
        "42": 560,
        "43": 677,
        "44": 466,
        "45": 637
    },
    "synergies": {
        "0": {
            "1": -18,
            "2": 27,
            "3": 11,
            "4": -32,
            "5": -46,
            "6": -5,
            "7": 4,
            "8": -46,
            "9": 0,
            "10": 42,
            "11": 18,
            "12": 10,
            "13": -12,
            "14": -28,
            "15": -31,
            "16": -12,
            "17": -7,
            "18": 24,
            "19": 13,
            "20": 29,
            "21": 32,
            "22": -48,
            "23": -43,
            "24": 2,
            "25": -33,
            "26": 19,
            "27": -39,
            "28": -25,
            "29": -47,
            "30": -36,
            "31": -9,
            "32": 39,
            "33": 16,
            "34": -2,
            "35": 4,
            "36": 39,
            "37": 34,
            "38": 8,
            "39": 10,
            "40": 49,
            "41": 49,
            "42": 49,
            "43": 16,
            "44": -7,
            "45": -36
        },
        "1": {
            "0": -18,
            "2": -48,
            "3": -42,
            "4": 13,
            "5": -33,
            "6": -42,
            "7": -2,
            "8": -3,
            "9": -36,
            "10": -25,
            "11": -18,
            "12": -2,
            "13": 30,
            "14": -4,
            "15": -26,
            "16": 18,
            "17": -31,
            "18": 4,
            "19": -40,
            "20": -45,
            "21": 11,
            "22": 1,
            "23": -46,
            "24": -23,
            "25": 5,
            "26": 14,
            "27": 48,
            "28": -29,
            "29": -6,
            "30": 45,
            "31": 24,
            "32": 24,
            "33": 34,
            "34": 3,
            "35": -25,
            "36": -45,
            "37": 14,
            "38": 30,
            "39": 46,
            "40": 5,
            "41": 23,
            "42": 17,
            "43": -29,
            "44": -43,
            "45": 42
        },
        "2": {
            "0": 27,
            "1": -48,
            "3": -18,
            "4": -43,
            "5": 42,
            "6": -29,
            "7": -36,
            "8": 47,
            "9": -23,
            "10": 47,
            "11": -3,
            "12": -43,
            "13": 28,
            "14": -3,
            "15": -25,
            "16": 32,
            "17": 23,
            "18": 21,
            "19": -3,
            "20": 39,
            "21": -47,
            "22": -18,
            "23": -31,
            "24": -24,
            "25": -34,
            "26": -34,
            "27": -48,
            "28": -24,
            "29": -13,
            "30": -36,
            "31": 35,
            "32": -16,
            "33": -31,
            "34": 16,
            "35": -40,
            "36": 32,
            "37": -36,
            "38": -7,
            "39": 23,
            "40": -37,
            "41": -19,
            "42": 18,
            "43": 37,
            "44": 11,
            "45": 42
        },
        "3": {
            "0": 11,
            "1": -42,
            "2": -18,
            "4": 20,
            "5": 9,
            "6": 0,
            "7": 41,
            "8": 5,
            "9": 7,
            "10": 43,
            "11": 0,
            "12": -27,
            "13": 38,
            "14": -23,
            "15": -41,
            "16": 17,
            "17": 17,
            "18": 18,
            "19": 41,
            "20": -36,
            "21": 44,
            "22": 24,
            "23": 11,
            "24": -33,
            "25": 36,
            "26": 31,
            "27": -36,
            "28": -11,
            "29": 36,
            "30": -7,
            "31": -25,
            "32": -4,
            "33": -33,
            "34": 30,
            "35": -16,
            "36": 34,
            "37": 42,
            "38": -21,
            "39": 47,
            "40": 35,
            "41": -22,
            "42": 15,
            "43": -40,
            "44": 34,
            "45": 14
        },
        "4": {
            "0": -32,
            "1": 13,
            "2": -43,
            "3": 20,
            "5": 39,
            "6": -2,
            "7": 47,
            "8": 23,
            "9": -9,
            "10": -48,
            "11": 21,
            "12": 39,
            "13": -28,
            "14": 14,
            "15": 28,
            "16": -20,
            "17": -11,
            "18": 2,
            "19": -24,
            "20": 12,
            "21": -34,
            "22": 40,
            "23": 3,
            "24": 46,
            "25": 32,
            "26": 35,
            "27": 0,
            "28": 30,
            "29": 4,
            "30": -32,
            "31": -29,
            "32": -29,
            "33": 13,
            "34": -40,
            "35": -13,
            "36": 8,
            "37": 18,
            "38": 12,
            "39": 7,
            "40": 31,
            "41": 35,
            "42": -48,
            "43": 12,
            "44": 36,
            "45": -10
        },
        "5": {
            "0": -46,
            "1": -33,
            "2": 42,
            "3": 9,
            "4": 39,
            "6": -7,
            "7": 48,
            "8": 34,
            "9": 10,
            "10": -23,
            "11": 40,
            "12": 28,
            "13": -7,
            "14": -9,
            "15": 8,
            "16": 7,
            "17": 13,
            "18": 49,
            "19": -22,
            "20": -14,
            "21": 42,
            "22": -30,
            "23": -34,
            "24": 24,
            "25": -22,
            "26": -15,
            "27": -35,
            "28": 15,
            "29": -7,
            "30": 49,
            "31": -27,
            "32": -40,
            "33": 17,
            "34": -10,
            "35": 12,
            "36": 32,
            "37": -3,
            "38": 31,
            "39": 14,
            "40": -36,
            "41": -39,
            "42": 17,
            "43": -12,
            "44": 29,
            "45": -11
        },
        "6": {
            "0": -5,
            "1": -42,
            "2": -29,
            "3": 0,
            "4": -2,
            "5": -7,
            "7": -2,
            "8": 42,
            "9": 3,
            "10": -8,
            "11": 17,
            "12": 18,
            "13": 34,
            "14": -25,
            "15": -11,
            "16": 36,
            "17": 41,
            "18": -19,
            "19": -9,
            "20": 37,
            "21": 19,
            "22": 30,
            "23": -20,
            "24": 34,
            "25": 44,
            "26": -33,
            "27": 8,
            "28": -15,
            "29": -4,
            "30": 8,
            "31": 28,
            "32": -8,
            "33": -46,
            "34": 29,
            "35": 35,
            "36": 37,
            "37": 9,
            "38": 28,
            "39": -20,
            "40": -8,
            "41": -22,
            "42": 39,
            "43": 32,
            "44": 30,
            "45": -22
        },
        "7": {
            "0": 4,
            "1": -2,
            "2": -36,
            "3": 41,
            "4": 47,
            "5": 48,
            "6": -2,
            "8": -7,
            "9": 2,
            "10": 33,
            "11": -15,
            "12": -48,
            "13": -14,
            "14": -47,
            "15": 33,
            "16": -12,
            "17": 47,
            "18": -8,
            "19": 46,
            "20": 19,
            "21": 27,
            "22": 8,
            "23": 46,
            "24": 38,
            "25": -33,
            "26": -20,
            "27": 29,
            "28": 27,
            "29": 20,
            "30": -5,
            "31": -15,
            "32": 10,
            "33": -6,
            "34": 5,
            "35": 6,
            "36": -25,
            "37": 15,
            "38": 47,
            "39": 6,
            "40": 6,
            "41": -19,
            "42": -24,
            "43": 39,
            "44": -18,
            "45": -32
        },
        "8": {
            "0": -46,
            "1": -3,
            "2": 47,
            "3": 5,
            "4": 23,
            "5": 34,
            "6": 42,
            "7": -7,
            "9": -28,
            "10": -15,
            "11": -29,
            "12": 16,
            "13": 46,
            "14": 36,
            "15": -39,
            "16": 28,
            "17": -14,
            "18": -27,
            "19": -16,
            "20": -47,
            "21": 21,
            "22": -8,
            "23": 0,
            "24": -44,
            "25": 48,
            "26": 41,
            "27": 1,
            "28": 16,
            "29": -31,
            "30": 44,
            "31": 6,
            "32": -10,
            "33": 7,
            "34": 48,
            "35": 20,
            "36": 31,
            "37": 48,
            "38": -8,
            "39": -23,
            "40": -41,
            "41": 11,
            "42": -43,
            "43": -15,
            "44": -8,
            "45": -24
        },
        "9": {
            "0": 0,
            "1": -36,
            "2": -23,
            "3": 7,
            "4": -9,
            "5": 10,
            "6": 3,
            "7": 2,
            "8": -28,
            "10": -33,
            "11": 34,
            "12": -46,
            "13": -24,
            "14": -41,
            "15": 4,
            "16": 38,
            "17": -17,
            "18": 13,
            "19": -11,
            "20": -4,
            "21": -22,
            "22": 49,
            "23": -7,
            "24": 42,
            "25": -30,
            "26": 46,
            "27": 13,
            "28": -39,
            "29": 11,
            "30": -42,
            "31": 33,
            "32": -35,
            "33": 13,
            "34": -5,
            "35": -30,
            "36": -10,
            "37": 25,
            "38": 33,
            "39": -47,
            "40": 46,
            "41": 3,
            "42": -39,
            "43": 4,
            "44": 36,
            "45": 44
        },
        "10": {
            "0": 42,
            "1": -25,
            "2": 47,
            "3": 43,
            "4": -48,
            "5": -23,
            "6": -8,
            "7": 33,
            "8": -15,
            "9": -33,
            "11": -14,
            "12": 6,
            "13": -20,
            "14": 43,
            "15": 40,
            "16": -28,
            "17": -1,
            "18": 37,
            "19": -26,
            "20": -13,
            "21": -34,
            "22": 29,
            "23": -8,
            "24": 18,
            "25": 42,
            "26": 28,
            "27": 44,
            "28": 18,
            "29": -30,
            "30": 12,
            "31": -29,
            "32": -24,
            "33": -13,
            "34": -18,
            "35": -1,
            "36": 4,
            "37": -42,
            "38": 2,
            "39": -44,
            "40": -44,
            "41": -12,
            "42": 11,
            "43": -39,
            "44": 18,
            "45": 23
        },
        "11": {
            "0": 18,
            "1": -18,
            "2": -3,
            "3": 0,
            "4": 21,
            "5": 40,
            "6": 17,
            "7": -15,
            "8": -29,
            "9": 34,
            "10": -14,
            "12": 9,
            "13": -45,
            "14": -38,
            "15": -33,
            "16": 17,
            "17": -32,
            "18": -2,
            "19": -15,
            "20": 29,
            "21": -47,
            "22": 20,
            "23": -36,
            "24": -24,
            "25": 3,
            "26": 20,
            "27": 21,
            "28": -22,
            "29": 30,
            "30": 26,
            "31": -11,
            "32": -5,
            "33": -2,
            "34": -10,
            "35": -28,
            "36": -3,
            "37": 41,
            "38": 4,
            "39": -29,
            "40": -5,
            "41": -42,
            "42": 2,
            "43": 22,
            "44": -14,
            "45": -10
        },
        "12": {
            "0": 10,
            "1": -2,
            "2": -43,
            "3": -27,
            "4": 39,
            "5": 28,
            "6": 18,
            "7": -48,
            "8": 16,
            "9": -46,
            "10": 6,
            "11": 9,
            "13": 23,
            "14": 3,
            "15": -4,
            "16": -40,
            "17": 6,
            "18": -3,
            "19": 10,
            "20": -10,
            "21": 48,
            "22": 40,
            "23": -48,
            "24": 41,
            "25": -38,
            "26": -32,
            "27": -17,
            "28": -23,
            "29": 17,
            "30": 4,
            "31": -49,
            "32": 41,
            "33": 17,
            "34": -41,
            "35": 22,
            "36": 21,
            "37": -40,
            "38": 28,
            "39": 48,
            "40": -3,
            "41": 2,
            "42": 44,
            "43": -15,
            "44": -6,
            "45": -18
        },
        "13": {
            "0": -12,
            "1": 30,
            "2": 28,
            "3": 38,
            "4": -28,
            "5": -7,
            "6": 34,
            "7": -14,
            "8": 46,
            "9": -24,
            "10": -20,
            "11": -45,
            "12": 23,
            "14": -40,
            "15": 0,
            "16": -47,
            "17": -7,
            "18": 20,
            "19": 14,
            "20": -31,
            "21": 41,
            "22": 5,
            "23": -32,
            "24": -29,
            "25": 33,
            "26": 18,
            "27": 8,
            "28": 25,
            "29": -46,
            "30": 0,
            "31": 6,
            "32": -33,
            "33": -13,
            "34": -42,
            "35": 4,
            "36": -3,
            "37": 21,
            "38": 31,
            "39": 15,
            "40": 1,
            "41": 15,
            "42": -14,
            "43": -42,
            "44": 47,
            "45": 8
        },
        "14": {
            "0": -28,
            "1": -4,
            "2": -3,
            "3": -23,
            "4": 14,
            "5": -9,
            "6": -25,
            "7": -47,
            "8": 36,
            "9": -41,
            "10": 43,
            "11": -38,
            "12": 3,
            "13": -40,
            "15": 33,
            "16": -27,
            "17": -29,
            "18": 29,
            "19": 28,
            "20": 32,
            "21": -5,
            "22": 5,
            "23": -38,
            "24": -18,
            "25": -45,
            "26": -36,
            "27": -32,
            "28": 41,
            "29": -31,
            "30": -36,
            "31": 9,
            "32": -23,
            "33": 11,
            "34": -17,
            "35": -13,
            "36": 7,
            "37": -49,
            "38": 36,
            "39": 33,
            "40": -31,
            "41": -6,
            "42": -14,
            "43": -47,
            "44": 17,
            "45": 36
        },
        "15": {
            "0": -31,
            "1": -26,
            "2": -25,
            "3": -41,
            "4": 28,
            "5": 8,
            "6": -11,
            "7": 33,
            "8": -39,
            "9": 4,
            "10": 40,
            "11": -33,
            "12": -4,
            "13": 0,
            "14": 33,
            "16": 1,
            "17": -40,
            "18": -34,
            "19": -36,
            "20": 15,
            "21": 4,
            "22": 45,
            "23": -9,
            "24": 15,
            "25": -3,
            "26": 39,
            "27": -41,
            "28": 2,
            "29": 30,
            "30": -3,
            "31": 49,
            "32": 28,
            "33": -9,
            "34": -20,
            "35": 14,
            "36": -41,
            "37": -28,
            "38": -21,
            "39": -19,
            "40": 0,
            "41": 40,
            "42": -14,
            "43": 23,
            "44": -24,
            "45": 13
        },
        "16": {
            "0": -12,
            "1": 18,
            "2": 32,
            "3": 17,
            "4": -20,
            "5": 7,
            "6": 36,
            "7": -12,
            "8": 28,
            "9": 38,
            "10": -28,
            "11": 17,
            "12": -40,
            "13": -47,
            "14": -27,
            "15": 1,
            "17": 15,
            "18": 3,
            "19": 23,
            "20": -24,
            "21": -1,
            "22": 47,
            "23": 5,
            "24": -30,
            "25": 8,
            "26": -33,
            "27": 37,
            "28": 47,
            "29": -3,
            "30": 47,
            "31": 7,
            "32": 45,
            "33": -28,
            "34": 37,
            "35": -21,
            "36": 17,
            "37": 41,
            "38": 12,
            "39": -27,
            "40": 45,
            "41": 12,
            "42": 24,
            "43": -32,
            "44": 41,
            "45": -3
        },
        "17": {
            "0": -7,
            "1": -31,
            "2": 23,
            "3": 17,
            "4": -11,
            "5": 13,
            "6": 41,
            "7": 47,
            "8": -14,
            "9": -17,
            "10": -1,
            "11": -32,
            "12": 6,
            "13": -7,
            "14": -29,
            "15": -40,
            "16": 15,
            "18": -19,
            "19": 44,
            "20": -23,
            "21": -35,
            "22": 46,
            "23": 33,
            "24": 1,
            "25": -3,
            "26": 28,
            "27": -45,
            "28": -6,
            "29": -19,
            "30": 22,
            "31": -9,
            "32": -20,
            "33": -34,
            "34": -37,
            "35": 39,
            "36": 21,
            "37": 36,
            "38": -48,
            "39": -49,
            "40": -32,
            "41": -24,
            "42": 11,
            "43": -18,
            "44": 17,
            "45": -2
        },
        "18": {
            "0": 24,
            "1": 4,
            "2": 21,
            "3": 18,
            "4": 2,
            "5": 49,
            "6": -19,
            "7": -8,
            "8": -27,
            "9": 13,
            "10": 37,
            "11": -2,
            "12": -3,
            "13": 20,
            "14": 29,
            "15": -34,
            "16": 3,
            "17": -19,
            "19": -38,
            "20": -40,
            "21": 26,
            "22": -49,
            "23": 0,
            "24": -30,
            "25": -32,
            "26": -38,
            "27": -26,
            "28": 14,
            "29": -6,
            "30": -23,
            "31": -42,
            "32": -35,
            "33": 12,
            "34": 33,
            "35": 38,
            "36": 0,
            "37": 2,
            "38": 4,
            "39": -26,
            "40": 1,
            "41": -27,
            "42": 22,
            "43": 5,
            "44": -16,
            "45": -45
        },
        "19": {
            "0": 13,
            "1": -40,
            "2": -3,
            "3": 41,
            "4": -24,
            "5": -22,
            "6": -9,
            "7": 46,
            "8": -16,
            "9": -11,
            "10": -26,
            "11": -15,
            "12": 10,
            "13": 14,
            "14": 28,
            "15": -36,
            "16": 23,
            "17": 44,
            "18": -38,
            "20": -43,
            "21": 8,
            "22": 47,
            "23": -39,
            "24": 16,
            "25": -8,
            "26": 8,
            "27": 42,
            "28": -47,
            "29": 44,
            "30": -39,
            "31": -40,
            "32": 37,
            "33": -21,
            "34": 34,
            "35": 49,
            "36": 10,
            "37": -44,
            "38": -14,
            "39": -3,
            "40": -27,
            "41": -43,
            "42": -33,
            "43": -14,
            "44": -13,
            "45": 18
        },
        "20": {
            "0": 29,
            "1": -45,
            "2": 39,
            "3": -36,
            "4": 12,
            "5": -14,
            "6": 37,
            "7": 19,
            "8": -47,
            "9": -4,
            "10": -13,
            "11": 29,
            "12": -10,
            "13": -31,
            "14": 32,
            "15": 15,
            "16": -24,
            "17": -23,
            "18": -40,
            "19": -43,
            "21": 17,
            "22": 36,
            "23": -13,
            "24": -27,
            "25": -13,
            "26": 40,
            "27": -3,
            "28": -10,
            "29": 49,
            "30": -22,
            "31": -9,
            "32": -25,
            "33": -13,
            "34": 39,
            "35": 36,
            "36": 36,
            "37": 7,
            "38": 28,
            "39": 43,
            "40": 36,
            "41": -23,
            "42": -26,
            "43": 14,
            "44": 31,
            "45": 19
        },
        "21": {
            "0": 32,
            "1": 11,
            "2": -47,
            "3": 44,
            "4": -34,
            "5": 42,
            "6": 19,
            "7": 27,
            "8": 21,
            "9": -22,
            "10": -34,
            "11": -47,
            "12": 48,
            "13": 41,
            "14": -5,
            "15": 4,
            "16": -1,
            "17": -35,
            "18": 26,
            "19": 8,
            "20": 17,
            "22": 19,
            "23": 48,
            "24": 34,
            "25": -7,
            "26": 8,
            "27": 31,
            "28": -37,
            "29": -4,
            "30": 30,
            "31": 25,
            "32": -10,
            "33": 7,
            "34": -44,
            "35": -46,
            "36": 25,
            "37": -34,
            "38": 35,
            "39": -39,
            "40": 11,
            "41": 42,
            "42": 21,
            "43": -35,
            "44": 20,
            "45": -5
        },
        "22": {
            "0": -48,
            "1": 1,
            "2": -18,
            "3": 24,
            "4": 40,
            "5": -30,
            "6": 30,
            "7": 8,
            "8": -8,
            "9": 49,
            "10": 29,
            "11": 20,
            "12": 40,
            "13": 5,
            "14": 5,
            "15": 45,
            "16": 47,
            "17": 46,
            "18": -49,
            "19": 47,
            "20": 36,
            "21": 19,
            "23": 7,
            "24": -12,
            "25": 11,
            "26": 1,
            "27": 12,
            "28": 1,
            "29": -24,
            "30": 29,
            "31": -42,
            "32": -39,
            "33": 24,
            "34": -25,
            "35": 37,
            "36": 24,
            "37": -44,
            "38": -43,
            "39": -44,
            "40": -33,
            "41": 1,
            "42": 0,
            "43": 49,
            "44": 5,
            "45": -20
        },
        "23": {
            "0": -43,
            "1": -46,
            "2": -31,
            "3": 11,
            "4": 3,
            "5": -34,
            "6": -20,
            "7": 46,
            "8": 0,
            "9": -7,
            "10": -8,
            "11": -36,
            "12": -48,
            "13": -32,
            "14": -38,
            "15": -9,
            "16": 5,
            "17": 33,
            "18": 0,
            "19": -39,
            "20": -13,
            "21": 48,
            "22": 7,
            "24": -32,
            "25": -10,
            "26": -8,
            "27": 41,
            "28": -39,
            "29": 34,
            "30": -46,
            "31": -2,
            "32": -25,
            "33": 31,
            "34": 46,
            "35": 41,
            "36": -23,
            "37": -45,
            "38": 48,
            "39": 13,
            "40": -36,
            "41": -12,
            "42": 7,
            "43": -6,
            "44": 36,
            "45": 26
        },
        "24": {
            "0": 2,
            "1": -23,
            "2": -24,
            "3": -33,
            "4": 46,
            "5": 24,
            "6": 34,
            "7": 38,
            "8": -44,
            "9": 42,
            "10": 18,
            "11": -24,
            "12": 41,
            "13": -29,
            "14": -18,
            "15": 15,
            "16": -30,
            "17": 1,
            "18": -30,
            "19": 16,
            "20": -27,
            "21": 34,
            "22": -12,
            "23": -32,
            "25": -14,
            "26": -20,
            "27": -6,
            "28": -43,
            "29": 49,
            "30": 49,
            "31": 30,
            "32": 35,
            "33": -23,
            "34": 20,
            "35": 16,
            "36": 24,
            "37": -29,
            "38": 29,
            "39": -6,
            "40": 49,
            "41": 39,
            "42": 8,
            "43": 11,
            "44": 0,
            "45": 43
        },
        "25": {
            "0": -33,
            "1": 5,
            "2": -34,
            "3": 36,
            "4": 32,
            "5": -22,
            "6": 44,
            "7": -33,
            "8": 48,
            "9": -30,
            "10": 42,
            "11": 3,
            "12": -38,
            "13": 33,
            "14": -45,
            "15": -3,
            "16": 8,
            "17": -3,
            "18": -32,
            "19": -8,
            "20": -13,
            "21": -7,
            "22": 11,
            "23": -10,
            "24": -14,
            "26": -41,
            "27": 18,
            "28": -32,
            "29": 27,
            "30": 1,
            "31": -5,
            "32": 1,
            "33": -8,
            "34": 0,
            "35": 0,
            "36": -27,
            "37": -27,
            "38": -35,
            "39": -40,
            "40": -8,
            "41": -8,
            "42": -43,
            "43": -16,
            "44": -44,
            "45": 33
        },
        "26": {
            "0": 19,
            "1": 14,
            "2": -34,
            "3": 31,
            "4": 35,
            "5": -15,
            "6": -33,
            "7": -20,
            "8": 41,
            "9": 46,
            "10": 28,
            "11": 20,
            "12": -32,
            "13": 18,
            "14": -36,
            "15": 39,
            "16": -33,
            "17": 28,
            "18": -38,
            "19": 8,
            "20": 40,
            "21": 8,
            "22": 1,
            "23": -8,
            "24": -20,
            "25": -41,
            "27": 12,
            "28": -28,
            "29": -36,
            "30": 31,
            "31": 19,
            "32": -5,
            "33": -33,
            "34": -13,
            "35": 48,
            "36": 29,
            "37": 42,
            "38": -34,
            "39": 2,
            "40": 7,
            "41": -11,
            "42": 36,
            "43": -21,
            "44": -8,
            "45": 45
        },
        "27": {
            "0": -39,
            "1": 48,
            "2": -48,
            "3": -36,
            "4": 0,
            "5": -35,
            "6": 8,
            "7": 29,
            "8": 1,
            "9": 13,
            "10": 44,
            "11": 21,
            "12": -17,
            "13": 8,
            "14": -32,
            "15": -41,
            "16": 37,
            "17": -45,
            "18": -26,
            "19": 42,
            "20": -3,
            "21": 31,
            "22": 12,
            "23": 41,
            "24": -6,
            "25": 18,
            "26": 12,
            "28": 6,
            "29": 29,
            "30": -18,
            "31": -12,
            "32": -12,
            "33": 10,
            "34": 16,
            "35": -33,
            "36": -23,
            "37": -43,
            "38": -42,
            "39": -44,
            "40": 28,
            "41": 0,
            "42": -4,
            "43": -6,
            "44": 32,
            "45": -11
        },
        "28": {
            "0": -25,
            "1": -29,
            "2": -24,
            "3": -11,
            "4": 30,
            "5": 15,
            "6": -15,
            "7": 27,
            "8": 16,
            "9": -39,
            "10": 18,
            "11": -22,
            "12": -23,
            "13": 25,
            "14": 41,
            "15": 2,
            "16": 47,
            "17": -6,
            "18": 14,
            "19": -47,
            "20": -10,
            "21": -37,
            "22": 1,
            "23": -39,
            "24": -43,
            "25": -32,
            "26": -28,
            "27": 6,
            "29": 48,
            "30": 28,
            "31": -42,
            "32": 23,
            "33": 36,
            "34": 4,
            "35": 39,
            "36": -19,
            "37": 19,
            "38": -19,
            "39": 34,
            "40": 13,
            "41": 9,
            "42": 27,
            "43": 0,
            "44": -14,
            "45": 31
        },
        "29": {
            "0": -47,
            "1": -6,
            "2": -13,
            "3": 36,
            "4": 4,
            "5": -7,
            "6": -4,
            "7": 20,
            "8": -31,
            "9": 11,
            "10": -30,
            "11": 30,
            "12": 17,
            "13": -46,
            "14": -31,
            "15": 30,
            "16": -3,
            "17": -19,
            "18": -6,
            "19": 44,
            "20": 49,
            "21": -4,
            "22": -24,
            "23": 34,
            "24": 49,
            "25": 27,
            "26": -36,
            "27": 29,
            "28": 48,
            "30": 11,
            "31": -17,
            "32": -44,
            "33": 35,
            "34": 18,
            "35": 40,
            "36": -38,
            "37": 31,
            "38": 47,
            "39": -10,
            "40": 40,
            "41": -14,
            "42": -23,
            "43": -26,
            "44": -1,
            "45": -43
        },
        "30": {
            "0": -36,
            "1": 45,
            "2": -36,
            "3": -7,
            "4": -32,
            "5": 49,
            "6": 8,
            "7": -5,
            "8": 44,
            "9": -42,
            "10": 12,
            "11": 26,
            "12": 4,
            "13": 0,
            "14": -36,
            "15": -3,
            "16": 47,
            "17": 22,
            "18": -23,
            "19": -39,
            "20": -22,
            "21": 30,
            "22": 29,
            "23": -46,
            "24": 49,
            "25": 1,
            "26": 31,
            "27": -18,
            "28": 28,
            "29": 11,
            "31": 23,
            "32": -27,
            "33": 20,
            "34": 32,
            "35": -25,
            "36": -28,
            "37": 42,
            "38": -37,
            "39": 14,
            "40": -3,
            "41": -33,
            "42": 34,
            "43": -20,
            "44": -17,
            "45": 30
        },
        "31": {
            "0": -9,
            "1": 24,
            "2": 35,
            "3": -25,
            "4": -29,
            "5": -27,
            "6": 28,
            "7": -15,
            "8": 6,
            "9": 33,
            "10": -29,
            "11": -11,
            "12": -49,
            "13": 6,
            "14": 9,
            "15": 49,
            "16": 7,
            "17": -9,
            "18": -42,
            "19": -40,
            "20": -9,
            "21": 25,
            "22": -42,
            "23": -2,
            "24": 30,
            "25": -5,
            "26": 19,
            "27": -12,
            "28": -42,
            "29": -17,
            "30": 23,
            "32": -33,
            "33": 1,
            "34": 37,
            "35": -23,
            "36": 20,
            "37": 26,
            "38": -25,
            "39": -3,
            "40": 26,
            "41": -22,
            "42": -32,
            "43": -32,
            "44": -17,
            "45": 49
        },
        "32": {
            "0": 39,
            "1": 24,
            "2": -16,
            "3": -4,
            "4": -29,
            "5": -40,
            "6": -8,
            "7": 10,
            "8": -10,
            "9": -35,
            "10": -24,
            "11": -5,
            "12": 41,
            "13": -33,
            "14": -23,
            "15": 28,
            "16": 45,
            "17": -20,
            "18": -35,
            "19": 37,
            "20": -25,
            "21": -10,
            "22": -39,
            "23": -25,
            "24": 35,
            "25": 1,
            "26": -5,
            "27": -12,
            "28": 23,
            "29": -44,
            "30": -27,
            "31": -33,
            "33": -18,
            "34": 10,
            "35": 5,
            "36": -12,
            "37": 18,
            "38": -35,
            "39": 1,
            "40": 41,
            "41": 39,
            "42": 9,
            "43": 3,
            "44": -17,
            "45": 1
        },
        "33": {
            "0": 16,
            "1": 34,
            "2": -31,
            "3": -33,
            "4": 13,
            "5": 17,
            "6": -46,
            "7": -6,
            "8": 7,
            "9": 13,
            "10": -13,
            "11": -2,
            "12": 17,
            "13": -13,
            "14": 11,
            "15": -9,
            "16": -28,
            "17": -34,
            "18": 12,
            "19": -21,
            "20": -13,
            "21": 7,
            "22": 24,
            "23": 31,
            "24": -23,
            "25": -8,
            "26": -33,
            "27": 10,
            "28": 36,
            "29": 35,
            "30": 20,
            "31": 1,
            "32": -18,
            "34": 44,
            "35": 25,
            "36": -5,
            "37": -26,
            "38": -29,
            "39": -22,
            "40": -17,
            "41": -42,
            "42": -36,
            "43": -24,
            "44": 46,
            "45": -4
        },
        "34": {
            "0": -2,
            "1": 3,
            "2": 16,
            "3": 30,
            "4": -40,
            "5": -10,
            "6": 29,
            "7": 5,
            "8": 48,
            "9": -5,
            "10": -18,
            "11": -10,
            "12": -41,
            "13": -42,
            "14": -17,
            "15": -20,
            "16": 37,
            "17": -37,
            "18": 33,
            "19": 34,
            "20": 39,
            "21": -44,
            "22": -25,
            "23": 46,
            "24": 20,
            "25": 0,
            "26": -13,
            "27": 16,
            "28": 4,
            "29": 18,
            "30": 32,
            "31": 37,
            "32": 10,
            "33": 44,
            "35": 7,
            "36": 48,
            "37": -31,
            "38": 11,
            "39": 8,
            "40": -22,
            "41": -35,
            "42": 26,
            "43": -35,
            "44": 11,
            "45": 32
        },
        "35": {
            "0": 4,
            "1": -25,
            "2": -40,
            "3": -16,
            "4": -13,
            "5": 12,
            "6": 35,
            "7": 6,
            "8": 20,
            "9": -30,
            "10": -1,
            "11": -28,
            "12": 22,
            "13": 4,
            "14": -13,
            "15": 14,
            "16": -21,
            "17": 39,
            "18": 38,
            "19": 49,
            "20": 36,
            "21": -46,
            "22": 37,
            "23": 41,
            "24": 16,
            "25": 0,
            "26": 48,
            "27": -33,
            "28": 39,
            "29": 40,
            "30": -25,
            "31": -23,
            "32": 5,
            "33": 25,
            "34": 7,
            "36": -19,
            "37": 15,
            "38": -48,
            "39": 19,
            "40": 11,
            "41": 23,
            "42": 4,
            "43": -49,
            "44": 12,
            "45": -29
        },
        "36": {
            "0": 39,
            "1": -45,
            "2": 32,
            "3": 34,
            "4": 8,
            "5": 32,
            "6": 37,
            "7": -25,
            "8": 31,
            "9": -10,
            "10": 4,
            "11": -3,
            "12": 21,
            "13": -3,
            "14": 7,
            "15": -41,
            "16": 17,
            "17": 21,
            "18": 0,
            "19": 10,
            "20": 36,
            "21": 25,
            "22": 24,
            "23": -23,
            "24": 24,
            "25": -27,
            "26": 29,
            "27": -23,
            "28": -19,
            "29": -38,
            "30": -28,
            "31": 20,
            "32": -12,
            "33": -5,
            "34": 48,
            "35": -19,
            "37": 35,
            "38": -44,
            "39": 29,
            "40": 6,
            "41": -48,
            "42": -14,
            "43": 7,
            "44": -9,
            "45": -9
        },
        "37": {
            "0": 34,
            "1": 14,
            "2": -36,
            "3": 42,
            "4": 18,
            "5": -3,
            "6": 9,
            "7": 15,
            "8": 48,
            "9": 25,
            "10": -42,
            "11": 41,
            "12": -40,
            "13": 21,
            "14": -49,
            "15": -28,
            "16": 41,
            "17": 36,
            "18": 2,
            "19": -44,
            "20": 7,
            "21": -34,
            "22": -44,
            "23": -45,
            "24": -29,
            "25": -27,
            "26": 42,
            "27": -43,
            "28": 19,
            "29": 31,
            "30": 42,
            "31": 26,
            "32": 18,
            "33": -26,
            "34": -31,
            "35": 15,
            "36": 35,
            "38": 14,
            "39": 29,
            "40": -8,
            "41": 21,
            "42": 39,
            "43": 5,
            "44": 15,
            "45": 5
        },
        "38": {
            "0": 8,
            "1": 30,
            "2": -7,
            "3": -21,
            "4": 12,
            "5": 31,
            "6": 28,
            "7": 47,
            "8": -8,
            "9": 33,
            "10": 2,
            "11": 4,
            "12": 28,
            "13": 31,
            "14": 36,
            "15": -21,
            "16": 12,
            "17": -48,
            "18": 4,
            "19": -14,
            "20": 28,
            "21": 35,
            "22": -43,
            "23": 48,
            "24": 29,
            "25": -35,
            "26": -34,
            "27": -42,
            "28": -19,
            "29": 47,
            "30": -37,
            "31": -25,
            "32": -35,
            "33": -29,
            "34": 11,
            "35": -48,
            "36": -44,
            "37": 14,
            "39": 28,
            "40": -44,
            "41": -39,
            "42": -6,
            "43": 26,
            "44": 20,
            "45": 17
        },
        "39": {
            "0": 10,
            "1": 46,
            "2": 23,
            "3": 47,
            "4": 7,
            "5": 14,
            "6": -20,
            "7": 6,
            "8": -23,
            "9": -47,
            "10": -44,
            "11": -29,
            "12": 48,
            "13": 15,
            "14": 33,
            "15": -19,
            "16": -27,
            "17": -49,
            "18": -26,
            "19": -3,
            "20": 43,
            "21": -39,
            "22": -44,
            "23": 13,
            "24": -6,
            "25": -40,
            "26": 2,
            "27": -44,
            "28": 34,
            "29": -10,
            "30": 14,
            "31": -3,
            "32": 1,
            "33": -22,
            "34": 8,
            "35": 19,
            "36": 29,
            "37": 29,
            "38": 28,
            "40": 8,
            "41": 39,
            "42": -19,
            "43": -19,
            "44": -19,
            "45": 37
        },
        "40": {
            "0": 49,
            "1": 5,
            "2": -37,
            "3": 35,
            "4": 31,
            "5": -36,
            "6": -8,
            "7": 6,
            "8": -41,
            "9": 46,
            "10": -44,
            "11": -5,
            "12": -3,
            "13": 1,
            "14": -31,
            "15": 0,
            "16": 45,
            "17": -32,
            "18": 1,
            "19": -27,
            "20": 36,
            "21": 11,
            "22": -33,
            "23": -36,
            "24": 49,
            "25": -8,
            "26": 7,
            "27": 28,
            "28": 13,
            "29": 40,
            "30": -3,
            "31": 26,
            "32": 41,
            "33": -17,
            "34": -22,
            "35": 11,
            "36": 6,
            "37": -8,
            "38": -44,
            "39": 8,
            "41": -16,
            "42": -2,
            "43": -13,
            "44": -13,
            "45": -40
        },
        "41": {
            "0": 49,
            "1": 23,
            "2": -19,
            "3": -22,
            "4": 35,
            "5": -39,
            "6": -22,
            "7": -19,
            "8": 11,
            "9": 3,
            "10": -12,
            "11": -42,
            "12": 2,
            "13": 15,
            "14": -6,
            "15": 40,
            "16": 12,
            "17": -24,
            "18": -27,
            "19": -43,
            "20": -23,
            "21": 42,
            "22": 1,
            "23": -12,
            "24": 39,
            "25": -8,
            "26": -11,
            "27": 0,
            "28": 9,
            "29": -14,
            "30": -33,
            "31": -22,
            "32": 39,
            "33": -42,
            "34": -35,
            "35": 23,
            "36": -48,
            "37": 21,
            "38": -39,
            "39": 39,
            "40": -16,
            "42": -6,
            "43": 10,
            "44": -8,
            "45": 13
        },
        "42": {
            "0": 49,
            "1": 17,
            "2": 18,
            "3": 15,
            "4": -48,
            "5": 17,
            "6": 39,
            "7": -24,
            "8": -43,
            "9": -39,
            "10": 11,
            "11": 2,
            "12": 44,
            "13": -14,
            "14": -14,
            "15": -14,
            "16": 24,
            "17": 11,
            "18": 22,
            "19": -33,
            "20": -26,
            "21": 21,
            "22": 0,
            "23": 7,
            "24": 8,
            "25": -43,
            "26": 36,
            "27": -4,
            "28": 27,
            "29": -23,
            "30": 34,
            "31": -32,
            "32": 9,
            "33": -36,
            "34": 26,
            "35": 4,
            "36": -14,
            "37": 39,
            "38": -6,
            "39": -19,
            "40": -2,
            "41": -6,
            "43": -16,
            "44": -23,
            "45": 33
        },
        "43": {
            "0": 16,
            "1": -29,
            "2": 37,
            "3": -40,
            "4": 12,
            "5": -12,
            "6": 32,
            "7": 39,
            "8": -15,
            "9": 4,
            "10": -39,
            "11": 22,
            "12": -15,
            "13": -42,
            "14": -47,
            "15": 23,
            "16": -32,
            "17": -18,
            "18": 5,
            "19": -14,
            "20": 14,
            "21": -35,
            "22": 49,
            "23": -6,
            "24": 11,
            "25": -16,
            "26": -21,
            "27": -6,
            "28": 0,
            "29": -26,
            "30": -20,
            "31": -32,
            "32": 3,
            "33": -24,
            "34": -35,
            "35": -49,
            "36": 7,
            "37": 5,
            "38": 26,
            "39": -19,
            "40": -13,
            "41": 10,
            "42": -16,
            "44": -45,
            "45": 6
        },
        "44": {
            "0": -7,
            "1": -43,
            "2": 11,
            "3": 34,
            "4": 36,
            "5": 29,
            "6": 30,
            "7": -18,
            "8": -8,
            "9": 36,
            "10": 18,
            "11": -14,
            "12": -6,
            "13": 47,
            "14": 17,
            "15": -24,
            "16": 41,
            "17": 17,
            "18": -16,
            "19": -13,
            "20": 31,
            "21": 20,
            "22": 5,
            "23": 36,
            "24": 0,
            "25": -44,
            "26": -8,
            "27": 32,
            "28": -14,
            "29": -1,
            "30": -17,
            "31": -17,
            "32": -17,
            "33": 46,
            "34": 11,
            "35": 12,
            "36": -9,
            "37": 15,
            "38": 20,
            "39": -19,
            "40": -13,
            "41": -8,
            "42": -23,
            "43": -45,
            "45": 22
        },
        "45": {
            "0": -36,
            "1": 42,
            "2": 42,
            "3": 14,
            "4": -10,
            "5": -11,
            "6": -22,
            "7": -32,
            "8": -24,
            "9": 44,
            "10": 23,
            "11": -10,
            "12": -18,
            "13": 8,
            "14": 36,
            "15": 13,
            "16": -3,
            "17": -2,
            "18": -45,
            "19": 18,
            "20": 19,
            "21": -5,
            "22": -20,
            "23": 26,
            "24": 43,
            "25": 33,
            "26": 45,
            "27": -11,
            "28": 31,
            "29": -43,
            "30": 30,
            "31": 49,
            "32": 1,
            "33": -4,
            "34": 32,
            "35": -29,
            "36": -9,
            "37": 5,
            "38": 17,
            "39": 37,
            "40": -40,
            "41": 13,
            "42": 33,
            "43": 6,
            "44": 22
        }
    }
}