{
    "knapsack_size": 34500,
    "Gamma": 52,
    "n_items": 53,
    "costs": {
        "0": {
            "l": 286.12,
            "a": 317.13,
            "u": 348.24
        },
        "1": {
            "l": 308.56,
            "a": 364.15,
            "u": 386.14
        },
        "2": {
            "l": 191.47,
            "a": 358.34,
            "u": 399.36
        },
        "3": {
            "l": 187.35,
            "a": 273.78,
            "u": 285.7
        },
        "4": {
            "l": 115.98,
            "a": 255.88,
            "u": 286.98
        },
        "5": {
            "l": 175.61,
            "a": 338.85,
            "u": 343.31
        },
        "6": {
            "l": 292.24,
            "a": 349.69,
            "u": 376.2
        },
        "7": {
            "l": 288.13,
            "a": 367.34,
            "u": 393.83
        },
        "8": {
            "l": 202.7,
            "a": 330.23,
            "u": 359.74
        },
        "9": {
            "l": 253.98,
            "a": 297.83,
            "u": 364.13
        },
        "10": {
            "l": 101.78,
            "a": 269.87,
            "u": 301.94
        },
        "11": {
            "l": 236.41,
            "a": 356.34,
            "u": 370.47
        },
        "12": {
            "l": 286.48,
            "a": 305.4,
            "u": 329.77
        },
        "13": {
            "l": 147.19,
            "a": 203.03,
            "u": 207.49
        },
        "14": {
            "l": 122.88,
            "a": 260.84,
            "u": 274.56
        },
        "15": {
            "l": 299.79,
            "a": 363.02,
            "u": 397.5
        },
        "16": {
            "l": 194.19,
            "a": 200.88,
            "u": 221.05
        },
        "17": {
            "l": 262.62,
            "a": 337.13,
            "u": 395.54
        },
        "18": {
            "l": 319.52,
            "a": 329.76,
            "u": 337.01
        },
        "19": {
            "l": 208.8,
            "a": 332.69,
            "u": 377.29
        },
        "20": {
            "l": 134.24,
            "a": 314.34,
            "u": 377.0
        },
        "21": {
            "l": 166.98,
            "a": 239.07,
            "u": 247.91
        },
        "22": {
            "l": 281.54,
            "a": 367.52,
            "u": 368.28
        },
        "23": {
            "l": 294.86,
            "a": 308.95,
            "u": 347.54
        },
        "24": {
            "l": 268.5,
            "a": 361.43,
            "u": 374.05
        },
        "25": {
            "l": 238.9,
            "a": 250.99,
            "u": 389.73
        },
        "26": {
            "l": 313.56,
            "a": 334.01,
            "u": 342.8
        },
        "27": {
            "l": 203.56,
            "a": 205.97,
            "u": 262.61
        },
        "28": {
            "l": 226.88,
            "a": 327.29,
            "u": 333.01
        },
        "29": {
            "l": 260.73,
            "a": 301.13,
            "u": 363.05
        },
        "30": {
            "l": 208.9,
            "a": 359.07,
            "u": 375.25
        },
        "31": {
            "l": 153.44,
            "a": 338.77,
            "u": 369.33
        },
        "32": {
            "l": 251.12,
            "a": 332.6,
            "u": 399.76
        },
        "33": {
            "l": 232.74,
            "a": 283.93,
            "u": 378.77
        },
        "34": {
            "l": 202.26,
            "a": 320.3,
            "u": 346.83
        },
        "35": {
            "l": 250.53,
            "a": 316.98,
            "u": 326.05
        },
        "36": {
            "l": 267.02,
            "a": 349.91,
            "u": 383.69
        },
        "37": {
            "l": 195.62,
            "a": 297.87,
            "u": 370.69
        },
        "38": {
            "l": 256.29,
            "a": 357.73,
            "u": 390.37
        },
        "39": {
            "l": 123.64,
            "a": 251.89,
            "u": 376.48
        },
        "40": {
            "l": 248.22,
            "a": 284.58,
            "u": 371.7
        },
        "41": {
            "l": 233.73,
            "a": 338.35,
            "u": 394.45
        },
        "42": {
            "l": 314.54,
            "a": 330.67,
            "u": 345.37
        },
        "43": {
            "l": 236.58,
            "a": 304.07,
            "u": 341.03
        },
        "44": {
            "l": 185.48,
            "a": 287.6,
            "u": 317.98
        },
        "45": {
            "l": 174.62,
            "a": 355.51,
            "u": 388.13
        },
        "46": {
            "l": 200.22,
            "a": 343.33,
            "u": 384.02
        },
        "47": {
            "l": 164.25,
            "a": 318.98,
            "u": 363.54
        },
        "48": {
            "l": 244.14,
            "a": 303.16,
            "u": 392.54
        },
        "49": {
            "l": 101.76,
            "a": 164.88,
            "u": 348.29
        },
        "50": {
            "l": 297.25,
            "a": 316.13,
            "u": 337.21
        },
        "51": {
            "l": 214.76,
            "a": 277.33,
            "u": 301.27
        },
        "52": {
            "l": 188.66,
            "a": 208.92,
            "u": 312.04
        }
    },
    "profits": {
        "0": 321.67,
        "1": 376.69,
        "2": 441.1,
        "3": 434.86,
        "4": 347.77,
        "5": 411.26,
        "6": 366.34,
        "7": 391.81,
        "8": 399.76,
        "9": 411.25,
        "10": 378.46,
        "11": 421.31,
        "12": 443.75,
        "13": 303.14,
        "14": 278.86,
        "15": 429.35,
        "16": 311.79,
        "17": 403.2,
        "18": 373.25,
        "19": 334.52,
        "20": 426.06,
        "21": 285.11,
        "22": 392.32,
        "23": 408.78,
        "24": 407.7,
        "25": 381.94,
        "26": 424.02,
        "27": 223.74,
        "28": 436.63,
        "29": 392.49,
        "30": 402.15,
        "31": 403.42,
        "32": 384.47,
        "33": 422.48,
        "34": 382.3,
        "35": 361.46,
        "36": 371.25,
        "37": 356.47,
        "38": 398.44,
        "39": 280.7,
        "40": 291.93,
        "41": 387.36,
        "42": 377.73,
        "43": 410.68,
        "44": 350.83,
        "45": 440.18,
        "46": 352.19,
        "47": 326.77,
        "48": 376.17,
        "49": 347.39,
        "50": 435.71,
        "51": 313.02,
        "52": 305.41
    },
    "synergies": {
        "0": {
            "1": -35.23,
            "2": -46.36,
            "3": 47.37,
            "4": -33.79,
            "5": 18.86,
            "6": 28.47,
            "7": 12.43,
            "8": 32.14,
            "9": 30.12,
            "10": -30.19,
            "11": -9.77,
            "12": 45.24,
            "13": -14.34,
            "14": -8.47,
            "15": -26.06,
            "16": 44.25,
            "17": -31.23,
            "18": -36.09,
            "19": 1.21,
            "20": 17.44,
            "21": -32.62,
            "22": -8.62,
            "23": 27.16,
            "24": -47.29,
            "25": -36.56,
            "26": -36.35,
            "27": 12.32,
            "28": -6.73,
            "29": 21.22,
            "30": 28.45,
            "31": 43.53,
            "32": -28.22,
            "33": -13.88,
            "34": 32.06,
            "35": -41.07,
            "36": 8.06,
            "37": 42.04,
            "38": -8.87,
            "39": -25.85,
            "40": -8.79,
            "41": -35.2,
            "42": -41.32,
            "43": -43.99,
            "44": 45.49,
            "45": 18.41,
            "46": 45.82,
            "47": 43.39,
            "48": -37.02,
            "49": 2.05,
            "50": 2.08,
            "51": 6.11,
            "52": 1.1
        },
        "1": {
            "0": -35.23,
            "2": -12.78,
            "3": -0.3,
            "4": -30.38,
            "5": 37.66,
            "6": -11.92,
            "7": -30.19,
            "8": 24.62,
            "9": -4.5,
            "10": -29.61,
            "11": 4.87,
            "12": 12.23,
            "13": 18.91,
            "14": -47.16,
            "15": -23.53,
            "16": 28.96,
            "17": -26.75,
            "18": -42.52,
            "19": -44.93,
            "20": -44.38,
            "21": 23.01,
            "22": 33.27,
            "23": 9.01,
            "24": 25.15,
            "25": -33.23,
            "26": 31.08,
            "27": -17.67,
            "28": -42.16,
            "29": -4.25,
            "30": -15.76,
            "31": 3.77,
            "32": -43.63,
            "33": 39.84,
            "34": -45.46,
            "35": 12.3,
            "36": -4.53,
            "37": -7.69,
            "38": -36.96,
            "39": -8.09,
            "40": -38.84,
            "41": 26.06,
            "42": -33.64,
            "43": 47.57,
            "44": 38.56,
            "45": 6.52,
            "46": -23.07,
            "47": -37.71,
            "48": 12.29,
            "49": -30.55,
            "50": 5.61,
            "51": -22.19,
            "52": -7.63
        },
        "2": {
            "0": -46.36,
            "1": -12.78,
            "3": 34.78,
            "4": -22.67,
            "5": -36.88,
            "6": -46.57,
            "7": 3.57,
            "8": -12.84,
            "9": -41.02,
            "10": 25.25,
            "11": 0.29,
            "12": -14.61,
            "13": 18.06,
            "14": -8.04,
            "15": 14.72,
            "16": 41.74,
            "17": -42.13,
            "18": 45.21,
            "19": -28.06,
            "20": -47.23,
            "21": 15.77,
            "22": -30.03,
            "23": 10.24,
            "24": -4.51,
            "25": 33.94,
            "26": -17.39,
            "27": -44.22,
            "28": -14.96,
            "29": 31.78,
            "30": 11.33,
            "31": -3.25,
            "32": -38.12,
            "33": 9.22,
            "34": 45.22,
            "35": -47.18,
            "36": 11.29,
            "37": 11.85,
            "38": 2.73,
            "39": -29.34,
            "40": -37.08,
            "41": -19.69,
            "42": -21.79,
            "43": -3.75,
            "44": 30.38,
            "45": 21.29,
            "46": -3.3,
            "47": -26.39,
            "48": -2.27,
            "49": -0.78,
            "50": -6.42,
            "51": 32.61,
            "52": 2.98
        },
        "3": {
            "0": 47.37,
            "1": -0.3,
            "2": 34.78,
            "4": 38.04,
            "5": -8.83,
            "6": 15.85,
            "7": 22.7,
            "8": -12.01,
            "9": -22.72,
            "10": -35.81,
            "11": -40.12,
            "12": 27.6,
            "13": -35.16,
            "14": 1.8,
            "15": 13.0,
            "16": 24.15,
            "17": 27.49,
            "18": -20.12,
            "19": 19.79,
            "20": 16.74,
            "21": -10.04,
            "22": 37.08,
            "23": 0.93,
            "24": 43.77,
            "25": -18.46,
            "26": 11.62,
            "27": 13.2,
            "28": -31.49,
            "29": -17.54,
            "30": -32.88,
            "31": -15.0,
            "32": -14.04,
            "33": -33.89,
            "34": 5.74,
            "35": 37.36,
            "36": 22.96,
            "37": -47.55,
            "38": -46.08,
            "39": -37.67,
            "40": -10.58,
            "41": 1.12,
            "42": 23.44,
            "43": 1.45,
            "44": -14.26,
            "45": -29.19,
            "46": 31.35,
            "47": 28.62,
            "48": -38.59,
            "49": 18.94,
            "50": 4.45,
            "51": -22.39,
            "52": 41.99
        },
        "4": {
            "0": -33.79,
            "1": -30.38,
            "2": -22.67,
            "3": 38.04,
            "5": 32.23,
            "6": -2.58,
            "7": 20.05,
            "8": 1.62,
            "9": -32.05,
            "10": -35.22,
            "11": 35.48,
            "12": 22.2,
            "13": -32.1,
            "14": -6.5,
            "15": 41.64,
            "16": 4.29,
            "17": 39.32,
            "18": 30.7,
            "19": 38.76,
            "20": 9.47,
            "21": 45.36,
            "22": -27.04,
            "23": 46.1,
            "24": 41.59,
            "25": 31.59,
            "26": 16.91,
            "27": -28.42,
            "28": -17.01,
            "29": 29.31,
            "30": -12.77,
            "31": -37.66,
            "32": 29.16,
            "33": -32.17,
            "34": 10.61,
            "35": 30.25,
            "36": 29.33,
            "37": 6.7,
            "38": -43.21,
            "39": 28.14,
            "40": -38.93,
            "41": 32.66,
            "42": 42.17,
            "43": 4.13,
            "44": 31.67,
            "45": 17.0,
            "46": -30.2,
            "47": -22.44,
            "48": 28.45,
            "49": 21.07,
            "50": 32.4,
            "51": -12.22,
            "52": -42.22
        },
        "5": {
            "0": 18.86,
            "1": 37.66,
            "2": -36.88,
            "3": -8.83,
            "4": 32.23,
            "6": -33.17,
            "7": 12.84,
            "8": 41.97,
            "9": 29.35,
            "10": -13.54,
            "11": 3.01,
            "12": 36.89,
            "13": 12.29,
            "14": 46.37,
            "15": -3.05,
            "16": -43.3,
            "17": 9.98,
            "18": 21.93,
            "19": -19.37,
            "20": 24.95,
            "21": -15.1,
            "22": -39.05,
            "23": -25.4,
            "24": -15.77,
            "25": 15.14,
            "26": -6.21,
            "27": 21.02,
            "28": -7.62,
            "29": 1.23,
            "30": -9.59,
            "31": -9.06,
            "32": 3.24,
            "33": -0.28,
            "34": -31.31,
            "35": 40.04,
            "36": -33.06,
            "37": -8.16,
            "38": -13.43,
            "39": 40.35,
            "40": 21.71,
            "41": -35.42,
            "42": 6.94,
            "43": -33.89,
            "44": -24.0,
            "45": 6.0,
            "46": 37.87,
            "47": 46.7,
            "48": -38.77,
            "49": 35.09,
            "50": 8.46,
            "51": -25.85,
            "52": 36.95
        },
        "6": {
            "0": 28.47,
            "1": -11.92,
            "2": -46.57,
            "3": 15.85,
            "4": -2.58,
            "5": -33.17,
            "7": 31.92,
            "8": -9.83,
            "9": 20.66,
            "10": -35.0,
            "11": 14.16,
            "12": 39.26,
            "13": -41.37,
            "14": -28.8,
            "15": 23.02,
            "16": -30.91,
            "17": 15.93,
            "18": -10.74,
            "19": 18.69,
            "20": 19.1,
            "21": 8.13,
            "22": 26.9,
            "23": -45.37,
            "24": -10.89,
            "25": -34.17,
            "26": 8.39,
            "27": 10.71,
            "28": -8.3,
            "29": -7.76,
            "30": -24.75,
            "31": 2.43,
            "32": 46.72,
            "33": -34.53,
            "34": -46.37,
            "35": 14.44,
            "36": 9.51,
            "37": -6.28,
            "38": 12.13,
            "39": 44.37,
            "40": -42.94,
            "41": -1.64,
            "42": -26.06,
            "43": -30.71,
            "44": -1.86,
            "45": -6.49,
            "46": -23.88,
            "47": 13.27,
            "48": -27.15,
            "49": -36.33,
            "50": 41.79,
            "51": 43.29,
            "52": -43.64
        },
        "7": {
            "0": 12.43,
            "1": -30.19,
            "2": 3.57,
            "3": 22.7,
            "4": 20.05,
            "5": 12.84,
            "6": 31.92,
            "8": -29.65,
            "9": -41.47,
            "10": 17.69,
            "11": -8.1,
            "12": 31.88,
            "13": -36.08,
            "14": 6.84,
            "15": 45.63,
            "16": 42.98,
            "17": -32.53,
            "18": -40.92,
            "19": 43.61,
            "20": 1.57,
            "21": -25.53,
            "22": 29.86,
            "23": 8.84,
            "24": -40.7,
            "25": 30.21,
            "26": 15.83,
            "27": -15.77,
            "28": 34.15,
            "29": -48.0,
            "30": 36.23,
            "31": -20.52,
            "32": -15.74,
            "33": 17.71,
            "34": 11.3,
            "35": -25.04,
            "36": 2.66,
            "37": -26.16,
            "38": 8.49,
            "39": -18.25,
            "40": 20.71,
            "41": 35.76,
            "42": 15.93,
            "43": -27.28,
            "44": -39.1,
            "45": 8.73,
            "46": -13.88,
            "47": -32.11,
            "48": 43.08,
            "49": -34.72,
            "50": -33.18,
            "51": -22.15,
            "52": 18.89
        },
        "8": {
            "0": 32.14,
            "1": 24.62,
            "2": -12.84,
            "3": -12.01,
            "4": 1.62,
            "5": 41.97,
            "6": -9.83,
            "7": -29.65,
            "9": -30.82,
            "10": 4.54,
            "11": 39.73,
            "12": 42.75,
            "13": 36.73,
            "14": -4.02,
            "15": 4.39,
            "16": -9.67,
            "17": -9.61,
            "18": 30.33,
            "19": 15.21,
            "20": -2.22,
            "21": 47.75,
            "22": -42.06,
            "23": -42.35,
            "24": -14.78,
            "25": 35.29,
            "26": 13.29,
            "27": -3.54,
            "28": 26.74,
            "29": -16.53,
            "30": 41.83,
            "31": 13.53,
            "32": -22.13,
            "33": 3.74,
            "34": 3.38,
            "35": -18.3,
            "36": -27.27,
            "37": -40.14,
            "38": 28.23,
            "39": 38.82,
            "40": -5.13,
            "41": -43.77,
            "42": 0.03,
            "43": -20.36,
            "44": -42.46,
            "45": -17.45,
            "46": 19.68,
            "47": -15.76,
            "48": 47.06,
            "49": 39.32,
            "50": 8.92,
            "51": 30.94,
            "52": -25.07
        },
        "9": {
            "0": 30.12,
            "1": -4.5,
            "2": -41.02,
            "3": -22.72,
            "4": -32.05,
            "5": 29.35,
            "6": 20.66,
            "7": -41.47,
            "8": -30.82,
            "10": -18.51,
            "11": -9.81,
            "12": 24.7,
            "13": 33.84,
            "14": 42.88,
            "15": 19.96,
            "16": -20.27,
            "17": 42.78,
            "18": -33.38,
            "19": -26.27,
            "20": -36.21,
            "21": 42.95,
            "22": 36.16,
            "23": 18.63,
            "24": -27.04,
            "25": -37.97,
            "26": -14.16,
            "27": 40.51,
            "28": -14.58,
            "29": 46.19,
            "30": -24.08,
            "31": -16.12,
            "32": 47.05,
            "33": 39.12,
            "34": -27.91,
            "35": 22.26,
            "36": 41.38,
            "37": -9.84,
            "38": -43.02,
            "39": -1.17,
            "40": -25.94,
            "41": 7.64,
            "42": -34.9,
            "43": -19.39,
            "44": -25.83,
            "45": 28.98,
            "46": -40.47,
            "47": -3.47,
            "48": 10.44,
            "49": 38.71,
            "50": 15.96,
            "51": 20.76,
            "52": 27.27
        },
        "10": {
            "0": -30.19,
            "1": -29.61,
            "2": 25.25,
            "3": -35.81,
            "4": -35.22,
            "5": -13.54,
            "6": -35.0,
            "7": 17.69,
            "8": 4.54,
            "9": -18.51,
            "11": -33.79,
            "12": 11.35,
            "13": 20.69,
            "14": -46.34,
            "15": -38.54,
            "16": -7.88,
            "17": 27.28,
            "18": 20.79,
            "19": -42.94,
            "20": -11.87,
            "21": 16.52,
            "22": -16.57,
            "23": 46.11,
            "24": -23.24,
            "25": 9.95,
            "26": -39.56,
            "27": -36.74,
            "28": 9.58,
            "29": 27.05,
            "30": -5.64,
            "31": -38.09,
            "32": -46.6,
            "33": 27.99,
            "34": -35.2,
            "35": 21.92,
            "36": -45.44,
            "37": 13.88,
            "38": 47.53,
            "39": 40.66,
            "40": 41.48,
            "41": -6.79,
            "42": -6.2,
            "43": -26.01,
            "44": -10.95,
            "45": 13.39,
            "46": 19.56,
            "47": -20.9,
            "48": -46.96,
            "49": 21.02,
            "50": -9.41,
            "51": -20.37,
            "52": 29.93
        },
        "11": {
            "0": -9.77,
            "1": 4.87,
            "2": 0.29,
            "3": -40.12,
            "4": 35.48,
            "5": 3.01,
            "6": 14.16,
            "7": -8.1,
            "8": 39.73,
            "9": -9.81,
            "10": -33.79,
            "12": -10.8,
            "13": 29.68,
            "14": 33.71,
            "15": 24.44,
            "16": -45.21,
            "17": 3.69,
            "18": 7.5,
            "19": 18.46,
            "20": 0.1,
            "21": -32.83,
            "22": 36.89,
            "23": -42.8,
            "24": -40.02,
            "25": 21.84,
            "26": 38.49,
            "27": 27.83,
            "28": -12.79,
            "29": 23.54,
            "30": 44.68,
            "31": -26.65,
            "32": 20.18,
            "33": 5.9,
            "34": 38.21,
            "35": 26.7,
            "36": -11.9,
            "37": -39.64,
            "38": -10.73,
            "39": -7.04,
            "40": -15.35,
            "41": -18.88,
            "42": -19.77,
            "43": -24.1,
            "44": -7.93,
            "45": 4.19,
            "46": -40.67,
            "47": 5.29,
            "48": 41.86,
            "49": -22.34,
            "50": -45.55,
            "51": -13.4,
            "52": 0.27
        },
        "12": {
            "0": 45.24,
            "1": 12.23,
            "2": -14.61,
            "3": 27.6,
            "4": 22.2,
            "5": 36.89,
            "6": 39.26,
            "7": 31.88,
            "8": 42.75,
            "9": 24.7,
            "10": 11.35,
            "11": -10.8,
            "13": 18.26,
            "14": 35.1,
            "15": 42.28,
            "16": -19.04,
            "17": 24.62,
            "18": 29.94,
            "19": 43.45,
            "20": 45.86,
            "21": -26.1,
            "22": -25.16,
            "23": 34.92,
            "24": 24.21,
            "25": -45.18,
            "26": -0.18,
            "27": 20.7,
            "28": 34.41,
            "29": -41.57,
            "30": -17.92,
            "31": 22.61,
            "32": 15.19,
            "33": 10.02,
            "34": 45.51,
            "35": 36.36,
            "36": 2.34,
            "37": -1.96,
            "38": 19.55,
            "39": -4.24,
            "40": -44.39,
            "41": 47.05,
            "42": 19.34,
            "43": 42.8,
            "44": 34.52,
            "45": 18.73,
            "46": 38.69,
            "47": -44.58,
            "48": -1.7,
            "49": 2.6,
            "50": -28.42,
            "51": -39.16,
            "52": -19.54
        },
        "13": {
            "0": -14.34,
            "1": 18.91,
            "2": 18.06,
            "3": -35.16,
            "4": -32.1,
            "5": 12.29,
            "6": -41.37,
            "7": -36.08,
            "8": 36.73,
            "9": 33.84,
            "10": 20.69,
            "11": 29.68,
            "12": 18.26,
            "14": 3.54,
            "15": 31.99,
            "16": 40.07,
            "17": 10.4,
            "18": 33.49,
            "19": -41.79,
            "20": -14.7,
            "21": 27.44,
            "22": 17.27,
            "23": 9.93,
            "24": 8.33,
            "25": -23.47,
            "26": -10.6,
            "27": 35.78,
            "28": 41.25,
            "29": -27.82,
            "30": 6.59,
            "31": 36.24,
            "32": 27.76,
            "33": 3.94,
            "34": 17.86,
            "35": 13.92,
            "36": -6.89,
            "37": -28.06,
            "38": 40.72,
            "39": 7.49,
            "40": -45.44,
            "41": -25.37,
            "42": 14.72,
            "43": 32.29,
            "44": 1.62,
            "45": -20.89,
            "46": -45.78,
            "47": 34.34,
            "48": 26.55,
            "49": 29.63,
            "50": 43.82,
            "51": 31.29,
            "52": 18.85
        },
        "14": {
            "0": -8.47,
            "1": -47.16,
            "2": -8.04,
            "3": 1.8,
            "4": -6.5,
            "5": 46.37,
            "6": -28.8,
            "7": 6.84,
            "8": -4.02,
            "9": 42.88,
            "10": -46.34,
            "11": 33.71,
            "12": 35.1,
            "13": 3.54,
            "15": 37.88,
            "16": 36.71,
            "17": -30.52,
            "18": -30.93,
            "19": -32.91,
            "20": -38.6,
            "21": -37.38,
            "22": 11.99,
            "23": 8.77,
            "24": 34.16,
            "25": 8.76,
            "26": 2.34,
            "27": 27.43,
            "28": 42.53,
            "29": -33.5,
            "30": -21.58,
            "31": 32.6,
            "32": 43.76,
            "33": 39.14,
            "34": 14.74,
            "35": 28.01,
            "36": 26.9,
            "37": 18.15,
            "38": -36.58,
            "39": -47.49,
            "40": 9.38,
            "41": -32.5,
            "42": -32.57,
            "43": -21.16,
            "44": 1.05,
            "45": -42.43,
            "46": 40.45,
            "47": 28.31,
            "48": 44.55,
            "49": 42.44,
            "50": -39.9,
            "51": 46.45,
            "52": -38.91
        },
        "15": {
            "0": -26.06,
            "1": -23.53,
            "2": 14.72,
            "3": 13.0,
            "4": 41.64,
            "5": -3.05,
            "6": 23.02,
            "7": 45.63,
            "8": 4.39,
            "9": 19.96,
            "10": -38.54,
            "11": 24.44,
            "12": 42.28,
            "13": 31.99,
            "14": 37.88,
            "16": 32.44,
            "17": -33.6,
            "18": 7.08,
            "19": 35.99,
            "20": 44.6,
            "21": -1.81,
            "22": -1.52,
            "23": -14.94,
            "24": 44.11,
            "25": -41.15,
            "26": -19.68,
            "27": -3.48,
            "28": 4.32,
            "29": 21.71,
            "30": 25.31,
            "31": -1.26,
            "32": 19.58,
            "33": -15.91,
            "34": 42.95,
            "35": 13.61,
            "36": -37.21,
            "37": -22.87,
            "38": 6.15,
            "39": 45.6,
            "40": 26.67,
            "41": 15.95,
            "42": 4.48,
            "43": -36.09,
            "44": -12.5,
            "45": 46.62,
            "46": 19.56,
            "47": -37.49,
            "48": 29.32,
            "49": -10.05,
            "50": 45.73,
            "51": -12.74,
            "52": -22.94
        },
        "16": {
            "0": 44.25,
            "1": 28.96,
            "2": 41.74,
            "3": 24.15,
            "4": 4.29,
            "5": -43.3,
            "6": -30.91,
            "7": 42.98,
            "8": -9.67,
            "9": -20.27,
            "10": -7.88,
            "11": -45.21,
            "12": -19.04,
            "13": 40.07,
            "14": 36.71,
            "15": 32.44,
            "17": -30.77,
            "18": -6.69,
            "19": 14.27,
            "20": -32.15,
            "21": -14.21,
            "22": -34.79,
            "23": -13.31,
            "24": 28.14,
            "25": 8.21,
            "26": -30.91,
            "27": 10.87,
            "28": -1.26,
            "29": 32.1,
            "30": -11.33,
            "31": -24.57,
            "32": -20.43,
            "33": 43.19,
            "34": 8.61,
            "35": -34.88,
            "36": 11.11,
            "37": 17.55,
            "38": -3.83,
            "39": 8.1,
            "40": -39.72,
            "41": -34.49,
            "42": -20.05,
            "43": 11.15,
            "44": 22.59,
            "45": -6.18,
            "46": 46.71,
            "47": -10.77,
            "48": 14.6,
            "49": 0.57,
            "50": -38.58,
            "51": -33.48,
            "52": -47.54
        },
        "17": {
            "0": -31.23,
            "1": -26.75,
            "2": -42.13,
            "3": 27.49,
            "4": 39.32,
            "5": 9.98,
            "6": 15.93,
            "7": -32.53,
            "8": -9.61,
            "9": 42.78,
            "10": 27.28,
            "11": 3.69,
            "12": 24.62,
            "13": 10.4,
            "14": -30.52,
            "15": -33.6,
            "16": -30.77,
            "18": 16.97,
            "19": 31.94,
            "20": 46.58,
            "21": 4.36,
            "22": -7.83,
            "23": 18.05,
            "24": -37.47,
            "25": -41.23,
            "26": -18.47,
            "27": 38.8,
            "28": -11.01,
            "29": -10.02,
            "30": 39.77,
            "31": -0.19,
            "32": 26.57,
            "33": 20.81,
            "34": 3.58,
            "35": 35.84,
            "36": -39.62,
            "37": -1.77,
            "38": 19.45,
            "39": 16.69,
            "40": -33.56,
            "41": -35.83,
            "42": 40.69,
            "43": 47.09,
            "44": 6.74,
            "45": -38.31,
            "46": -42.18,
            "47": 38.72,
            "48": 46.04,
            "49": 32.33,
            "50": -8.68,
            "51": 20.13,
            "52": -2.25
        },
        "18": {
            "0": -36.09,
            "1": -42.52,
            "2": 45.21,
            "3": -20.12,
            "4": 30.7,
            "5": 21.93,
            "6": -10.74,
            "7": -40.92,
            "8": 30.33,
            "9": -33.38,
            "10": 20.79,
            "11": 7.5,
            "12": 29.94,
            "13": 33.49,
            "14": -30.93,
            "15": 7.08,
            "16": -6.69,
            "17": 16.97,
            "19": -14.89,
            "20": 38.24,
            "21": -4.64,
            "22": -38.35,
            "23": -24.56,
            "24": 15.04,
            "25": 33.55,
            "26": -0.1,
            "27": 44.87,
            "28": 43.71,
            "29": -13.89,
            "30": 1.1,
            "31": -21.26,
            "32": -17.84,
            "33": -41.51,
            "34": -14.62,
            "35": -12.05,
            "36": -3.74,
            "37": -18.71,
            "38": 17.47,
            "39": -19.44,
            "40": -21.48,
            "41": 47.22,
            "42": 39.75,
            "43": -39.65,
            "44": -0.3,
            "45": 33.1,
            "46": 23.55,
            "47": -29.35,
            "48": 31.16,
            "49": 47.01,
            "50": -12.35,
            "51": -8.11,
            "52": 37.96
        },
        "19": {
            "0": 1.21,
            "1": -44.93,
            "2": -28.06,
            "3": 19.79,
            "4": 38.76,
            "5": -19.37,
            "6": 18.69,
            "7": 43.61,
            "8": 15.21,
            "9": -26.27,
            "10": -42.94,
            "11": 18.46,
            "12": 43.45,
            "13": -41.79,
            "14": -32.91,
            "15": 35.99,
            "16": 14.27,
            "17": 31.94,
            "18": -14.89,
            "20": 9.32,
            "21": -21.04,
            "22": 3.36,
            "23": -43.7,
            "24": -21.51,
            "25": -22.36,
            "26": -15.33,
            "27": -27.51,
            "28": 32.53,
            "29": 10.27,
            "30": -20.57,
            "31": 26.72,
            "32": 4.53,
            "33": 47.56,
            "34": -44.98,
            "35": 20.17,
            "36": 21.58,
            "37": 31.3,
            "38": 37.61,
            "39": -1.32,
            "40": -45.7,
            "41": 9.15,
            "42": -8.0,
            "43": 45.11,
            "44": -25.93,
            "45": 9.44,
            "46": 0.62,
            "47": 14.25,
            "48": -30.48,
            "49": 15.07,
            "50": 10.32,
            "51": -20.72,
            "52": 45.09
        },
        "20": {
            "0": 17.44,
            "1": -44.38,
            "2": -47.23,
            "3": 16.74,
            "4": 9.47,
            "5": 24.95,
            "6": 19.1,
            "7": 1.57,
            "8": -2.22,
            "9": -36.21,
            "10": -11.87,
            "11": 0.1,
            "12": 45.86,
            "13": -14.7,
            "14": -38.6,
            "15": 44.6,
            "16": -32.15,
            "17": 46.58,
            "18": 38.24,
            "19": 9.32,
            "21": 4.47,
            "22": -31.06,
            "23": -10.72,
            "24": -16.2,
            "25": 35.36,
            "26": -24.11,
            "27": 5.22,
            "28": -43.57,
            "29": 47.79,
            "30": -39.31,
            "31": 38.13,
            "32": 37.81,
            "33": -46.6,
            "34": -42.75,
            "35": -8.68,
            "36": -7.92,
            "37": 20.55,
            "38": -45.19,
            "39": -45.23,
            "40": -5.06,
            "41": 18.34,
            "42": 21.74,
            "43": -10.2,
            "44": 6.55,
            "45": -0.9,
            "46": 28.72,
            "47": 34.8,
            "48": -24.86,
            "49": -23.43,
            "50": 41.57,
            "51": -44.43,
            "52": 35.32
        },
        "21": {
            "0": -32.62,
            "1": 23.01,
            "2": 15.77,
            "3": -10.04,
            "4": 45.36,
            "5": -15.1,
            "6": 8.13,
            "7": -25.53,
            "8": 47.75,
            "9": 42.95,
            "10": 16.52,
            "11": -32.83,
            "12": -26.1,
            "13": 27.44,
            "14": -37.38,
            "15": -1.81,
            "16": -14.21,
            "17": 4.36,
            "18": -4.64,
            "19": -21.04,
            "20": 4.47,
            "22": 4.9,
            "23": -47.89,
            "24": -21.45,
            "25": 37.42,
            "26": 15.17,
            "27": -34.11,
            "28": 45.61,
            "29": -1.43,
            "30": -1.87,
            "31": 14.51,
            "32": 17.93,
            "33": -6.56,
            "34": 23.73,
            "35": 43.61,
            "36": -0.58,
            "37": 1.07,
            "38": -19.29,
            "39": 39.89,
            "40": 17.5,
            "41": 8.67,
            "42": -18.54,
            "43": -21.28,
            "44": -4.13,
            "45": 16.69,
            "46": -23.92,
            "47": 20.4,
            "48": -18.79,
            "49": -23.64,
            "50": 18.72,
            "51": -11.2,
            "52": 32.38
        },
        "22": {
            "0": -8.62,
            "1": 33.27,
            "2": -30.03,
            "3": 37.08,
            "4": -27.04,
            "5": -39.05,
            "6": 26.9,
            "7": 29.86,
            "8": -42.06,
            "9": 36.16,
            "10": -16.57,
            "11": 36.89,
            "12": -25.16,
            "13": 17.27,
            "14": 11.99,
            "15": -1.52,
            "16": -34.79,
            "17": -7.83,
            "18": -38.35,
            "19": 3.36,
            "20": -31.06,
            "21": 4.9,
            "23": 4.77,
            "24": -21.14,
            "25": -7.2,
            "26": 26.46,
            "27": -26.43,
            "28": -17.15,
            "29": -13.43,
            "30": -2.93,
            "31": 31.07,
            "32": -9.41,
            "33": -13.12,
            "34": 11.49,
            "35": 27.63,
            "36": -39.05,
            "37": 41.2,
            "38": -33.42,
            "39": -7.36,
            "40": 40.59,
            "41": -42.42,
            "42": -37.53,
            "43": -35.48,
            "44": 39.82,
            "45": 39.29,
            "46": -36.62,
            "47": 9.33,
            "48": 42.15,
            "49": 16.35,
            "50": 14.47,
            "51": -24.88,
            "52": 23.06
        },
        "23": {
            "0": 27.16,
            "1": 9.01,
            "2": 10.24,
            "3": 0.93,
            "4": 46.1,
            "5": -25.4,
            "6": -45.37,
            "7": 8.84,
            "8": -42.35,
            "9": 18.63,
            "10": 46.11,
            "11": -42.8,
            "12": 34.92,
            "13": 9.93,
            "14": 8.77,
            "15": -14.94,
            "16": -13.31,
            "17": 18.05,
            "18": -24.56,
            "19": -43.7,
            "20": -10.72,
            "21": -47.89,
            "22": 4.77,
            "24": -1.73,
            "25": -9.24,
            "26": -45.64,
            "27": -47.34,
            "28": -43.47,
            "29": 22.03,
            "30": -9.69,
            "31": 33.07,
            "32": -34.96,
            "33": 44.65,
            "34": 23.19,
            "35": 34.92,
            "36": -24.22,
            "37": 45.03,
            "38": -4.08,
            "39": -35.51,
            "40": -31.07,
            "41": 27.23,
            "42": -7.47,
            "43": 26.57,
            "44": -15.63,
            "45": -47.25,
            "46": -29.19,
            "47": -14.59,
            "48": 29.13,
            "49": 32.77,
            "50": 27.02,
            "51": -12.82,
            "52": 32.16
        },
        "24": {
            "0": -47.29,
            "1": 25.15,
            "2": -4.51,
            "3": 43.77,
            "4": 41.59,
            "5": -15.77,
            "6": -10.89,
            "7": -40.7,
            "8": -14.78,
            "9": -27.04,
            "10": -23.24,
            "11": -40.02,
            "12": 24.21,
            "13": 8.33,
            "14": 34.16,
            "15": 44.11,
            "16": 28.14,
            "17": -37.47,
            "18": 15.04,
            "19": -21.51,
            "20": -16.2,
            "21": -21.45,
            "22": -21.14,
            "23": -1.73,
            "25": -18.0,
            "26": 9.32,
            "27": -24.02,
            "28": -6.99,
            "29": 4.38,
            "30": 45.29,
            "31": -2.06,
            "32": -34.31,
            "33": -18.21,
            "34": 33.17,
            "35": 42.0,
            "36": 46.95,
            "37": -47.3,
            "38": 33.45,
            "39": 17.61,
            "40": 7.49,
            "41": 2.5,
            "42": -43.78,
            "43": -31.49,
            "44": -24.9,
            "45": -47.1,
            "46": -12.33,
            "47": 19.5,
            "48": -6.77,
            "49": -27.16,
            "50": -2.88,
            "51": 13.22,
            "52": -25.05
        },
        "25": {
            "0": -36.56,
            "1": -33.23,
            "2": 33.94,
            "3": -18.46,
            "4": 31.59,
            "5": 15.14,
            "6": -34.17,
            "7": 30.21,
            "8": 35.29,
            "9": -37.97,
            "10": 9.95,
            "11": 21.84,
            "12": -45.18,
            "13": -23.47,
            "14": 8.76,
            "15": -41.15,
            "16": 8.21,
            "17": -41.23,
            "18": 33.55,
            "19": -22.36,
            "20": 35.36,
            "21": 37.42,
            "22": -7.2,
            "23": -9.24,
            "24": -18.0,
            "26": -17.91,
            "27": 47.7,
            "28": 13.56,
            "29": 40.84,
            "30": -44.97,
            "31": -46.06,
            "32": 40.15,
            "33": 10.32,
            "34": 39.94,
            "35": 2.15,
            "36": 38.78,
            "37": -10.39,
            "38": 18.82,
            "39": -42.37,
            "40": 26.02,
            "41": -14.86,
            "42": 26.48,
            "43": -43.88,
            "44": -24.46,
            "45": 47.64,
            "46": -10.03,
            "47": -24.74,
            "48": -13.72,
            "49": -6.99,
            "50": 22.07,
            "51": 32.0,
            "52": 4.06
        },
        "26": {
            "0": -36.35,
            "1": 31.08,
            "2": -17.39,
            "3": 11.62,
            "4": 16.91,
            "5": -6.21,
            "6": 8.39,
            "7": 15.83,
            "8": 13.29,
            "9": -14.16,
            "10": -39.56,
            "11": 38.49,
            "12": -0.18,
            "13": -10.6,
            "14": 2.34,
            "15": -19.68,
            "16": -30.91,
            "17": -18.47,
            "18": -0.1,
            "19": -15.33,
            "20": -24.11,
            "21": 15.17,
            "22": 26.46,
            "23": -45.64,
            "24": 9.32,
            "25": -17.91,
            "27": 23.14,
            "28": -5.27,
            "29": 30.75,
            "30": -18.98,
            "31": -10.75,
            "32": 6.86,
            "33": 25.39,
            "34": -31.79,
            "35": 5.52,
            "36": -20.24,
            "37": 2.7,
            "38": -9.33,
            "39": 45.1,
            "40": -46.4,
            "41": 10.56,
            "42": -5.73,
            "43": 14.09,
            "44": -47.75,
            "45": 22.01,
            "46": -27.54,
            "47": 2.67,
            "48": 1.87,
            "49": -21.67,
            "50": -3.96,
            "51": -12.27,
            "52": -8.99
        },
        "27": {
            "0": 12.32,
            "1": -17.67,
            "2": -44.22,
            "3": 13.2,
            "4": -28.42,
            "5": 21.02,
            "6": 10.71,
            "7": -15.77,
            "8": -3.54,
            "9": 40.51,
            "10": -36.74,
            "11": 27.83,
            "12": 20.7,
            "13": 35.78,
            "14": 27.43,
            "15": -3.48,
            "16": 10.87,
            "17": 38.8,
            "18": 44.87,
            "19": -27.51,
            "20": 5.22,
            "21": -34.11,
            "22": -26.43,
            "23": -47.34,
            "24": -24.02,
            "25": 47.7,
            "26": 23.14,
            "28": 22.38,
            "29": -10.68,
            "30": -44.88,
            "31": 34.42,
            "32": 41.3,
            "33": 19.03,
            "34": -41.69,
            "35": -33.17,
            "36": 21.95,
            "37": 16.88,
            "38": -19.59,
            "39": -3.15,
            "40": -31.85,
            "41": -14.3,
            "42": -5.94,
            "43": 20.1,
            "44": 37.62,
            "45": -24.43,
            "46": 25.52,
            "47": 45.96,
            "48": 4.14,
            "49": -25.69,
            "50": 31.91,
            "51": 20.92,
            "52": 39.4
        },
        "28": {
            "0": -6.73,
            "1": -42.16,
            "2": -14.96,
            "3": -31.49,
            "4": -17.01,
            "5": -7.62,
            "6": -8.3,
            "7": 34.15,
            "8": 26.74,
            "9": -14.58,
            "10": 9.58,
            "11": -12.79,
            "12": 34.41,
            "13": 41.25,
            "14": 42.53,
            "15": 4.32,
            "16": -1.26,
            "17": -11.01,
            "18": 43.71,
            "19": 32.53,
            "20": -43.57,
            "21": 45.61,
            "22": -17.15,
            "23": -43.47,
            "24": -6.99,
            "25": 13.56,
            "26": -5.27,
            "27": 22.38,
            "29": 3.12,
            "30": 12.79,
            "31": -36.74,
            "32": 2.32,
            "33": -21.3,
            "34": 29.26,
            "35": -31.73,
            "36": -15.07,
            "37": 17.19,
            "38": -19.65,
            "39": -21.1,
            "40": 31.33,
            "41": 15.13,
            "42": -1.62,
            "43": -31.0,
            "44": 26.79,
            "45": 12.34,
            "46": 40.56,
            "47": -21.81,
            "48": 27.98,
            "49": -30.89,
            "50": -10.82,
            "51": -3.27,
            "52": -29.71
        },
        "29": {
            "0": 21.22,
            "1": -4.25,
            "2": 31.78,
            "3": -17.54,
            "4": 29.31,
            "5": 1.23,
            "6": -7.76,
            "7": -48.0,
            "8": -16.53,
            "9": 46.19,
            "10": 27.05,
            "11": 23.54,
            "12": -41.57,
            "13": -27.82,
            "14": -33.5,
            "15": 21.71,
            "16": 32.1,
            "17": -10.02,
            "18": -13.89,
            "19": 10.27,
            "20": 47.79,
            "21": -1.43,
            "22": -13.43,
            "23": 22.03,
            "24": 4.38,
            "25": 40.84,
            "26": 30.75,
            "27": -10.68,
            "28": 3.12,
            "30": 24.53,
            "31": 7.22,
            "32": 18.02,
            "33": 46.04,
            "34": -26.03,
            "35": 22.26,
            "36": 6.12,
            "37": 34.38,
            "38": -7.58,
            "39": -22.3,
            "40": -47.3,
            "41": -18.21,
            "42": -39.22,
            "43": -14.66,
            "44": -26.33,
            "45": -27.89,
            "46": 17.4,
            "47": 13.29,
            "48": 19.25,
            "49": -21.02,
            "50": -27.75,
            "51": -24.66,
            "52": 24.02
        },
        "30": {
            "0": 28.45,
            "1": -15.76,
            "2": 11.33,
            "3": -32.88,
            "4": -12.77,
            "5": -9.59,
            "6": -24.75,
            "7": 36.23,
            "8": 41.83,
            "9": -24.08,
            "10": -5.64,
            "11": 44.68,
            "12": -17.92,
            "13": 6.59,
            "14": -21.58,
            "15": 25.31,
            "16": -11.33,
            "17": 39.77,
            "18": 1.1,
            "19": -20.57,
            "20": -39.31,
            "21": -1.87,
            "22": -2.93,
            "23": -9.69,
            "24": 45.29,
            "25": -44.97,
            "26": -18.98,
            "27": -44.88,
            "28": 12.79,
            "29": 24.53,
            "31": -24.11,
            "32": 1.97,
            "33": -6.95,
            "34": 12.29,
            "35": 5.65,
            "36": -21.17,
            "37": -21.84,
            "38": 24.18,
            "39": 23.53,
            "40": 4.35,
            "41": -11.88,
            "42": -23.23,
            "43": 0.88,
            "44": -19.05,
            "45": 40.0,
            "46": -20.52,
            "47": 34.83,
            "48": 10.46,
            "49": 10.2,
            "50": 25.91,
            "51": 26.92,
            "52": 3.5
        },
        "31": {
            "0": 43.53,
            "1": 3.77,
            "2": -3.25,
            "3": -15.0,
            "4": -37.66,
            "5": -9.06,
            "6": 2.43,
            "7": -20.52,
            "8": 13.53,
            "9": -16.12,
            "10": -38.09,
            "11": -26.65,
            "12": 22.61,
            "13": 36.24,
            "14": 32.6,
            "15": -1.26,
            "16": -24.57,
            "17": -0.19,
            "18": -21.26,
            "19": 26.72,
            "20": 38.13,
            "21": 14.51,
            "22": 31.07,
            "23": 33.07,
            "24": -2.06,
            "25": -46.06,
            "26": -10.75,
            "27": 34.42,
            "28": -36.74,
            "29": 7.22,
            "30": -24.11,
            "32": -2.34,
            "33": 35.03,
            "34": -25.81,
            "35": -18.71,
            "36": -18.18,
            "37": 16.37,
            "38": -14.04,
            "39": 38.04,
            "40": -31.44,
            "41": -5.67,
            "42": 2.81,
            "43": 47.04,
            "44": -39.87,
            "45": 5.73,
            "46": 27.6,
            "47": -44.21,
            "48": 24.48,
            "49": 9.24,
            "50": 3.7,
            "51": 15.57,
            "52": 47.75
        },
        "32": {
            "0": -28.22,
            "1": -43.63,
            "2": -38.12,
            "3": -14.04,
            "4": 29.16,
            "5": 3.24,
            "6": 46.72,
            "7": -15.74,
            "8": -22.13,
            "9": 47.05,
            "10": -46.6,
            "11": 20.18,
            "12": 15.19,
            "13": 27.76,
            "14": 43.76,
            "15": 19.58,
            "16": -20.43,
            "17": 26.57,
            "18": -17.84,
            "19": 4.53,
            "20": 37.81,
            "21": 17.93,
            "22": -9.41,
            "23": -34.96,
            "24": -34.31,
            "25": 40.15,
            "26": 6.86,
            "27": 41.3,
            "28": 2.32,
            "29": 18.02,
            "30": 1.97,
            "31": -2.34,
            "33": 38.86,
            "34": 29.24,
            "35": 29.77,
            "36": 24.02,
            "37": -30.75,
            "38": 12.9,
            "39": 26.58,
            "40": -15.06,
            "41": 42.82,
            "42": -40.26,
            "43": 21.7,
            "44": -27.9,
            "45": -38.91,
            "46": 2.33,
            "47": -13.62,
            "48": 20.95,
            "49": 16.92,
            "50": -3.99,
            "51": -28.85,
            "52": -41.9
        },
        "33": {
            "0": -13.88,
            "1": 39.84,
            "2": 9.22,
            "3": -33.89,
            "4": -32.17,
            "5": -0.28,
            "6": -34.53,
            "7": 17.71,
            "8": 3.74,
            "9": 39.12,
            "10": 27.99,
            "11": 5.9,
            "12": 10.02,
            "13": 3.94,
            "14": 39.14,
            "15": -15.91,
            "16": 43.19,
            "17": 20.81,
            "18": -41.51,
            "19": 47.56,
            "20": -46.6,
            "21": -6.56,
            "22": -13.12,
            "23": 44.65,
            "24": -18.21,
            "25": 10.32,
            "26": 25.39,
            "27": 19.03,
            "28": -21.3,
            "29": 46.04,
            "30": -6.95,
            "31": 35.03,
            "32": 38.86,
            "34": -22.8,
            "35": -14.54,
            "36": -42.05,
            "37": 37.7,
            "38": -19.08,
            "39": -10.11,
            "40": -22.9,
            "41": -36.65,
            "42": -30.74,
            "43": -5.37,
            "44": -26.73,
            "45": -19.58,
            "46": -16.56,
            "47": -14.37,
            "48": 18.18,
            "49": -10.51,
            "50": 42.55,
            "51": -25.22,
            "52": -35.56
        },
        "34": {
            "0": 32.06,
            "1": -45.46,
            "2": 45.22,
            "3": 5.74,
            "4": 10.61,
            "5": -31.31,
            "6": -46.37,
            "7": 11.3,
            "8": 3.38,
            "9": -27.91,
            "10": -35.2,
            "11": 38.21,
            "12": 45.51,
            "13": 17.86,
            "14": 14.74,
            "15": 42.95,
            "16": 8.61,
            "17": 3.58,
            "18": -14.62,
            "19": -44.98,
            "20": -42.75,
            "21": 23.73,
            "22": 11.49,
            "23": 23.19,
            "24": 33.17,
            "25": 39.94,
            "26": -31.79,
            "27": -41.69,
            "28": 29.26,
            "29": -26.03,
            "30": 12.29,
            "31": -25.81,
            "32": 29.24,
            "33": -22.8,
            "35": -45.77,
            "36": 15.36,
            "37": 3.44,
            "38": 23.21,
            "39": -39.52,
            "40": -47.15,
            "41": 1.53,
            "42": -8.55,
            "43": 30.66,
            "44": 42.47,
            "45": -26.98,
            "46": 34.62,
            "47": -15.84,
            "48": 28.59,
            "49": 15.16,
            "50": 16.73,
            "51": -13.42,
            "52": -24.2
        },
        "35": {
            "0": -41.07,
            "1": 12.3,
            "2": -47.18,
            "3": 37.36,
            "4": 30.25,
            "5": 40.04,
            "6": 14.44,
            "7": -25.04,
            "8": -18.3,
            "9": 22.26,
            "10": 21.92,
            "11": 26.7,
            "12": 36.36,
            "13": 13.92,
            "14": 28.01,
            "15": 13.61,
            "16": -34.88,
            "17": 35.84,
            "18": -12.05,
            "19": 20.17,
            "20": -8.68,
            "21": 43.61,
            "22": 27.63,
            "23": 34.92,
            "24": 42.0,
            "25": 2.15,
            "26": 5.52,
            "27": -33.17,
            "28": -31.73,
            "29": 22.26,
            "30": 5.65,
            "31": -18.71,
            "32": 29.77,
            "33": -14.54,
            "34": -45.77,
            "36": -37.79,
            "37": 15.83,
            "38": -38.24,
            "39": 41.05,
            "40": -45.47,
            "41": -5.54,
            "42": -18.24,
            "43": 16.92,
            "44": -28.27,
            "45": -14.33,
            "46": 24.8,
            "47": 3.54,
            "48": 14.46,
            "49": 20.42,
            "50": -2.59,
            "51": -11.88,
            "52": -34.61
        },
        "36": {
            "0": 8.06,
            "1": -4.53,
            "2": 11.29,
            "3": 22.96,
            "4": 29.33,
            "5": -33.06,
            "6": 9.51,
            "7": 2.66,
            "8": -27.27,
            "9": 41.38,
            "10": -45.44,
            "11": -11.9,
            "12": 2.34,
            "13": -6.89,
            "14": 26.9,
            "15": -37.21,
            "16": 11.11,
            "17": -39.62,
            "18": -3.74,
            "19": 21.58,
            "20": -7.92,
            "21": -0.58,
            "22": -39.05,
            "23": -24.22,
            "24": 46.95,
            "25": 38.78,
            "26": -20.24,
            "27": 21.95,
            "28": -15.07,
            "29": 6.12,
            "30": -21.17,
            "31": -18.18,
            "32": 24.02,
            "33": -42.05,
            "34": 15.36,
            "35": -37.79,
            "37": 44.16,
            "38": -16.24,
            "39": -26.42,
            "40": -26.74,
            "41": -32.47,
            "42": -6.99,
            "43": 25.57,
            "44": 33.59,
            "45": 28.31,
            "46": -9.83,
            "47": -15.07,
            "48": -35.15,
            "49": 0.86,
            "50": 29.78,
            "51": -8.89,
            "52": 38.03
        },
        "37": {
            "0": 42.04,
            "1": -7.69,
            "2": 11.85,
            "3": -47.55,
            "4": 6.7,
            "5": -8.16,
            "6": -6.28,
            "7": -26.16,
            "8": -40.14,
            "9": -9.84,
            "10": 13.88,
            "11": -39.64,
            "12": -1.96,
            "13": -28.06,
            "14": 18.15,
            "15": -22.87,
            "16": 17.55,
            "17": -1.77,
            "18": -18.71,
            "19": 31.3,
            "20": 20.55,
            "21": 1.07,
            "22": 41.2,
            "23": 45.03,
            "24": -47.3,
            "25": -10.39,
            "26": 2.7,
            "27": 16.88,
            "28": 17.19,
            "29": 34.38,
            "30": -21.84,
            "31": 16.37,
            "32": -30.75,
            "33": 37.7,
            "34": 3.44,
            "35": 15.83,
            "36": 44.16,
            "38": -45.72,
            "39": -32.34,
            "40": 6.86,
            "41": 15.06,
            "42": 35.97,
            "43": 8.5,
            "44": 16.29,
            "45": -6.9,
            "46": 6.98,
            "47": 38.72,
            "48": -38.48,
            "49": -42.56,
            "50": 36.69,
            "51": 26.11,
            "52": 44.03
        },
        "38": {
            "0": -8.87,
            "1": -36.96,
            "2": 2.73,
            "3": -46.08,
            "4": -43.21,
            "5": -13.43,
            "6": 12.13,
            "7": 8.49,
            "8": 28.23,
            "9": -43.02,
            "10": 47.53,
            "11": -10.73,
            "12": 19.55,
            "13": 40.72,
            "14": -36.58,
            "15": 6.15,
            "16": -3.83,
            "17": 19.45,
            "18": 17.47,
            "19": 37.61,
            "20": -45.19,
            "21": -19.29,
            "22": -33.42,
            "23": -4.08,
            "24": 33.45,
            "25": 18.82,
            "26": -9.33,
            "27": -19.59,
            "28": -19.65,
            "29": -7.58,
            "30": 24.18,
            "31": -14.04,
            "32": 12.9,
            "33": -19.08,
            "34": 23.21,
            "35": -38.24,
            "36": -16.24,
            "37": -45.72,
            "39": -46.17,
            "40": 12.97,
            "41": 38.7,
            "42": -36.79,
            "43": -31.11,
            "44": -34.03,
            "45": -7.52,
            "46": 47.69,
            "47": -7.71,
            "48": -45.91,
            "49": 27.35,
            "50": -45.79,
            "51": -10.33,
            "52": -0.43
        },
        "39": {
            "0": -25.85,
            "1": -8.09,
            "2": -29.34,
            "3": -37.67,
            "4": 28.14,
            "5": 40.35,
            "6": 44.37,
            "7": -18.25,
            "8": 38.82,
            "9": -1.17,
            "10": 40.66,
            "11": -7.04,
            "12": -4.24,
            "13": 7.49,
            "14": -47.49,
            "15": 45.6,
            "16": 8.1,
            "17": 16.69,
            "18": -19.44,
            "19": -1.32,
            "20": -45.23,
            "21": 39.89,
            "22": -7.36,
            "23": -35.51,
            "24": 17.61,
            "25": -42.37,
            "26": 45.1,
            "27": -3.15,
            "28": -21.1,
            "29": -22.3,
            "30": 23.53,
            "31": 38.04,
            "32": 26.58,
            "33": -10.11,
            "34": -39.52,
            "35": 41.05,
            "36": -26.42,
            "37": -32.34,
            "38": -46.17,
            "40": 10.09,
            "41": -16.41,
            "42": -11.73,
            "43": -8.1,
            "44": 3.7,
            "45": 22.32,
            "46": -28.38,
            "47": 0.27,
            "48": 32.95,
            "49": -19.21,
            "50": -22.62,
            "51": -27.93,
            "52": -1.66
        },
        "40": {
            "0": -8.79,
            "1": -38.84,
            "2": -37.08,
            "3": -10.58,
            "4": -38.93,
            "5": 21.71,
            "6": -42.94,
            "7": 20.71,
            "8": -5.13,
            "9": -25.94,
            "10": 41.48,
            "11": -15.35,
            "12": -44.39,
            "13": -45.44,
            "14": 9.38,
            "15": 26.67,
            "16": -39.72,
            "17": -33.56,
            "18": -21.48,
            "19": -45.7,
            "20": -5.06,
            "21": 17.5,
            "22": 40.59,
            "23": -31.07,
            "24": 7.49,
            "25": 26.02,
            "26": -46.4,
            "27": -31.85,
            "28": 31.33,
            "29": -47.3,
            "30": 4.35,
            "31": -31.44,
            "32": -15.06,
            "33": -22.9,
            "34": -47.15,
            "35": -45.47,
            "36": -26.74,
            "37": 6.86,
            "38": 12.97,
            "39": 10.09,
            "41": -12.89,
            "42": 15.97,
            "43": 20.16,
            "44": 9.16,
            "45": -3.09,
            "46": -18.91,
            "47": 1.15,
            "48": -43.34,
            "49": 37.0,
            "50": 22.3,
            "51": -17.77,
            "52": -41.01
        },
        "41": {
            "0": -35.2,
            "1": 26.06,
            "2": -19.69,
            "3": 1.12,
            "4": 32.66,
            "5": -35.42,
            "6": -1.64,
            "7": 35.76,
            "8": -43.77,
            "9": 7.64,
            "10": -6.79,
            "11": -18.88,
            "12": 47.05,
            "13": -25.37,
            "14": -32.5,
            "15": 15.95,
            "16": -34.49,
            "17": -35.83,
            "18": 47.22,
            "19": 9.15,
            "20": 18.34,
            "21": 8.67,
            "22": -42.42,
            "23": 27.23,
            "24": 2.5,
            "25": -14.86,
            "26": 10.56,
            "27": -14.3,
            "28": 15.13,
            "29": -18.21,
            "30": -11.88,
            "31": -5.67,
            "32": 42.82,
            "33": -36.65,
            "34": 1.53,
            "35": -5.54,
            "36": -32.47,
            "37": 15.06,
            "38": 38.7,
            "39": -16.41,
            "40": -12.89,
            "42": -25.86,
            "43": -31.3,
            "44": 46.66,
            "45": -14.15,
            "46": 10.7,
            "47": 19.95,
            "48": 33.88,
            "49": 36.91,
            "50": -36.24,
            "51": 10.43,
            "52": -32.9
        },
        "42": {
            "0": -41.32,
            "1": -33.64,
            "2": -21.79,
            "3": 23.44,
            "4": 42.17,
            "5": 6.94,
            "6": -26.06,
            "7": 15.93,
            "8": 0.03,
            "9": -34.9,
            "10": -6.2,
            "11": -19.77,
            "12": 19.34,
            "13": 14.72,
            "14": -32.57,
            "15": 4.48,
            "16": -20.05,
            "17": 40.69,
            "18": 39.75,
            "19": -8.0,
            "20": 21.74,
            "21": -18.54,
            "22": -37.53,
            "23": -7.47,
            "24": -43.78,
            "25": 26.48,
            "26": -5.73,
            "27": -5.94,
            "28": -1.62,
            "29": -39.22,
            "30": -23.23,
            "31": 2.81,
            "32": -40.26,
            "33": -30.74,
            "34": -8.55,
            "35": -18.24,
            "36": -6.99,
            "37": 35.97,
            "38": -36.79,
            "39": -11.73,
            "40": 15.97,
            "41": -25.86,
            "43": -28.64,
            "44": -46.53,
            "45": 27.86,
            "46": 38.37,
            "47": 17.49,
            "48": -2.58,
            "49": 47.76,
            "50": -36.54,
            "51": 13.68,
            "52": -9.79
        },
        "43": {
            "0": -43.99,
            "1": 47.57,
            "2": -3.75,
            "3": 1.45,
            "4": 4.13,
            "5": -33.89,
            "6": -30.71,
            "7": -27.28,
            "8": -20.36,
            "9": -19.39,
            "10": -26.01,
            "11": -24.1,
            "12": 42.8,
            "13": 32.29,
            "14": -21.16,
            "15": -36.09,
            "16": 11.15,
            "17": 47.09,
            "18": -39.65,
            "19": 45.11,
            "20": -10.2,
            "21": -21.28,
            "22": -35.48,
            "23": 26.57,
            "24": -31.49,
            "25": -43.88,
            "26": 14.09,
            "27": 20.1,
            "28": -31.0,
            "29": -14.66,
            "30": 0.88,
            "31": 47.04,
            "32": 21.7,
            "33": -5.37,
            "34": 30.66,
            "35": 16.92,
            "36": 25.57,
            "37": 8.5,
            "38": -31.11,
            "39": -8.1,
            "40": 20.16,
            "41": -31.3,
            "42": -28.64,
            "44": 8.13,
            "45": 11.99,
            "46": 35.14,
            "47": -24.06,
            "48": 12.58,
            "49": 17.44,
            "50": 38.46,
            "51": 30.93,
            "52": 17.67
        },
        "44": {
            "0": 45.49,
            "1": 38.56,
            "2": 30.38,
            "3": -14.26,
            "4": 31.67,
            "5": -24.0,
            "6": -1.86,
            "7": -39.1,
            "8": -42.46,
            "9": -25.83,
            "10": -10.95,
            "11": -7.93,
            "12": 34.52,
            "13": 1.62,
            "14": 1.05,
            "15": -12.5,
            "16": 22.59,
            "17": 6.74,
            "18": -0.3,
            "19": -25.93,
            "20": 6.55,
            "21": -4.13,
            "22": 39.82,
            "23": -15.63,
            "24": -24.9,
            "25": -24.46,
            "26": -47.75,
            "27": 37.62,
            "28": 26.79,
            "29": -26.33,
            "30": -19.05,
            "31": -39.87,
            "32": -27.9,
            "33": -26.73,
            "34": 42.47,
            "35": -28.27,
            "36": 33.59,
            "37": 16.29,
            "38": -34.03,
            "39": 3.7,
            "40": 9.16,
            "41": 46.66,
            "42": -46.53,
            "43": 8.13,
            "45": 26.79,
            "46": -18.14,
            "47": -13.72,
            "48": 34.04,
            "49": 10.17,
            "50": -25.96,
            "51": 27.67,
            "52": -21.08
        },
        "45": {
            "0": 18.41,
            "1": 6.52,
            "2": 21.29,
            "3": -29.19,
            "4": 17.0,
            "5": 6.0,
            "6": -6.49,
            "7": 8.73,
            "8": -17.45,
            "9": 28.98,
            "10": 13.39,
            "11": 4.19,
            "12": 18.73,
            "13": -20.89,
            "14": -42.43,
            "15": 46.62,
            "16": -6.18,
            "17": -38.31,
            "18": 33.1,
            "19": 9.44,
            "20": -0.9,
            "21": 16.69,
            "22": 39.29,
            "23": -47.25,
            "24": -47.1,
            "25": 47.64,
            "26": 22.01,
            "27": -24.43,
            "28": 12.34,
            "29": -27.89,
            "30": 40.0,
            "31": 5.73,
            "32": -38.91,
            "33": -19.58,
            "34": -26.98,
            "35": -14.33,
            "36": 28.31,
            "37": -6.9,
            "38": -7.52,
            "39": 22.32,
            "40": -3.09,
            "41": -14.15,
            "42": 27.86,
            "43": 11.99,
            "44": 26.79,
            "46": -36.63,
            "47": -28.94,
            "48": 19.1,
            "49": 3.63,
            "50": 7.83,
            "51": -46.32,
            "52": 32.76
        },
        "46": {
            "0": 45.82,
            "1": -23.07,
            "2": -3.3,
            "3": 31.35,
            "4": -30.2,
            "5": 37.87,
            "6": -23.88,
            "7": -13.88,
            "8": 19.68,
            "9": -40.47,
            "10": 19.56,
            "11": -40.67,
            "12": 38.69,
            "13": -45.78,
            "14": 40.45,
            "15": 19.56,
            "16": 46.71,
            "17": -42.18,
            "18": 23.55,
            "19": 0.62,
            "20": 28.72,
            "21": -23.92,
            "22": -36.62,
            "23": -29.19,
            "24": -12.33,
            "25": -10.03,
            "26": -27.54,
            "27": 25.52,
            "28": 40.56,
            "29": 17.4,
            "30": -20.52,
            "31": 27.6,
            "32": 2.33,
            "33": -16.56,
            "34": 34.62,
            "35": 24.8,
            "36": -9.83,
            "37": 6.98,
            "38": 47.69,
            "39": -28.38,
            "40": -18.91,
            "41": 10.7,
            "42": 38.37,
            "43": 35.14,
            "44": -18.14,
            "45": -36.63,
            "47": 26.64,
            "48": 16.3,
            "49": -3.93,
            "50": -13.9,
            "51": -38.18,
            "52": 17.19
        },
        "47": {
            "0": 43.39,
            "1": -37.71,
            "2": -26.39,
            "3": 28.62,
            "4": -22.44,
            "5": 46.7,
            "6": 13.27,
            "7": -32.11,
            "8": -15.76,
            "9": -3.47,
            "10": -20.9,
            "11": 5.29,
            "12": -44.58,
            "13": 34.34,
            "14": 28.31,
            "15": -37.49,
            "16": -10.77,
            "17": 38.72,
            "18": -29.35,
            "19": 14.25,
            "20": 34.8,
            "21": 20.4,
            "22": 9.33,
            "23": -14.59,
            "24": 19.5,
            "25": -24.74,
            "26": 2.67,
            "27": 45.96,
            "28": -21.81,
            "29": 13.29,
            "30": 34.83,
            "31": -44.21,
            "32": -13.62,
            "33": -14.37,
            "34": -15.84,
            "35": 3.54,
            "36": -15.07,
            "37": 38.72,
            "38": -7.71,
            "39": 0.27,
            "40": 1.15,
            "41": 19.95,
            "42": 17.49,
            "43": -24.06,
            "44": -13.72,
            "45": -28.94,
            "46": 26.64,
            "48": -0.31,
            "49": 5.9,
            "50": -43.77,
            "51": 35.76,
            "52": 15.2
        },
        "48": {
            "0": -37.02,
            "1": 12.29,
            "2": -2.27,
            "3": -38.59,
            "4": 28.45,
            "5": -38.77,
            "6": -27.15,
            "7": 43.08,
            "8": 47.06,
            "9": 10.44,
            "10": -46.96,
            "11": 41.86,
            "12": -1.7,
            "13": 26.55,
            "14": 44.55,
            "15": 29.32,
            "16": 14.6,
            "17": 46.04,
            "18": 31.16,
            "19": -30.48,
            "20": -24.86,
            "21": -18.79,
            "22": 42.15,
            "23": 29.13,
            "24": -6.77,
            "25": -13.72,
            "26": 1.87,
            "27": 4.14,
            "28": 27.98,
            "29": 19.25,
            "30": 10.46,
            "31": 24.48,
            "32": 20.95,
            "33": 18.18,
            "34": 28.59,
            "35": 14.46,
            "36": -35.15,
            "37": -38.48,
            "38": -45.91,
            "39": 32.95,
            "40": -43.34,
            "41": 33.88,
            "42": -2.58,
            "43": 12.58,
            "44": 34.04,
            "45": 19.1,
            "46": 16.3,
            "47": -0.31,
            "49": -34.86,
            "50": 25.71,
            "51": -29.15,
            "52": 23.62
        },
        "49": {
            "0": 2.05,
            "1": -30.55,
            "2": -0.78,
            "3": 18.94,
            "4": 21.07,
            "5": 35.09,
            "6": -36.33,
            "7": -34.72,
            "8": 39.32,
            "9": 38.71,
            "10": 21.02,
            "11": -22.34,
            "12": 2.6,
            "13": 29.63,
            "14": 42.44,
            "15": -10.05,
            "16": 0.57,
            "17": 32.33,
            "18": 47.01,
            "19": 15.07,
            "20": -23.43,
            "21": -23.64,
            "22": 16.35,
            "23": 32.77,
            "24": -27.16,
            "25": -6.99,
            "26": -21.67,
            "27": -25.69,
            "28": -30.89,
            "29": -21.02,
            "30": 10.2,
            "31": 9.24,
            "32": 16.92,
            "33": -10.51,
            "34": 15.16,
            "35": 20.42,
            "36": 0.86,
            "37": -42.56,
            "38": 27.35,
            "39": -19.21,
            "40": 37.0,
            "41": 36.91,
            "42": 47.76,
            "43": 17.44,
            "44": 10.17,
            "45": 3.63,
            "46": -3.93,
            "47": 5.9,
            "48": -34.86,
            "50": -22.4,
            "51": 15.68,
            "52": 44.56
        },
        "50": {
            "0": 2.08,
            "1": 5.61,
            "2": -6.42,
            "3": 4.45,
            "4": 32.4,
            "5": 8.46,
            "6": 41.79,
            "7": -33.18,
            "8": 8.92,
            "9": 15.96,
            "10": -9.41,
            "11": -45.55,
            "12": -28.42,
            "13": 43.82,
            "14": -39.9,
            "15": 45.73,
            "16": -38.58,
            "17": -8.68,
            "18": -12.35,
            "19": 10.32,
            "20": 41.57,
            "21": 18.72,
            "22": 14.47,
            "23": 27.02,
            "24": -2.88,
            "25": 22.07,
            "26": -3.96,
            "27": 31.91,
            "28": -10.82,
            "29": -27.75,
            "30": 25.91,
            "31": 3.7,
            "32": -3.99,
            "33": 42.55,
            "34": 16.73,
            "35": -2.59,
            "36": 29.78,
            "37": 36.69,
            "38": -45.79,
            "39": -22.62,
            "40": 22.3,
            "41": -36.24,
            "42": -36.54,
            "43": 38.46,
            "44": -25.96,
            "45": 7.83,
            "46": -13.9,
            "47": -43.77,
            "48": 25.71,
            "49": -22.4,
            "51": -36.44,
            "52": 8.63
        },
        "51": {
            "0": 6.11,
            "1": -22.19,
            "2": 32.61,
            "3": -22.39,
            "4": -12.22,
            "5": -25.85,
            "6": 43.29,
            "7": -22.15,
            "8": 30.94,
            "9": 20.76,
            "10": -20.37,
            "11": -13.4,
            "12": -39.16,
            "13": 31.29,
            "14": 46.45,
            "15": -12.74,
            "16": -33.48,
            "17": 20.13,
            "18": -8.11,
            "19": -20.72,
            "20": -44.43,
            "21": -11.2,
            "22": -24.88,
            "23": -12.82,
            "24": 13.22,
            "25": 32.0,
            "26": -12.27,
            "27": 20.92,
            "28": -3.27,
            "29": -24.66,
            "30": 26.92,
            "31": 15.57,
            "32": -28.85,
            "33": -25.22,
            "34": -13.42,
            "35": -11.88,
            "36": -8.89,
            "37": 26.11,
            "38": -10.33,
            "39": -27.93,
            "40": -17.77,
            "41": 10.43,
            "42": 13.68,
            "43": 30.93,
            "44": 27.67,
            "45": -46.32,
            "46": -38.18,
            "47": 35.76,
            "48": -29.15,
            "49": 15.68,
            "50": -36.44,
            "52": 8.72
        },
        "52": {
            "0": 1.1,
            "1": -7.63,
            "2": 2.98,
            "3": 41.99,
            "4": -42.22,
            "5": 36.95,
            "6": -43.64,
            "7": 18.89,
            "8": -25.07,
            "9": 27.27,
            "10": 29.93,
            "11": 0.27,
            "12": -19.54,
            "13": 18.85,
            "14": -38.91,
            "15": -22.94,
            "16": -47.54,
            "17": -2.25,
            "18": 37.96,
            "19": 45.09,
            "20": 35.32,
            "21": 32.38,
            "22": 23.06,
            "23": 32.16,
            "24": -25.05,
            "25": 4.06,
            "26": -8.99,
            "27": 39.4,
            "28": -29.71,
            "29": 24.02,
            "30": 3.5,
            "31": 47.75,
            "32": -41.9,
            "33": -35.56,
            "34": -24.2,
            "35": -34.61,
            "36": 38.03,
            "37": 44.03,
            "38": -0.43,
            "39": -1.66,
            "40": -41.01,
            "41": -32.9,
            "42": -9.79,
            "43": 17.67,
            "44": -21.08,
            "45": 32.76,
            "46": 17.19,
            "47": 15.2,
            "48": 23.62,
            "49": 44.56,
            "50": 8.63,
            "51": 8.72
        }
    }
}