{
    "knapsack_size": 1500,
    "n_items": 51,
    "costs": {
        "0": {
            "l": 45,
            "a": 67,
            "u": 76
        },
        "1": {
            "l": 62,
            "a": 76,
            "u": 83
        },
        "2": {
            "l": 64,
            "a": 67,
            "u": 71
        },
        "3": {
            "l": 68,
            "a": 82,
            "u": 93
        },
        "4": {
            "l": 67,
            "a": 102,
            "u": 146
        },
        "5": {
            "l": 55,
            "a": 101,
            "u": 115
        },
        "6": {
            "l": 56,
            "a": 100,
            "u": 122
        },
        "7": {
            "l": 53,
            "a": 100,
            "u": 112
        },
        "8": {
            "l": 69,
            "a": 82,
            "u": 117
        },
        "9": {
            "l": 62,
            "a": 78,
            "u": 105
        },
        "10": {
            "l": 57,
            "a": 79,
            "u": 104
        },
        "11": {
            "l": 67,
            "a": 128,
            "u": 177
        },
        "12": {
            "l": 57,
            "a": 71,
            "u": 89
        },
        "13": {
            "l": 51,
            "a": 68,
            "u": 90
        },
        "14": {
            "l": 54,
            "a": 74,
            "u": 92
        },
        "15": {
            "l": 69,
            "a": 80,
            "u": 104
        },
        "16": {
            "l": 69,
            "a": 109,
            "u": 110
        },
        "17": {
            "l": 50,
            "a": 72,
            "u": 84
        },
        "18": {
            "l": 46,
            "a": 55,
            "u": 76
        },
        "19": {
            "l": 53,
            "a": 96,
            "u": 128
        },
        "20": {
            "l": 62,
            "a": 73,
            "u": 81
        },
        "21": {
            "l": 56,
            "a": 56,
            "u": 57
        },
        "22": {
            "l": 57,
            "a": 70,
            "u": 83
        },
        "23": {
            "l": 54,
            "a": 87,
            "u": 118
        },
        "24": {
            "l": 45,
            "a": 77,
            "u": 115
        },
        "25": {
            "l": 62,
            "a": 71,
            "u": 96
        },
        "26": {
            "l": 52,
            "a": 67,
            "u": 96
        },
        "27": {
            "l": 66,
            "a": 81,
            "u": 105
        },
        "28": {
            "l": 53,
            "a": 74,
            "u": 100
        },
        "29": {
            "l": 67,
            "a": 129,
            "u": 130
        },
        "30": {
            "l": 64,
            "a": 82,
            "u": 111
        },
        "31": {
            "l": 61,
            "a": 76,
            "u": 84
        },
        "32": {
            "l": 58,
            "a": 93,
            "u": 139
        },
        "33": {
            "l": 65,
            "a": 108,
            "u": 138
        },
        "34": {
            "l": 63,
            "a": 97,
            "u": 114
        },
        "35": {
            "l": 47,
            "a": 47,
            "u": 57
        },
        "36": {
            "l": 55,
            "a": 78,
            "u": 97
        },
        "37": {
            "l": 55,
            "a": 74,
            "u": 87
        },
        "38": {
            "l": 62,
            "a": 114,
            "u": 156
        },
        "39": {
            "l": 58,
            "a": 95,
            "u": 138
        },
        "40": {
            "l": 60,
            "a": 67,
            "u": 86
        },
        "41": {
            "l": 59,
            "a": 113,
            "u": 144
        },
        "42": {
            "l": 47,
            "a": 63,
            "u": 63
        },
        "43": {
            "l": 52,
            "a": 103,
            "u": 154
        },
        "44": {
            "l": 48,
            "a": 49,
            "u": 53
        },
        "45": {
            "l": 64,
            "a": 95,
            "u": 97
        },
        "46": {
            "l": 64,
            "a": 103,
            "u": 110
        },
        "47": {
            "l": 47,
            "a": 73,
            "u": 100
        },
        "48": {
            "l": 46,
            "a": 78,
            "u": 115
        },
        "49": {
            "l": 48,
            "a": 92,
            "u": 107
        },
        "50": {
            "l": 54,
            "a": 100,
            "u": 134
        }
    },
    "profits": {
        "0": 115,
        "1": 116,
        "2": 124,
        "3": 151,
        "4": 190,
        "5": 153,
        "6": 199,
        "7": 173,
        "8": 146,
        "9": 128,
        "10": 125,
        "11": 222,
        "12": 112,
        "13": 102,
        "14": 112,
        "15": 154,
        "16": 183,
        "17": 142,
        "18": 99,
        "19": 177,
        "20": 113,
        "21": 96,
        "22": 108,
        "23": 149,
        "24": 133,
        "25": 139,
        "26": 126,
        "27": 122,
        "28": 117,
        "29": 217,
        "30": 158,
        "31": 139,
        "32": 157,
        "33": 209,
        "34": 151,
        "35": 72,
        "36": 139,
        "37": 123,
        "38": 175,
        "39": 158,
        "40": 107,
        "41": 187,
        "42": 97,
        "43": 158,
        "44": 78,
        "45": 171,
        "46": 180,
        "47": 129,
        "48": 133,
        "49": 169,
        "50": 193
    },
    "synergies": {
        "0": {
            "1": 13,
            "2": -2,
            "3": -47,
            "4": -23,
            "5": 44,
            "6": -7,
            "7": -40,
            "8": 11,
            "9": -6,
            "10": -10,
            "11": -29,
            "12": 12,
            "13": 24,
            "14": -37,
            "15": -10,
            "16": 3,
            "17": -38,
            "18": 24,
            "19": 11,
            "20": -4,
            "21": -7,
            "22": 10,
            "23": 36,
            "24": -12,
            "25": 6,
            "26": 45,
            "27": -13,
            "28": -9,
            "29": 23,
            "30": 16,
            "31": 6,
            "32": 0,
            "33": -27,
            "34": -34,
            "35": 1,
            "36": 45,
            "37": -36,
            "38": 8,
            "39": -12,
            "40": 8,
            "41": 46,
            "42": 28,
            "43": 10,
            "44": -4,
            "45": 43,
            "46": -39,
            "47": 13,
            "48": 46,
            "49": 10,
            "50": -27
        },
        "1": {
            "0": 13,
            "2": 28,
            "3": -43,
            "4": 49,
            "5": 21,
            "6": -43,
            "7": -34,
            "8": 17,
            "9": -19,
            "10": 5,
            "11": -41,
            "12": -1,
            "13": -23,
            "14": -19,
            "15": 33,
            "16": -15,
            "17": -13,
            "18": 40,
            "19": 17,
            "20": 11,
            "21": 41,
            "22": -40,
            "23": -14,
            "24": 27,
            "25": -5,
            "26": -49,
            "27": -28,
            "28": -13,
            "29": -43,
            "30": -4,
            "31": -10,
            "32": -36,
            "33": 20,
            "34": -48,
            "35": 7,
            "36": 13,
            "37": -6,
            "38": 47,
            "39": -40,
            "40": -47,
            "41": -43,
            "42": -40,
            "43": 25,
            "44": 26,
            "45": -29,
            "46": -42,
            "47": 0,
            "48": 31,
            "49": -24,
            "50": -1
        },
        "2": {
            "0": -2,
            "1": 28,
            "3": -1,
            "4": -16,
            "5": -5,
            "6": 46,
            "7": -6,
            "8": -27,
            "9": -5,
            "10": 23,
            "11": -49,
            "12": -28,
            "13": -41,
            "14": -41,
            "15": -15,
            "16": 35,
            "17": -19,
            "18": -15,
            "19": 44,
            "20": -15,
            "21": 0,
            "22": 49,
            "23": 25,
            "24": -19,
            "25": 15,
            "26": -12,
            "27": -48,
            "28": -7,
            "29": 12,
            "30": 17,
            "31": -19,
            "32": 19,
            "33": -30,
            "34": 4,
            "35": 35,
            "36": 25,
            "37": -35,
            "38": 1,
            "39": 26,
            "40": 2,
            "41": 39,
            "42": 30,
            "43": -44,
            "44": -41,
            "45": -4,
            "46": 22,
            "47": -21,
            "48": -45,
            "49": -8,
            "50": 25
        },
        "3": {
            "0": -47,
            "1": -43,
            "2": -1,
            "4": 46,
            "5": -20,
            "6": 19,
            "7": 5,
            "8": -27,
            "9": -45,
            "10": -13,
            "11": -24,
            "12": 12,
            "13": -17,
            "14": 6,
            "15": 46,
            "16": 5,
            "17": 49,
            "18": 30,
            "19": -45,
            "20": 34,
            "21": -33,
            "22": 13,
            "23": -47,
            "24": 21,
            "25": -45,
            "26": 26,
            "27": -23,
            "28": 9,
            "29": 13,
            "30": -24,
            "31": -41,
            "32": 35,
            "33": -39,
            "34": 4,
            "35": 15,
            "36": 34,
            "37": -37,
            "38": -26,
            "39": 20,
            "40": 43,
            "41": -15,
            "42": 23,
            "43": 44,
            "44": -40,
            "45": -12,
            "46": 33,
            "47": 19,
            "48": -39,
            "49": 22,
            "50": 15
        },
        "4": {
            "0": -23,
            "1": 49,
            "2": -16,
            "3": 46,
            "5": -6,
            "6": -48,
            "7": -38,
            "8": 6,
            "9": 47,
            "10": 23,
            "11": 21,
            "12": -34,
            "13": 28,
            "14": 35,
            "15": -24,
            "16": 0,
            "17": -14,
            "18": -44,
            "19": -14,
            "20": -10,
            "21": 16,
            "22": 3,
            "23": -13,
            "24": -30,
            "25": 9,
            "26": 34,
            "27": 27,
            "28": 34,
            "29": -13,
            "30": -32,
            "31": 33,
            "32": -8,
            "33": -34,
            "34": 27,
            "35": -33,
            "36": -7,
            "37": -20,
            "38": -3,
            "39": -5,
            "40": 5,
            "41": -32,
            "42": 40,
            "43": 39,
            "44": -3,
            "45": 14,
            "46": 35,
            "47": 6,
            "48": -42,
            "49": 29,
            "50": 4
        },
        "5": {
            "0": 44,
            "1": 21,
            "2": -5,
            "3": -20,
            "4": -6,
            "6": -21,
            "7": -6,
            "8": -22,
            "9": -19,
            "10": 34,
            "11": 1,
            "12": 41,
            "13": 32,
            "14": -38,
            "15": -20,
            "16": -22,
            "17": -49,
            "18": -16,
            "19": 25,
            "20": 35,
            "21": -10,
            "22": -8,
            "23": -2,
            "24": 40,
            "25": 24,
            "26": 18,
            "27": -21,
            "28": 22,
            "29": 28,
            "30": -23,
            "31": 17,
            "32": -37,
            "33": -3,
            "34": -29,
            "35": -11,
            "36": 46,
            "37": -25,
            "38": 17,
            "39": 15,
            "40": -7,
            "41": 2,
            "42": -16,
            "43": -34,
            "44": -11,
            "45": 29,
            "46": 13,
            "47": -30,
            "48": -14,
            "49": 42,
            "50": -28
        },
        "6": {
            "0": -7,
            "1": -43,
            "2": 46,
            "3": 19,
            "4": -48,
            "5": -21,
            "7": -7,
            "8": 38,
            "9": 37,
            "10": 5,
            "11": -24,
            "12": 5,
            "13": -27,
            "14": 27,
            "15": 26,
            "16": -15,
            "17": -39,
            "18": -14,
            "19": 19,
            "20": 25,
            "21": 48,
            "22": 14,
            "23": -16,
            "24": -7,
            "25": 23,
            "26": 6,
            "27": 18,
            "28": 5,
            "29": 39,
            "30": -41,
            "31": 29,
            "32": 44,
            "33": 18,
            "34": -30,
            "35": -34,
            "36": 0,
            "37": 6,
            "38": 32,
            "39": 8,
            "40": 48,
            "41": -17,
            "42": -32,
            "43": -22,
            "44": 47,
            "45": 18,
            "46": 0,
            "47": 19,
            "48": 8,
            "49": -4,
            "50": 35
        },
        "7": {
            "0": -40,
            "1": -34,
            "2": -6,
            "3": 5,
            "4": -38,
            "5": -6,
            "6": -7,
            "8": 26,
            "9": 0,
            "10": -17,
            "11": -44,
            "12": -8,
            "13": 41,
            "14": -40,
            "15": -8,
            "16": 46,
            "17": -26,
            "18": 29,
            "19": 12,
            "20": 47,
            "21": 6,
            "22": -45,
            "23": 41,
            "24": -8,
            "25": 40,
            "26": -44,
            "27": 26,
            "28": 31,
            "29": -27,
            "30": 2,
            "31": -26,
            "32": 20,
            "33": 33,
            "34": 3,
            "35": 21,
            "36": -37,
            "37": 42,
            "38": -21,
            "39": -23,
            "40": 10,
            "41": 20,
            "42": -2,
            "43": -40,
            "44": -2,
            "45": -6,
            "46": -41,
            "47": -9,
            "48": 27,
            "49": 32,
            "50": 32
        },
        "8": {
            "0": 11,
            "1": 17,
            "2": -27,
            "3": -27,
            "4": 6,
            "5": -22,
            "6": 38,
            "7": 26,
            "9": 0,
            "10": 4,
            "11": -35,
            "12": 18,
            "13": 27,
            "14": 0,
            "15": -49,
            "16": -2,
            "17": 0,
            "18": 2,
            "19": 20,
            "20": 40,
            "21": -17,
            "22": -1,
            "23": 3,
            "24": -15,
            "25": -36,
            "26": -31,
            "27": -21,
            "28": 38,
            "29": -29,
            "30": 22,
            "31": 16,
            "32": -36,
            "33": -19,
            "34": 44,
            "35": -4,
            "36": -43,
            "37": 25,
            "38": -14,
            "39": 12,
            "40": -27,
            "41": 16,
            "42": 9,
            "43": 7,
            "44": 3,
            "45": -19,
            "46": -44,
            "47": -5,
            "48": 8,
            "49": -4,
            "50": 9
        },
        "9": {
            "0": -6,
            "1": -19,
            "2": -5,
            "3": -45,
            "4": 47,
            "5": -19,
            "6": 37,
            "7": 0,
            "8": 0,
            "10": -21,
            "11": 31,
            "12": -28,
            "13": -6,
            "14": 49,
            "15": -7,
            "16": 14,
            "17": 34,
            "18": -47,
            "19": 24,
            "20": -18,
            "21": -38,
            "22": 16,
            "23": -48,
            "24": -45,
            "25": 13,
            "26": -29,
            "27": -21,
            "28": -36,
            "29": -47,
            "30": -40,
            "31": -36,
            "32": -21,
            "33": 48,
            "34": -36,
            "35": -19,
            "36": 24,
            "37": 40,
            "38": 35,
            "39": -14,
            "40": -34,
            "41": -12,
            "42": -43,
            "43": 46,
            "44": -41,
            "45": -30,
            "46": 10,
            "47": 33,
            "48": 0,
            "49": -8,
            "50": -39
        },
        "10": {
            "0": -10,
            "1": 5,
            "2": 23,
            "3": -13,
            "4": 23,
            "5": 34,
            "6": 5,
            "7": -17,
            "8": 4,
            "9": -21,
            "11": -47,
            "12": -8,
            "13": 18,
            "14": 8,
            "15": -29,
            "16": -31,
            "17": -11,
            "18": -34,
            "19": -1,
            "20": 36,
            "21": -42,
            "22": -30,
            "23": 9,
            "24": 13,
            "25": 3,
            "26": 8,
            "27": -30,
            "28": 31,
            "29": 29,
            "30": -5,
            "31": 16,
            "32": 21,
            "33": 36,
            "34": 41,
            "35": -26,
            "36": 35,
            "37": -14,
            "38": -11,
            "39": -3,
            "40": 7,
            "41": 29,
            "42": -40,
            "43": 40,
            "44": 3,
            "45": 18,
            "46": 15,
            "47": -29,
            "48": 8,
            "49": 9,
            "50": -20
        },
        "11": {
            "0": -29,
            "1": -41,
            "2": -49,
            "3": -24,
            "4": 21,
            "5": 1,
            "6": -24,
            "7": -44,
            "8": -35,
            "9": 31,
            "10": -47,
            "12": -47,
            "13": 44,
            "14": -31,
            "15": 19,
            "16": -13,
            "17": 36,
            "18": -24,
            "19": -16,
            "20": 42,
            "21": -7,
            "22": -17,
            "23": 0,
            "24": -43,
            "25": -21,
            "26": 17,
            "27": 17,
            "28": 19,
            "29": -19,
            "30": -41,
            "31": 12,
            "32": -33,
            "33": 0,
            "34": 12,
            "35": -36,
            "36": -46,
            "37": 25,
            "38": 23,
            "39": 15,
            "40": -14,
            "41": 14,
            "42": -45,
            "43": -14,
            "44": -35,
            "45": -43,
            "46": -14,
            "47": -27,
            "48": 40,
            "49": 32,
            "50": 39
        },
        "12": {
            "0": 12,
            "1": -1,
            "2": -28,
            "3": 12,
            "4": -34,
            "5": 41,
            "6": 5,
            "7": -8,
            "8": 18,
            "9": -28,
            "10": -8,
            "11": -47,
            "13": -38,
            "14": 42,
            "15": 20,
            "16": 12,
            "17": 35,
            "18": -27,
            "19": 42,
            "20": 45,
            "21": 29,
            "22": -19,
            "23": -17,
            "24": 32,
            "25": -24,
            "26": -17,
            "27": 31,
            "28": 18,
            "29": 25,
            "30": -12,
            "31": -42,
            "32": -12,
            "33": 7,
            "34": -6,
            "35": 41,
            "36": -42,
            "37": -23,
            "38": 44,
            "39": 43,
            "40": -30,
            "41": 4,
            "42": 47,
            "43": -35,
            "44": -39,
            "45": 0,
            "46": -11,
            "47": -14,
            "48": 15,
            "49": -24,
            "50": -6
        },
        "13": {
            "0": 24,
            "1": -23,
            "2": -41,
            "3": -17,
            "4": 28,
            "5": 32,
            "6": -27,
            "7": 41,
            "8": 27,
            "9": -6,
            "10": 18,
            "11": 44,
            "12": -38,
            "14": 44,
            "15": 25,
            "16": -42,
            "17": -26,
            "18": -11,
            "19": -21,
            "20": 34,
            "21": -29,
            "22": 48,
            "23": -6,
            "24": -12,
            "25": 25,
            "26": -43,
            "27": 23,
            "28": 20,
            "29": 32,
            "30": -48,
            "31": -6,
            "32": -43,
            "33": 23,
            "34": -41,
            "35": -22,
            "36": 48,
            "37": -41,
            "38": 45,
            "39": 6,
            "40": 29,
            "41": 45,
            "42": -42,
            "43": 12,
            "44": 15,
            "45": 39,
            "46": 6,
            "47": 30,
            "48": 1,
            "49": -45,
            "50": -42
        },
        "14": {
            "0": -37,
            "1": -19,
            "2": -41,
            "3": 6,
            "4": 35,
            "5": -38,
            "6": 27,
            "7": -40,
            "8": 0,
            "9": 49,
            "10": 8,
            "11": -31,
            "12": 42,
            "13": 44,
            "15": -9,
            "16": 14,
            "17": 22,
            "18": -13,
            "19": 32,
            "20": -14,
            "21": 9,
            "22": 36,
            "23": -32,
            "24": 49,
            "25": -43,
            "26": -32,
            "27": -13,
            "28": 4,
            "29": -31,
            "30": -18,
            "31": -34,
            "32": -16,
            "33": 42,
            "34": -5,
            "35": 43,
            "36": 18,
            "37": -41,
            "38": -39,
            "39": 26,
            "40": -22,
            "41": 11,
            "42": -4,
            "43": -28,
            "44": 45,
            "45": 22,
            "46": -19,
            "47": -48,
            "48": 42,
            "49": 32,
            "50": 33
        },
        "15": {
            "0": -10,
            "1": 33,
            "2": -15,
            "3": 46,
            "4": -24,
            "5": -20,
            "6": 26,
            "7": -8,
            "8": -49,
            "9": -7,
            "10": -29,
            "11": 19,
            "12": 20,
            "13": 25,
            "14": -9,
            "16": 14,
            "17": 14,
            "18": -2,
            "19": -46,
            "20": -9,
            "21": 44,
            "22": -33,
            "23": -4,
            "24": 45,
            "25": 0,
            "26": 0,
            "27": -24,
            "28": -33,
            "29": 9,
            "30": 43,
            "31": -13,
            "32": 2,
            "33": -41,
            "34": -22,
            "35": 0,
            "36": 0,
            "37": -2,
            "38": -47,
            "39": -4,
            "40": 40,
            "41": 27,
            "42": -28,
            "43": -39,
            "44": 46,
            "45": 8,
            "46": 4,
            "47": 7,
            "48": 48,
            "49": -43,
            "50": 9
        },
        "16": {
            "0": 3,
            "1": -15,
            "2": 35,
            "3": 5,
            "4": 0,
            "5": -22,
            "6": -15,
            "7": 46,
            "8": -2,
            "9": 14,
            "10": -31,
            "11": -13,
            "12": 12,
            "13": -42,
            "14": 14,
            "15": 14,
            "17": -33,
            "18": 35,
            "19": 27,
            "20": 46,
            "21": -18,
            "22": 34,
            "23": 47,
            "24": -12,
            "25": 29,
            "26": 18,
            "27": -7,
            "28": 31,
            "29": 15,
            "30": -42,
            "31": 33,
            "32": 27,
            "33": 33,
            "34": 2,
            "35": -28,
            "36": -5,
            "37": 15,
            "38": -37,
            "39": -34,
            "40": -3,
            "41": -48,
            "42": -23,
            "43": -23,
            "44": -44,
            "45": 47,
            "46": -14,
            "47": 19,
            "48": 34,
            "49": -48,
            "50": -21
        },
        "17": {
            "0": -38,
            "1": -13,
            "2": -19,
            "3": 49,
            "4": -14,
            "5": -49,
            "6": -39,
            "7": -26,
            "8": 0,
            "9": 34,
            "10": -11,
            "11": 36,
            "12": 35,
            "13": -26,
            "14": 22,
            "15": 14,
            "16": -33,
            "18": 32,
            "19": 9,
            "20": -48,
            "21": -43,
            "22": 31,
            "23": -20,
            "24": 23,
            "25": -8,
            "26": 0,
            "27": 39,
            "28": -30,
            "29": 42,
            "30": 15,
            "31": 19,
            "32": -2,
            "33": -6,
            "34": -48,
            "35": 6,
            "36": -33,
            "37": -17,
            "38": 14,
            "39": -15,
            "40": 19,
            "41": -40,
            "42": 11,
            "43": 13,
            "44": 28,
            "45": 44,
            "46": -27,
            "47": -30,
            "48": 37,
            "49": 15,
            "50": -29
        },
        "18": {
            "0": 24,
            "1": 40,
            "2": -15,
            "3": 30,
            "4": -44,
            "5": -16,
            "6": -14,
            "7": 29,
            "8": 2,
            "9": -47,
            "10": -34,
            "11": -24,
            "12": -27,
            "13": -11,
            "14": -13,
            "15": -2,
            "16": 35,
            "17": 32,
            "19": 23,
            "20": -22,
            "21": 0,
            "22": 47,
            "23": 30,
            "24": -12,
            "25": -6,
            "26": 20,
            "27": -11,
            "28": -39,
            "29": 24,
            "30": 38,
            "31": 20,
            "32": -28,
            "33": 0,
            "34": -48,
            "35": -48,
            "36": -15,
            "37": 43,
            "38": -21,
            "39": -3,
            "40": 5,
            "41": -26,
            "42": -44,
            "43": -37,
            "44": -38,
            "45": -18,
            "46": -32,
            "47": -48,
            "48": 31,
            "49": -45,
            "50": -45
        },
        "19": {
            "0": 11,
            "1": 17,
            "2": 44,
            "3": -45,
            "4": -14,
            "5": 25,
            "6": 19,
            "7": 12,
            "8": 20,
            "9": 24,
            "10": -1,
            "11": -16,
            "12": 42,
            "13": -21,
            "14": 32,
            "15": -46,
            "16": 27,
            "17": 9,
            "18": 23,
            "20": -9,
            "21": 5,
            "22": 49,
            "23": 3,
            "24": -22,
            "25": -16,
            "26": -25,
            "27": 44,
            "28": 15,
            "29": 40,
            "30": -43,
            "31": -20,
            "32": -20,
            "33": -11,
            "34": 14,
            "35": -47,
            "36": 40,
            "37": 42,
            "38": 4,
            "39": -11,
            "40": 29,
            "41": -4,
            "42": -44,
            "43": 0,
            "44": 7,
            "45": 45,
            "46": -13,
            "47": -30,
            "48": -44,
            "49": -47,
            "50": -8
        },
        "20": {
            "0": -4,
            "1": 11,
            "2": -15,
            "3": 34,
            "4": -10,
            "5": 35,
            "6": 25,
            "7": 47,
            "8": 40,
            "9": -18,
            "10": 36,
            "11": 42,
            "12": 45,
            "13": 34,
            "14": -14,
            "15": -9,
            "16": 46,
            "17": -48,
            "18": -22,
            "19": -9,
            "21": -37,
            "22": -1,
            "23": 31,
            "24": -11,
            "25": -39,
            "26": 33,
            "27": 46,
            "28": 0,
            "29": 6,
            "30": 12,
            "31": 9,
            "32": 41,
            "33": -23,
            "34": 14,
            "35": 11,
            "36": 3,
            "37": 16,
            "38": 7,
            "39": -25,
            "40": 8,
            "41": -6,
            "42": -45,
            "43": -39,
            "44": 3,
            "45": 46,
            "46": -4,
            "47": -24,
            "48": -49,
            "49": -10,
            "50": 33
        },
        "21": {
            "0": -7,
            "1": 41,
            "2": 0,
            "3": -33,
            "4": 16,
            "5": -10,
            "6": 48,
            "7": 6,
            "8": -17,
            "9": -38,
            "10": -42,
            "11": -7,
            "12": 29,
            "13": -29,
            "14": 9,
            "15": 44,
            "16": -18,
            "17": -43,
            "18": 0,
            "19": 5,
            "20": -37,
            "22": -26,
            "23": -39,
            "24": 20,
            "25": -30,
            "26": 39,
            "27": 36,
            "28": -36,
            "29": -24,
            "30": -24,
            "31": 34,
            "32": -32,
            "33": 24,
            "34": -2,
            "35": -15,
            "36": -41,
            "37": -17,
            "38": -16,
            "39": 24,
            "40": -49,
            "41": -24,
            "42": 3,
            "43": -45,
            "44": 17,
            "45": -9,
            "46": -24,
            "47": 27,
            "48": 2,
            "49": -6,
            "50": 9
        },
        "22": {
            "0": 10,
            "1": -40,
            "2": 49,
            "3": 13,
            "4": 3,
            "5": -8,
            "6": 14,
            "7": -45,
            "8": -1,
            "9": 16,
            "10": -30,
            "11": -17,
            "12": -19,
            "13": 48,
            "14": 36,
            "15": -33,
            "16": 34,
            "17": 31,
            "18": 47,
            "19": 49,
            "20": -1,
            "21": -26,
            "23": 43,
            "24": -42,
            "25": -43,
            "26": 13,
            "27": -23,
            "28": -32,
            "29": -18,
            "30": 27,
            "31": -17,
            "32": 40,
            "33": -43,
            "34": 19,
            "35": 13,
            "36": 4,
            "37": 27,
            "38": -16,
            "39": -6,
            "40": 48,
            "41": 2,
            "42": 24,
            "43": 27,
            "44": 8,
            "45": -14,
            "46": -5,
            "47": 24,
            "48": 24,
            "49": 46,
            "50": 16
        },
        "23": {
            "0": 36,
            "1": -14,
            "2": 25,
            "3": -47,
            "4": -13,
            "5": -2,
            "6": -16,
            "7": 41,
            "8": 3,
            "9": -48,
            "10": 9,
            "11": 0,
            "12": -17,
            "13": -6,
            "14": -32,
            "15": -4,
            "16": 47,
            "17": -20,
            "18": 30,
            "19": 3,
            "20": 31,
            "21": -39,
            "22": 43,
            "24": -4,
            "25": 22,
            "26": 6,
            "27": 44,
            "28": -44,
            "29": -29,
            "30": 18,
            "31": -6,
            "32": -24,
            "33": -41,
            "34": -8,
            "35": 22,
            "36": 17,
            "37": 0,
            "38": 9,
            "39": 43,
            "40": -26,
            "41": 47,
            "42": 31,
            "43": -14,
            "44": 35,
            "45": 18,
            "46": -9,
            "47": 4,
            "48": 49,
            "49": 28,
            "50": -30
        },
        "24": {
            "0": -12,
            "1": 27,
            "2": -19,
            "3": 21,
            "4": -30,
            "5": 40,
            "6": -7,
            "7": -8,
            "8": -15,
            "9": -45,
            "10": 13,
            "11": -43,
            "12": 32,
            "13": -12,
            "14": 49,
            "15": 45,
            "16": -12,
            "17": 23,
            "18": -12,
            "19": -22,
            "20": -11,
            "21": 20,
            "22": -42,
            "23": -4,
            "25": 19,
            "26": -10,
            "27": 10,
            "28": 38,
            "29": -36,
            "30": 35,
            "31": -18,
            "32": -20,
            "33": -46,
            "34": 11,
            "35": -5,
            "36": -7,
            "37": 26,
            "38": 5,
            "39": 12,
            "40": 7,
            "41": -45,
            "42": 25,
            "43": -31,
            "44": 29,
            "45": 29,
            "46": -14,
            "47": -2,
            "48": -33,
            "49": 7,
            "50": 28
        },
        "25": {
            "0": 6,
            "1": -5,
            "2": 15,
            "3": -45,
            "4": 9,
            "5": 24,
            "6": 23,
            "7": 40,
            "8": -36,
            "9": 13,
            "10": 3,
            "11": -21,
            "12": -24,
            "13": 25,
            "14": -43,
            "15": 0,
            "16": 29,
            "17": -8,
            "18": -6,
            "19": -16,
            "20": -39,
            "21": -30,
            "22": -43,
            "23": 22,
            "24": 19,
            "26": 8,
            "27": 16,
            "28": -48,
            "29": -19,
            "30": 44,
            "31": -21,
            "32": 32,
            "33": -45,
            "34": -16,
            "35": -14,
            "36": -36,
            "37": 15,
            "38": 22,
            "39": 38,
            "40": 1,
            "41": -6,
            "42": 17,
            "43": -12,
            "44": -5,
            "45": 48,
            "46": 4,
            "47": 32,
            "48": -49,
            "49": -15,
            "50": -22
        },
        "26": {
            "0": 45,
            "1": -49,
            "2": -12,
            "3": 26,
            "4": 34,
            "5": 18,
            "6": 6,
            "7": -44,
            "8": -31,
            "9": -29,
            "10": 8,
            "11": 17,
            "12": -17,
            "13": -43,
            "14": -32,
            "15": 0,
            "16": 18,
            "17": 0,
            "18": 20,
            "19": -25,
            "20": 33,
            "21": 39,
            "22": 13,
            "23": 6,
            "24": -10,
            "25": 8,
            "27": 29,
            "28": -40,
            "29": -11,
            "30": 2,
            "31": -1,
            "32": 0,
            "33": 38,
            "34": 14,
            "35": 14,
            "36": 0,
            "37": 43,
            "38": 12,
            "39": 3,
            "40": -17,
            "41": 35,
            "42": -46,
            "43": -40,
            "44": -15,
            "45": -4,
            "46": 33,
            "47": 31,
            "48": -29,
            "49": -34,
            "50": 30
        },
        "27": {
            "0": -13,
            "1": -28,
            "2": -48,
            "3": -23,
            "4": 27,
            "5": -21,
            "6": 18,
            "7": 26,
            "8": -21,
            "9": -21,
            "10": -30,
            "11": 17,
            "12": 31,
            "13": 23,
            "14": -13,
            "15": -24,
            "16": -7,
            "17": 39,
            "18": -11,
            "19": 44,
            "20": 46,
            "21": 36,
            "22": -23,
            "23": 44,
            "24": 10,
            "25": 16,
            "26": 29,
            "28": 26,
            "29": -38,
            "30": 44,
            "31": 6,
            "32": -45,
            "33": -19,
            "34": 30,
            "35": 13,
            "36": -46,
            "37": -12,
            "38": -13,
            "39": 10,
            "40": 45,
            "41": 13,
            "42": 26,
            "43": -18,
            "44": 27,
            "45": 45,
            "46": -23,
            "47": 7,
            "48": 39,
            "49": -42,
            "50": -28
        },
        "28": {
            "0": -9,
            "1": -13,
            "2": -7,
            "3": 9,
            "4": 34,
            "5": 22,
            "6": 5,
            "7": 31,
            "8": 38,
            "9": -36,
            "10": 31,
            "11": 19,
            "12": 18,
            "13": 20,
            "14": 4,
            "15": -33,
            "16": 31,
            "17": -30,
            "18": -39,
            "19": 15,
            "20": 0,
            "21": -36,
            "22": -32,
            "23": -44,
            "24": 38,
            "25": -48,
            "26": -40,
            "27": 26,
            "29": 10,
            "30": -42,
            "31": -10,
            "32": -17,
            "33": 40,
            "34": -6,
            "35": -38,
            "36": -3,
            "37": -11,
            "38": -4,
            "39": 38,
            "40": -6,
            "41": 31,
            "42": 10,
            "43": -20,
            "44": 45,
            "45": -44,
            "46": 32,
            "47": 43,
            "48": -48,
            "49": 1,
            "50": -16
        },
        "29": {
            "0": 23,
            "1": -43,
            "2": 12,
            "3": 13,
            "4": -13,
            "5": 28,
            "6": 39,
            "7": -27,
            "8": -29,
            "9": -47,
            "10": 29,
            "11": -19,
            "12": 25,
            "13": 32,
            "14": -31,
            "15": 9,
            "16": 15,
            "17": 42,
            "18": 24,
            "19": 40,
            "20": 6,
            "21": -24,
            "22": -18,
            "23": -29,
            "24": -36,
            "25": -19,
            "26": -11,
            "27": -38,
            "28": 10,
            "30": -34,
            "31": 2,
            "32": -34,
            "33": 1,
            "34": 37,
            "35": 14,
            "36": -45,
            "37": -8,
            "38": 48,
            "39": -26,
            "40": 28,
            "41": 41,
            "42": -31,
            "43": -49,
            "44": -42,
            "45": 4,
            "46": 39,
            "47": -31,
            "48": 18,
            "49": 24,
            "50": -23
        },
        "30": {
            "0": 16,
            "1": -4,
            "2": 17,
            "3": -24,
            "4": -32,
            "5": -23,
            "6": -41,
            "7": 2,
            "8": 22,
            "9": -40,
            "10": -5,
            "11": -41,
            "12": -12,
            "13": -48,
            "14": -18,
            "15": 43,
            "16": -42,
            "17": 15,
            "18": 38,
            "19": -43,
            "20": 12,
            "21": -24,
            "22": 27,
            "23": 18,
            "24": 35,
            "25": 44,
            "26": 2,
            "27": 44,
            "28": -42,
            "29": -34,
            "31": 13,
            "32": -21,
            "33": 23,
            "34": 23,
            "35": -47,
            "36": -35,
            "37": -29,
            "38": -6,
            "39": -2,
            "40": 43,
            "41": -42,
            "42": -20,
            "43": 33,
            "44": 13,
            "45": 47,
            "46": 19,
            "47": -30,
            "48": 41,
            "49": -8,
            "50": 8
        },
        "31": {
            "0": 6,
            "1": -10,
            "2": -19,
            "3": -41,
            "4": 33,
            "5": 17,
            "6": 29,
            "7": -26,
            "8": 16,
            "9": -36,
            "10": 16,
            "11": 12,
            "12": -42,
            "13": -6,
            "14": -34,
            "15": -13,
            "16": 33,
            "17": 19,
            "18": 20,
            "19": -20,
            "20": 9,
            "21": 34,
            "22": -17,
            "23": -6,
            "24": -18,
            "25": -21,
            "26": -1,
            "27": 6,
            "28": -10,
            "29": 2,
            "30": 13,
            "32": 0,
            "33": -40,
            "34": -29,
            "35": -21,
            "36": -48,
            "37": -20,
            "38": -45,
            "39": -15,
            "40": -34,
            "41": 35,
            "42": -26,
            "43": 6,
            "44": 37,
            "45": -41,
            "46": -1,
            "47": -26,
            "48": 2,
            "49": 31,
            "50": -43
        },
        "32": {
            "0": 0,
            "1": -36,
            "2": 19,
            "3": 35,
            "4": -8,
            "5": -37,
            "6": 44,
            "7": 20,
            "8": -36,
            "9": -21,
            "10": 21,
            "11": -33,
            "12": -12,
            "13": -43,
            "14": -16,
            "15": 2,
            "16": 27,
            "17": -2,
            "18": -28,
            "19": -20,
            "20": 41,
            "21": -32,
            "22": 40,
            "23": -24,
            "24": -20,
            "25": 32,
            "26": 0,
            "27": -45,
            "28": -17,
            "29": -34,
            "30": -21,
            "31": 0,
            "33": 3,
            "34": -37,
            "35": 40,
            "36": -39,
            "37": 22,
            "38": -38,
            "39": -2,
            "40": -13,
            "41": 28,
            "42": -15,
            "43": -39,
            "44": 32,
            "45": 41,
            "46": 40,
            "47": 9,
            "48": -26,
            "49": -34,
            "50": 8
        },
        "33": {
            "0": -27,
            "1": 20,
            "2": -30,
            "3": -39,
            "4": -34,
            "5": -3,
            "6": 18,
            "7": 33,
            "8": -19,
            "9": 48,
            "10": 36,
            "11": 0,
            "12": 7,
            "13": 23,
            "14": 42,
            "15": -41,
            "16": 33,
            "17": -6,
            "18": 0,
            "19": -11,
            "20": -23,
            "21": 24,
            "22": -43,
            "23": -41,
            "24": -46,
            "25": -45,
            "26": 38,
            "27": -19,
            "28": 40,
            "29": 1,
            "30": 23,
            "31": -40,
            "32": 3,
            "34": -42,
            "35": -37,
            "36": -32,
            "37": 13,
            "38": -22,
            "39": 22,
            "40": -2,
            "41": -31,
            "42": 32,
            "43": -34,
            "44": -29,
            "45": 37,
            "46": 7,
            "47": 19,
            "48": 14,
            "49": -10,
            "50": -4
        },
        "34": {
            "0": -34,
            "1": -48,
            "2": 4,
            "3": 4,
            "4": 27,
            "5": -29,
            "6": -30,
            "7": 3,
            "8": 44,
            "9": -36,
            "10": 41,
            "11": 12,
            "12": -6,
            "13": -41,
            "14": -5,
            "15": -22,
            "16": 2,
            "17": -48,
            "18": -48,
            "19": 14,
            "20": 14,
            "21": -2,
            "22": 19,
            "23": -8,
            "24": 11,
            "25": -16,
            "26": 14,
            "27": 30,
            "28": -6,
            "29": 37,
            "30": 23,
            "31": -29,
            "32": -37,
            "33": -42,
            "35": -33,
            "36": -10,
            "37": 36,
            "38": -17,
            "39": -47,
            "40": -46,
            "41": 29,
            "42": -38,
            "43": 30,
            "44": -28,
            "45": -2,
            "46": 39,
            "47": 9,
            "48": -12,
            "49": 20,
            "50": 2
        },
        "35": {
            "0": 1,
            "1": 7,
            "2": 35,
            "3": 15,
            "4": -33,
            "5": -11,
            "6": -34,
            "7": 21,
            "8": -4,
            "9": -19,
            "10": -26,
            "11": -36,
            "12": 41,
            "13": -22,
            "14": 43,
            "15": 0,
            "16": -28,
            "17": 6,
            "18": -48,
            "19": -47,
            "20": 11,
            "21": -15,
            "22": 13,
            "23": 22,
            "24": -5,
            "25": -14,
            "26": 14,
            "27": 13,
            "28": -38,
            "29": 14,
            "30": -47,
            "31": -21,
            "32": 40,
            "33": -37,
            "34": -33,
            "36": -46,
            "37": -8,
            "38": -43,
            "39": 30,
            "40": -17,
            "41": 39,
            "42": -3,
            "43": 34,
            "44": -5,
            "45": 35,
            "46": -47,
            "47": -4,
            "48": 21,
            "49": 3,
            "50": 13
        },
        "36": {
            "0": 45,
            "1": 13,
            "2": 25,
            "3": 34,
            "4": -7,
            "5": 46,
            "6": 0,
            "7": -37,
            "8": -43,
            "9": 24,
            "10": 35,
            "11": -46,
            "12": -42,
            "13": 48,
            "14": 18,
            "15": 0,
            "16": -5,
            "17": -33,
            "18": -15,
            "19": 40,
            "20": 3,
            "21": -41,
            "22": 4,
            "23": 17,
            "24": -7,
            "25": -36,
            "26": 0,
            "27": -46,
            "28": -3,
            "29": -45,
            "30": -35,
            "31": -48,
            "32": -39,
            "33": -32,
            "34": -10,
            "35": -46,
            "37": 0,
            "38": 11,
            "39": -26,
            "40": -44,
            "41": -23,
            "42": -49,
            "43": -16,
            "44": -13,
            "45": -37,
            "46": -33,
            "47": -25,
            "48": -28,
            "49": -29,
            "50": -45
        },
        "37": {
            "0": -36,
            "1": -6,
            "2": -35,
            "3": -37,
            "4": -20,
            "5": -25,
            "6": 6,
            "7": 42,
            "8": 25,
            "9": 40,
            "10": -14,
            "11": 25,
            "12": -23,
            "13": -41,
            "14": -41,
            "15": -2,
            "16": 15,
            "17": -17,
            "18": 43,
            "19": 42,
            "20": 16,
            "21": -17,
            "22": 27,
            "23": 0,
            "24": 26,
            "25": 15,
            "26": 43,
            "27": -12,
            "28": -11,
            "29": -8,
            "30": -29,
            "31": -20,
            "32": 22,
            "33": 13,
            "34": 36,
            "35": -8,
            "36": 0,
            "38": 1,
            "39": -5,
            "40": -22,
            "41": -25,
            "42": -24,
            "43": 47,
            "44": -39,
            "45": 4,
            "46": -8,
            "47": -40,
            "48": 44,
            "49": 42,
            "50": 18
        },
        "38": {
            "0": 8,
            "1": 47,
            "2": 1,
            "3": -26,
            "4": -3,
            "5": 17,
            "6": 32,
            "7": -21,
            "8": -14,
            "9": 35,
            "10": -11,
            "11": 23,
            "12": 44,
            "13": 45,
            "14": -39,
            "15": -47,
            "16": -37,
            "17": 14,
            "18": -21,
            "19": 4,
            "20": 7,
            "21": -16,
            "22": -16,
            "23": 9,
            "24": 5,
            "25": 22,
            "26": 12,
            "27": -13,
            "28": -4,
            "29": 48,
            "30": -6,
            "31": -45,
            "32": -38,
            "33": -22,
            "34": -17,
            "35": -43,
            "36": 11,
            "37": 1,
            "39": 22,
            "40": -23,
            "41": 4,
            "42": 8,
            "43": -27,
            "44": 23,
            "45": 27,
            "46": -43,
            "47": -49,
            "48": 49,
            "49": 49,
            "50": -29
        },
        "39": {
            "0": -12,
            "1": -40,
            "2": 26,
            "3": 20,
            "4": -5,
            "5": 15,
            "6": 8,
            "7": -23,
            "8": 12,
            "9": -14,
            "10": -3,
            "11": 15,
            "12": 43,
            "13": 6,
            "14": 26,
            "15": -4,
            "16": -34,
            "17": -15,
            "18": -3,
            "19": -11,
            "20": -25,
            "21": 24,
            "22": -6,
            "23": 43,
            "24": 12,
            "25": 38,
            "26": 3,
            "27": 10,
            "28": 38,
            "29": -26,
            "30": -2,
            "31": -15,
            "32": -2,
            "33": 22,
            "34": -47,
            "35": 30,
            "36": -26,
            "37": -5,
            "38": 22,
            "40": -26,
            "41": 18,
            "42": 48,
            "43": 28,
            "44": 23,
            "45": 18,
            "46": 14,
            "47": -49,
            "48": -23,
            "49": -39,
            "50": 28
        },
        "40": {
            "0": 8,
            "1": -47,
            "2": 2,
            "3": 43,
            "4": 5,
            "5": -7,
            "6": 48,
            "7": 10,
            "8": -27,
            "9": -34,
            "10": 7,
            "11": -14,
            "12": -30,
            "13": 29,
            "14": -22,
            "15": 40,
            "16": -3,
            "17": 19,
            "18": 5,
            "19": 29,
            "20": 8,
            "21": -49,
            "22": 48,
            "23": -26,
            "24": 7,
            "25": 1,
            "26": -17,
            "27": 45,
            "28": -6,
            "29": 28,
            "30": 43,
            "31": -34,
            "32": -13,
            "33": -2,
            "34": -46,
            "35": -17,
            "36": -44,
            "37": -22,
            "38": -23,
            "39": -26,
            "41": -35,
            "42": -15,
            "43": -38,
            "44": -16,
            "45": -45,
            "46": -32,
            "47": -38,
            "48": 7,
            "49": 5,
            "50": -6
        },
        "41": {
            "0": 46,
            "1": -43,
            "2": 39,
            "3": -15,
            "4": -32,
            "5": 2,
            "6": -17,
            "7": 20,
            "8": 16,
            "9": -12,
            "10": 29,
            "11": 14,
            "12": 4,
            "13": 45,
            "14": 11,
            "15": 27,
            "16": -48,
            "17": -40,
            "18": -26,
            "19": -4,
            "20": -6,
            "21": -24,
            "22": 2,
            "23": 47,
            "24": -45,
            "25": -6,
            "26": 35,
            "27": 13,
            "28": 31,
            "29": 41,
            "30": -42,
            "31": 35,
            "32": 28,
            "33": -31,
            "34": 29,
            "35": 39,
            "36": -23,
            "37": -25,
            "38": 4,
            "39": 18,
            "40": -35,
            "42": -24,
            "43": 39,
            "44": 5,
            "45": 7,
            "46": 47,
            "47": 33,
            "48": -17,
            "49": 1,
            "50": -29
        },
        "42": {
            "0": 28,
            "1": -40,
            "2": 30,
            "3": 23,
            "4": 40,
            "5": -16,
            "6": -32,
            "7": -2,
            "8": 9,
            "9": -43,
            "10": -40,
            "11": -45,
            "12": 47,
            "13": -42,
            "14": -4,
            "15": -28,
            "16": -23,
            "17": 11,
            "18": -44,
            "19": -44,
            "20": -45,
            "21": 3,
            "22": 24,
            "23": 31,
            "24": 25,
            "25": 17,
            "26": -46,
            "27": 26,
            "28": 10,
            "29": -31,
            "30": -20,
            "31": -26,
            "32": -15,
            "33": 32,
            "34": -38,
            "35": -3,
            "36": -49,
            "37": -24,
            "38": 8,
            "39": 48,
            "40": -15,
            "41": -24,
            "43": 19,
            "44": -21,
            "45": 15,
            "46": 6,
            "47": 34,
            "48": 35,
            "49": -12,
            "50": -31
        },
        "43": {
            "0": 10,
            "1": 25,
            "2": -44,
            "3": 44,
            "4": 39,
            "5": -34,
            "6": -22,
            "7": -40,
            "8": 7,
            "9": 46,
            "10": 40,
            "11": -14,
            "12": -35,
            "13": 12,
            "14": -28,
            "15": -39,
            "16": -23,
            "17": 13,
            "18": -37,
            "19": 0,
            "20": -39,
            "21": -45,
            "22": 27,
            "23": -14,
            "24": -31,
            "25": -12,
            "26": -40,
            "27": -18,
            "28": -20,
            "29": -49,
            "30": 33,
            "31": 6,
            "32": -39,
            "33": -34,
            "34": 30,
            "35": 34,
            "36": -16,
            "37": 47,
            "38": -27,
            "39": 28,
            "40": -38,
            "41": 39,
            "42": 19,
            "44": 32,
            "45": 30,
            "46": 42,
            "47": -17,
            "48": 48,
            "49": -32,
            "50": -3
        },
        "44": {
            "0": -4,
            "1": 26,
            "2": -41,
            "3": -40,
            "4": -3,
            "5": -11,
            "6": 47,
            "7": -2,
            "8": 3,
            "9": -41,
            "10": 3,
            "11": -35,
            "12": -39,
            "13": 15,
            "14": 45,
            "15": 46,
            "16": -44,
            "17": 28,
            "18": -38,
            "19": 7,
            "20": 3,
            "21": 17,
            "22": 8,
            "23": 35,
            "24": 29,
            "25": -5,
            "26": -15,
            "27": 27,
            "28": 45,
            "29": -42,
            "30": 13,
            "31": 37,
            "32": 32,
            "33": -29,
            "34": -28,
            "35": -5,
            "36": -13,
            "37": -39,
            "38": 23,
            "39": 23,
            "40": -16,
            "41": 5,
            "42": -21,
            "43": 32,
            "45": -12,
            "46": 18,
            "47": -34,
            "48": 22,
            "49": 39,
            "50": -14
        },
        "45": {
            "0": 43,
            "1": -29,
            "2": -4,
            "3": -12,
            "4": 14,
            "5": 29,
            "6": 18,
            "7": -6,
            "8": -19,
            "9": -30,
            "10": 18,
            "11": -43,
            "12": 0,
            "13": 39,
            "14": 22,
            "15": 8,
            "16": 47,
            "17": 44,
            "18": -18,
            "19": 45,
            "20": 46,
            "21": -9,
            "22": -14,
            "23": 18,
            "24": 29,
            "25": 48,
            "26": -4,
            "27": 45,
            "28": -44,
            "29": 4,
            "30": 47,
            "31": -41,
            "32": 41,
            "33": 37,
            "34": -2,
            "35": 35,
            "36": -37,
            "37": 4,
            "38": 27,
            "39": 18,
            "40": -45,
            "41": 7,
            "42": 15,
            "43": 30,
            "44": -12,
            "46": -30,
            "47": -8,
            "48": -2,
            "49": 6,
            "50": 46
        },
        "46": {
            "0": -39,
            "1": -42,
            "2": 22,
            "3": 33,
            "4": 35,
            "5": 13,
            "6": 0,
            "7": -41,
            "8": -44,
            "9": 10,
            "10": 15,
            "11": -14,
            "12": -11,
            "13": 6,
            "14": -19,
            "15": 4,
            "16": -14,
            "17": -27,
            "18": -32,
            "19": -13,
            "20": -4,
            "21": -24,
            "22": -5,
            "23": -9,
            "24": -14,
            "25": 4,
            "26": 33,
            "27": -23,
            "28": 32,
            "29": 39,
            "30": 19,
            "31": -1,
            "32": 40,
            "33": 7,
            "34": 39,
            "35": -47,
            "36": -33,
            "37": -8,
            "38": -43,
            "39": 14,
            "40": -32,
            "41": 47,
            "42": 6,
            "43": 42,
            "44": 18,
            "45": -30,
            "47": -40,
            "48": 38,
            "49": 22,
            "50": 27
        },
        "47": {
            "0": 13,
            "1": 0,
            "2": -21,
            "3": 19,
            "4": 6,
            "5": -30,
            "6": 19,
            "7": -9,
            "8": -5,
            "9": 33,
            "10": -29,
            "11": -27,
            "12": -14,
            "13": 30,
            "14": -48,
            "15": 7,
            "16": 19,
            "17": -30,
            "18": -48,
            "19": -30,
            "20": -24,
            "21": 27,
            "22": 24,
            "23": 4,
            "24": -2,
            "25": 32,
            "26": 31,
            "27": 7,
            "28": 43,
            "29": -31,
            "30": -30,
            "31": -26,
            "32": 9,
            "33": 19,
            "34": 9,
            "35": -4,
            "36": -25,
            "37": -40,
            "38": -49,
            "39": -49,
            "40": -38,
            "41": 33,
            "42": 34,
            "43": -17,
            "44": -34,
            "45": -8,
            "46": -40,
            "48": -40,
            "49": -38,
            "50": -43
        },
        "48": {
            "0": 46,
            "1": 31,
            "2": -45,
            "3": -39,
            "4": -42,
            "5": -14,
            "6": 8,
            "7": 27,
            "8": 8,
            "9": 0,
            "10": 8,
            "11": 40,
            "12": 15,
            "13": 1,
            "14": 42,
            "15": 48,
            "16": 34,
            "17": 37,
            "18": 31,
            "19": -44,
            "20": -49,
            "21": 2,
            "22": 24,
            "23": 49,
            "24": -33,
            "25": -49,
            "26": -29,
            "27": 39,
            "28": -48,
            "29": 18,
            "30": 41,
            "31": 2,
            "32": -26,
            "33": 14,
            "34": -12,
            "35": 21,
            "36": -28,
            "37": 44,
            "38": 49,
            "39": -23,
            "40": 7,
            "41": -17,
            "42": 35,
            "43": 48,
            "44": 22,
            "45": -2,
            "46": 38,
            "47": -40,
            "49": 49,
            "50": -26
        },
        "49": {
            "0": 10,
            "1": -24,
            "2": -8,
            "3": 22,
            "4": 29,
            "5": 42,
            "6": -4,
            "7": 32,
            "8": -4,
            "9": -8,
            "10": 9,
            "11": 32,
            "12": -24,
            "13": -45,
            "14": 32,
            "15": -43,
            "16": -48,
            "17": 15,
            "18": -45,
            "19": -47,
            "20": -10,
            "21": -6,
            "22": 46,
            "23": 28,
            "24": 7,
            "25": -15,
            "26": -34,
            "27": -42,
            "28": 1,
            "29": 24,
            "30": -8,
            "31": 31,
            "32": -34,
            "33": -10,
            "34": 20,
            "35": 3,
            "36": -29,
            "37": 42,
            "38": 49,
            "39": -39,
            "40": 5,
            "41": 1,
            "42": -12,
            "43": -32,
            "44": 39,
            "45": 6,
            "46": 22,
            "47": -38,
            "48": 49,
            "50": -21
        },
        "50": {
            "0": -27,
            "1": -1,
            "2": 25,
            "3": 15,
            "4": 4,
            "5": -28,
            "6": 35,
            "7": 32,
            "8": 9,
            "9": -39,
            "10": -20,
            "11": 39,
            "12": -6,
            "13": -42,
            "14": 33,
            "15": 9,
            "16": -21,
            "17": -29,
            "18": -45,
            "19": -8,
            "20": 33,
            "21": 9,
            "22": 16,
            "23": -30,
            "24": 28,
            "25": -22,
            "26": 30,
            "27": -28,
            "28": -16,
            "29": -23,
            "30": 8,
            "31": -43,
            "32": 8,
            "33": -4,
            "34": 2,
            "35": 13,
            "36": -45,
            "37": 18,
            "38": -29,
            "39": 28,
            "40": -6,
            "41": -29,
            "42": -31,
            "43": -3,
            "44": -14,
            "45": 46,
            "46": 27,
            "47": -43,
            "48": -26,
            "49": -21
        }
    },
    "Gamma": 25
}