{
    "knapsack_size": 1200,
    "Gamma": 8,
    "n_items": 16,
    "costs": {
        "0": {
            "l": 79.85,
            "a": 121.6,
            "u": 146.31
        },
        "1": {
            "l": 67.2,
            "a": 132.04,
            "u": 142.76
        },
        "2": {
            "l": 38.28,
            "a": 51.03,
            "u": 63.63
        },
        "3": {
            "l": 50.56,
            "a": 193.04,
            "u": 196.2
        },
        "4": {
            "l": 89.33,
            "a": 135.92,
            "u": 198.98
        },
        "5": {
            "l": 45.73,
            "a": 92.93,
            "u": 142.27
        },
        "6": {
            "l": 95.7,
            "a": 133.28,
            "u": 176.44
        },
        "7": {
            "l": 13.25,
            "a": 118.91,
            "u": 167.91
        },
        "8": {
            "l": 95.36,
            "a": 151.51,
            "u": 194.73
        },
        "9": {
            "l": 50.36,
            "a": 179.78,
            "u": 187.93
        },
        "10": {
            "l": 84.57,
            "a": 112.38,
            "u": 167.02
        },
        "11": {
            "l": 85.93,
            "a": 167.62,
            "u": 172.9
        },
        "12": {
            "l": 29.04,
            "a": 124.97,
            "u": 176.36
        },
        "13": {
            "l": 43.45,
            "a": 92.59,
            "u": 144.04
        },
        "14": {
            "l": 77.6,
            "a": 143.36,
            "u": 153.41
        },
        "15": {
            "l": 22.61,
            "a": 43.64,
            "u": 161.97
        }
    },
    "profits": {
        "0": 181.46,
        "1": 263.52,
        "2": 93.28,
        "3": 208.8,
        "4": 248.88,
        "5": 299.26,
        "6": 199.8,
        "7": 282.83,
        "8": 226.56,
        "9": 296.04,
        "10": 235.33,
        "11": 196.18,
        "12": 255.18,
        "13": 272.53,
        "14": 189.97,
        "15": 235.09
    },
    "synergies": {
        "0": {
            "1": 4.75,
            "2": 38.41,
            "3": -13.91,
            "4": 49.29,
            "5": 10.66,
            "6": -28.68,
            "7": 7.5,
            "8": -45.89,
            "9": -26.4,
            "10": -23.52,
            "11": 5.51,
            "12": 37.91,
            "13": -5.88,
            "14": 0.37,
            "15": -14.38
        },
        "1": {
            "0": 4.75,
            "2": 1.96,
            "3": -10.32,
            "4": -45.47,
            "5": 26.83,
            "6": 37.65,
            "7": -28.42,
            "8": -12.16,
            "9": -20.65,
            "10": -13.74,
            "11": -25.2,
            "12": 21.52,
            "13": -30.5,
            "14": 24.2,
            "15": 25.94
        },
        "2": {
            "0": 38.41,
            "1": 1.96,
            "3": -19.59,
            "4": -7.11,
            "5": -40.6,
            "6": -33.35,
            "7": -3.28,
            "8": 38.93,
            "9": -2.7,
            "10": 7.4,
            "11": -36.67,
            "12": -44.7,
            "13": 29.78,
            "14": -32.25,
            "15": -37.31
        },
        "3": {
            "0": -13.91,
            "1": -10.32,
            "2": -19.59,
            "4": 35.89,
            "5": -44.18,
            "6": -40.05,
            "7": 44.33,
            "8": 0.03,
            "9": -8.61,
            "10": 38.08,
            "11": 35.09,
            "12": -28.54,
            "13": -19.03,
            "14": -14.56,
            "15": -48.44
        },
        "4": {
            "0": 49.29,
            "1": -45.47,
            "2": -7.11,
            "3": 35.89,
            "5": 8.78,
            "6": 17.41,
            "7": -6.74,
            "8": 1.66,
            "9": 3.41,
            "10": 39.28,
            "11": 31.75,
            "12": 27.71,
            "13": -31.67,
            "14": 5.38,
            "15": -2.78
        },
        "5": {
            "0": 10.66,
            "1": 26.83,
            "2": -40.6,
            "3": -44.18,
            "4": 8.78,
            "6": -49.4,
            "7": 9.47,
            "8": 36.55,
            "9": 3.69,
            "10": -36.32,
            "11": 20.93,
            "12": -16.79,
            "13": -35.33,
            "14": -44.55,
            "15": 32.27
        },
        "6": {
            "0": -28.68,
            "1": 37.65,
            "2": -33.35,
            "3": -40.05,
            "4": 17.41,
            "5": -49.4,
            "7": -38.39,
            "8": 10.89,
            "9": -6.18,
            "10": -34.36,
            "11": -42.36,
            "12": 5.21,
            "13": 35.31,
            "14": 8.39,
            "15": -3.64
        },
        "7": {
            "0": 7.5,
            "1": -28.42,
            "2": -3.28,
            "3": 44.33,
            "4": -6.74,
            "5": 9.47,
            "6": -38.39,
            "8": 25.25,
            "9": 16.4,
            "10": -44.39,
            "11": -45.25,
            "12": 23.95,
            "13": 35.98,
            "14": 20.98,
            "15": 7.08
        },
        "8": {
            "0": -45.89,
            "1": -12.16,
            "2": 38.93,
            "3": 0.03,
            "4": 1.66,
            "5": 36.55,
            "6": 10.89,
            "7": 25.25,
            "9": 6.45,
            "10": -1.49,
            "11": 49.82,
            "12": 32.69,
            "13": -32.76,
            "14": 44.88,
            "15": 6.16
        },
        "9": {
            "0": -26.4,
            "1": -20.65,
            "2": -2.7,
            "3": -8.61,
            "4": 3.41,
            "5": 3.69,
            "6": -6.18,
            "7": 16.4,
            "8": 6.45,
            "10": -47.13,
            "11": 35.47,
            "12": -5.0,
            "13": 31.17,
            "14": -13.95,
            "15": -37.72
        },
        "10": {
            "0": -23.52,
            "1": -13.74,
            "2": 7.4,
            "3": 38.08,
            "4": 39.28,
            "5": -36.32,
            "6": -34.36,
            "7": -44.39,
            "8": -1.49,
            "9": -47.13,
            "11": -45.8,
            "12": 14.14,
            "13": -21.44,
            "14": 22.7,
            "15": 29.85
        },
        "11": {
            "0": 5.51,
            "1": -25.2,
            "2": -36.67,
            "3": 35.09,
            "4": 31.75,
            "5": 20.93,
            "6": -42.36,
            "7": -45.25,
            "8": 49.82,
            "9": 35.47,
            "10": -45.8,
            "12": 8.07,
            "13": 1.64,
            "14": -7.63,
            "15": 31.12
        },
        "12": {
            "0": 37.91,
            "1": 21.52,
            "2": -44.7,
            "3": -28.54,
            "4": 27.71,
            "5": -16.79,
            "6": 5.21,
            "7": 23.95,
            "8": 32.69,
            "9": -5.0,
            "10": 14.14,
            "11": 8.07,
            "13": -36.78,
            "14": -48.61,
            "15": 14.79
        },
        "13": {
            "0": -5.88,
            "1": -30.5,
            "2": 29.78,
            "3": -19.03,
            "4": -31.67,
            "5": -35.33,
            "6": 35.31,
            "7": 35.98,
            "8": -32.76,
            "9": 31.17,
            "10": -21.44,
            "11": 1.64,
            "12": -36.78,
            "14": 3.31,
            "15": -1.68
        },
        "14": {
            "0": 0.37,
            "1": 24.2,
            "2": -32.25,
            "3": -14.56,
            "4": 5.38,
            "5": -44.55,
            "6": 8.39,
            "7": 20.98,
            "8": 44.88,
            "9": -13.95,
            "10": 22.7,
            "11": -7.63,
            "12": -48.61,
            "13": 3.31,
            "15": 31.15
        },
        "15": {
            "0": -14.38,
            "1": 25.94,
            "2": -37.31,
            "3": -48.44,
            "4": -2.78,
            "5": 32.27,
            "6": -3.64,
            "7": 7.08,
            "8": 6.16,
            "9": -37.72,
            "10": 29.85,
            "11": 31.12,
            "12": 14.79,
            "13": -1.68,
            "14": 31.15
        }
    }
}