{
    "knapsack_size": 234,
    "Gamma": 3,
    "n_items": 9,
    "costs": {
        "0": {
            "l": 1.5,
            "a": 58.6,
            "u": 68.85
        },
        "1": {
            "l": 27.41,
            "a": 45.73,
            "u": 61.69
        },
        "2": {
            "l": 10.33,
            "a": 29.82,
            "u": 82.13
        },
        "3": {
            "l": 34.11,
            "a": 45.16,
            "u": 75.08
        },
        "4": {
            "l": 22.25,
            "a": 36.16,
            "u": 61.2
        },
        "5": {
            "l": 22.42,
            "a": 54.41,
            "u": 69.22
        },
        "6": {
            "l": 3.14,
            "a": 33.65,
            "u": 81.11
        },
        "7": {
            "l": 27.92,
            "a": 46.27,
            "u": 55.29
        },
        "8": {
            "l": 13.52,
            "a": 37.64,
            "u": 48.59
        }
    },
    "profits": {
        "0": 69.01,
        "1": 72.4,
        "2": 66.51,
        "3": 47.96,
        "4": 86.88,
        "5": 85.58,
        "6": 35.12,
        "7": 57.25,
        "8": 41.48
    },
    "synergies": {
        "0": {
            "1": -2.6,
            "2": 2.12,
            "3": -10.83,
            "4": -2.32,
            "5": 8.62,
            "6": 6.3,
            "7": 5.37,
            "8": 4.88
        },
        "1": {
            "0": -2.6,
            "2": 0.46,
            "3": -7.7,
            "4": 9.7,
            "5": -5.0,
            "6": -5.63,
            "7": 3.98,
            "8": 7.87
        },
        "2": {
            "0": 2.12,
            "1": 0.46,
            "3": -3.11,
            "4": -1.82,
            "5": 3.98,
            "6": 11.1,
            "7": -6.18,
            "8": 4.94
        },
        "3": {
            "0": -10.83,
            "1": -7.7,
            "2": -3.11,
            "4": -5.55,
            "5": -9.66,
            "6": 6.57,
            "7": 2.43,
            "8": 6.48
        },
        "4": {
            "0": -2.32,
            "1": 9.7,
            "2": -1.82,
            "3": -5.55,
            "5": -5.09,
            "6": -8.2,
            "7": 7.1,
            "8": 11.61
        },
        "5": {
            "0": 8.62,
            "1": -5.0,
            "2": 3.98,
            "3": -9.66,
            "4": -5.09,
            "6": 8.15,
            "7": 3.06,
            "8": -3.49
        },
        "6": {
            "0": 6.3,
            "1": -5.63,
            "2": 11.1,
            "3": 6.57,
            "4": -8.2,
            "5": 8.15,
            "7": -9.69,
            "8": 5.88
        },
        "7": {
            "0": 5.37,
            "1": 3.98,
            "2": -6.18,
            "3": 2.43,
            "4": 7.1,
            "5": 3.06,
            "6": -9.69,
            "8": 0.85
        },
        "8": {
            "0": 4.88,
            "1": 7.87,
            "2": 4.94,
            "3": 6.48,
            "4": 11.61,
            "5": -3.49,
            "6": 5.88,
            "7": 0.85
        }
    }
}