{
    "knapsack_size": 5690,
    "Gamma": 34,
    "n_items": 34,
    "costs": {
        "0": {
            "l": 29.35,
            "a": 32.39,
            "u": 47.15
        },
        "1": {
            "l": 1.21,
            "a": 23.77,
            "u": 45.99
        },
        "2": {
            "l": 11.32,
            "a": 57.18,
            "u": 71.49
        },
        "3": {
            "l": 6.9,
            "a": 24.09,
            "u": 56.91
        },
        "4": {
            "l": 20.62,
            "a": 22.23,
            "u": 84.91
        },
        "5": {
            "l": 10.6,
            "a": 53.37,
            "u": 65.81
        },
        "6": {
            "l": 17.82,
            "a": 50.93,
            "u": 86.23
        },
        "7": {
            "l": 17.67,
            "a": 47.65,
            "u": 85.17
        },
        "8": {
            "l": 31.33,
            "a": 34.88,
            "u": 84.66
        },
        "9": {
            "l": 33.75,
            "a": 50.43,
            "u": 77.3
        },
        "10": {
            "l": 8.69,
            "a": 47.11,
            "u": 84.38
        },
        "11": {
            "l": 14.46,
            "a": 45.63,
            "u": 49.57
        },
        "12": {
            "l": 8.63,
            "a": 16.39,
            "u": 71.32
        },
        "13": {
            "l": 18.27,
            "a": 43.71,
            "u": 85.21
        },
        "14": {
            "l": 21.27,
            "a": 30.57,
            "u": 32.59
        },
        "15": {
            "l": 32.1,
            "a": 34.87,
            "u": 48.97
        },
        "16": {
            "l": 31.03,
            "a": 56.94,
            "u": 63.64
        },
        "17": {
            "l": 12.17,
            "a": 21.14,
            "u": 83.33
        },
        "18": {
            "l": 27.17,
            "a": 31.61,
            "u": 78.74
        },
        "19": {
            "l": 25.44,
            "a": 39.57,
            "u": 48.09
        },
        "20": {
            "l": 33.02,
            "a": 39.92,
            "u": 74.26
        },
        "21": {
            "l": 7.81,
            "a": 47.64,
            "u": 68.26
        },
        "22": {
            "l": 9.95,
            "a": 40.24,
            "u": 68.16
        },
        "23": {
            "l": 29.37,
            "a": 44.09,
            "u": 54.16
        },
        "24": {
            "l": 31.33,
            "a": 49.93,
            "u": 58.2
        },
        "25": {
            "l": 29.13,
            "a": 32.9,
            "u": 35.63
        },
        "26": {
            "l": 4.38,
            "a": 42.58,
            "u": 69.91
        },
        "27": {
            "l": 16.18,
            "a": 59.16,
            "u": 82.37
        },
        "28": {
            "l": 5.69,
            "a": 40.99,
            "u": 55.18
        },
        "29": {
            "l": 27.55,
            "a": 35.3,
            "u": 66.36
        },
        "30": {
            "l": 13.87,
            "a": 50.23,
            "u": 68.07
        },
        "31": {
            "l": 16.21,
            "a": 52.19,
            "u": 84.34
        },
        "32": {
            "l": 9.99,
            "a": 28.05,
            "u": 85.98
        },
        "33": {
            "l": 21.59,
            "a": 31.79,
            "u": 51.2
        }
    },
    "profits": {
        "0": 64.07,
        "1": 54.06,
        "2": 69.75,
        "3": 33.31,
        "4": 84.54,
        "5": 74.41,
        "6": 89.48,
        "7": 77.08,
        "8": 76.15,
        "9": 54.68,
        "10": 49.07,
        "11": 89.29,
        "12": 73.97,
        "13": 71.68,
        "14": 37.66,
        "15": 71.0,
        "16": 80.59,
        "17": 49.28,
        "18": 39.3,
        "19": 86.6,
        "20": 50.01,
        "21": 57.59,
        "22": 80.97,
        "23": 70.27,
        "24": 59.94,
        "25": 36.38,
        "26": 79.73,
        "27": 90.38,
        "28": 64.35,
        "29": 50.88,
        "30": 55.08,
        "31": 72.64,
        "32": 58.24,
        "33": 37.48
    },
    "synergies": {
        "0": {
            "1": -9.82,
            "2": 0.6,
            "3": -9.15,
            "4": -3.31,
            "5": 6.71,
            "6": -1.96,
            "7": -5.98,
            "8": -1.81,
            "9": 1.98,
            "10": 6.57,
            "11": 0.84,
            "12": -3.19,
            "13": -11.79,
            "14": 6.22,
            "15": -0.59,
            "16": -6.03,
            "17": -11.4,
            "18": -1.1,
            "19": 4.37,
            "20": 6.16,
            "21": 6.01,
            "22": 6.6,
            "23": -8.8,
            "24": 10.21,
            "25": -1.29,
            "26": -0.42,
            "27": -0.32,
            "28": 3.87,
            "29": -8.02,
            "30": 11.16,
            "31": 5.53,
            "32": 11.02,
            "33": 2.16
        },
        "1": {
            "0": -9.82,
            "2": 8.43,
            "3": 0.67,
            "4": 9.6,
            "5": -1.93,
            "6": -0.59,
            "7": 5.26,
            "8": 2.95,
            "9": 6.82,
            "10": -8.36,
            "11": -2.12,
            "12": 5.96,
            "13": -8.14,
            "14": -4.83,
            "15": -6.69,
            "16": 5.28,
            "17": 3.56,
            "18": 9.45,
            "19": -11.91,
            "20": 4.49,
            "21": -5.93,
            "22": 9.03,
            "23": 8.15,
            "24": 11.94,
            "25": 0.07,
            "26": 10.59,
            "27": 6.79,
            "28": 3.08,
            "29": -2.6,
            "30": 1.08,
            "31": -8.4,
            "32": 2.1,
            "33": -6.46
        },
        "2": {
            "0": 0.6,
            "1": 8.43,
            "3": -2.47,
            "4": 4.5,
            "5": 10.23,
            "6": -1.54,
            "7": 11.86,
            "8": 9.21,
            "9": 7.9,
            "10": 11.16,
            "11": -1.41,
            "12": 10.53,
            "13": 3.53,
            "14": 7.04,
            "15": -11.05,
            "16": 9.91,
            "17": -5.46,
            "18": -8.77,
            "19": 9.45,
            "20": 3.0,
            "21": -4.5,
            "22": -4.33,
            "23": 11.97,
            "24": 3.35,
            "25": -10.31,
            "26": -10.41,
            "27": 11.71,
            "28": 11.38,
            "29": 7.67,
            "30": 11.66,
            "31": 8.45,
            "32": 7.33,
            "33": -4.14
        },
        "3": {
            "0": -9.15,
            "1": 0.67,
            "2": -2.47,
            "4": 8.87,
            "5": 3.7,
            "6": 3.12,
            "7": 8.51,
            "8": 4.83,
            "9": -11.87,
            "10": 7.88,
            "11": 6.4,
            "12": -1.49,
            "13": 6.98,
            "14": 11.84,
            "15": 9.07,
            "16": -7.6,
            "17": 5.59,
            "18": 7.25,
            "19": 10.03,
            "20": 7.13,
            "21": 3.85,
            "22": 11.17,
            "23": -0.84,
            "24": 8.03,
            "25": -4.5,
            "26": 10.08,
            "27": 9.69,
            "28": -3.33,
            "29": 9.59,
            "30": 11.73,
            "31": 7.11,
            "32": 1.49,
            "33": 7.27
        },
        "4": {
            "0": -3.31,
            "1": 9.6,
            "2": 4.5,
            "3": 8.87,
            "5": 8.22,
            "6": 6.52,
            "7": 10.43,
            "8": -3.26,
            "9": -2.22,
            "10": -9.79,
            "11": 1.34,
            "12": -4.09,
            "13": -5.03,
            "14": 6.97,
            "15": -5.03,
            "16": 8.87,
            "17": -0.65,
            "18": -11.72,
            "19": -2.59,
            "20": 8.74,
            "21": 4.91,
            "22": 9.21,
            "23": -1.37,
            "24": 8.82,
            "25": -5.67,
            "26": 9.57,
            "27": 9.11,
            "28": 0.14,
            "29": -5.41,
            "30": 3.19,
            "31": 9.74,
            "32": 5.24,
            "33": -9.82
        },
        "5": {
            "0": 6.71,
            "1": -1.93,
            "2": 10.23,
            "3": 3.7,
            "4": 8.22,
            "6": 8.92,
            "7": 2.51,
            "8": 0.1,
            "9": -5.73,
            "10": 6.29,
            "11": -1.34,
            "12": -8.21,
            "13": 6.23,
            "14": 1.97,
            "15": -5.17,
            "16": -3.43,
            "17": -6.89,
            "18": 1.8,
            "19": 6.39,
            "20": -4.43,
            "21": -3.85,
            "22": -1.06,
            "23": -9.91,
            "24": 5.84,
            "25": 0.77,
            "26": -5.98,
            "27": -6.71,
            "28": -7.72,
            "29": -7.48,
            "30": -1.56,
            "31": 1.66,
            "32": 4.62,
            "33": 10.51
        },
        "6": {
            "0": -1.96,
            "1": -0.59,
            "2": -1.54,
            "3": 3.12,
            "4": 6.52,
            "5": 8.92,
            "7": 9.46,
            "8": -5.7,
            "9": -10.79,
            "10": -8.55,
            "11": 1.41,
            "12": 0.13,
            "13": -10.76,
            "14": -9.34,
            "15": 9.7,
            "16": 7.84,
            "17": 3.93,
            "18": -8.96,
            "19": 4.66,
            "20": -1.78,
            "21": 2.05,
            "22": 6.49,
            "23": -4.22,
            "24": -10.94,
            "25": 6.85,
            "26": 11.57,
            "27": 6.59,
            "28": -10.39,
            "29": 8.21,
            "30": -4.08,
            "31": -2.18,
            "32": 10.03,
            "33": -8.68
        },
        "7": {
            "0": -5.98,
            "1": 5.26,
            "2": 11.86,
            "3": 8.51,
            "4": 10.43,
            "5": 2.51,
            "6": 9.46,
            "8": -11.9,
            "9": -2.57,
            "10": 4.27,
            "11": -5.29,
            "12": -0.7,
            "13": 6.32,
            "14": -8.33,
            "15": 10.83,
            "16": -10.38,
            "17": 3.99,
            "18": 2.03,
            "19": 5.77,
            "20": -2.03,
            "21": 0.45,
            "22": -2.43,
            "23": -11.99,
            "24": 10.85,
            "25": 6.7,
            "26": 11.2,
            "27": -11.9,
            "28": 7.33,
            "29": -7.66,
            "30": 1.58,
            "31": 11.88,
            "32": 0.09,
            "33": 5.29
        },
        "8": {
            "0": -1.81,
            "1": 2.95,
            "2": 9.21,
            "3": 4.83,
            "4": -3.26,
            "5": 0.1,
            "6": -5.7,
            "7": -11.9,
            "9": -1.58,
            "10": 4.21,
            "11": 3.63,
            "12": -7.37,
            "13": 3.58,
            "14": -7.38,
            "15": -6.71,
            "16": -10.11,
            "17": -4.03,
            "18": -5.36,
            "19": -6.29,
            "20": -9.46,
            "21": -4.88,
            "22": -10.88,
            "23": -1.0,
            "24": 9.97,
            "25": 9.71,
            "26": -8.76,
            "27": 6.97,
            "28": 9.72,
            "29": -2.68,
            "30": -1.93,
            "31": -11.86,
            "32": -3.52,
            "33": 9.25
        },
        "9": {
            "0": 1.98,
            "1": 6.82,
            "2": 7.9,
            "3": -11.87,
            "4": -2.22,
            "5": -5.73,
            "6": -10.79,
            "7": -2.57,
            "8": -1.58,
            "10": 5.36,
            "11": -0.09,
            "12": 5.74,
            "13": -10.98,
            "14": -2.74,
            "15": 0.73,
            "16": 7.63,
            "17": 8.91,
            "18": -9.57,
            "19": 0.79,
            "20": -5.11,
            "21": -1.38,
            "22": 1.63,
            "23": -4.67,
            "24": -2.36,
            "25": -1.19,
            "26": 10.97,
            "27": -1.95,
            "28": -5.66,
            "29": 1.14,
            "30": 8.17,
            "31": -10.15,
            "32": 1.0,
            "33": 8.06
        },
        "10": {
            "0": 6.57,
            "1": -8.36,
            "2": 11.16,
            "3": 7.88,
            "4": -9.79,
            "5": 6.29,
            "6": -8.55,
            "7": 4.27,
            "8": 4.21,
            "9": 5.36,
            "11": -2.3,
            "12": 1.89,
            "13": -7.31,
            "14": 6.52,
            "15": 3.72,
            "16": 4.28,
            "17": -6.35,
            "18": -1.12,
            "19": 7.56,
            "20": 8.71,
            "21": -8.84,
            "22": -3.02,
            "23": 5.65,
            "24": -7.6,
            "25": -3.6,
            "26": -10.13,
            "27": 5.24,
            "28": 5.1,
            "29": 8.96,
            "30": -9.07,
            "31": 7.73,
            "32": -0.98,
            "33": -4.04
        },
        "11": {
            "0": 0.84,
            "1": -2.12,
            "2": -1.41,
            "3": 6.4,
            "4": 1.34,
            "5": -1.34,
            "6": 1.41,
            "7": -5.29,
            "8": 3.63,
            "9": -0.09,
            "10": -2.3,
            "12": 3.26,
            "13": 4.62,
            "14": 7.35,
            "15": -6.75,
            "16": 6.76,
            "17": -1.73,
            "18": -8.36,
            "19": 3.37,
            "20": -11.96,
            "21": 4.2,
            "22": 0.71,
            "23": 4.59,
            "24": 0.44,
            "25": -7.75,
            "26": 0.06,
            "27": 7.19,
            "28": -5.96,
            "29": 9.98,
            "30": 7.26,
            "31": 10.18,
            "32": 5.21,
            "33": 9.81
        },
        "12": {
            "0": -3.19,
            "1": 5.96,
            "2": 10.53,
            "3": -1.49,
            "4": -4.09,
            "5": -8.21,
            "6": 0.13,
            "7": -0.7,
            "8": -7.37,
            "9": 5.74,
            "10": 1.89,
            "11": 3.26,
            "13": 8.87,
            "14": -1.41,
            "15": 2.19,
            "16": 0.38,
            "17": -2.59,
            "18": -0.86,
            "19": 10.73,
            "20": -1.66,
            "21": 2.86,
            "22": 7.62,
            "23": 5.94,
            "24": -8.93,
            "25": -4.36,
            "26": -9.09,
            "27": -7.67,
            "28": -11.77,
            "29": -2.38,
            "30": 10.64,
            "31": -1.98,
            "32": 7.07,
            "33": -7.03
        },
        "13": {
            "0": -11.79,
            "1": -8.14,
            "2": 3.53,
            "3": 6.98,
            "4": -5.03,
            "5": 6.23,
            "6": -10.76,
            "7": 6.32,
            "8": 3.58,
            "9": -10.98,
            "10": -7.31,
            "11": 4.62,
            "12": 8.87,
            "14": 11.36,
            "15": -8.83,
            "16": -1.55,
            "17": 7.43,
            "18": -7.26,
            "19": 7.96,
            "20": 8.56,
            "21": 7.61,
            "22": 10.0,
            "23": 4.61,
            "24": -9.55,
            "25": -7.28,
            "26": 0.88,
            "27": 0.61,
            "28": 0.77,
            "29": -0.68,
            "30": -1.4,
            "31": 7.15,
            "32": -9.37,
            "33": -11.67
        },
        "14": {
            "0": 6.22,
            "1": -4.83,
            "2": 7.04,
            "3": 11.84,
            "4": 6.97,
            "5": 1.97,
            "6": -9.34,
            "7": -8.33,
            "8": -7.38,
            "9": -2.74,
            "10": 6.52,
            "11": 7.35,
            "12": -1.41,
            "13": 11.36,
            "15": 0.32,
            "16": 6.14,
            "17": -10.92,
            "18": -6.04,
            "19": 1.23,
            "20": 2.69,
            "21": -10.18,
            "22": 4.77,
            "23": -7.23,
            "24": 1.41,
            "25": -10.1,
            "26": 9.17,
            "27": 2.64,
            "28": -6.59,
            "29": -1.97,
            "30": -0.27,
            "31": 4.24,
            "32": 7.48,
            "33": -11.66
        },
        "15": {
            "0": -0.59,
            "1": -6.69,
            "2": -11.05,
            "3": 9.07,
            "4": -5.03,
            "5": -5.17,
            "6": 9.7,
            "7": 10.83,
            "8": -6.71,
            "9": 0.73,
            "10": 3.72,
            "11": -6.75,
            "12": 2.19,
            "13": -8.83,
            "14": 0.32,
            "16": -11.79,
            "17": -7.53,
            "18": 11.56,
            "19": -0.61,
            "20": -8.51,
            "21": 0.34,
            "22": -11.39,
            "23": 4.44,
            "24": -11.18,
            "25": 10.63,
            "26": 9.89,
            "27": -1.7,
            "28": -0.02,
            "29": -6.21,
            "30": 5.89,
            "31": -0.94,
            "32": 10.05,
            "33": 0.56
        },
        "16": {
            "0": -6.03,
            "1": 5.28,
            "2": 9.91,
            "3": -7.6,
            "4": 8.87,
            "5": -3.43,
            "6": 7.84,
            "7": -10.38,
            "8": -10.11,
            "9": 7.63,
            "10": 4.28,
            "11": 6.76,
            "12": 0.38,
            "13": -1.55,
            "14": 6.14,
            "15": -11.79,
            "17": -1.92,
            "18": -10.09,
            "19": -4.38,
            "20": 4.65,
            "21": 3.0,
            "22": 1.51,
            "23": 1.86,
            "24": -7.45,
            "25": -1.19,
            "26": 1.86,
            "27": 2.03,
            "28": -5.04,
            "29": -1.91,
            "30": 6.54,
            "31": 10.24,
            "32": 6.62,
            "33": 6.78
        },
        "17": {
            "0": -11.4,
            "1": 3.56,
            "2": -5.46,
            "3": 5.59,
            "4": -0.65,
            "5": -6.89,
            "6": 3.93,
            "7": 3.99,
            "8": -4.03,
            "9": 8.91,
            "10": -6.35,
            "11": -1.73,
            "12": -2.59,
            "13": 7.43,
            "14": -10.92,
            "15": -7.53,
            "16": -1.92,
            "18": 2.48,
            "19": -2.91,
            "20": -9.62,
            "21": 1.77,
            "22": 0.72,
            "23": -10.86,
            "24": -11.59,
            "25": 4.13,
            "26": -1.2,
            "27": -10.46,
            "28": 0.31,
            "29": -3.27,
            "30": -0.07,
            "31": -7.0,
            "32": -2.66,
            "33": 10.3
        },
        "18": {
            "0": -1.1,
            "1": 9.45,
            "2": -8.77,
            "3": 7.25,
            "4": -11.72,
            "5": 1.8,
            "6": -8.96,
            "7": 2.03,
            "8": -5.36,
            "9": -9.57,
            "10": -1.12,
            "11": -8.36,
            "12": -0.86,
            "13": -7.26,
            "14": -6.04,
            "15": 11.56,
            "16": -10.09,
            "17": 2.48,
            "19": -1.79,
            "20": 1.45,
            "21": 11.08,
            "22": 9.34,
            "23": -0.4,
            "24": 4.94,
            "25": -8.45,
            "26": -1.64,
            "27": 7.59,
            "28": -4.36,
            "29": -8.17,
            "30": -8.73,
            "31": 3.54,
            "32": -6.38,
            "33": 6.26
        },
        "19": {
            "0": 4.37,
            "1": -11.91,
            "2": 9.45,
            "3": 10.03,
            "4": -2.59,
            "5": 6.39,
            "6": 4.66,
            "7": 5.77,
            "8": -6.29,
            "9": 0.79,
            "10": 7.56,
            "11": 3.37,
            "12": 10.73,
            "13": 7.96,
            "14": 1.23,
            "15": -0.61,
            "16": -4.38,
            "17": -2.91,
            "18": -1.79,
            "20": 11.51,
            "21": 2.16,
            "22": -2.98,
            "23": 2.04,
            "24": 9.65,
            "25": -10.1,
            "26": -3.89,
            "27": 4.3,
            "28": 7.5,
            "29": 0.55,
            "30": -3.05,
            "31": -4.88,
            "32": -11.98,
            "33": 5.58
        },
        "20": {
            "0": 6.16,
            "1": 4.49,
            "2": 3.0,
            "3": 7.13,
            "4": 8.74,
            "5": -4.43,
            "6": -1.78,
            "7": -2.03,
            "8": -9.46,
            "9": -5.11,
            "10": 8.71,
            "11": -11.96,
            "12": -1.66,
            "13": 8.56,
            "14": 2.69,
            "15": -8.51,
            "16": 4.65,
            "17": -9.62,
            "18": 1.45,
            "19": 11.51,
            "21": -1.52,
            "22": 7.04,
            "23": -11.99,
            "24": -8.76,
            "25": -3.69,
            "26": -0.16,
            "27": 3.48,
            "28": -1.21,
            "29": -1.22,
            "30": -0.32,
            "31": -1.88,
            "32": -0.43,
            "33": 2.78
        },
        "21": {
            "0": 6.01,
            "1": -5.93,
            "2": -4.5,
            "3": 3.85,
            "4": 4.91,
            "5": -3.85,
            "6": 2.05,
            "7": 0.45,
            "8": -4.88,
            "9": -1.38,
            "10": -8.84,
            "11": 4.2,
            "12": 2.86,
            "13": 7.61,
            "14": -10.18,
            "15": 0.34,
            "16": 3.0,
            "17": 1.77,
            "18": 11.08,
            "19": 2.16,
            "20": -1.52,
            "22": 3.93,
            "23": 7.11,
            "24": -11.2,
            "25": 0.32,
            "26": -6.21,
            "27": 6.45,
            "28": 4.35,
            "29": 8.05,
            "30": -6.16,
            "31": -2.38,
            "32": -8.44,
            "33": 10.0
        },
        "22": {
            "0": 6.6,
            "1": 9.03,
            "2": -4.33,
            "3": 11.17,
            "4": 9.21,
            "5": -1.06,
            "6": 6.49,
            "7": -2.43,
            "8": -10.88,
            "9": 1.63,
            "10": -3.02,
            "11": 0.71,
            "12": 7.62,
            "13": 10.0,
            "14": 4.77,
            "15": -11.39,
            "16": 1.51,
            "17": 0.72,
            "18": 9.34,
            "19": -2.98,
            "20": 7.04,
            "21": 3.93,
            "23": -1.88,
            "24": -9.93,
            "25": 0.17,
            "26": -0.68,
            "27": -3.95,
            "28": 8.21,
            "29": -5.75,
            "30": -10.88,
            "31": -8.7,
            "32": -1.73,
            "33": 7.06
        },
        "23": {
            "0": -8.8,
            "1": 8.15,
            "2": 11.97,
            "3": -0.84,
            "4": -1.37,
            "5": -9.91,
            "6": -4.22,
            "7": -11.99,
            "8": -1.0,
            "9": -4.67,
            "10": 5.65,
            "11": 4.59,
            "12": 5.94,
            "13": 4.61,
            "14": -7.23,
            "15": 4.44,
            "16": 1.86,
            "17": -10.86,
            "18": -0.4,
            "19": 2.04,
            "20": -11.99,
            "21": 7.11,
            "22": -1.88,
            "24": -2.73,
            "25": -0.24,
            "26": -0.42,
            "27": -1.15,
            "28": -11.88,
            "29": 0.05,
            "30": 10.07,
            "31": 6.59,
            "32": -0.58,
            "33": -10.25
        },
        "24": {
            "0": 10.21,
            "1": 11.94,
            "2": 3.35,
            "3": 8.03,
            "4": 8.82,
            "5": 5.84,
            "6": -10.94,
            "7": 10.85,
            "8": 9.97,
            "9": -2.36,
            "10": -7.6,
            "11": 0.44,
            "12": -8.93,
            "13": -9.55,
            "14": 1.41,
            "15": -11.18,
            "16": -7.45,
            "17": -11.59,
            "18": 4.94,
            "19": 9.65,
            "20": -8.76,
            "21": -11.2,
            "22": -9.93,
            "23": -2.73,
            "25": -3.77,
            "26": 3.66,
            "27": -1.77,
            "28": 8.67,
            "29": 3.96,
            "30": 9.55,
            "31": 3.0,
            "32": 11.06,
            "33": 1.32
        },
        "25": {
            "0": -1.29,
            "1": 0.07,
            "2": -10.31,
            "3": -4.5,
            "4": -5.67,
            "5": 0.77,
            "6": 6.85,
            "7": 6.7,
            "8": 9.71,
            "9": -1.19,
            "10": -3.6,
            "11": -7.75,
            "12": -4.36,
            "13": -7.28,
            "14": -10.1,
            "15": 10.63,
            "16": -1.19,
            "17": 4.13,
            "18": -8.45,
            "19": -10.1,
            "20": -3.69,
            "21": 0.32,
            "22": 0.17,
            "23": -0.24,
            "24": -3.77,
            "26": 10.39,
            "27": 10.84,
            "28": 10.67,
            "29": -8.46,
            "30": -4.03,
            "31": 4.46,
            "32": -8.88,
            "33": 10.02
        },
        "26": {
            "0": -0.42,
            "1": 10.59,
            "2": -10.41,
            "3": 10.08,
            "4": 9.57,
            "5": -5.98,
            "6": 11.57,
            "7": 11.2,
            "8": -8.76,
            "9": 10.97,
            "10": -10.13,
            "11": 0.06,
            "12": -9.09,
            "13": 0.88,
            "14": 9.17,
            "15": 9.89,
            "16": 1.86,
            "17": -1.2,
            "18": -1.64,
            "19": -3.89,
            "20": -0.16,
            "21": -6.21,
            "22": -0.68,
            "23": -0.42,
            "24": 3.66,
            "25": 10.39,
            "27": -2.97,
            "28": -0.5,
            "29": 8.23,
            "30": 3.45,
            "31": 11.52,
            "32": 8.5,
            "33": -3.33
        },
        "27": {
            "0": -0.32,
            "1": 6.79,
            "2": 11.71,
            "3": 9.69,
            "4": 9.11,
            "5": -6.71,
            "6": 6.59,
            "7": -11.9,
            "8": 6.97,
            "9": -1.95,
            "10": 5.24,
            "11": 7.19,
            "12": -7.67,
            "13": 0.61,
            "14": 2.64,
            "15": -1.7,
            "16": 2.03,
            "17": -10.46,
            "18": 7.59,
            "19": 4.3,
            "20": 3.48,
            "21": 6.45,
            "22": -3.95,
            "23": -1.15,
            "24": -1.77,
            "25": 10.84,
            "26": -2.97,
            "28": -6.71,
            "29": -2.59,
            "30": 6.41,
            "31": 8.24,
            "32": -8.09,
            "33": 7.39
        },
        "28": {
            "0": 3.87,
            "1": 3.08,
            "2": 11.38,
            "3": -3.33,
            "4": 0.14,
            "5": -7.72,
            "6": -10.39,
            "7": 7.33,
            "8": 9.72,
            "9": -5.66,
            "10": 5.1,
            "11": -5.96,
            "12": -11.77,
            "13": 0.77,
            "14": -6.59,
            "15": -0.02,
            "16": -5.04,
            "17": 0.31,
            "18": -4.36,
            "19": 7.5,
            "20": -1.21,
            "21": 4.35,
            "22": 8.21,
            "23": -11.88,
            "24": 8.67,
            "25": 10.67,
            "26": -0.5,
            "27": -6.71,
            "29": 3.45,
            "30": -3.28,
            "31": 2.23,
            "32": -6.78,
            "33": 2.46
        },
        "29": {
            "0": -8.02,
            "1": -2.6,
            "2": 7.67,
            "3": 9.59,
            "4": -5.41,
            "5": -7.48,
            "6": 8.21,
            "7": -7.66,
            "8": -2.68,
            "9": 1.14,
            "10": 8.96,
            "11": 9.98,
            "12": -2.38,
            "13": -0.68,
            "14": -1.97,
            "15": -6.21,
            "16": -1.91,
            "17": -3.27,
            "18": -8.17,
            "19": 0.55,
            "20": -1.22,
            "21": 8.05,
            "22": -5.75,
            "23": 0.05,
            "24": 3.96,
            "25": -8.46,
            "26": 8.23,
            "27": -2.59,
            "28": 3.45,
            "30": -10.18,
            "31": 5.67,
            "32": -9.03,
            "33": 2.72
        },
        "30": {
            "0": 11.16,
            "1": 1.08,
            "2": 11.66,
            "3": 11.73,
            "4": 3.19,
            "5": -1.56,
            "6": -4.08,
            "7": 1.58,
            "8": -1.93,
            "9": 8.17,
            "10": -9.07,
            "11": 7.26,
            "12": 10.64,
            "13": -1.4,
            "14": -0.27,
            "15": 5.89,
            "16": 6.54,
            "17": -0.07,
            "18": -8.73,
            "19": -3.05,
            "20": -0.32,
            "21": -6.16,
            "22": -10.88,
            "23": 10.07,
            "24": 9.55,
            "25": -4.03,
            "26": 3.45,
            "27": 6.41,
            "28": -3.28,
            "29": -10.18,
            "31": 10.54,
            "32": 6.14,
            "33": 1.33
        },
        "31": {
            "0": 5.53,
            "1": -8.4,
            "2": 8.45,
            "3": 7.11,
            "4": 9.74,
            "5": 1.66,
            "6": -2.18,
            "7": 11.88,
            "8": -11.86,
            "9": -10.15,
            "10": 7.73,
            "11": 10.18,
            "12": -1.98,
            "13": 7.15,
            "14": 4.24,
            "15": -0.94,
            "16": 10.24,
            "17": -7.0,
            "18": 3.54,
            "19": -4.88,
            "20": -1.88,
            "21": -2.38,
            "22": -8.7,
            "23": 6.59,
            "24": 3.0,
            "25": 4.46,
            "26": 11.52,
            "27": 8.24,
            "28": 2.23,
            "29": 5.67,
            "30": 10.54,
            "32": -5.21,
            "33": -11.01
        },
        "32": {
            "0": 11.02,
            "1": 2.1,
            "2": 7.33,
            "3": 1.49,
            "4": 5.24,
            "5": 4.62,
            "6": 10.03,
            "7": 0.09,
            "8": -3.52,
            "9": 1.0,
            "10": -0.98,
            "11": 5.21,
            "12": 7.07,
            "13": -9.37,
            "14": 7.48,
            "15": 10.05,
            "16": 6.62,
            "17": -2.66,
            "18": -6.38,
            "19": -11.98,
            "20": -0.43,
            "21": -8.44,
            "22": -1.73,
            "23": -0.58,
            "24": 11.06,
            "25": -8.88,
            "26": 8.5,
            "27": -8.09,
            "28": -6.78,
            "29": -9.03,
            "30": 6.14,
            "31": -5.21,
            "33": 0.06
        },
        "33": {
            "0": 2.16,
            "1": -6.46,
            "2": -4.14,
            "3": 7.27,
            "4": -9.82,
            "5": 10.51,
            "6": -8.68,
            "7": 5.29,
            "8": 9.25,
            "9": 8.06,
            "10": -4.04,
            "11": 9.81,
            "12": -7.03,
            "13": -11.67,
            "14": -11.66,
            "15": 0.56,
            "16": 6.78,
            "17": 10.3,
            "18": 6.26,
            "19": 5.58,
            "20": 2.78,
            "21": 10.0,
            "22": 7.06,
            "23": -10.25,
            "24": 1.32,
            "25": 10.02,
            "26": -3.33,
            "27": 7.39,
            "28": 2.46,
            "29": 2.72,
            "30": 1.33,
            "31": -11.01,
            "32": 0.06
        }
    }
}