{
    "knapsack_size": 20000,
    "Gamma": 11,
    "n_items": 24,
    "costs": {
        "0": {
            "u": 1818,
            "a": 1435,
            "l": 547
        },
        "1": {
            "u": 1818,
            "a": 1432,
            "l": 713
        },
        "2": {
            "u": 1818,
            "a": 1429,
            "l": 624
        },
        "3": {
            "u": 1818,
            "a": 1659,
            "l": 781
        },
        "4": {
            "u": 1818,
            "a": 1721,
            "l": 811
        },
        "5": {
            "u": 1818,
            "a": 1521,
            "l": 631
        },
        "6": {
            "u": 1818,
            "a": 1077,
            "l": 530
        },
        "7": {
            "u": 1818,
            "a": 1705,
            "l": 658
        },
        "8": {
            "u": 1818,
            "a": 1482,
            "l": 542
        },
        "9": {
            "u": 1818,
            "a": 1294,
            "l": 504
        },
        "10": {
            "u": 1818,
            "a": 911,
            "l": 358
        },
        "11": {
            "u": 1818,
            "a": 1256,
            "l": 448
        },
        "12": {
            "u": 1818,
            "a": 1189,
            "l": 466
        },
        "13": {
            "u": 1818,
            "a": 1323,
            "l": 563
        },
        "14": {
            "u": 1818,
            "a": 1033,
            "l": 364
        },
        "15": {
            "u": 1818,
            "a": 1473,
            "l": 619
        },
        "16": {
            "u": 1818,
            "a": 1009,
            "l": 444
        },
        "17": {
            "u": 1818,
            "a": 1617,
            "l": 704
        },
        "18": {
            "u": 1818,
            "a": 1032,
            "l": 452
        },
        "19": {
            "u": 1818,
            "a": 1043,
            "l": 514
        },
        "20": {
            "u": 1818,
            "a": 1368,
            "l": 525
        },
        "21": {
            "u": 1818,
            "a": 1508,
            "l": 601
        },
        "22": {
            "u": 1818,
            "a": 1384,
            "l": 533
        },
        "23": {
            "u": 1818,
            "a": 1695,
            "l": 831
        }
    },
    "profits": {
        "0": 2102,
        "1": 2088,
        "2": 2013,
        "3": 2017,
        "4": 1913,
        "5": 1858,
        "6": 1898,
        "7": 2017,
        "8": 2033,
        "9": 1991,
        "10": 1845,
        "11": 2108,
        "12": 1971,
        "13": 1982,
        "14": 1902,
        "15": 1922,
        "16": 1946,
        "17": 1903,
        "18": 1829,
        "19": 2111,
        "20": 1972,
        "21": 1928,
        "22": 2068,
        "23": 1931
    },
    "synergies": {
        "0": {
            "1": 8,
            "2": 1,
            "3": 5,
            "4": 7,
            "5": 42,
            "6": -24,
            "7": -48,
            "8": 40,
            "9": 37,
            "10": 41,
            "11": 17,
            "12": -33,
            "13": -37,
            "14": 2,
            "15": -28,
            "16": 30,
            "17": -31,
            "18": 8,
            "19": 32,
            "20": 29,
            "21": 35,
            "22": 17,
            "23": 22
        },
        "1": {
            "0": 8,
            "2": -6,
            "3": -7,
            "4": 14,
            "5": 9,
            "6": 15,
            "7": 42,
            "8": 41,
            "9": 27,
            "10": 4,
            "11": -33,
            "12": 7,
            "13": -18,
            "14": 43,
            "15": -33,
            "16": 40,
            "17": 25,
            "18": -6,
            "19": 16,
            "20": -38,
            "21": -34,
            "22": -16,
            "23": -46
        },
        "2": {
            "0": 1,
            "1": -6,
            "3": -19,
            "4": 9,
            "5": -15,
            "6": -46,
            "7": -23,
            "8": -48,
            "9": 5,
            "10": 30,
            "11": 12,
            "12": -18,
            "13": -47,
            "14": 45,
            "15": 38,
            "16": 18,
            "17": -22,
            "18": 34,
            "19": -9,
            "20": 25,
            "21": -17,
            "22": -44,
            "23": -6
        },
        "3": {
            "0": 5,
            "1": -7,
            "2": -19,
            "4": -19,
            "5": -32,
            "6": -23,
            "7": -30,
            "8": -28,
            "9": -46,
            "10": 0,
            "11": -29,
            "12": -16,
            "13": -37,
            "14": -16,
            "15": 8,
            "16": 26,
            "17": 41,
            "18": -2,
            "19": -4,
            "20": 37,
            "21": -33,
            "22": -20,
            "23": -44
        },
        "4": {
            "0": 7,
            "1": 14,
            "2": 9,
            "3": -19,
            "5": 33,
            "6": -11,
            "7": 41,
            "8": -10,
            "9": -3,
            "10": -11,
            "11": -20,
            "12": 45,
            "13": -2,
            "14": -14,
            "15": 46,
            "16": -14,
            "17": 48,
            "18": -45,
            "19": -10,
            "20": 31,
            "21": -43,
            "22": -30,
            "23": -48
        },
        "5": {
            "0": 42,
            "1": 9,
            "2": -15,
            "3": -32,
            "4": 33,
            "6": -35,
            "7": 12,
            "8": -30,
            "9": 2,
            "10": 0,
            "11": -35,
            "12": 27,
            "13": -20,
            "14": 10,
            "15": -17,
            "16": -39,
            "17": 4,
            "18": 10,
            "19": -25,
            "20": 41,
            "21": 23,
            "22": 24,
            "23": 4
        },
        "6": {
            "0": -24,
            "1": 15,
            "2": -46,
            "3": -23,
            "4": -11,
            "5": -35,
            "7": -24,
            "8": -7,
            "9": 13,
            "10": -9,
            "11": -5,
            "12": 48,
            "13": -38,
            "14": -10,
            "15": 7,
            "16": -13,
            "17": -20,
            "18": 5,
            "19": -46,
            "20": -23,
            "21": 37,
            "22": -31,
            "23": -23
        },
        "7": {
            "0": -48,
            "1": 42,
            "2": -23,
            "3": -30,
            "4": 41,
            "5": 12,
            "6": -24,
            "8": -13,
            "9": 13,
            "10": -32,
            "11": -18,
            "12": -42,
            "13": -27,
            "14": -45,
            "15": 15,
            "16": 26,
            "17": -27,
            "18": -24,
            "19": 18,
            "20": -21,
            "21": 13,
            "22": -22,
            "23": -7
        },
        "8": {
            "0": 40,
            "1": 41,
            "2": -48,
            "3": -28,
            "4": -10,
            "5": -30,
            "6": -7,
            "7": -13,
            "9": 35,
            "10": -27,
            "11": 45,
            "12": 47,
            "13": 27,
            "14": -48,
            "15": -43,
            "16": 15,
            "17": -22,
            "18": 45,
            "19": 38,
            "20": -40,
            "21": -49,
            "22": 35,
            "23": 2
        },
        "9": {
            "0": 37,
            "1": 27,
            "2": 5,
            "3": -46,
            "4": -3,
            "5": 2,
            "6": 13,
            "7": 13,
            "8": 35,
            "10": -48,
            "11": 29,
            "12": 27,
            "13": 4,
            "14": 39,
            "15": -22,
            "16": 6,
            "17": 27,
            "18": -29,
            "19": -33,
            "20": 3,
            "21": -39,
            "22": 49,
            "23": -48
        },
        "10": {
            "0": 41,
            "1": 4,
            "2": 30,
            "3": 0,
            "4": -11,
            "5": 0,
            "6": -9,
            "7": -32,
            "8": -27,
            "9": -48,
            "11": 16,
            "12": 15,
            "13": -17,
            "14": 22,
            "15": -21,
            "16": -28,
            "17": 45,
            "18": -12,
            "19": -27,
            "20": -27,
            "21": 17,
            "22": 43,
            "23": 28
        },
        "11": {
            "0": 17,
            "1": -33,
            "2": 12,
            "3": -29,
            "4": -20,
            "5": -35,
            "6": -5,
            "7": -18,
            "8": 45,
            "9": 29,
            "10": 16,
            "12": 17,
            "13": -37,
            "14": 44,
            "15": -10,
            "16": -14,
            "17": -49,
            "18": -47,
            "19": -4,
            "20": -20,
            "21": 17,
            "22": 11,
            "23": 26
        },
        "12": {
            "0": -33,
            "1": 7,
            "2": -18,
            "3": -16,
            "4": 45,
            "5": 27,
            "6": 48,
            "7": -42,
            "8": 47,
            "9": 27,
            "10": 15,
            "11": 17,
            "13": 4,
            "14": -40,
            "15": -37,
            "16": 16,
            "17": -20,
            "18": -40,
            "19": 11,
            "20": 47,
            "21": -49,
            "22": 0,
            "23": -29
        },
        "13": {
            "0": -37,
            "1": -18,
            "2": -47,
            "3": -37,
            "4": -2,
            "5": -20,
            "6": -38,
            "7": -27,
            "8": 27,
            "9": 4,
            "10": -17,
            "11": -37,
            "12": 4,
            "14": 16,
            "15": -10,
            "16": -41,
            "17": -20,
            "18": 26,
            "19": -3,
            "20": 0,
            "21": 27,
            "22": 0,
            "23": 18
        },
        "14": {
            "0": 2,
            "1": 43,
            "2": 45,
            "3": -16,
            "4": -14,
            "5": 10,
            "6": -10,
            "7": -45,
            "8": -48,
            "9": 39,
            "10": 22,
            "11": 44,
            "12": -40,
            "13": 16,
            "15": -27,
            "16": 41,
            "17": 3,
            "18": -15,
            "19": -42,
            "20": 16,
            "21": 19,
            "22": -31,
            "23": 42
        },
        "15": {
            "0": -28,
            "1": -33,
            "2": 38,
            "3": 8,
            "4": 46,
            "5": -17,
            "6": 7,
            "7": 15,
            "8": -43,
            "9": -22,
            "10": -21,
            "11": -10,
            "12": -37,
            "13": -10,
            "14": -27,
            "16": 21,
            "17": 31,
            "18": -40,
            "19": 0,
            "20": -5,
            "21": -5,
            "22": -28,
            "23": 46
        },
        "16": {
            "0": 30,
            "1": 40,
            "2": 18,
            "3": 26,
            "4": -14,
            "5": -39,
            "6": -13,
            "7": 26,
            "8": 15,
            "9": 6,
            "10": -28,
            "11": -14,
            "12": 16,
            "13": -41,
            "14": 41,
            "15": 21,
            "17": -7,
            "18": 46,
            "19": -8,
            "20": 6,
            "21": 17,
            "22": 14,
            "23": -23
        },
        "17": {
            "0": -31,
            "1": 25,
            "2": -22,
            "3": 41,
            "4": 48,
            "5": 4,
            "6": -20,
            "7": -27,
            "8": -22,
            "9": 27,
            "10": 45,
            "11": -49,
            "12": -20,
            "13": -20,
            "14": 3,
            "15": 31,
            "16": -7,
            "18": -27,
            "19": -3,
            "20": 24,
            "21": 11,
            "22": 0,
            "23": 3
        },
        "18": {
            "0": 8,
            "1": -6,
            "2": 34,
            "3": -2,
            "4": -45,
            "5": 10,
            "6": 5,
            "7": -24,
            "8": 45,
            "9": -29,
            "10": -12,
            "11": -47,
            "12": -40,
            "13": 26,
            "14": -15,
            "15": -40,
            "16": 46,
            "17": -27,
            "19": 3,
            "20": -47,
            "21": -9,
            "22": -12,
            "23": 35
        },
        "19": {
            "0": 32,
            "1": 16,
            "2": -9,
            "3": -4,
            "4": -10,
            "5": -25,
            "6": -46,
            "7": 18,
            "8": 38,
            "9": -33,
            "10": -27,
            "11": -4,
            "12": 11,
            "13": -3,
            "14": -42,
            "15": 0,
            "16": -8,
            "17": -3,
            "18": 3,
            "20": -22,
            "21": -15,
            "22": 44,
            "23": -10
        },
        "20": {
            "0": 29,
            "1": -38,
            "2": 25,
            "3": 37,
            "4": 31,
            "5": 41,
            "6": -23,
            "7": -21,
            "8": -40,
            "9": 3,
            "10": -27,
            "11": -20,
            "12": 47,
            "13": 0,
            "14": 16,
            "15": -5,
            "16": 6,
            "17": 24,
            "18": -47,
            "19": -22,
            "21": 0,
            "22": -4,
            "23": -11
        },
        "21": {
            "0": 35,
            "1": -34,
            "2": -17,
            "3": -33,
            "4": -43,
            "5": 23,
            "6": 37,
            "7": 13,
            "8": -49,
            "9": -39,
            "10": 17,
            "11": 17,
            "12": -49,
            "13": 27,
            "14": 19,
            "15": -5,
            "16": 17,
            "17": 11,
            "18": -9,
            "19": -15,
            "20": 0,
            "22": 42,
            "23": 46
        },
        "22": {
            "0": 17,
            "1": -16,
            "2": -44,
            "3": -20,
            "4": -30,
            "5": 24,
            "6": -31,
            "7": -22,
            "8": 35,
            "9": 49,
            "10": 43,
            "11": 11,
            "12": 0,
            "13": 0,
            "14": -31,
            "15": -28,
            "16": 14,
            "17": 0,
            "18": -12,
            "19": 44,
            "20": -4,
            "21": 42,
            "23": 18
        },
        "23": {
            "0": 22,
            "1": -46,
            "2": -6,
            "3": -44,
            "4": -48,
            "5": 4,
            "6": -23,
            "7": -7,
            "8": 2,
            "9": -48,
            "10": 28,
            "11": 26,
            "12": -29,
            "13": 18,
            "14": 42,
            "15": 46,
            "16": -23,
            "17": 3,
            "18": 35,
            "19": -10,
            "20": -11,
            "21": 46,
            "22": 18
        }
    }
}