{
    "knapsack_size": 2378,
    "Gamma": 24,
    "n_items": 27,
    "costs": {
        "0": {
            "l": 1.46,
            "a": 39.61,
            "u": 47.36
        },
        "1": {
            "l": 27.24,
            "a": 42.36,
            "u": 57.58
        },
        "2": {
            "l": 22.16,
            "a": 38.19,
            "u": 51.52
        },
        "3": {
            "l": 8.17,
            "a": 30.02,
            "u": 40.37
        },
        "4": {
            "l": 25.17,
            "a": 56.28,
            "u": 57.28
        },
        "5": {
            "l": 24.09,
            "a": 34.61,
            "u": 56.49
        },
        "6": {
            "l": 3.1,
            "a": 24.6,
            "u": 58.21
        },
        "7": {
            "l": 3.88,
            "a": 6.29,
            "u": 47.94
        },
        "8": {
            "l": 32.09,
            "a": 54.17,
            "u": 83.42
        },
        "9": {
            "l": 25.9,
            "a": 26.22,
            "u": 28.77
        },
        "10": {
            "l": 30.38,
            "a": 31.19,
            "u": 82.76
        },
        "11": {
            "l": 1.02,
            "a": 2.59,
            "u": 47.66
        },
        "12": {
            "l": 21.53,
            "a": 32.86,
            "u": 81.83
        },
        "13": {
            "l": 21.77,
            "a": 26.01,
            "u": 45.68
        },
        "14": {
            "l": 10.1,
            "a": 56.17,
            "u": 66.76
        },
        "15": {
            "l": 23.0,
            "a": 37.9,
            "u": 65.8
        },
        "16": {
            "l": 28.46,
            "a": 35.05,
            "u": 62.32
        },
        "17": {
            "l": 6.71,
            "a": 13.76,
            "u": 20.8
        },
        "18": {
            "l": 27.66,
            "a": 28.59,
            "u": 29.32
        },
        "19": {
            "l": 27.26,
            "a": 41.29,
            "u": 76.21
        },
        "20": {
            "l": 27.32,
            "a": 39.46,
            "u": 53.47
        },
        "21": {
            "l": 16.55,
            "a": 21.79,
            "u": 66.3
        },
        "22": {
            "l": 27.59,
            "a": 28.29,
            "u": 55.96
        },
        "23": {
            "l": 21.24,
            "a": 59.65,
            "u": 78.44
        },
        "24": {
            "l": 23.75,
            "a": 48.85,
            "u": 59.33
        },
        "25": {
            "l": 6.16,
            "a": 37.54,
            "u": 43.74
        },
        "26": {
            "l": 11.98,
            "a": 50.24,
            "u": 57.48
        }
    },
    "profits": {
        "0": 87.59,
        "1": 69.38,
        "2": 39.51,
        "3": 85.11,
        "4": 90.24,
        "5": 40.26,
        "6": 43.87,
        "7": 60.08,
        "8": 91.09,
        "9": 60.62,
        "10": 49.48,
        "11": 71.09,
        "12": 39.79,
        "13": 86.87,
        "14": 88.49,
        "15": 58.39,
        "16": 77.66,
        "17": 91.5,
        "18": 37.99,
        "19": 94.62,
        "20": 69.12,
        "21": 28.5,
        "22": 71.97,
        "23": 90.71,
        "24": 57.29,
        "25": 94.18,
        "26": 77.55
    },
    "synergies": {
        "0": {
            "1": 6.82,
            "2": 3.64,
            "3": -1.2,
            "4": -2.09,
            "5": 11.07,
            "6": 10.22,
            "7": -11.82,
            "8": 1.7,
            "9": -2.31,
            "10": 10.44,
            "11": -10.66,
            "12": -9.31,
            "13": -8.09,
            "14": -3.57,
            "15": 3.46,
            "16": -0.94,
            "17": -9.18,
            "18": -7.94,
            "19": 2.83,
            "20": 11.1,
            "21": -6.49,
            "22": -5.48,
            "23": -2.12,
            "24": -6.68,
            "25": 6.15,
            "26": -3.28
        },
        "1": {
            "0": 6.82,
            "2": -4.52,
            "3": -1.84,
            "4": 11.2,
            "5": 5.86,
            "6": -7.55,
            "7": 6.45,
            "8": -3.98,
            "9": 2.38,
            "10": -0.19,
            "11": 1.88,
            "12": 6.95,
            "13": 5.95,
            "14": -11.97,
            "15": -2.84,
            "16": -2.8,
            "17": 3.54,
            "18": -9.25,
            "19": -3.14,
            "20": 8.31,
            "21": -10.94,
            "22": -8.96,
            "23": -11.27,
            "24": -10.83,
            "25": 4.5,
            "26": -11.18
        },
        "2": {
            "0": 3.64,
            "1": -4.52,
            "3": 0.46,
            "4": 1.61,
            "5": 6.46,
            "6": -9.76,
            "7": 0.06,
            "8": 4.09,
            "9": -4.91,
            "10": 4.26,
            "11": -9.8,
            "12": -6.34,
            "13": 4.99,
            "14": -7.76,
            "15": -9.78,
            "16": 8.12,
            "17": -7.08,
            "18": 8.83,
            "19": -2.64,
            "20": 8.85,
            "21": 0.63,
            "22": 2.63,
            "23": 0.38,
            "24": 10.58,
            "25": -6.89,
            "26": 8.82
        },
        "3": {
            "0": -1.2,
            "1": -1.84,
            "2": 0.46,
            "4": 7.94,
            "5": 10.92,
            "6": 8.63,
            "7": -1.3,
            "8": 5.7,
            "9": 5.52,
            "10": 4.98,
            "11": -6.82,
            "12": 8.84,
            "13": -10.0,
            "14": 8.78,
            "15": -10.05,
            "16": 6.51,
            "17": -9.67,
            "18": -3.4,
            "19": -4.04,
            "20": 11.97,
            "21": -5.15,
            "22": 8.29,
            "23": -8.64,
            "24": 4.83,
            "25": -6.04,
            "26": -7.67
        },
        "4": {
            "0": -2.09,
            "1": 11.2,
            "2": 1.61,
            "3": 7.94,
            "5": 8.42,
            "6": -6.9,
            "7": 8.72,
            "8": -11.07,
            "9": -2.74,
            "10": 5.62,
            "11": 1.32,
            "12": -3.84,
            "13": -3.32,
            "14": 3.22,
            "15": 3.37,
            "16": -4.49,
            "17": -7.77,
            "18": 10.87,
            "19": 11.61,
            "20": 4.44,
            "21": -8.91,
            "22": -2.64,
            "23": -9.2,
            "24": -9.59,
            "25": 5.39,
            "26": 5.27
        },
        "5": {
            "0": 11.07,
            "1": 5.86,
            "2": 6.46,
            "3": 10.92,
            "4": 8.42,
            "6": 9.15,
            "7": -6.45,
            "8": -3.98,
            "9": -5.43,
            "10": -10.52,
            "11": 1.23,
            "12": -2.9,
            "13": -6.62,
            "14": -11.88,
            "15": -5.93,
            "16": -7.81,
            "17": -6.25,
            "18": 10.3,
            "19": -2.95,
            "20": -11.85,
            "21": -8.44,
            "22": -8.17,
            "23": -4.96,
            "24": -5.23,
            "25": 10.68,
            "26": 0.9
        },
        "6": {
            "0": 10.22,
            "1": -7.55,
            "2": -9.76,
            "3": 8.63,
            "4": -6.9,
            "5": 9.15,
            "7": 0.18,
            "8": -0.43,
            "9": -5.35,
            "10": -6.15,
            "11": 11.82,
            "12": -8.57,
            "13": 3.15,
            "14": 6.0,
            "15": 6.57,
            "16": 8.18,
            "17": -10.47,
            "18": -4.3,
            "19": 1.02,
            "20": 8.55,
            "21": 8.79,
            "22": -6.28,
            "23": 3.87,
            "24": -4.7,
            "25": -7.54,
            "26": -0.33
        },
        "7": {
            "0": -11.82,
            "1": 6.45,
            "2": 0.06,
            "3": -1.3,
            "4": 8.72,
            "5": -6.45,
            "6": 0.18,
            "8": 4.74,
            "9": -11.62,
            "10": 1.22,
            "11": -0.45,
            "12": -7.83,
            "13": -4.77,
            "14": -1.61,
            "15": -1.41,
            "16": -8.55,
            "17": 5.51,
            "18": -8.07,
            "19": -1.92,
            "20": 4.55,
            "21": -1.58,
            "22": 3.05,
            "23": 6.67,
            "24": -8.29,
            "25": 1.61,
            "26": -2.28
        },
        "8": {
            "0": 1.7,
            "1": -3.98,
            "2": 4.09,
            "3": 5.7,
            "4": -11.07,
            "5": -3.98,
            "6": -0.43,
            "7": 4.74,
            "9": -9.8,
            "10": -8.01,
            "11": 8.01,
            "12": 1.0,
            "13": 3.15,
            "14": -6.97,
            "15": 11.12,
            "16": -5.48,
            "17": 1.0,
            "18": -11.97,
            "19": -3.64,
            "20": -11.08,
            "21": -0.72,
            "22": 8.86,
            "23": -0.08,
            "24": 7.74,
            "25": 1.42,
            "26": 7.31
        },
        "9": {
            "0": -2.31,
            "1": 2.38,
            "2": -4.91,
            "3": 5.52,
            "4": -2.74,
            "5": -5.43,
            "6": -5.35,
            "7": -11.62,
            "8": -9.8,
            "10": -9.58,
            "11": 8.94,
            "12": -11.97,
            "13": 4.15,
            "14": 1.72,
            "15": 5.06,
            "16": -10.34,
            "17": -5.87,
            "18": -8.16,
            "19": -8.66,
            "20": 6.89,
            "21": 0.7,
            "22": 9.47,
            "23": -9.36,
            "24": -5.04,
            "25": -1.78,
            "26": -3.88
        },
        "10": {
            "0": 10.44,
            "1": -0.19,
            "2": 4.26,
            "3": 4.98,
            "4": 5.62,
            "5": -10.52,
            "6": -6.15,
            "7": 1.22,
            "8": -8.01,
            "9": -9.58,
            "11": -10.75,
            "12": 8.71,
            "13": 0.69,
            "14": -2.83,
            "15": -9.33,
            "16": 7.71,
            "17": -4.93,
            "18": 3.19,
            "19": 10.17,
            "20": -7.31,
            "21": -11.07,
            "22": -5.37,
            "23": -7.8,
            "24": 6.63,
            "25": 2.91,
            "26": 5.45
        },
        "11": {
            "0": -10.66,
            "1": 1.88,
            "2": -9.8,
            "3": -6.82,
            "4": 1.32,
            "5": 1.23,
            "6": 11.82,
            "7": -0.45,
            "8": 8.01,
            "9": 8.94,
            "10": -10.75,
            "12": 10.11,
            "13": 1.26,
            "14": -1.67,
            "15": -2.17,
            "16": 4.31,
            "17": -6.49,
            "18": 5.81,
            "19": -5.07,
            "20": -0.16,
            "21": -11.45,
            "22": 1.01,
            "23": 6.22,
            "24": -0.63,
            "25": -10.72,
            "26": 10.75
        },
        "12": {
            "0": -9.31,
            "1": 6.95,
            "2": -6.34,
            "3": 8.84,
            "4": -3.84,
            "5": -2.9,
            "6": -8.57,
            "7": -7.83,
            "8": 1.0,
            "9": -11.97,
            "10": 8.71,
            "11": 10.11,
            "13": 8.86,
            "14": -2.06,
            "15": 5.84,
            "16": -2.22,
            "17": -9.46,
            "18": -2.14,
            "19": 8.97,
            "20": -2.71,
            "21": 11.63,
            "22": -3.66,
            "23": 9.25,
            "24": 11.98,
            "25": 7.64,
            "26": -5.48
        },
        "13": {
            "0": -8.09,
            "1": 5.95,
            "2": 4.99,
            "3": -10.0,
            "4": -3.32,
            "5": -6.62,
            "6": 3.15,
            "7": -4.77,
            "8": 3.15,
            "9": 4.15,
            "10": 0.69,
            "11": 1.26,
            "12": 8.86,
            "14": -5.98,
            "15": -9.01,
            "16": 11.89,
            "17": 11.6,
            "18": 2.2,
            "19": -8.84,
            "20": -10.15,
            "21": -10.56,
            "22": 3.53,
            "23": -3.39,
            "24": 1.6,
            "25": 2.8,
            "26": -5.83
        },
        "14": {
            "0": -3.57,
            "1": -11.97,
            "2": -7.76,
            "3": 8.78,
            "4": 3.22,
            "5": -11.88,
            "6": 6.0,
            "7": -1.61,
            "8": -6.97,
            "9": 1.72,
            "10": -2.83,
            "11": -1.67,
            "12": -2.06,
            "13": -5.98,
            "15": -8.31,
            "16": -5.66,
            "17": -11.4,
            "18": 7.65,
            "19": 0.86,
            "20": 1.28,
            "21": -5.91,
            "22": -10.76,
            "23": -3.31,
            "24": -11.32,
            "25": 4.55,
            "26": 11.87
        },
        "15": {
            "0": 3.46,
            "1": -2.84,
            "2": -9.78,
            "3": -10.05,
            "4": 3.37,
            "5": -5.93,
            "6": 6.57,
            "7": -1.41,
            "8": 11.12,
            "9": 5.06,
            "10": -9.33,
            "11": -2.17,
            "12": 5.84,
            "13": -9.01,
            "14": -8.31,
            "16": 2.98,
            "17": -3.4,
            "18": -7.18,
            "19": -10.73,
            "20": -11.26,
            "21": 11.06,
            "22": -9.55,
            "23": -5.07,
            "24": 5.0,
            "25": -4.43,
            "26": -3.36
        },
        "16": {
            "0": -0.94,
            "1": -2.8,
            "2": 8.12,
            "3": 6.51,
            "4": -4.49,
            "5": -7.81,
            "6": 8.18,
            "7": -8.55,
            "8": -5.48,
            "9": -10.34,
            "10": 7.71,
            "11": 4.31,
            "12": -2.22,
            "13": 11.89,
            "14": -5.66,
            "15": 2.98,
            "17": -6.16,
            "18": -9.76,
            "19": 10.41,
            "20": -0.99,
            "21": -9.73,
            "22": -3.13,
            "23": -5.62,
            "24": 3.02,
            "25": 6.17,
            "26": 3.04
        },
        "17": {
            "0": -9.18,
            "1": 3.54,
            "2": -7.08,
            "3": -9.67,
            "4": -7.77,
            "5": -6.25,
            "6": -10.47,
            "7": 5.51,
            "8": 1.0,
            "9": -5.87,
            "10": -4.93,
            "11": -6.49,
            "12": -9.46,
            "13": 11.6,
            "14": -11.4,
            "15": -3.4,
            "16": -6.16,
            "18": 7.36,
            "19": -10.63,
            "20": -3.04,
            "21": -2.34,
            "22": 1.75,
            "23": -10.65,
            "24": -1.53,
            "25": -1.56,
            "26": -3.62
        },
        "18": {
            "0": -7.94,
            "1": -9.25,
            "2": 8.83,
            "3": -3.4,
            "4": 10.87,
            "5": 10.3,
            "6": -4.3,
            "7": -8.07,
            "8": -11.97,
            "9": -8.16,
            "10": 3.19,
            "11": 5.81,
            "12": -2.14,
            "13": 2.2,
            "14": 7.65,
            "15": -7.18,
            "16": -9.76,
            "17": 7.36,
            "19": 10.91,
            "20": 5.05,
            "21": -8.84,
            "22": -7.48,
            "23": 2.36,
            "24": -6.14,
            "25": 10.93,
            "26": 10.95
        },
        "19": {
            "0": 2.83,
            "1": -3.14,
            "2": -2.64,
            "3": -4.04,
            "4": 11.61,
            "5": -2.95,
            "6": 1.02,
            "7": -1.92,
            "8": -3.64,
            "9": -8.66,
            "10": 10.17,
            "11": -5.07,
            "12": 8.97,
            "13": -8.84,
            "14": 0.86,
            "15": -10.73,
            "16": 10.41,
            "17": -10.63,
            "18": 10.91,
            "20": -2.93,
            "21": 6.98,
            "22": 6.95,
            "23": -5.1,
            "24": -1.15,
            "25": 4.73,
            "26": 8.83
        },
        "20": {
            "0": 11.1,
            "1": 8.31,
            "2": 8.85,
            "3": 11.97,
            "4": 4.44,
            "5": -11.85,
            "6": 8.55,
            "7": 4.55,
            "8": -11.08,
            "9": 6.89,
            "10": -7.31,
            "11": -0.16,
            "12": -2.71,
            "13": -10.15,
            "14": 1.28,
            "15": -11.26,
            "16": -0.99,
            "17": -3.04,
            "18": 5.05,
            "19": -2.93,
            "21": -1.16,
            "22": -3.41,
            "23": 3.88,
            "24": -10.09,
            "25": -11.21,
            "26": 2.09
        },
        "21": {
            "0": -6.49,
            "1": -10.94,
            "2": 0.63,
            "3": -5.15,
            "4": -8.91,
            "5": -8.44,
            "6": 8.79,
            "7": -1.58,
            "8": -0.72,
            "9": 0.7,
            "10": -11.07,
            "11": -11.45,
            "12": 11.63,
            "13": -10.56,
            "14": -5.91,
            "15": 11.06,
            "16": -9.73,
            "17": -2.34,
            "18": -8.84,
            "19": 6.98,
            "20": -1.16,
            "22": 10.95,
            "23": -1.7,
            "24": -9.77,
            "25": -1.62,
            "26": -7.05
        },
        "22": {
            "0": -5.48,
            "1": -8.96,
            "2": 2.63,
            "3": 8.29,
            "4": -2.64,
            "5": -8.17,
            "6": -6.28,
            "7": 3.05,
            "8": 8.86,
            "9": 9.47,
            "10": -5.37,
            "11": 1.01,
            "12": -3.66,
            "13": 3.53,
            "14": -10.76,
            "15": -9.55,
            "16": -3.13,
            "17": 1.75,
            "18": -7.48,
            "19": 6.95,
            "20": -3.41,
            "21": 10.95,
            "23": -6.0,
            "24": 6.48,
            "25": -9.22,
            "26": -5.02
        },
        "23": {
            "0": -2.12,
            "1": -11.27,
            "2": 0.38,
            "3": -8.64,
            "4": -9.2,
            "5": -4.96,
            "6": 3.87,
            "7": 6.67,
            "8": -0.08,
            "9": -9.36,
            "10": -7.8,
            "11": 6.22,
            "12": 9.25,
            "13": -3.39,
            "14": -3.31,
            "15": -5.07,
            "16": -5.62,
            "17": -10.65,
            "18": 2.36,
            "19": -5.1,
            "20": 3.88,
            "21": -1.7,
            "22": -6.0,
            "24": -5.87,
            "25": -0.01,
            "26": -9.63
        },
        "24": {
            "0": -6.68,
            "1": -10.83,
            "2": 10.58,
            "3": 4.83,
            "4": -9.59,
            "5": -5.23,
            "6": -4.7,
            "7": -8.29,
            "8": 7.74,
            "9": -5.04,
            "10": 6.63,
            "11": -0.63,
            "12": 11.98,
            "13": 1.6,
            "14": -11.32,
            "15": 5.0,
            "16": 3.02,
            "17": -1.53,
            "18": -6.14,
            "19": -1.15,
            "20": -10.09,
            "21": -9.77,
            "22": 6.48,
            "23": -5.87,
            "25": 6.18,
            "26": -7.95
        },
        "25": {
            "0": 6.15,
            "1": 4.5,
            "2": -6.89,
            "3": -6.04,
            "4": 5.39,
            "5": 10.68,
            "6": -7.54,
            "7": 1.61,
            "8": 1.42,
            "9": -1.78,
            "10": 2.91,
            "11": -10.72,
            "12": 7.64,
            "13": 2.8,
            "14": 4.55,
            "15": -4.43,
            "16": 6.17,
            "17": -1.56,
            "18": 10.93,
            "19": 4.73,
            "20": -11.21,
            "21": -1.62,
            "22": -9.22,
            "23": -0.01,
            "24": 6.18,
            "26": -4.11
        },
        "26": {
            "0": -3.28,
            "1": -11.18,
            "2": 8.82,
            "3": -7.67,
            "4": 5.27,
            "5": 0.9,
            "6": -0.33,
            "7": -2.28,
            "8": 7.31,
            "9": -3.88,
            "10": 5.45,
            "11": 10.75,
            "12": -5.48,
            "13": -5.83,
            "14": 11.87,
            "15": -3.36,
            "16": 3.04,
            "17": -3.62,
            "18": 10.95,
            "19": 8.83,
            "20": 2.09,
            "21": -7.05,
            "22": -5.02,
            "23": -9.63,
            "24": -7.95,
            "25": -4.11
        }
    }
}