{
    "knapsack_size": 1895,
    "Gamma": 11,
    "n_items": 16,
    "costs": {
        "0": {
            "l": 73.56,
            "a": 126.47,
            "u": 139.06
        },
        "1": {
            "l": 88.83,
            "a": 132.17,
            "u": 156.55
        },
        "2": {
            "l": 84.5,
            "a": 119.06,
            "u": 134.99
        },
        "3": {
            "l": 83.99,
            "a": 131.23,
            "u": 166.28
        },
        "4": {
            "l": 72.16,
            "a": 110.93,
            "u": 133.75
        },
        "5": {
            "l": 88.98,
            "a": 117.0,
            "u": 148.69
        },
        "6": {
            "l": 80.81,
            "a": 113.31,
            "u": 150.23
        },
        "7": {
            "l": 76.37,
            "a": 122.73,
            "u": 164.96
        },
        "8": {
            "l": 86.48,
            "a": 127.64,
            "u": 138.4
        },
        "9": {
            "l": 66.77,
            "a": 135.35,
            "u": 164.85
        },
        "10": {
            "l": 74.56,
            "a": 115.23,
            "u": 145.86
        },
        "11": {
            "l": 64.14,
            "a": 120.08,
            "u": 140.69
        },
        "12": {
            "l": 110.3,
            "a": 129.42,
            "u": 154.06
        },
        "13": {
            "l": 69.58,
            "a": 133.09,
            "u": 163.38
        },
        "14": {
            "l": 63.3,
            "a": 119.48,
            "u": 136.82
        },
        "15": {
            "l": 59.47,
            "a": 110.94,
            "u": 138.25
        }
    },
    "profits": {
        "0": 178.64,
        "1": 190.76,
        "2": 178.77,
        "3": 200.8,
        "4": 178.89,
        "5": 191.48,
        "6": 184.23,
        "7": 167.48,
        "8": 193.86,
        "9": 178.17,
        "10": 175.45,
        "11": 184.68,
        "12": 194.93,
        "13": 200.04,
        "14": 165.29,
        "15": 183.5
    },
    "synergies": {
        "0": {
            "1": 30.69,
            "2": 36.97,
            "3": 27.81,
            "4": 27.59,
            "5": 14.14,
            "6": 22.36,
            "7": 45.28,
            "8": 67.05,
            "9": 13.5,
            "10": 52.12,
            "11": 41.37,
            "12": 68.64,
            "13": 40.59,
            "14": 28.5,
            "15": 40.4
        },
        "1": {
            "0": 30.69,
            "2": 32.58,
            "3": 6.12,
            "4": 13.21,
            "5": 17.3,
            "6": 31.6,
            "7": 32.0,
            "8": 28.94,
            "9": 65.53,
            "10": 51.26,
            "11": 42.51,
            "12": 20.0,
            "13": 33.47,
            "14": 18.75,
            "15": 28.35
        },
        "2": {
            "0": 36.97,
            "1": 32.58,
            "3": 45.1,
            "4": 32.87,
            "5": 10.96,
            "6": 48.53,
            "7": 30.48,
            "8": 24.92,
            "9": 39.93,
            "10": 47.31,
            "11": 33.34,
            "12": 69.09,
            "13": 39.31,
            "14": 45.39,
            "15": 32.31
        },
        "3": {
            "0": 27.81,
            "1": 6.12,
            "2": 45.1,
            "4": 50.54,
            "5": 34.76,
            "6": 66.77,
            "7": 47.28,
            "8": 21.81,
            "9": 33.21,
            "10": 36.19,
            "11": 19.44,
            "12": 26.11,
            "13": 53.56,
            "14": 52.89,
            "15": 39.7
        },
        "4": {
            "0": 27.59,
            "1": 13.21,
            "2": 32.87,
            "3": 50.54,
            "5": 7.32,
            "6": 32.77,
            "7": 16.77,
            "8": 25.65,
            "9": 20.39,
            "10": 37.4,
            "11": 28.08,
            "12": 53.69,
            "13": 14.71,
            "14": 48.95,
            "15": 41.87
        },
        "5": {
            "0": 14.14,
            "1": 17.3,
            "2": 10.96,
            "3": 34.76,
            "4": 7.32,
            "6": 16.52,
            "7": 58.31,
            "8": 34.18,
            "9": 36.04,
            "10": 4.62,
            "11": 48.52,
            "12": 30.18,
            "13": 26.62,
            "14": 36.81,
            "15": 38.27
        },
        "6": {
            "0": 22.36,
            "1": 31.6,
            "2": 48.53,
            "3": 66.77,
            "4": 32.77,
            "5": 16.52,
            "7": 41.7,
            "8": 40.43,
            "9": 26.06,
            "10": 50.42,
            "11": 37.1,
            "12": 54.77,
            "13": 49.2,
            "14": 49.59,
            "15": 23.57
        },
        "7": {
            "0": 45.28,
            "1": 32.0,
            "2": 30.48,
            "3": 47.28,
            "4": 16.77,
            "5": 58.31,
            "6": 41.7,
            "8": 52.62,
            "9": 36.48,
            "10": 42.75,
            "11": 4.49,
            "12": 16.16,
            "13": 37.58,
            "14": 44.54,
            "15": 33.61
        },
        "8": {
            "0": 67.05,
            "1": 28.94,
            "2": 24.92,
            "3": 21.81,
            "4": 25.65,
            "5": 34.18,
            "6": 40.43,
            "7": 52.62,
            "9": 44.75,
            "10": 65.27,
            "11": 21.01,
            "12": 50.21,
            "13": 40.13,
            "14": 5.35,
            "15": 19.66
        },
        "9": {
            "0": 13.5,
            "1": 65.53,
            "2": 39.93,
            "3": 33.21,
            "4": 20.39,
            "5": 36.04,
            "6": 26.06,
            "7": 36.48,
            "8": 44.75,
            "10": 65.13,
            "11": 33.57,
            "12": 46.02,
            "13": 28.76,
            "14": 58.39,
            "15": -2.89
        },
        "10": {
            "0": 52.12,
            "1": 51.26,
            "2": 47.31,
            "3": 36.19,
            "4": 37.4,
            "5": 4.62,
            "6": 50.42,
            "7": 42.75,
            "8": 65.27,
            "9": 65.13,
            "11": 25.9,
            "12": 34.99,
            "13": 5.75,
            "14": 41.12,
            "15": 24.69
        },
        "11": {
            "0": 41.37,
            "1": 42.51,
            "2": 33.34,
            "3": 19.44,
            "4": 28.08,
            "5": 48.52,
            "6": 37.1,
            "7": 4.49,
            "8": 21.01,
            "9": 33.57,
            "10": 25.9,
            "12": 14.89,
            "13": 52.13,
            "14": 13.21,
            "15": 23.92
        },
        "12": {
            "0": 68.64,
            "1": 20.0,
            "2": 69.09,
            "3": 26.11,
            "4": 53.69,
            "5": 30.18,
            "6": 54.77,
            "7": 16.16,
            "8": 50.21,
            "9": 46.02,
            "10": 34.99,
            "11": 14.89,
            "13": 34.28,
            "14": 62.25,
            "15": 31.0
        },
        "13": {
            "0": 40.59,
            "1": 33.47,
            "2": 39.31,
            "3": 53.56,
            "4": 14.71,
            "5": 26.62,
            "6": 49.2,
            "7": 37.58,
            "8": 40.13,
            "9": 28.76,
            "10": 5.75,
            "11": 52.13,
            "12": 34.28,
            "14": 46.71,
            "15": 36.73
        },
        "14": {
            "0": 28.5,
            "1": 18.75,
            "2": 45.39,
            "3": 52.89,
            "4": 48.95,
            "5": 36.81,
            "6": 49.59,
            "7": 44.54,
            "8": 5.35,
            "9": 58.39,
            "10": 41.12,
            "11": 13.21,
            "12": 62.25,
            "13": 46.71,
            "15": 42.62
        },
        "15": {
            "0": 40.4,
            "1": 28.35,
            "2": 32.31,
            "3": 39.7,
            "4": 41.87,
            "5": 38.27,
            "6": 23.57,
            "7": 33.61,
            "8": 19.66,
            "9": -2.89,
            "10": 24.69,
            "11": 23.92,
            "12": 31.0,
            "13": 36.73,
            "14": 42.62
        }
    }
}