{
    "knapsack_size": 500,
    "Gamma": 3,
    "n_items": 8,
    "costs": {
        "0": {
            "l": 50.73,
            "a": 70.99,
            "u": 78.07
        },
        "1": {
            "l": 58.57,
            "a": 110.48,
            "u": 112.27
        },
        "2": {
            "l": 60.49,
            "a": 87.94,
            "u": 141.38
        },
        "3": {
            "l": 56.56,
            "a": 81.77,
            "u": 137.94
        },
        "4": {
            "l": 60.64,
            "a": 111.35,
            "u": 132.54
        },
        "5": {
            "l": 72.0,
            "a": 107.98,
            "u": 129.37
        },
        "6": {
            "l": 50.66,
            "a": 55.23,
            "u": 144.09
        },
        "7": {
            "l": 66.73,
            "a": 76.26,
            "u": 114.83
        }
    },
    "profits": {
        "0": 120.46,
        "1": 137.19,
        "2": 157.81,
        "3": 169.45,
        "4": 145.7,
        "5": 126.4,
        "6": 92.15,
        "7": 89.38
    },
    "synergies": {
        "0": {
            "1": 0.0,
            "2": 0.0,
            "3": 0.0,
            "4": 0.0,
            "5": 0.0,
            "6": 0.0,
            "7": 0.0
        },
        "1": {
            "0": 0.0,
            "2": 0.0,
            "3": 0.0,
            "4": 0.0,
            "5": 0.0,
            "6": 0.0,
            "7": 0.0
        },
        "2": {
            "0": 0.0,
            "1": 0.0,
            "3": 0.0,
            "4": 0.0,
            "5": 0.0,
            "6": 0.0,
            "7": 0.0
        },
        "3": {
            "0": 0.0,
            "1": 0.0,
            "2": 0.0,
            "4": 0.0,
            "5": 0.0,
            "6": 0.0,
            "7": 0.0
        },
        "4": {
            "0": 0.0,
            "1": 0.0,
            "2": 0.0,
            "3": 0.0,
            "5": 0.0,
            "6": 0.0,
            "7": 0.0
        },
        "5": {
            "0": 0.0,
            "1": 0.0,
            "2": 0.0,
            "3": 0.0,
            "4": 0.0,
            "6": 0.0,
            "7": 0.0
        },
        "6": {
            "0": 0.0,
            "1": 0.0,
            "2": 0.0,
            "3": 0.0,
            "4": 0.0,
            "5": 0.0,
            "7": 0.0
        },
        "7": {
            "0": 0.0,
            "1": 0.0,
            "2": 0.0,
            "3": 0.0,
            "4": 0.0,
            "5": 0.0,
            "6": 0.0
        }
    }
}