{
    "knapsack_size": 395,
    "Gamma": 2,
    "n_items": 12,
    "costs": {
        "0": {
            "l": 1.29,
            "a": 112.12,
            "u": 178.08
        },
        "1": {
            "l": 42.06,
            "a": 173.66,
            "u": 197.75
        },
        "2": {
            "l": 52.01,
            "a": 165.1,
            "u": 179.24
        },
        "3": {
            "l": 66.43,
            "a": 172.44,
            "u": 182.59
        },
        "4": {
            "l": 25.76,
            "a": 92.56,
            "u": 177.17
        },
        "5": {
            "l": 46.12,
            "a": 169.4,
            "u": 176.92
        },
        "6": {
            "l": 1.12,
            "a": 196.07,
            "u": 199.51
        },
        "7": {
            "l": 62.46,
            "a": 121.82,
            "u": 177.5
        },
        "8": {
            "l": 31.09,
            "a": 165.83,
            "u": 170.26
        },
        "9": {
            "l": 81.55,
            "a": 86.55,
            "u": 115.52
        },
        "10": {
            "l": 11.9,
            "a": 157.27,
            "u": 194.82
        },
        "11": {
            "l": 62.26,
            "a": 156.21,
            "u": 175.69
        }
    },
    "profits": {
        "0": 200.6,
        "1": 239.88,
        "2": 262.08,
        "3": 224.57,
        "4": 238.71,
        "5": 214.85,
        "6": 259.17,
        "7": 181.5,
        "8": 195.42,
        "9": 290.45,
        "10": 285.95,
        "11": 241.56
    },
    "synergies": {
        "0": {
            "1": 10.95,
            "2": -20.45,
            "3": 17.14,
            "4": -20.17,
            "5": 4.57,
            "6": 22.74,
            "7": 6.88,
            "8": 30.2,
            "9": 39.0,
            "10": -28.86,
            "11": -6.43
        },
        "1": {
            "0": 10.95,
            "2": -26.74,
            "3": 10.92,
            "4": 18.04,
            "5": -26.1,
            "6": -45.02,
            "7": 27.53,
            "8": -22.6,
            "9": -11.59,
            "10": 48.22,
            "11": 47.34
        },
        "2": {
            "0": -20.45,
            "1": -26.74,
            "3": -35.27,
            "4": 17.31,
            "5": 31.12,
            "6": -21.46,
            "7": 47.15,
            "8": -10.44,
            "9": 2.23,
            "10": -27.36,
            "11": 45.96
        },
        "3": {
            "0": 17.14,
            "1": 10.92,
            "2": -35.27,
            "4": -7.52,
            "5": -49.4,
            "6": -6.9,
            "7": -44.5,
            "8": -9.16,
            "9": 14.43,
            "10": 35.6,
            "11": -22.27
        },
        "4": {
            "0": -20.17,
            "1": 18.04,
            "2": 17.31,
            "3": -7.52,
            "5": -25.75,
            "6": 26.29,
            "7": -6.7,
            "8": 4.13,
            "9": -41.27,
            "10": -21.68,
            "11": -25.25
        },
        "5": {
            "0": 4.57,
            "1": -26.1,
            "2": 31.12,
            "3": -49.4,
            "4": -25.75,
            "6": -8.81,
            "7": 21.13,
            "8": -46.47,
            "9": -22.85,
            "10": 35.17,
            "11": 32.16
        },
        "6": {
            "0": 22.74,
            "1": -45.02,
            "2": -21.46,
            "3": -6.9,
            "4": 26.29,
            "5": -8.81,
            "7": -25.09,
            "8": 7.27,
            "9": 22.02,
            "10": 46.38,
            "11": 24.79
        },
        "7": {
            "0": 6.88,
            "1": 27.53,
            "2": 47.15,
            "3": -44.5,
            "4": -6.7,
            "5": 21.13,
            "6": -25.09,
            "8": 42.79,
            "9": -45.86,
            "10": 30.81,
            "11": 46.63
        },
        "8": {
            "0": 30.2,
            "1": -22.6,
            "2": -10.44,
            "3": -9.16,
            "4": 4.13,
            "5": -46.47,
            "6": 7.27,
            "7": 42.79,
            "9": 10.09,
            "10": -16.62,
            "11": -35.32
        },
        "9": {
            "0": 39.0,
            "1": -11.59,
            "2": 2.23,
            "3": 14.43,
            "4": -41.27,
            "5": -22.85,
            "6": 22.02,
            "7": -45.86,
            "8": 10.09,
            "10": -28.82,
            "11": -28.79
        },
        "10": {
            "0": -28.86,
            "1": 48.22,
            "2": -27.36,
            "3": 35.6,
            "4": -21.68,
            "5": 35.17,
            "6": 46.38,
            "7": 30.81,
            "8": -16.62,
            "9": -28.82,
            "11": -49.65
        },
        "11": {
            "0": -6.43,
            "1": 47.34,
            "2": 45.96,
            "3": -22.27,
            "4": -25.25,
            "5": 32.16,
            "6": 24.79,
            "7": 46.63,
            "8": -35.32,
            "9": -28.79,
            "10": -49.65
        }
    }
}