{
    "knapsack_size": 456,
    "Gamma": 6,
    "n_items": 13,
    "costs": {
        "0": {
            "l": 18.61,
            "a": 27.16,
            "u": 72.68
        },
        "1": {
            "l": 20.71,
            "a": 34.42,
            "u": 65.47
        },
        "2": {
            "l": 3.11,
            "a": 17.28,
            "u": 40.23
        },
        "3": {
            "l": 3.68,
            "a": 34.17,
            "u": 52.17
        },
        "4": {
            "l": 34.08,
            "a": 40.14,
            "u": 69.24
        },
        "5": {
            "l": 28.91,
            "a": 54.71,
            "u": 85.64
        },
        "6": {
            "l": 33.71,
            "a": 36.49,
            "u": 60.82
        },
        "7": {
            "l": 13.96,
            "a": 26.27,
            "u": 59.66
        },
        "8": {
            "l": 32.92,
            "a": 54.38,
            "u": 75.51
        },
        "9": {
            "l": 17.23,
            "a": 59.04,
            "u": 65.01
        },
        "10": {
            "l": 22.67,
            "a": 43.88,
            "u": 79.52
        },
        "11": {
            "l": 23.9,
            "a": 59.79,
            "u": 68.6
        },
        "12": {
            "l": 19.6,
            "a": 22.51,
            "u": 77.31
        }
    },
    "profits": {
        "0": 82.77,
        "1": 85.31,
        "2": 52.35,
        "3": 64.43,
        "4": 70.97,
        "5": 71.44,
        "6": 73.27,
        "7": 51.05,
        "8": 55.37,
        "9": 74.93,
        "10": 56.78,
        "11": 63.8,
        "12": 83.2
    },
    "synergies": {
        "0": {
            "1": -11.59,
            "2": -9.67,
            "3": 6.38,
            "4": -1.78,
            "5": -5.95,
            "6": -4.96,
            "7": 7.03,
            "8": -6.61,
            "9": 11.32,
            "10": 6.94,
            "11": -9.43,
            "12": -7.14
        },
        "1": {
            "0": -11.59,
            "2": -4.18,
            "3": -2.33,
            "4": 3.26,
            "5": 7.25,
            "6": -10.09,
            "7": -2.41,
            "8": 10.44,
            "9": 0.67,
            "10": 9.82,
            "11": 10.27,
            "12": -5.31
        },
        "2": {
            "0": -9.67,
            "1": -4.18,
            "3": -5.97,
            "4": 8.01,
            "5": 9.6,
            "6": -10.0,
            "7": 5.75,
            "8": 4.8,
            "9": -2.24,
            "10": 6.53,
            "11": -11.15,
            "12": 8.82
        },
        "3": {
            "0": 6.38,
            "1": -2.33,
            "2": -5.97,
            "4": 7.91,
            "5": 9.3,
            "6": 7.29,
            "7": -1.06,
            "8": -7.92,
            "9": 11.36,
            "10": 5.67,
            "11": 4.59,
            "12": -0.26
        },
        "4": {
            "0": -1.78,
            "1": 3.26,
            "2": 8.01,
            "3": 7.91,
            "5": -1.58,
            "6": -0.18,
            "7": -1.81,
            "8": -5.0,
            "9": 3.36,
            "10": -2.34,
            "11": -5.01,
            "12": 6.45
        },
        "5": {
            "0": -5.95,
            "1": 7.25,
            "2": 9.6,
            "3": 9.3,
            "4": -1.58,
            "6": -8.9,
            "7": 7.62,
            "8": -8.57,
            "9": 10.39,
            "10": -5.03,
            "11": 0.47,
            "12": 10.99
        },
        "6": {
            "0": -4.96,
            "1": -10.09,
            "2": -10.0,
            "3": 7.29,
            "4": -0.18,
            "5": -8.9,
            "7": 3.98,
            "8": -8.49,
            "9": 9.22,
            "10": 7.3,
            "11": -2.04,
            "12": -6.87
        },
        "7": {
            "0": 7.03,
            "1": -2.41,
            "2": 5.75,
            "3": -1.06,
            "4": -1.81,
            "5": 7.62,
            "6": 3.98,
            "8": -10.78,
            "9": -0.33,
            "10": 11.55,
            "11": -4.49,
            "12": -9.4
        },
        "8": {
            "0": -6.61,
            "1": 10.44,
            "2": 4.8,
            "3": -7.92,
            "4": -5.0,
            "5": -8.57,
            "6": -8.49,
            "7": -10.78,
            "9": 11.4,
            "10": 4.5,
            "11": -10.8,
            "12": -0.4
        },
        "9": {
            "0": 11.32,
            "1": 0.67,
            "2": -2.24,
            "3": 11.36,
            "4": 3.36,
            "5": 10.39,
            "6": 9.22,
            "7": -0.33,
            "8": 11.4,
            "10": -10.87,
            "11": -2.63,
            "12": 5.19
        },
        "10": {
            "0": 6.94,
            "1": 9.82,
            "2": 6.53,
            "3": 5.67,
            "4": -2.34,
            "5": -5.03,
            "6": 7.3,
            "7": 11.55,
            "8": 4.5,
            "9": -10.87,
            "11": 6.57,
            "12": 0.56
        },
        "11": {
            "0": -9.43,
            "1": 10.27,
            "2": -11.15,
            "3": 4.59,
            "4": -5.01,
            "5": 0.47,
            "6": -2.04,
            "7": -4.49,
            "8": -10.8,
            "9": -2.63,
            "10": 6.57,
            "12": 11.06
        },
        "12": {
            "0": -7.14,
            "1": -5.31,
            "2": 8.82,
            "3": -0.26,
            "4": 6.45,
            "5": 10.99,
            "6": -6.87,
            "7": -9.4,
            "8": -0.4,
            "9": 5.19,
            "10": 0.56,
            "11": 11.06
        }
    }
}