{
    "knapsack_size": 5000,
    "Gamma": 31,
    "n_items": 39,
    "costs": {
        "0": {
            "l": 91.48,
            "a": 112.01,
            "u": 159.49
        },
        "1": {
            "l": 80.54,
            "a": 148.3,
            "u": 153.21
        },
        "2": {
            "l": 78.58,
            "a": 119.86,
            "u": 152.34
        },
        "3": {
            "l": 58.1,
            "a": 127.52,
            "u": 147.6
        },
        "4": {
            "l": 59.81,
            "a": 123.06,
            "u": 145.07
        },
        "5": {
            "l": 76.47,
            "a": 133.57,
            "u": 148.98
        },
        "6": {
            "l": 72.5,
            "a": 135.1,
            "u": 145.47
        },
        "7": {
            "l": 81.3,
            "a": 120.78,
            "u": 140.58
        },
        "8": {
            "l": 75.51,
            "a": 110.46,
            "u": 146.49
        },
        "9": {
            "l": 63.32,
            "a": 120.55,
            "u": 150.33
        },
        "10": {
            "l": 68.08,
            "a": 126.49,
            "u": 148.07
        },
        "11": {
            "l": 74.01,
            "a": 102.52,
            "u": 144.75
        },
        "12": {
            "l": 68.4,
            "a": 115.31,
            "u": 150.8
        },
        "13": {
            "l": 70.1,
            "a": 106.75,
            "u": 152.35
        },
        "14": {
            "l": 100.78,
            "a": 111.1,
            "u": 160.99
        },
        "15": {
            "l": 77.85,
            "a": 133.73,
            "u": 145.92
        },
        "16": {
            "l": 73.81,
            "a": 111.26,
            "u": 135.05
        },
        "17": {
            "l": 84.29,
            "a": 133.15,
            "u": 140.95
        },
        "18": {
            "l": 77.56,
            "a": 142.88,
            "u": 144.26
        },
        "19": {
            "l": 76.96,
            "a": 98.09,
            "u": 140.47
        },
        "20": {
            "l": 65.17,
            "a": 139.77,
            "u": 142.21
        },
        "21": {
            "l": 61.11,
            "a": 116.18,
            "u": 151.24
        },
        "22": {
            "l": 83.89,
            "a": 127.22,
            "u": 156.35
        },
        "23": {
            "l": 80.89,
            "a": 134.77,
            "u": 139.19
        },
        "24": {
            "l": 71.75,
            "a": 120.28,
            "u": 152.26
        },
        "25": {
            "l": 82.69,
            "a": 124.84,
            "u": 150.42
        },
        "26": {
            "l": 74.66,
            "a": 125.82,
            "u": 133.39
        },
        "27": {
            "l": 75.75,
            "a": 118.88,
            "u": 134.67
        },
        "28": {
            "l": 82.91,
            "a": 144.39,
            "u": 155.89
        },
        "29": {
            "l": 94.17,
            "a": 124.12,
            "u": 141.19
        },
        "30": {
            "l": 78.11,
            "a": 115.52,
            "u": 169.51
        },
        "31": {
            "l": 57.38,
            "a": 134.73,
            "u": 161.94
        },
        "32": {
            "l": 70.58,
            "a": 115.76,
            "u": 152.36
        },
        "33": {
            "l": 74.18,
            "a": 106.05,
            "u": 149.05
        },
        "34": {
            "l": 66.79,
            "a": 111.2,
            "u": 148.27
        },
        "35": {
            "l": 66.5,
            "a": 127.5,
            "u": 148.13
        },
        "36": {
            "l": 78.28,
            "a": 115.86,
            "u": 146.41
        },
        "37": {
            "l": 80.68,
            "a": 136.86,
            "u": 150.79
        },
        "38": {
            "l": 80.47,
            "a": 115.41,
            "u": 154.32
        }
    },
    "profits": {
        "0": 184.57,
        "1": 182.71,
        "2": 178.83,
        "3": 207.42,
        "4": 181.56,
        "5": 171.66,
        "6": 203.35,
        "7": 177.09,
        "8": 191.88,
        "9": 183.99,
        "10": 186.98,
        "11": 181.11,
        "12": 194.27,
        "13": 187.64,
        "14": 180.89,
        "15": 176.13,
        "16": 204.21,
        "17": 185.46,
        "18": 180.55,
        "19": 180.18,
        "20": 190.64,
        "21": 189.63,
        "22": 207.12,
        "23": 188.69,
        "24": 188.52,
        "25": 174.38,
        "26": 176.79,
        "27": 169.23,
        "28": 188.31,
        "29": 187.25,
        "30": 177.41,
        "31": 195.48,
        "32": 188.26,
        "33": 191.08,
        "34": 194.9,
        "35": 166.53,
        "36": 193.61,
        "37": 182.9,
        "38": 191.36
    },
    "synergies": {
        "0": {
            "1": 40.31,
            "2": 38.64,
            "3": 65.55,
            "4": 32.9,
            "5": 46.65,
            "6": 42.36,
            "7": 53.43,
            "8": 28.27,
            "9": 35.95,
            "10": 36.08,
            "11": 29.54,
            "12": 8.23,
            "13": 61.73,
            "14": 47.97,
            "15": 28.12,
            "16": 49.32,
            "17": 27.42,
            "18": 13.08,
            "19": 42.97,
            "20": 62.6,
            "21": 38.97,
            "22": 56.49,
            "23": 18.79,
            "24": 54.2,
            "25": 17.98,
            "26": 42.55,
            "27": 48.16,
            "28": 22.28,
            "29": 42.99,
            "30": 28.82,
            "31": 38.77,
            "32": 51.75,
            "33": 37.74,
            "34": 5.32,
            "35": 19.55,
            "36": 65.72,
            "37": 38.06,
            "38": 31.71
        },
        "1": {
            "0": 40.31,
            "2": 21.96,
            "3": 11.59,
            "4": 31.33,
            "5": 51.53,
            "6": 17.28,
            "7": 37.72,
            "8": 51.62,
            "9": 42.35,
            "10": 25.0,
            "11": 23.35,
            "12": 9.28,
            "13": 29.89,
            "14": 24.06,
            "15": 21.49,
            "16": 55.72,
            "17": 34.14,
            "18": 55.21,
            "19": 54.22,
            "20": 34.89,
            "21": 48.75,
            "22": 21.63,
            "23": 18.54,
            "24": 50.21,
            "25": 44.86,
            "26": 30.2,
            "27": 44.99,
            "28": 19.89,
            "29": 6.93,
            "30": 66.94,
            "31": 33.92,
            "32": 31.43,
            "33": 37.54,
            "34": 27.09,
            "35": 6.03,
            "36": 48.86,
            "37": 32.66,
            "38": 43.64
        },
        "2": {
            "0": 38.64,
            "1": 21.96,
            "3": 57.33,
            "4": 29.01,
            "5": 39.72,
            "6": 49.29,
            "7": -11.26,
            "8": 39.02,
            "9": 24.14,
            "10": 41.62,
            "11": 33.93,
            "12": 38.55,
            "13": 50.46,
            "14": 50.33,
            "15": 52.65,
            "16": 44.63,
            "17": 49.3,
            "18": 32.94,
            "19": 63.73,
            "20": 57.08,
            "21": 30.36,
            "22": 40.95,
            "23": 29.09,
            "24": 42.6,
            "25": 53.42,
            "26": 42.26,
            "27": 59.1,
            "28": 34.51,
            "29": 28.17,
            "30": 10.59,
            "31": 18.23,
            "32": 49.62,
            "33": 38.22,
            "34": 22.11,
            "35": 33.8,
            "36": 34.06,
            "37": 35.11,
            "38": 25.48
        },
        "3": {
            "0": 65.55,
            "1": 11.59,
            "2": 57.33,
            "4": 51.33,
            "5": 45.25,
            "6": 42.66,
            "7": 36.55,
            "8": 41.12,
            "9": 23.79,
            "10": 49.54,
            "11": 19.43,
            "12": 52.26,
            "13": 18.08,
            "14": 38.63,
            "15": 42.36,
            "16": 13.3,
            "17": 58.07,
            "18": 41.31,
            "19": 22.41,
            "20": 37.58,
            "21": 30.35,
            "22": 29.45,
            "23": 36.04,
            "24": 51.53,
            "25": 22.24,
            "26": 82.97,
            "27": 4.13,
            "28": 33.96,
            "29": 51.97,
            "30": 60.19,
            "31": 26.26,
            "32": 51.98,
            "33": 29.11,
            "34": 36.45,
            "35": 42.5,
            "36": 37.45,
            "37": 10.97,
            "38": 55.56
        },
        "4": {
            "0": 32.9,
            "1": 31.33,
            "2": 29.01,
            "3": 51.33,
            "5": 48.23,
            "6": 40.08,
            "7": 25.08,
            "8": 38.44,
            "9": 19.16,
            "10": 42.78,
            "11": 47.83,
            "12": 63.03,
            "13": 37.52,
            "14": 38.57,
            "15": 17.78,
            "16": 43.95,
            "17": 22.68,
            "18": 40.43,
            "19": 18.13,
            "20": 22.76,
            "21": 17.31,
            "22": 26.11,
            "23": 44.71,
            "24": 57.22,
            "25": 26.89,
            "26": -14.34,
            "27": 47.14,
            "28": 26.27,
            "29": 31.06,
            "30": 21.8,
            "31": 47.02,
            "32": 55.66,
            "33": 53.56,
            "34": 41.78,
            "35": 52.89,
            "36": 33.22,
            "37": 32.06,
            "38": 25.92
        },
        "5": {
            "0": 46.65,
            "1": 51.53,
            "2": 39.72,
            "3": 45.25,
            "4": 48.23,
            "6": 29.82,
            "7": 61.1,
            "8": 44.1,
            "9": 40.29,
            "10": 16.6,
            "11": 27.5,
            "12": 50.69,
            "13": 18.76,
            "14": 48.72,
            "15": 37.78,
            "16": 20.36,
            "17": 14.27,
            "18": 47.04,
            "19": 39.62,
            "20": 27.13,
            "21": 54.32,
            "22": 9.13,
            "23": 54.0,
            "24": 42.59,
            "25": 22.84,
            "26": 4.47,
            "27": 55.53,
            "28": 25.94,
            "29": 35.78,
            "30": 39.23,
            "31": 30.31,
            "32": 17.57,
            "33": 34.71,
            "34": 54.77,
            "35": 25.45,
            "36": 26.46,
            "37": 15.71,
            "38": 18.21
        },
        "6": {
            "0": 42.36,
            "1": 17.28,
            "2": 49.29,
            "3": 42.66,
            "4": 40.08,
            "5": 29.82,
            "7": 30.19,
            "8": 54.34,
            "9": 51.37,
            "10": 27.25,
            "11": 56.15,
            "12": 54.76,
            "13": 50.15,
            "14": 20.82,
            "15": 6.35,
            "16": 27.13,
            "17": 15.36,
            "18": 32.73,
            "19": 61.85,
            "20": 23.11,
            "21": 38.89,
            "22": 26.61,
            "23": 32.72,
            "24": -1.57,
            "25": 43.56,
            "26": 25.54,
            "27": 35.59,
            "28": 49.12,
            "29": 11.23,
            "30": 46.73,
            "31": 36.24,
            "32": 62.77,
            "33": 34.95,
            "34": 35.02,
            "35": 55.04,
            "36": 15.9,
            "37": 34.6,
            "38": 31.6
        },
        "7": {
            "0": 53.43,
            "1": 37.72,
            "2": -11.26,
            "3": 36.55,
            "4": 25.08,
            "5": 61.1,
            "6": 30.19,
            "8": 28.12,
            "9": 38.8,
            "10": 40.92,
            "11": 49.82,
            "12": 52.52,
            "13": 23.89,
            "14": 45.1,
            "15": 48.72,
            "16": 38.9,
            "17": 45.54,
            "18": 43.07,
            "19": 28.17,
            "20": 55.23,
            "21": 48.24,
            "22": 34.86,
            "23": 27.36,
            "24": 36.74,
            "25": 27.43,
            "26": 63.65,
            "27": 42.27,
            "28": 39.48,
            "29": 37.38,
            "30": 60.67,
            "31": 26.25,
            "32": 50.28,
            "33": 53.02,
            "34": 12.3,
            "35": 1.11,
            "36": 26.71,
            "37": 38.52,
            "38": 36.17
        },
        "8": {
            "0": 28.27,
            "1": 51.62,
            "2": 39.02,
            "3": 41.12,
            "4": 38.44,
            "5": 44.1,
            "6": 54.34,
            "7": 28.12,
            "9": 53.12,
            "10": 39.13,
            "11": 30.0,
            "12": 20.25,
            "13": 41.97,
            "14": 54.48,
            "15": 15.1,
            "16": 31.45,
            "17": 40.2,
            "18": 21.1,
            "19": 19.5,
            "20": 45.69,
            "21": 40.14,
            "22": 57.86,
            "23": 15.95,
            "24": 22.38,
            "25": 15.18,
            "26": 44.12,
            "27": 54.78,
            "28": 42.07,
            "29": 11.94,
            "30": 32.15,
            "31": 19.01,
            "32": 34.08,
            "33": 21.27,
            "34": 25.98,
            "35": 19.48,
            "36": 46.83,
            "37": 37.17,
            "38": 45.68
        },
        "9": {
            "0": 35.95,
            "1": 42.35,
            "2": 24.14,
            "3": 23.79,
            "4": 19.16,
            "5": 40.29,
            "6": 51.37,
            "7": 38.8,
            "8": 53.12,
            "10": 39.57,
            "11": 4.89,
            "12": 58.72,
            "13": 28.82,
            "14": 44.15,
            "15": 81.36,
            "16": 47.43,
            "17": 51.05,
            "18": 49.25,
            "19": 19.78,
            "20": 41.24,
            "21": 55.25,
            "22": 48.0,
            "23": 51.83,
            "24": 33.23,
            "25": 34.46,
            "26": 35.81,
            "27": 17.78,
            "28": 83.43,
            "29": 42.16,
            "30": 9.7,
            "31": 44.74,
            "32": 64.34,
            "33": 38.97,
            "34": 45.98,
            "35": 31.45,
            "36": 43.1,
            "37": 45.67,
            "38": 47.96
        },
        "10": {
            "0": 36.08,
            "1": 25.0,
            "2": 41.62,
            "3": 49.54,
            "4": 42.78,
            "5": 16.6,
            "6": 27.25,
            "7": 40.92,
            "8": 39.13,
            "9": 39.57,
            "11": 56.68,
            "12": 36.49,
            "13": 36.43,
            "14": 19.59,
            "15": 8.77,
            "16": 14.56,
            "17": 27.0,
            "18": 37.74,
            "19": 18.27,
            "20": 38.99,
            "21": 49.48,
            "22": 31.3,
            "23": 28.42,
            "24": 37.21,
            "25": 46.87,
            "26": 45.82,
            "27": 37.54,
            "28": 53.09,
            "29": 30.18,
            "30": 33.33,
            "31": 33.86,
            "32": 49.79,
            "33": 43.98,
            "34": 38.96,
            "35": 24.2,
            "36": 14.21,
            "37": 16.45,
            "38": 30.91
        },
        "11": {
            "0": 29.54,
            "1": 23.35,
            "2": 33.93,
            "3": 19.43,
            "4": 47.83,
            "5": 27.5,
            "6": 56.15,
            "7": 49.82,
            "8": 30.0,
            "9": 4.89,
            "10": 56.68,
            "12": 39.18,
            "13": 42.85,
            "14": 31.77,
            "15": 60.45,
            "16": 41.17,
            "17": 25.71,
            "18": 29.67,
            "19": 38.79,
            "20": 22.78,
            "21": 37.76,
            "22": 26.05,
            "23": 18.83,
            "24": 33.28,
            "25": 33.19,
            "26": 51.62,
            "27": 31.34,
            "28": 52.6,
            "29": 43.43,
            "30": 25.44,
            "31": 26.58,
            "32": 28.23,
            "33": 27.93,
            "34": 55.67,
            "35": 22.95,
            "36": 51.63,
            "37": 61.56,
            "38": 15.15
        },
        "12": {
            "0": 8.23,
            "1": 9.28,
            "2": 38.55,
            "3": 52.26,
            "4": 63.03,
            "5": 50.69,
            "6": 54.76,
            "7": 52.52,
            "8": 20.25,
            "9": 58.72,
            "10": 36.49,
            "11": 39.18,
            "13": 56.12,
            "14": 23.5,
            "15": 30.27,
            "16": 25.66,
            "17": 46.33,
            "18": 41.03,
            "19": 33.4,
            "20": 20.65,
            "21": 58.24,
            "22": 21.15,
            "23": 35.22,
            "24": 23.71,
            "25": 40.12,
            "26": 21.64,
            "27": 11.51,
            "28": 49.0,
            "29": 31.35,
            "30": 22.23,
            "31": 39.25,
            "32": 11.77,
            "33": 39.39,
            "34": 5.04,
            "35": -6.23,
            "36": 30.49,
            "37": 31.83,
            "38": 41.7
        },
        "13": {
            "0": 61.73,
            "1": 29.89,
            "2": 50.46,
            "3": 18.08,
            "4": 37.52,
            "5": 18.76,
            "6": 50.15,
            "7": 23.89,
            "8": 41.97,
            "9": 28.82,
            "10": 36.43,
            "11": 42.85,
            "12": 56.12,
            "14": -1.5,
            "15": 41.58,
            "16": 63.75,
            "17": 44.64,
            "18": 35.33,
            "19": 27.94,
            "20": 58.84,
            "21": 12.38,
            "22": 11.59,
            "23": 52.37,
            "24": 35.57,
            "25": 53.63,
            "26": 40.12,
            "27": 54.72,
            "28": 47.04,
            "29": 25.31,
            "30": 52.92,
            "31": 39.98,
            "32": 45.3,
            "33": 28.91,
            "34": 27.47,
            "35": 28.65,
            "36": 28.43,
            "37": 40.86,
            "38": 38.35
        },
        "14": {
            "0": 47.97,
            "1": 24.06,
            "2": 50.33,
            "3": 38.63,
            "4": 38.57,
            "5": 48.72,
            "6": 20.82,
            "7": 45.1,
            "8": 54.48,
            "9": 44.15,
            "10": 19.59,
            "11": 31.77,
            "12": 23.5,
            "13": -1.5,
            "15": -15.89,
            "16": 7.47,
            "17": 39.33,
            "18": 25.97,
            "19": 45.14,
            "20": 21.62,
            "21": 31.87,
            "22": 35.1,
            "23": 38.65,
            "24": 58.65,
            "25": 32.39,
            "26": 70.01,
            "27": 29.15,
            "28": 49.5,
            "29": 40.57,
            "30": 46.36,
            "31": 21.68,
            "32": 25.27,
            "33": 48.35,
            "34": 40.23,
            "35": 39.13,
            "36": 33.6,
            "37": 14.4,
            "38": 28.52
        },
        "15": {
            "0": 28.12,
            "1": 21.49,
            "2": 52.65,
            "3": 42.36,
            "4": 17.78,
            "5": 37.78,
            "6": 6.35,
            "7": 48.72,
            "8": 15.1,
            "9": 81.36,
            "10": 8.77,
            "11": 60.45,
            "12": 30.27,
            "13": 41.58,
            "14": -15.89,
            "16": 31.65,
            "17": 30.1,
            "18": 79.95,
            "19": 47.72,
            "20": 48.1,
            "21": 45.33,
            "22": 43.6,
            "23": 34.76,
            "24": 45.99,
            "25": 34.71,
            "26": 28.33,
            "27": 45.87,
            "28": 33.96,
            "29": 50.02,
            "30": 47.2,
            "31": 29.71,
            "32": 25.57,
            "33": 40.64,
            "34": 33.86,
            "35": 28.03,
            "36": 27.76,
            "37": 34.16,
            "38": 15.01
        },
        "16": {
            "0": 49.32,
            "1": 55.72,
            "2": 44.63,
            "3": 13.3,
            "4": 43.95,
            "5": 20.36,
            "6": 27.13,
            "7": 38.9,
            "8": 31.45,
            "9": 47.43,
            "10": 14.56,
            "11": 41.17,
            "12": 25.66,
            "13": 63.75,
            "14": 7.47,
            "15": 31.65,
            "17": 24.98,
            "18": 34.15,
            "19": 32.55,
            "20": 39.67,
            "21": 13.57,
            "22": 38.58,
            "23": 41.94,
            "24": 50.07,
            "25": 26.82,
            "26": 26.74,
            "27": 35.02,
            "28": 11.14,
            "29": 58.46,
            "30": 46.51,
            "31": 34.29,
            "32": 34.38,
            "33": 42.14,
            "34": 33.45,
            "35": 25.89,
            "36": 34.28,
            "37": 38.19,
            "38": 21.69
        },
        "17": {
            "0": 27.42,
            "1": 34.14,
            "2": 49.3,
            "3": 58.07,
            "4": 22.68,
            "5": 14.27,
            "6": 15.36,
            "7": 45.54,
            "8": 40.2,
            "9": 51.05,
            "10": 27.0,
            "11": 25.71,
            "12": 46.33,
            "13": 44.64,
            "14": 39.33,
            "15": 30.1,
            "16": 24.98,
            "18": 41.24,
            "19": 43.89,
            "20": 30.86,
            "21": 37.29,
            "22": 57.33,
            "23": 49.22,
            "24": 12.23,
            "25": 37.09,
            "26": 31.32,
            "27": 51.98,
            "28": 50.12,
            "29": 58.64,
            "30": 30.74,
            "31": 49.86,
            "32": 38.48,
            "33": 30.56,
            "34": 54.66,
            "35": 43.45,
            "36": 44.0,
            "37": 30.28,
            "38": 53.16
        },
        "18": {
            "0": 13.08,
            "1": 55.21,
            "2": 32.94,
            "3": 41.31,
            "4": 40.43,
            "5": 47.04,
            "6": 32.73,
            "7": 43.07,
            "8": 21.1,
            "9": 49.25,
            "10": 37.74,
            "11": 29.67,
            "12": 41.03,
            "13": 35.33,
            "14": 25.97,
            "15": 79.95,
            "16": 34.15,
            "17": 41.24,
            "19": 32.51,
            "20": 45.05,
            "21": 43.6,
            "22": -1.54,
            "23": 24.23,
            "24": 42.69,
            "25": 27.44,
            "26": 27.77,
            "27": 50.91,
            "28": 36.26,
            "29": 6.17,
            "30": 48.59,
            "31": 30.24,
            "32": 47.21,
            "33": 25.77,
            "34": 19.96,
            "35": 57.01,
            "36": 18.93,
            "37": 37.35,
            "38": 44.24
        },
        "19": {
            "0": 42.97,
            "1": 54.22,
            "2": 63.73,
            "3": 22.41,
            "4": 18.13,
            "5": 39.62,
            "6": 61.85,
            "7": 28.17,
            "8": 19.5,
            "9": 19.78,
            "10": 18.27,
            "11": 38.79,
            "12": 33.4,
            "13": 27.94,
            "14": 45.14,
            "15": 47.72,
            "16": 32.55,
            "17": 43.89,
            "18": 32.51,
            "20": 71.51,
            "21": 29.59,
            "22": 23.9,
            "23": 25.77,
            "24": 55.03,
            "25": 12.64,
            "26": 28.83,
            "27": 37.09,
            "28": 34.46,
            "29": 47.81,
            "30": 73.73,
            "31": 27.83,
            "32": 33.64,
            "33": 27.88,
            "34": 0.96,
            "35": 42.36,
            "36": 46.98,
            "37": 66.91,
            "38": 60.98
        },
        "20": {
            "0": 62.6,
            "1": 34.89,
            "2": 57.08,
            "3": 37.58,
            "4": 22.76,
            "5": 27.13,
            "6": 23.11,
            "7": 55.23,
            "8": 45.69,
            "9": 41.24,
            "10": 38.99,
            "11": 22.78,
            "12": 20.65,
            "13": 58.84,
            "14": 21.62,
            "15": 48.1,
            "16": 39.67,
            "17": 30.86,
            "18": 45.05,
            "19": 71.51,
            "21": 22.24,
            "22": 40.45,
            "23": 70.07,
            "24": 36.9,
            "25": 34.27,
            "26": 28.12,
            "27": 32.23,
            "28": 41.13,
            "29": 38.57,
            "30": 19.02,
            "31": 36.2,
            "32": 17.48,
            "33": 6.7,
            "34": 15.71,
            "35": 38.77,
            "36": 36.78,
            "37": 30.75,
            "38": 10.62
        },
        "21": {
            "0": 38.97,
            "1": 48.75,
            "2": 30.36,
            "3": 30.35,
            "4": 17.31,
            "5": 54.32,
            "6": 38.89,
            "7": 48.24,
            "8": 40.14,
            "9": 55.25,
            "10": 49.48,
            "11": 37.76,
            "12": 58.24,
            "13": 12.38,
            "14": 31.87,
            "15": 45.33,
            "16": 13.57,
            "17": 37.29,
            "18": 43.6,
            "19": 29.59,
            "20": 22.24,
            "22": 23.79,
            "23": 40.46,
            "24": 22.27,
            "25": 21.75,
            "26": 27.2,
            "27": 34.13,
            "28": 39.82,
            "29": 24.4,
            "30": 20.75,
            "31": 45.23,
            "32": 32.22,
            "33": 26.93,
            "34": 29.85,
            "35": 31.47,
            "36": 32.41,
            "37": 37.36,
            "38": 43.02
        },
        "22": {
            "0": 56.49,
            "1": 21.63,
            "2": 40.95,
            "3": 29.45,
            "4": 26.11,
            "5": 9.13,
            "6": 26.61,
            "7": 34.86,
            "8": 57.86,
            "9": 48.0,
            "10": 31.3,
            "11": 26.05,
            "12": 21.15,
            "13": 11.59,
            "14": 35.1,
            "15": 43.6,
            "16": 38.58,
            "17": 57.33,
            "18": -1.54,
            "19": 23.9,
            "20": 40.45,
            "21": 23.79,
            "23": 36.59,
            "24": 46.16,
            "25": 11.08,
            "26": 25.18,
            "27": 30.38,
            "28": 31.22,
            "29": 30.9,
            "30": 45.03,
            "31": 29.48,
            "32": 52.3,
            "33": 33.14,
            "34": 26.02,
            "35": 36.21,
            "36": 15.14,
            "37": 39.89,
            "38": 14.77
        },
        "23": {
            "0": 18.79,
            "1": 18.54,
            "2": 29.09,
            "3": 36.04,
            "4": 44.71,
            "5": 54.0,
            "6": 32.72,
            "7": 27.36,
            "8": 15.95,
            "9": 51.83,
            "10": 28.42,
            "11": 18.83,
            "12": 35.22,
            "13": 52.37,
            "14": 38.65,
            "15": 34.76,
            "16": 41.94,
            "17": 49.22,
            "18": 24.23,
            "19": 25.77,
            "20": 70.07,
            "21": 40.46,
            "22": 36.59,
            "24": 36.43,
            "25": 31.62,
            "26": 60.7,
            "27": 30.24,
            "28": 33.96,
            "29": 7.79,
            "30": 35.46,
            "31": 23.99,
            "32": 18.97,
            "33": 23.02,
            "34": 44.86,
            "35": 72.62,
            "36": 52.0,
            "37": 39.76,
            "38": 26.13
        },
        "24": {
            "0": 54.2,
            "1": 50.21,
            "2": 42.6,
            "3": 51.53,
            "4": 57.22,
            "5": 42.59,
            "6": -1.57,
            "7": 36.74,
            "8": 22.38,
            "9": 33.23,
            "10": 37.21,
            "11": 33.28,
            "12": 23.71,
            "13": 35.57,
            "14": 58.65,
            "15": 45.99,
            "16": 50.07,
            "17": 12.23,
            "18": 42.69,
            "19": 55.03,
            "20": 36.9,
            "21": 22.27,
            "22": 46.16,
            "23": 36.43,
            "25": 26.62,
            "26": 48.13,
            "27": 60.15,
            "28": 28.06,
            "29": 27.55,
            "30": 56.79,
            "31": 40.9,
            "32": 32.99,
            "33": 41.48,
            "34": 71.85,
            "35": 37.01,
            "36": 49.96,
            "37": 41.57,
            "38": 33.24
        },
        "25": {
            "0": 17.98,
            "1": 44.86,
            "2": 53.42,
            "3": 22.24,
            "4": 26.89,
            "5": 22.84,
            "6": 43.56,
            "7": 27.43,
            "8": 15.18,
            "9": 34.46,
            "10": 46.87,
            "11": 33.19,
            "12": 40.12,
            "13": 53.63,
            "14": 32.39,
            "15": 34.71,
            "16": 26.82,
            "17": 37.09,
            "18": 27.44,
            "19": 12.64,
            "20": 34.27,
            "21": 21.75,
            "22": 11.08,
            "23": 31.62,
            "24": 26.62,
            "26": 39.38,
            "27": 32.8,
            "28": 37.21,
            "29": 24.25,
            "30": 60.75,
            "31": 18.82,
            "32": 40.34,
            "33": 26.81,
            "34": 58.77,
            "35": 17.17,
            "36": 40.87,
            "37": 28.5,
            "38": 11.49
        },
        "26": {
            "0": 42.55,
            "1": 30.2,
            "2": 42.26,
            "3": 82.97,
            "4": -14.34,
            "5": 4.47,
            "6": 25.54,
            "7": 63.65,
            "8": 44.12,
            "9": 35.81,
            "10": 45.82,
            "11": 51.62,
            "12": 21.64,
            "13": 40.12,
            "14": 70.01,
            "15": 28.33,
            "16": 26.74,
            "17": 31.32,
            "18": 27.77,
            "19": 28.83,
            "20": 28.12,
            "21": 27.2,
            "22": 25.18,
            "23": 60.7,
            "24": 48.13,
            "25": 39.38,
            "27": 43.09,
            "28": 24.07,
            "29": 16.18,
            "30": 25.16,
            "31": 56.45,
            "32": 8.58,
            "33": 30.08,
            "34": 25.03,
            "35": 30.26,
            "36": 39.67,
            "37": 40.2,
            "38": 28.3
        },
        "27": {
            "0": 48.16,
            "1": 44.99,
            "2": 59.1,
            "3": 4.13,
            "4": 47.14,
            "5": 55.53,
            "6": 35.59,
            "7": 42.27,
            "8": 54.78,
            "9": 17.78,
            "10": 37.54,
            "11": 31.34,
            "12": 11.51,
            "13": 54.72,
            "14": 29.15,
            "15": 45.87,
            "16": 35.02,
            "17": 51.98,
            "18": 50.91,
            "19": 37.09,
            "20": 32.23,
            "21": 34.13,
            "22": 30.38,
            "23": 30.24,
            "24": 60.15,
            "25": 32.8,
            "26": 43.09,
            "28": 41.03,
            "29": 26.77,
            "30": 29.89,
            "31": 8.17,
            "32": 10.01,
            "33": 34.69,
            "34": 61.79,
            "35": 61.56,
            "36": 22.85,
            "37": 50.74,
            "38": 43.26
        },
        "28": {
            "0": 22.28,
            "1": 19.89,
            "2": 34.51,
            "3": 33.96,
            "4": 26.27,
            "5": 25.94,
            "6": 49.12,
            "7": 39.48,
            "8": 42.07,
            "9": 83.43,
            "10": 53.09,
            "11": 52.6,
            "12": 49.0,
            "13": 47.04,
            "14": 49.5,
            "15": 33.96,
            "16": 11.14,
            "17": 50.12,
            "18": 36.26,
            "19": 34.46,
            "20": 41.13,
            "21": 39.82,
            "22": 31.22,
            "23": 33.96,
            "24": 28.06,
            "25": 37.21,
            "26": 24.07,
            "27": 41.03,
            "29": 23.09,
            "30": 37.44,
            "31": 58.27,
            "32": 34.56,
            "33": 47.57,
            "34": 7.92,
            "35": -4.03,
            "36": 15.34,
            "37": 37.67,
            "38": 30.89
        },
        "29": {
            "0": 42.99,
            "1": 6.93,
            "2": 28.17,
            "3": 51.97,
            "4": 31.06,
            "5": 35.78,
            "6": 11.23,
            "7": 37.38,
            "8": 11.94,
            "9": 42.16,
            "10": 30.18,
            "11": 43.43,
            "12": 31.35,
            "13": 25.31,
            "14": 40.57,
            "15": 50.02,
            "16": 58.46,
            "17": 58.64,
            "18": 6.17,
            "19": 47.81,
            "20": 38.57,
            "21": 24.4,
            "22": 30.9,
            "23": 7.79,
            "24": 27.55,
            "25": 24.25,
            "26": 16.18,
            "27": 26.77,
            "28": 23.09,
            "30": 27.94,
            "31": 60.82,
            "32": 32.6,
            "33": 65.6,
            "34": 32.48,
            "35": 31.24,
            "36": 71.72,
            "37": 45.76,
            "38": 29.3
        },
        "30": {
            "0": 28.82,
            "1": 66.94,
            "2": 10.59,
            "3": 60.19,
            "4": 21.8,
            "5": 39.23,
            "6": 46.73,
            "7": 60.67,
            "8": 32.15,
            "9": 9.7,
            "10": 33.33,
            "11": 25.44,
            "12": 22.23,
            "13": 52.92,
            "14": 46.36,
            "15": 47.2,
            "16": 46.51,
            "17": 30.74,
            "18": 48.59,
            "19": 73.73,
            "20": 19.02,
            "21": 20.75,
            "22": 45.03,
            "23": 35.46,
            "24": 56.79,
            "25": 60.75,
            "26": 25.16,
            "27": 29.89,
            "28": 37.44,
            "29": 27.94,
            "31": 24.07,
            "32": 41.98,
            "33": 24.0,
            "34": 65.72,
            "35": 46.43,
            "36": 45.11,
            "37": 8.26,
            "38": 24.41
        },
        "31": {
            "0": 38.77,
            "1": 33.92,
            "2": 18.23,
            "3": 26.26,
            "4": 47.02,
            "5": 30.31,
            "6": 36.24,
            "7": 26.25,
            "8": 19.01,
            "9": 44.74,
            "10": 33.86,
            "11": 26.58,
            "12": 39.25,
            "13": 39.98,
            "14": 21.68,
            "15": 29.71,
            "16": 34.29,
            "17": 49.86,
            "18": 30.24,
            "19": 27.83,
            "20": 36.2,
            "21": 45.23,
            "22": 29.48,
            "23": 23.99,
            "24": 40.9,
            "25": 18.82,
            "26": 56.45,
            "27": 8.17,
            "28": 58.27,
            "29": 60.82,
            "30": 24.07,
            "32": 31.29,
            "33": 38.24,
            "34": 32.14,
            "35": 22.06,
            "36": 23.7,
            "37": 41.12,
            "38": 24.61
        },
        "32": {
            "0": 51.75,
            "1": 31.43,
            "2": 49.62,
            "3": 51.98,
            "4": 55.66,
            "5": 17.57,
            "6": 62.77,
            "7": 50.28,
            "8": 34.08,
            "9": 64.34,
            "10": 49.79,
            "11": 28.23,
            "12": 11.77,
            "13": 45.3,
            "14": 25.27,
            "15": 25.57,
            "16": 34.38,
            "17": 38.48,
            "18": 47.21,
            "19": 33.64,
            "20": 17.48,
            "21": 32.22,
            "22": 52.3,
            "23": 18.97,
            "24": 32.99,
            "25": 40.34,
            "26": 8.58,
            "27": 10.01,
            "28": 34.56,
            "29": 32.6,
            "30": 41.98,
            "31": 31.29,
            "33": 49.66,
            "34": 37.51,
            "35": 37.78,
            "36": 37.94,
            "37": 26.94,
            "38": 56.86
        },
        "33": {
            "0": 37.74,
            "1": 37.54,
            "2": 38.22,
            "3": 29.11,
            "4": 53.56,
            "5": 34.71,
            "6": 34.95,
            "7": 53.02,
            "8": 21.27,
            "9": 38.97,
            "10": 43.98,
            "11": 27.93,
            "12": 39.39,
            "13": 28.91,
            "14": 48.35,
            "15": 40.64,
            "16": 42.14,
            "17": 30.56,
            "18": 25.77,
            "19": 27.88,
            "20": 6.7,
            "21": 26.93,
            "22": 33.14,
            "23": 23.02,
            "24": 41.48,
            "25": 26.81,
            "26": 30.08,
            "27": 34.69,
            "28": 47.57,
            "29": 65.6,
            "30": 24.0,
            "31": 38.24,
            "32": 49.66,
            "34": 41.93,
            "35": 43.02,
            "36": 72.39,
            "37": 25.16,
            "38": 40.8
        },
        "34": {
            "0": 5.32,
            "1": 27.09,
            "2": 22.11,
            "3": 36.45,
            "4": 41.78,
            "5": 54.77,
            "6": 35.02,
            "7": 12.3,
            "8": 25.98,
            "9": 45.98,
            "10": 38.96,
            "11": 55.67,
            "12": 5.04,
            "13": 27.47,
            "14": 40.23,
            "15": 33.86,
            "16": 33.45,
            "17": 54.66,
            "18": 19.96,
            "19": 0.96,
            "20": 15.71,
            "21": 29.85,
            "22": 26.02,
            "23": 44.86,
            "24": 71.85,
            "25": 58.77,
            "26": 25.03,
            "27": 61.79,
            "28": 7.92,
            "29": 32.48,
            "30": 65.72,
            "31": 32.14,
            "32": 37.51,
            "33": 41.93,
            "35": 15.91,
            "36": 28.04,
            "37": 33.85,
            "38": 35.86
        },
        "35": {
            "0": 19.55,
            "1": 6.03,
            "2": 33.8,
            "3": 42.5,
            "4": 52.89,
            "5": 25.45,
            "6": 55.04,
            "7": 1.11,
            "8": 19.48,
            "9": 31.45,
            "10": 24.2,
            "11": 22.95,
            "12": -6.23,
            "13": 28.65,
            "14": 39.13,
            "15": 28.03,
            "16": 25.89,
            "17": 43.45,
            "18": 57.01,
            "19": 42.36,
            "20": 38.77,
            "21": 31.47,
            "22": 36.21,
            "23": 72.62,
            "24": 37.01,
            "25": 17.17,
            "26": 30.26,
            "27": 61.56,
            "28": -4.03,
            "29": 31.24,
            "30": 46.43,
            "31": 22.06,
            "32": 37.78,
            "33": 43.02,
            "34": 15.91,
            "36": 41.51,
            "37": 33.12,
            "38": 36.07
        },
        "36": {
            "0": 65.72,
            "1": 48.86,
            "2": 34.06,
            "3": 37.45,
            "4": 33.22,
            "5": 26.46,
            "6": 15.9,
            "7": 26.71,
            "8": 46.83,
            "9": 43.1,
            "10": 14.21,
            "11": 51.63,
            "12": 30.49,
            "13": 28.43,
            "14": 33.6,
            "15": 27.76,
            "16": 34.28,
            "17": 44.0,
            "18": 18.93,
            "19": 46.98,
            "20": 36.78,
            "21": 32.41,
            "22": 15.14,
            "23": 52.0,
            "24": 49.96,
            "25": 40.87,
            "26": 39.67,
            "27": 22.85,
            "28": 15.34,
            "29": 71.72,
            "30": 45.11,
            "31": 23.7,
            "32": 37.94,
            "33": 72.39,
            "34": 28.04,
            "35": 41.51,
            "37": 28.36,
            "38": 20.1
        },
        "37": {
            "0": 38.06,
            "1": 32.66,
            "2": 35.11,
            "3": 10.97,
            "4": 32.06,
            "5": 15.71,
            "6": 34.6,
            "7": 38.52,
            "8": 37.17,
            "9": 45.67,
            "10": 16.45,
            "11": 61.56,
            "12": 31.83,
            "13": 40.86,
            "14": 14.4,
            "15": 34.16,
            "16": 38.19,
            "17": 30.28,
            "18": 37.35,
            "19": 66.91,
            "20": 30.75,
            "21": 37.36,
            "22": 39.89,
            "23": 39.76,
            "24": 41.57,
            "25": 28.5,
            "26": 40.2,
            "27": 50.74,
            "28": 37.67,
            "29": 45.76,
            "30": 8.26,
            "31": 41.12,
            "32": 26.94,
            "33": 25.16,
            "34": 33.85,
            "35": 33.12,
            "36": 28.36,
            "38": -6.55
        },
        "38": {
            "0": 31.71,
            "1": 43.64,
            "2": 25.48,
            "3": 55.56,
            "4": 25.92,
            "5": 18.21,
            "6": 31.6,
            "7": 36.17,
            "8": 45.68,
            "9": 47.96,
            "10": 30.91,
            "11": 15.15,
            "12": 41.7,
            "13": 38.35,
            "14": 28.52,
            "15": 15.01,
            "16": 21.69,
            "17": 53.16,
            "18": 44.24,
            "19": 60.98,
            "20": 10.62,
            "21": 43.02,
            "22": 14.77,
            "23": 26.13,
            "24": 33.24,
            "25": 11.49,
            "26": 28.3,
            "27": 43.26,
            "28": 30.89,
            "29": 29.3,
            "30": 24.41,
            "31": 24.61,
            "32": 56.86,
            "33": 40.8,
            "34": 35.86,
            "35": 36.07,
            "36": 20.1,
            "37": -6.55
        }
    }
}