{
    "knapsack_size": 4444,
    "Gamma": 26,
    "n_items": 29,
    "costs": {
        "0": {
            "l": 57.37,
            "a": 78.08,
            "u": 115.57
        },
        "1": {
            "l": 51.07,
            "a": 107.7,
            "u": 118.26
        },
        "2": {
            "l": 65.99,
            "a": 96.46,
            "u": 105.68
        },
        "3": {
            "l": 60.71,
            "a": 108.5,
            "u": 129.26
        },
        "4": {
            "l": 52.18,
            "a": 120.31,
            "u": 128.46
        },
        "5": {
            "l": 57.32,
            "a": 95.56,
            "u": 127.93
        },
        "6": {
            "l": 48.66,
            "a": 49.59,
            "u": 114.27
        },
        "7": {
            "l": 58.8,
            "a": 95.01,
            "u": 149.11
        },
        "8": {
            "l": 47.02,
            "a": 84.13,
            "u": 148.96
        },
        "9": {
            "l": 51.39,
            "a": 55.32,
            "u": 61.72
        },
        "10": {
            "l": 46.47,
            "a": 103.44,
            "u": 127.88
        },
        "11": {
            "l": 53.02,
            "a": 121.12,
            "u": 132.44
        },
        "12": {
            "l": 48.93,
            "a": 111.33,
            "u": 146.24
        },
        "13": {
            "l": 63.91,
            "a": 98.7,
            "u": 116.44
        },
        "14": {
            "l": 66.55,
            "a": 120.34,
            "u": 131.69
        },
        "15": {
            "l": 48.96,
            "a": 103.89,
            "u": 130.28
        },
        "16": {
            "l": 51.79,
            "a": 86.81,
            "u": 104.18
        },
        "17": {
            "l": 64.47,
            "a": 108.97,
            "u": 111.94
        },
        "18": {
            "l": 66.83,
            "a": 68.78,
            "u": 101.88
        },
        "19": {
            "l": 71.96,
            "a": 86.91,
            "u": 136.85
        },
        "20": {
            "l": 47.94,
            "a": 75.51,
            "u": 117.94
        },
        "21": {
            "l": 58.06,
            "a": 103.66,
            "u": 112.6
        },
        "22": {
            "l": 46.04,
            "a": 72.53,
            "u": 135.41
        },
        "23": {
            "l": 68.21,
            "a": 121.19,
            "u": 122.07
        },
        "24": {
            "l": 55.16,
            "a": 98.15,
            "u": 139.19
        },
        "25": {
            "l": 65.24,
            "a": 69.44,
            "u": 102.41
        },
        "26": {
            "l": 72.0,
            "a": 104.87,
            "u": 145.88
        },
        "27": {
            "l": 63.41,
            "a": 116.92,
            "u": 131.05
        },
        "28": {
            "l": 55.33,
            "a": 68.46,
            "u": 144.16
        }
    },
    "profits": {
        "0": 94.61,
        "1": 152.45,
        "2": 104.58,
        "3": 174.13,
        "4": 140.43,
        "5": 158.31,
        "6": 118.35,
        "7": 135.73,
        "8": 162.89,
        "9": 110.48,
        "10": 163.47,
        "11": 142.22,
        "12": 145.4,
        "13": 99.79,
        "14": 154.35,
        "15": 169.65,
        "16": 152.05,
        "17": 171.86,
        "18": 96.78,
        "19": 93.33,
        "20": 107.65,
        "21": 168.49,
        "22": 89.82,
        "23": 122.3,
        "24": 133.96,
        "25": 86.39,
        "26": 169.92,
        "27": 151.45,
        "28": 92.76
    },
    "synergies": {
        "0": {
            "1": 0.0,
            "2": 0.0,
            "3": 0.0,
            "4": 0.0,
            "5": 0.0,
            "6": 0.0,
            "7": 0.0,
            "8": 0.0,
            "9": 0.0,
            "10": 0.0,
            "11": 0.0,
            "12": 0.0,
            "13": 0.0,
            "14": 0.0,
            "15": 0.0,
            "16": 0.0,
            "17": 0.0,
            "18": 0.0,
            "19": 0.0,
            "20": 0.0,
            "21": 0.0,
            "22": 0.0,
            "23": 0.0,
            "24": 0.0,
            "25": 0.0,
            "26": 0.0,
            "27": 0.0,
            "28": 0.0
        },
        "1": {
            "0": 0.0,
            "2": 0.0,
            "3": 0.0,
            "4": 0.0,
            "5": 0.0,
            "6": 0.0,
            "7": 0.0,
            "8": 0.0,
            "9": 0.0,
            "10": 0.0,
            "11": 0.0,
            "12": 0.0,
            "13": 0.0,
            "14": 0.0,
            "15": 0.0,
            "16": 0.0,
            "17": 0.0,
            "18": 0.0,
            "19": 0.0,
            "20": 0.0,
            "21": 0.0,
            "22": 0.0,
            "23": 0.0,
            "24": 0.0,
            "25": 0.0,
            "26": 0.0,
            "27": 0.0,
            "28": 0.0
        },
        "2": {
            "0": 0.0,
            "1": 0.0,
            "3": 0.0,
            "4": 0.0,
            "5": 0.0,
            "6": 0.0,
            "7": 0.0,
            "8": 0.0,
            "9": 0.0,
            "10": 0.0,
            "11": 0.0,
            "12": 0.0,
            "13": 0.0,
            "14": 0.0,
            "15": 0.0,
            "16": 0.0,
            "17": 0.0,
            "18": 0.0,
            "19": 0.0,
            "20": 0.0,
            "21": 0.0,
            "22": 0.0,
            "23": 0.0,
            "24": 0.0,
            "25": 0.0,
            "26": 0.0,
            "27": 0.0,
            "28": 0.0
        },
        "3": {
            "0": 0.0,
            "1": 0.0,
            "2": 0.0,
            "4": 0.0,
            "5": 0.0,
            "6": 0.0,
            "7": 0.0,
            "8": 0.0,
            "9": 0.0,
            "10": 0.0,
            "11": 0.0,
            "12": 0.0,
            "13": 0.0,
            "14": 0.0,
            "15": 0.0,
            "16": 0.0,
            "17": 0.0,
            "18": 0.0,
            "19": 0.0,
            "20": 0.0,
            "21": 0.0,
            "22": 0.0,
            "23": 0.0,
            "24": 0.0,
            "25": 0.0,
            "26": 0.0,
            "27": 0.0,
            "28": 0.0
        },
        "4": {
            "0": 0.0,
            "1": 0.0,
            "2": 0.0,
            "3": 0.0,
            "5": 0.0,
            "6": 0.0,
            "7": 0.0,
            "8": 0.0,
            "9": 0.0,
            "10": 0.0,
            "11": 0.0,
            "12": 0.0,
            "13": 0.0,
            "14": 0.0,
            "15": 0.0,
            "16": 0.0,
            "17": 0.0,
            "18": 0.0,
            "19": 0.0,
            "20": 0.0,
            "21": 0.0,
            "22": 0.0,
            "23": 0.0,
            "24": 0.0,
            "25": 0.0,
            "26": 0.0,
            "27": 0.0,
            "28": 0.0
        },
        "5": {
            "0": 0.0,
            "1": 0.0,
            "2": 0.0,
            "3": 0.0,
            "4": 0.0,
            "6": 0.0,
            "7": 0.0,
            "8": 0.0,
            "9": 0.0,
            "10": 0.0,
            "11": 0.0,
            "12": 0.0,
            "13": 0.0,
            "14": 0.0,
            "15": 0.0,
            "16": 0.0,
            "17": 0.0,
            "18": 0.0,
            "19": 0.0,
            "20": 0.0,
            "21": 0.0,
            "22": 0.0,
            "23": 0.0,
            "24": 0.0,
            "25": 0.0,
            "26": 0.0,
            "27": 0.0,
            "28": 0.0
        },
        "6": {
            "0": 0.0,
            "1": 0.0,
            "2": 0.0,
            "3": 0.0,
            "4": 0.0,
            "5": 0.0,
            "7": 0.0,
            "8": 0.0,
            "9": 0.0,
            "10": 0.0,
            "11": 0.0,
            "12": 0.0,
            "13": 0.0,
            "14": 0.0,
            "15": 0.0,
            "16": 0.0,
            "17": 0.0,
            "18": 0.0,
            "19": 0.0,
            "20": 0.0,
            "21": 0.0,
            "22": 0.0,
            "23": 0.0,
            "24": 0.0,
            "25": 0.0,
            "26": 0.0,
            "27": 0.0,
            "28": 0.0
        },
        "7": {
            "0": 0.0,
            "1": 0.0,
            "2": 0.0,
            "3": 0.0,
            "4": 0.0,
            "5": 0.0,
            "6": 0.0,
            "8": 0.0,
            "9": 0.0,
            "10": 0.0,
            "11": 0.0,
            "12": 0.0,
            "13": 0.0,
            "14": 0.0,
            "15": 0.0,
            "16": 0.0,
            "17": 0.0,
            "18": 0.0,
            "19": 0.0,
            "20": 0.0,
            "21": 0.0,
            "22": 0.0,
            "23": 0.0,
            "24": 0.0,
            "25": 0.0,
            "26": 0.0,
            "27": 0.0,
            "28": 0.0
        },
        "8": {
            "0": 0.0,
            "1": 0.0,
            "2": 0.0,
            "3": 0.0,
            "4": 0.0,
            "5": 0.0,
            "6": 0.0,
            "7": 0.0,
            "9": 0.0,
            "10": 0.0,
            "11": 0.0,
            "12": 0.0,
            "13": 0.0,
            "14": 0.0,
            "15": 0.0,
            "16": 0.0,
            "17": 0.0,
            "18": 0.0,
            "19": 0.0,
            "20": 0.0,
            "21": 0.0,
            "22": 0.0,
            "23": 0.0,
            "24": 0.0,
            "25": 0.0,
            "26": 0.0,
            "27": 0.0,
            "28": 0.0
        },
        "9": {
            "0": 0.0,
            "1": 0.0,
            "2": 0.0,
            "3": 0.0,
            "4": 0.0,
            "5": 0.0,
            "6": 0.0,
            "7": 0.0,
            "8": 0.0,
            "10": 0.0,
            "11": 0.0,
            "12": 0.0,
            "13": 0.0,
            "14": 0.0,
            "15": 0.0,
            "16": 0.0,
            "17": 0.0,
            "18": 0.0,
            "19": 0.0,
            "20": 0.0,
            "21": 0.0,
            "22": 0.0,
            "23": 0.0,
            "24": 0.0,
            "25": 0.0,
            "26": 0.0,
            "27": 0.0,
            "28": 0.0
        },
        "10": {
            "0": 0.0,
            "1": 0.0,
            "2": 0.0,
            "3": 0.0,
            "4": 0.0,
            "5": 0.0,
            "6": 0.0,
            "7": 0.0,
            "8": 0.0,
            "9": 0.0,
            "11": 0.0,
            "12": 0.0,
            "13": 0.0,
            "14": 0.0,
            "15": 0.0,
            "16": 0.0,
            "17": 0.0,
            "18": 0.0,
            "19": 0.0,
            "20": 0.0,
            "21": 0.0,
            "22": 0.0,
            "23": 0.0,
            "24": 0.0,
            "25": 0.0,
            "26": 0.0,
            "27": 0.0,
            "28": 0.0
        },
        "11": {
            "0": 0.0,
            "1": 0.0,
            "2": 0.0,
            "3": 0.0,
            "4": 0.0,
            "5": 0.0,
            "6": 0.0,
            "7": 0.0,
            "8": 0.0,
            "9": 0.0,
            "10": 0.0,
            "12": 0.0,
            "13": 0.0,
            "14": 0.0,
            "15": 0.0,
            "16": 0.0,
            "17": 0.0,
            "18": 0.0,
            "19": 0.0,
            "20": 0.0,
            "21": 0.0,
            "22": 0.0,
            "23": 0.0,
            "24": 0.0,
            "25": 0.0,
            "26": 0.0,
            "27": 0.0,
            "28": 0.0
        },
        "12": {
            "0": 0.0,
            "1": 0.0,
            "2": 0.0,
            "3": 0.0,
            "4": 0.0,
            "5": 0.0,
            "6": 0.0,
            "7": 0.0,
            "8": 0.0,
            "9": 0.0,
            "10": 0.0,
            "11": 0.0,
            "13": 0.0,
            "14": 0.0,
            "15": 0.0,
            "16": 0.0,
            "17": 0.0,
            "18": 0.0,
            "19": 0.0,
            "20": 0.0,
            "21": 0.0,
            "22": 0.0,
            "23": 0.0,
            "24": 0.0,
            "25": 0.0,
            "26": 0.0,
            "27": 0.0,
            "28": 0.0
        },
        "13": {
            "0": 0.0,
            "1": 0.0,
            "2": 0.0,
            "3": 0.0,
            "4": 0.0,
            "5": 0.0,
            "6": 0.0,
            "7": 0.0,
            "8": 0.0,
            "9": 0.0,
            "10": 0.0,
            "11": 0.0,
            "12": 0.0,
            "14": 0.0,
            "15": 0.0,
            "16": 0.0,
            "17": 0.0,
            "18": 0.0,
            "19": 0.0,
            "20": 0.0,
            "21": 0.0,
            "22": 0.0,
            "23": 0.0,
            "24": 0.0,
            "25": 0.0,
            "26": 0.0,
            "27": 0.0,
            "28": 0.0
        },
        "14": {
            "0": 0.0,
            "1": 0.0,
            "2": 0.0,
            "3": 0.0,
            "4": 0.0,
            "5": 0.0,
            "6": 0.0,
            "7": 0.0,
            "8": 0.0,
            "9": 0.0,
            "10": 0.0,
            "11": 0.0,
            "12": 0.0,
            "13": 0.0,
            "15": 0.0,
            "16": 0.0,
            "17": 0.0,
            "18": 0.0,
            "19": 0.0,
            "20": 0.0,
            "21": 0.0,
            "22": 0.0,
            "23": 0.0,
            "24": 0.0,
            "25": 0.0,
            "26": 0.0,
            "27": 0.0,
            "28": 0.0
        },
        "15": {
            "0": 0.0,
            "1": 0.0,
            "2": 0.0,
            "3": 0.0,
            "4": 0.0,
            "5": 0.0,
            "6": 0.0,
            "7": 0.0,
            "8": 0.0,
            "9": 0.0,
            "10": 0.0,
            "11": 0.0,
            "12": 0.0,
            "13": 0.0,
            "14": 0.0,
            "16": 0.0,
            "17": 0.0,
            "18": 0.0,
            "19": 0.0,
            "20": 0.0,
            "21": 0.0,
            "22": 0.0,
            "23": 0.0,
            "24": 0.0,
            "25": 0.0,
            "26": 0.0,
            "27": 0.0,
            "28": 0.0
        },
        "16": {
            "0": 0.0,
            "1": 0.0,
            "2": 0.0,
            "3": 0.0,
            "4": 0.0,
            "5": 0.0,
            "6": 0.0,
            "7": 0.0,
            "8": 0.0,
            "9": 0.0,
            "10": 0.0,
            "11": 0.0,
            "12": 0.0,
            "13": 0.0,
            "14": 0.0,
            "15": 0.0,
            "17": 0.0,
            "18": 0.0,
            "19": 0.0,
            "20": 0.0,
            "21": 0.0,
            "22": 0.0,
            "23": 0.0,
            "24": 0.0,
            "25": 0.0,
            "26": 0.0,
            "27": 0.0,
            "28": 0.0
        },
        "17": {
            "0": 0.0,
            "1": 0.0,
            "2": 0.0,
            "3": 0.0,
            "4": 0.0,
            "5": 0.0,
            "6": 0.0,
            "7": 0.0,
            "8": 0.0,
            "9": 0.0,
            "10": 0.0,
            "11": 0.0,
            "12": 0.0,
            "13": 0.0,
            "14": 0.0,
            "15": 0.0,
            "16": 0.0,
            "18": 0.0,
            "19": 0.0,
            "20": 0.0,
            "21": 0.0,
            "22": 0.0,
            "23": 0.0,
            "24": 0.0,
            "25": 0.0,
            "26": 0.0,
            "27": 0.0,
            "28": 0.0
        },
        "18": {
            "0": 0.0,
            "1": 0.0,
            "2": 0.0,
            "3": 0.0,
            "4": 0.0,
            "5": 0.0,
            "6": 0.0,
            "7": 0.0,
            "8": 0.0,
            "9": 0.0,
            "10": 0.0,
            "11": 0.0,
            "12": 0.0,
            "13": 0.0,
            "14": 0.0,
            "15": 0.0,
            "16": 0.0,
            "17": 0.0,
            "19": 0.0,
            "20": 0.0,
            "21": 0.0,
            "22": 0.0,
            "23": 0.0,
            "24": 0.0,
            "25": 0.0,
            "26": 0.0,
            "27": 0.0,
            "28": 0.0
        },
        "19": {
            "0": 0.0,
            "1": 0.0,
            "2": 0.0,
            "3": 0.0,
            "4": 0.0,
            "5": 0.0,
            "6": 0.0,
            "7": 0.0,
            "8": 0.0,
            "9": 0.0,
            "10": 0.0,
            "11": 0.0,
            "12": 0.0,
            "13": 0.0,
            "14": 0.0,
            "15": 0.0,
            "16": 0.0,
            "17": 0.0,
            "18": 0.0,
            "20": 0.0,
            "21": 0.0,
            "22": 0.0,
            "23": 0.0,
            "24": 0.0,
            "25": 0.0,
            "26": 0.0,
            "27": 0.0,
            "28": 0.0
        },
        "20": {
            "0": 0.0,
            "1": 0.0,
            "2": 0.0,
            "3": 0.0,
            "4": 0.0,
            "5": 0.0,
            "6": 0.0,
            "7": 0.0,
            "8": 0.0,
            "9": 0.0,
            "10": 0.0,
            "11": 0.0,
            "12": 0.0,
            "13": 0.0,
            "14": 0.0,
            "15": 0.0,
            "16": 0.0,
            "17": 0.0,
            "18": 0.0,
            "19": 0.0,
            "21": 0.0,
            "22": 0.0,
            "23": 0.0,
            "24": 0.0,
            "25": 0.0,
            "26": 0.0,
            "27": 0.0,
            "28": 0.0
        },
        "21": {
            "0": 0.0,
            "1": 0.0,
            "2": 0.0,
            "3": 0.0,
            "4": 0.0,
            "5": 0.0,
            "6": 0.0,
            "7": 0.0,
            "8": 0.0,
            "9": 0.0,
            "10": 0.0,
            "11": 0.0,
            "12": 0.0,
            "13": 0.0,
            "14": 0.0,
            "15": 0.0,
            "16": 0.0,
            "17": 0.0,
            "18": 0.0,
            "19": 0.0,
            "20": 0.0,
            "22": 0.0,
            "23": 0.0,
            "24": 0.0,
            "25": 0.0,
            "26": 0.0,
            "27": 0.0,
            "28": 0.0
        },
        "22": {
            "0": 0.0,
            "1": 0.0,
            "2": 0.0,
            "3": 0.0,
            "4": 0.0,
            "5": 0.0,
            "6": 0.0,
            "7": 0.0,
            "8": 0.0,
            "9": 0.0,
            "10": 0.0,
            "11": 0.0,
            "12": 0.0,
            "13": 0.0,
            "14": 0.0,
            "15": 0.0,
            "16": 0.0,
            "17": 0.0,
            "18": 0.0,
            "19": 0.0,
            "20": 0.0,
            "21": 0.0,
            "23": 0.0,
            "24": 0.0,
            "25": 0.0,
            "26": 0.0,
            "27": 0.0,
            "28": 0.0
        },
        "23": {
            "0": 0.0,
            "1": 0.0,
            "2": 0.0,
            "3": 0.0,
            "4": 0.0,
            "5": 0.0,
            "6": 0.0,
            "7": 0.0,
            "8": 0.0,
            "9": 0.0,
            "10": 0.0,
            "11": 0.0,
            "12": 0.0,
            "13": 0.0,
            "14": 0.0,
            "15": 0.0,
            "16": 0.0,
            "17": 0.0,
            "18": 0.0,
            "19": 0.0,
            "20": 0.0,
            "21": 0.0,
            "22": 0.0,
            "24": 0.0,
            "25": 0.0,
            "26": 0.0,
            "27": 0.0,
            "28": 0.0
        },
        "24": {
            "0": 0.0,
            "1": 0.0,
            "2": 0.0,
            "3": 0.0,
            "4": 0.0,
            "5": 0.0,
            "6": 0.0,
            "7": 0.0,
            "8": 0.0,
            "9": 0.0,
            "10": 0.0,
            "11": 0.0,
            "12": 0.0,
            "13": 0.0,
            "14": 0.0,
            "15": 0.0,
            "16": 0.0,
            "17": 0.0,
            "18": 0.0,
            "19": 0.0,
            "20": 0.0,
            "21": 0.0,
            "22": 0.0,
            "23": 0.0,
            "25": 0.0,
            "26": 0.0,
            "27": 0.0,
            "28": 0.0
        },
        "25": {
            "0": 0.0,
            "1": 0.0,
            "2": 0.0,
            "3": 0.0,
            "4": 0.0,
            "5": 0.0,
            "6": 0.0,
            "7": 0.0,
            "8": 0.0,
            "9": 0.0,
            "10": 0.0,
            "11": 0.0,
            "12": 0.0,
            "13": 0.0,
            "14": 0.0,
            "15": 0.0,
            "16": 0.0,
            "17": 0.0,
            "18": 0.0,
            "19": 0.0,
            "20": 0.0,
            "21": 0.0,
            "22": 0.0,
            "23": 0.0,
            "24": 0.0,
            "26": 0.0,
            "27": 0.0,
            "28": 0.0
        },
        "26": {
            "0": 0.0,
            "1": 0.0,
            "2": 0.0,
            "3": 0.0,
            "4": 0.0,
            "5": 0.0,
            "6": 0.0,
            "7": 0.0,
            "8": 0.0,
            "9": 0.0,
            "10": 0.0,
            "11": 0.0,
            "12": 0.0,
            "13": 0.0,
            "14": 0.0,
            "15": 0.0,
            "16": 0.0,
            "17": 0.0,
            "18": 0.0,
            "19": 0.0,
            "20": 0.0,
            "21": 0.0,
            "22": 0.0,
            "23": 0.0,
            "24": 0.0,
            "25": 0.0,
            "27": 0.0,
            "28": 0.0
        },
        "27": {
            "0": 0.0,
            "1": 0.0,
            "2": 0.0,
            "3": 0.0,
            "4": 0.0,
            "5": 0.0,
            "6": 0.0,
            "7": 0.0,
            "8": 0.0,
            "9": 0.0,
            "10": 0.0,
            "11": 0.0,
            "12": 0.0,
            "13": 0.0,
            "14": 0.0,
            "15": 0.0,
            "16": 0.0,
            "17": 0.0,
            "18": 0.0,
            "19": 0.0,
            "20": 0.0,
            "21": 0.0,
            "22": 0.0,
            "23": 0.0,
            "24": 0.0,
            "25": 0.0,
            "26": 0.0,
            "28": 0.0
        },
        "28": {
            "0": 0.0,
            "1": 0.0,
            "2": 0.0,
            "3": 0.0,
            "4": 0.0,
            "5": 0.0,
            "6": 0.0,
            "7": 0.0,
            "8": 0.0,
            "9": 0.0,
            "10": 0.0,
            "11": 0.0,
            "12": 0.0,
            "13": 0.0,
            "14": 0.0,
            "15": 0.0,
            "16": 0.0,
            "17": 0.0,
            "18": 0.0,
            "19": 0.0,
            "20": 0.0,
            "21": 0.0,
            "22": 0.0,
            "23": 0.0,
            "24": 0.0,
            "25": 0.0,
            "26": 0.0,
            "27": 0.0
        }
    }
}