{
    "knapsack_size": 751,
    "Gamma": 34,
    "n_items": 35,
    "costs": {
        "0": {
            "u": 22,
            "a": 14,
            "l": 5
        },
        "1": {
            "u": 22,
            "a": 15,
            "l": 7
        },
        "2": {
            "u": 22,
            "a": 11,
            "l": 5
        },
        "3": {
            "u": 22,
            "a": 18,
            "l": 8
        },
        "4": {
            "u": 22,
            "a": 12,
            "l": 5
        },
        "5": {
            "u": 22,
            "a": 21,
            "l": 10
        },
        "6": {
            "u": 22,
            "a": 14,
            "l": 6
        },
        "7": {
            "u": 22,
            "a": 19,
            "l": 8
        },
        "8": {
            "u": 22,
            "a": 13,
            "l": 5
        },
        "9": {
            "u": 22,
            "a": 16,
            "l": 7
        },
        "10": {
            "u": 22,
            "a": 14,
            "l": 6
        },
        "11": {
            "u": 22,
            "a": 14,
            "l": 5
        },
        "12": {
            "u": 22,
            "a": 14,
            "l": 6
        },
        "13": {
            "u": 22,
            "a": 19,
            "l": 8
        },
        "14": {
            "u": 22,
            "a": 17,
            "l": 6
        },
        "15": {
            "u": 22,
            "a": 14,
            "l": 5
        },
        "16": {
            "u": 22,
            "a": 14,
            "l": 5
        },
        "17": {
            "u": 22,
            "a": 11,
            "l": 4
        },
        "18": {
            "u": 22,
            "a": 18,
            "l": 8
        },
        "19": {
            "u": 22,
            "a": 15,
            "l": 5
        },
        "20": {
            "u": 22,
            "a": 15,
            "l": 6
        },
        "21": {
            "u": 22,
            "a": 16,
            "l": 7
        },
        "22": {
            "u": 22,
            "a": 17,
            "l": 8
        },
        "23": {
            "u": 22,
            "a": 16,
            "l": 6
        },
        "24": {
            "u": 22,
            "a": 18,
            "l": 8
        },
        "25": {
            "u": 22,
            "a": 16,
            "l": 7
        },
        "26": {
            "u": 22,
            "a": 21,
            "l": 8
        },
        "27": {
            "u": 22,
            "a": 14,
            "l": 5
        },
        "28": {
            "u": 22,
            "a": 13,
            "l": 5
        },
        "29": {
            "u": 22,
            "a": 15,
            "l": 6
        },
        "30": {
            "u": 22,
            "a": 19,
            "l": 7
        },
        "31": {
            "u": 22,
            "a": 12,
            "l": 5
        },
        "32": {
            "u": 22,
            "a": 14,
            "l": 6
        },
        "33": {
            "u": 22,
            "a": 18,
            "l": 6
        },
        "34": {
            "u": 22,
            "a": 11,
            "l": 4
        }
    },
    "profits": {
        "0": 296,
        "1": 259,
        "2": 216,
        "3": 179,
        "4": 81,
        "5": 232,
        "6": 86,
        "7": 223,
        "8": 268,
        "9": 293,
        "10": 228,
        "11": 24,
        "12": 314,
        "13": 266,
        "14": 162,
        "15": 66,
        "16": 187,
        "17": 27,
        "18": 283,
        "19": 285,
        "20": 202,
        "21": 106,
        "22": 107,
        "23": 143,
        "24": 316,
        "25": 242,
        "26": 234,
        "27": 236,
        "28": 78,
        "29": 137,
        "30": 248,
        "31": 65,
        "32": 142,
        "33": 80,
        "34": 35
    },
    "synergies": {
        "0": {
            "1": 44,
            "2": 29,
            "3": -10,
            "4": -30,
            "5": 7,
            "6": -22,
            "7": 21,
            "8": -46,
            "9": -30,
            "10": 32,
            "11": 47,
            "12": -39,
            "13": -30,
            "14": 29,
            "15": -5,
            "16": -5,
            "17": -43,
            "18": -28,
            "19": 38,
            "20": -30,
            "21": -21,
            "22": 33,
            "23": 14,
            "24": -7,
            "25": 42,
            "26": 3,
            "27": 1,
            "28": 15,
            "29": -21,
            "30": -17,
            "31": 12,
            "32": 47,
            "33": 27,
            "34": 32
        },
        "1": {
            "0": 44,
            "2": -2,
            "3": -13,
            "4": 46,
            "5": -43,
            "6": -23,
            "7": 0,
            "8": 43,
            "9": -43,
            "10": 47,
            "11": 25,
            "12": -36,
            "13": -13,
            "14": -45,
            "15": -39,
            "16": 35,
            "17": -46,
            "18": 38,
            "19": 27,
            "20": 43,
            "21": -49,
            "22": -4,
            "23": 9,
            "24": 12,
            "25": 33,
            "26": -47,
            "27": 33,
            "28": 42,
            "29": -20,
            "30": 28,
            "31": 3,
            "32": 44,
            "33": -44,
            "34": -8
        },
        "2": {
            "0": 29,
            "1": -2,
            "3": 42,
            "4": 3,
            "5": -7,
            "6": -41,
            "7": 5,
            "8": -9,
            "9": 46,
            "10": 19,
            "11": 1,
            "12": -48,
            "13": 44,
            "14": 5,
            "15": -16,
            "16": -16,
            "17": -21,
            "18": 15,
            "19": -33,
            "20": 20,
            "21": -21,
            "22": 25,
            "23": -8,
            "24": 26,
            "25": -37,
            "26": 13,
            "27": -37,
            "28": 7,
            "29": -45,
            "30": 14,
            "31": -6,
            "32": 44,
            "33": -43,
            "34": -32
        },
        "3": {
            "0": -10,
            "1": -13,
            "2": 42,
            "4": 9,
            "5": -5,
            "6": 15,
            "7": 4,
            "8": -43,
            "9": -44,
            "10": -15,
            "11": 46,
            "12": 28,
            "13": -17,
            "14": 19,
            "15": -7,
            "16": 46,
            "17": 4,
            "18": 0,
            "19": 20,
            "20": -21,
            "21": 45,
            "22": -11,
            "23": -23,
            "24": 40,
            "25": -41,
            "26": -12,
            "27": 38,
            "28": -22,
            "29": 28,
            "30": 36,
            "31": 10,
            "32": -16,
            "33": -41,
            "34": 24
        },
        "4": {
            "0": -30,
            "1": 46,
            "2": 3,
            "3": 9,
            "5": -49,
            "6": 5,
            "7": 14,
            "8": 5,
            "9": -19,
            "10": 16,
            "11": 3,
            "12": 43,
            "13": -7,
            "14": 34,
            "15": 16,
            "16": -12,
            "17": 4,
            "18": 5,
            "19": 36,
            "20": 24,
            "21": 0,
            "22": 31,
            "23": -1,
            "24": 0,
            "25": 47,
            "26": -9,
            "27": 8,
            "28": -40,
            "29": 39,
            "30": 15,
            "31": 49,
            "32": 30,
            "33": -26,
            "34": -16
        },
        "5": {
            "0": 7,
            "1": -43,
            "2": -7,
            "3": -5,
            "4": -49,
            "6": 11,
            "7": 28,
            "8": -2,
            "9": -48,
            "10": -48,
            "11": -35,
            "12": -41,
            "13": -49,
            "14": -21,
            "15": 14,
            "16": 24,
            "17": 10,
            "18": -8,
            "19": 21,
            "20": 11,
            "21": 25,
            "22": 41,
            "23": -25,
            "24": 49,
            "25": -21,
            "26": -46,
            "27": -27,
            "28": 28,
            "29": 38,
            "30": 8,
            "31": 11,
            "32": 13,
            "33": 12,
            "34": 32
        },
        "6": {
            "0": -22,
            "1": -23,
            "2": -41,
            "3": 15,
            "4": 5,
            "5": 11,
            "7": -31,
            "8": 32,
            "9": -32,
            "10": -29,
            "11": -28,
            "12": 25,
            "13": -39,
            "14": -2,
            "15": 41,
            "16": -36,
            "17": -22,
            "18": 6,
            "19": 28,
            "20": -33,
            "21": 2,
            "22": 15,
            "23": 31,
            "24": 39,
            "25": 36,
            "26": 4,
            "27": 2,
            "28": 31,
            "29": -13,
            "30": 18,
            "31": -14,
            "32": 49,
            "33": 36,
            "34": -43
        },
        "7": {
            "0": 21,
            "1": 0,
            "2": 5,
            "3": 4,
            "4": 14,
            "5": 28,
            "6": -31,
            "8": 35,
            "9": -9,
            "10": -18,
            "11": -1,
            "12": 39,
            "13": 20,
            "14": -7,
            "15": 2,
            "16": -11,
            "17": 9,
            "18": -35,
            "19": 36,
            "20": 6,
            "21": 24,
            "22": 3,
            "23": 48,
            "24": 46,
            "25": -9,
            "26": 47,
            "27": 8,
            "28": -40,
            "29": 22,
            "30": 23,
            "31": -27,
            "32": -4,
            "33": -27,
            "34": 24
        },
        "8": {
            "0": -46,
            "1": 43,
            "2": -9,
            "3": -43,
            "4": 5,
            "5": -2,
            "6": 32,
            "7": 35,
            "9": -5,
            "10": 32,
            "11": -46,
            "12": -38,
            "13": 37,
            "14": -23,
            "15": 28,
            "16": -33,
            "17": -6,
            "18": -46,
            "19": -19,
            "20": 20,
            "21": 7,
            "22": 6,
            "23": -42,
            "24": 22,
            "25": -36,
            "26": 48,
            "27": -10,
            "28": 4,
            "29": -24,
            "30": -16,
            "31": 11,
            "32": -28,
            "33": -11,
            "34": -22
        },
        "9": {
            "0": -30,
            "1": -43,
            "2": 46,
            "3": -44,
            "4": -19,
            "5": -48,
            "6": -32,
            "7": -9,
            "8": -5,
            "10": 41,
            "11": -5,
            "12": 33,
            "13": -46,
            "14": 43,
            "15": 33,
            "16": -13,
            "17": 0,
            "18": 35,
            "19": -30,
            "20": -20,
            "21": -17,
            "22": 43,
            "23": 17,
            "24": -6,
            "25": -37,
            "26": 47,
            "27": -42,
            "28": 15,
            "29": -47,
            "30": 14,
            "31": 8,
            "32": 1,
            "33": 1,
            "34": 42
        },
        "10": {
            "0": 32,
            "1": 47,
            "2": 19,
            "3": -15,
            "4": 16,
            "5": -48,
            "6": -29,
            "7": -18,
            "8": 32,
            "9": 41,
            "11": 10,
            "12": -1,
            "13": 7,
            "14": -36,
            "15": 11,
            "16": -29,
            "17": 13,
            "18": -13,
            "19": 28,
            "20": -26,
            "21": -13,
            "22": -49,
            "23": 40,
            "24": -32,
            "25": -39,
            "26": 15,
            "27": -16,
            "28": 7,
            "29": -34,
            "30": -11,
            "31": 20,
            "32": -46,
            "33": 0,
            "34": 49
        },
        "11": {
            "0": 47,
            "1": 25,
            "2": 1,
            "3": 46,
            "4": 3,
            "5": -35,
            "6": -28,
            "7": -1,
            "8": -46,
            "9": -5,
            "10": 10,
            "12": -29,
            "13": -10,
            "14": -6,
            "15": -22,
            "16": 16,
            "17": -4,
            "18": -30,
            "19": -11,
            "20": -37,
            "21": -48,
            "22": 16,
            "23": -19,
            "24": 44,
            "25": -23,
            "26": -24,
            "27": -24,
            "28": 14,
            "29": 3,
            "30": 35,
            "31": 12,
            "32": 7,
            "33": 32,
            "34": 3
        },
        "12": {
            "0": -39,
            "1": -36,
            "2": -48,
            "3": 28,
            "4": 43,
            "5": -41,
            "6": 25,
            "7": 39,
            "8": -38,
            "9": 33,
            "10": -1,
            "11": -29,
            "13": -28,
            "14": -23,
            "15": -10,
            "16": 24,
            "17": -8,
            "18": -43,
            "19": 11,
            "20": 33,
            "21": 25,
            "22": -27,
            "23": -9,
            "24": 47,
            "25": 35,
            "26": -22,
            "27": 41,
            "28": 23,
            "29": 3,
            "30": 4,
            "31": 33,
            "32": 20,
            "33": 4,
            "34": -44
        },
        "13": {
            "0": -30,
            "1": -13,
            "2": 44,
            "3": -17,
            "4": -7,
            "5": -49,
            "6": -39,
            "7": 20,
            "8": 37,
            "9": -46,
            "10": 7,
            "11": -10,
            "12": -28,
            "14": 15,
            "15": -6,
            "16": -25,
            "17": 33,
            "18": 25,
            "19": -23,
            "20": -39,
            "21": -44,
            "22": 11,
            "23": 43,
            "24": -47,
            "25": 40,
            "26": -18,
            "27": -13,
            "28": 17,
            "29": -25,
            "30": -7,
            "31": -43,
            "32": 0,
            "33": 10,
            "34": 1
        },
        "14": {
            "0": 29,
            "1": -45,
            "2": 5,
            "3": 19,
            "4": 34,
            "5": -21,
            "6": -2,
            "7": -7,
            "8": -23,
            "9": 43,
            "10": -36,
            "11": -6,
            "12": -23,
            "13": 15,
            "15": -1,
            "16": 0,
            "17": 26,
            "18": 20,
            "19": 41,
            "20": 12,
            "21": -48,
            "22": 22,
            "23": 3,
            "24": -45,
            "25": -1,
            "26": 35,
            "27": 7,
            "28": -34,
            "29": -16,
            "30": -5,
            "31": -47,
            "32": 7,
            "33": 38,
            "34": -9
        },
        "15": {
            "0": -5,
            "1": -39,
            "2": -16,
            "3": -7,
            "4": 16,
            "5": 14,
            "6": 41,
            "7": 2,
            "8": 28,
            "9": 33,
            "10": 11,
            "11": -22,
            "12": -10,
            "13": -6,
            "14": -1,
            "16": 10,
            "17": -6,
            "18": 8,
            "19": 14,
            "20": 14,
            "21": 24,
            "22": -35,
            "23": 3,
            "24": 1,
            "25": 37,
            "26": -25,
            "27": -21,
            "28": 42,
            "29": 23,
            "30": -3,
            "31": -12,
            "32": -34,
            "33": -44,
            "34": 37
        },
        "16": {
            "0": -5,
            "1": 35,
            "2": -16,
            "3": 46,
            "4": -12,
            "5": 24,
            "6": -36,
            "7": -11,
            "8": -33,
            "9": -13,
            "10": -29,
            "11": 16,
            "12": 24,
            "13": -25,
            "14": 0,
            "15": 10,
            "17": -36,
            "18": 9,
            "19": -8,
            "20": 46,
            "21": -8,
            "22": 22,
            "23": 26,
            "24": 30,
            "25": -24,
            "26": 39,
            "27": -49,
            "28": 35,
            "29": 23,
            "30": 0,
            "31": 47,
            "32": 9,
            "33": -28,
            "34": -6
        },
        "17": {
            "0": -43,
            "1": -46,
            "2": -21,
            "3": 4,
            "4": 4,
            "5": 10,
            "6": -22,
            "7": 9,
            "8": -6,
            "9": 0,
            "10": 13,
            "11": -4,
            "12": -8,
            "13": 33,
            "14": 26,
            "15": -6,
            "16": -36,
            "18": -13,
            "19": 15,
            "20": -45,
            "21": 48,
            "22": 29,
            "23": -29,
            "24": 17,
            "25": -4,
            "26": -22,
            "27": 46,
            "28": 16,
            "29": -30,
            "30": -3,
            "31": -32,
            "32": -45,
            "33": -40,
            "34": 0
        },
        "18": {
            "0": -28,
            "1": 38,
            "2": 15,
            "3": 0,
            "4": 5,
            "5": -8,
            "6": 6,
            "7": -35,
            "8": -46,
            "9": 35,
            "10": -13,
            "11": -30,
            "12": -43,
            "13": 25,
            "14": 20,
            "15": 8,
            "16": 9,
            "17": -13,
            "19": 8,
            "20": 41,
            "21": 9,
            "22": -21,
            "23": -48,
            "24": -26,
            "25": -22,
            "26": -44,
            "27": 0,
            "28": 32,
            "29": 40,
            "30": 36,
            "31": 38,
            "32": 24,
            "33": -4,
            "34": 34
        },
        "19": {
            "0": 38,
            "1": 27,
            "2": -33,
            "3": 20,
            "4": 36,
            "5": 21,
            "6": 28,
            "7": 36,
            "8": -19,
            "9": -30,
            "10": 28,
            "11": -11,
            "12": 11,
            "13": -23,
            "14": 41,
            "15": 14,
            "16": -8,
            "17": 15,
            "18": 8,
            "20": -9,
            "21": -42,
            "22": -6,
            "23": -12,
            "24": -43,
            "25": -40,
            "26": 30,
            "27": 8,
            "28": -31,
            "29": -29,
            "30": -12,
            "31": 44,
            "32": 31,
            "33": 10,
            "34": -41
        },
        "20": {
            "0": -30,
            "1": 43,
            "2": 20,
            "3": -21,
            "4": 24,
            "5": 11,
            "6": -33,
            "7": 6,
            "8": 20,
            "9": -20,
            "10": -26,
            "11": -37,
            "12": 33,
            "13": -39,
            "14": 12,
            "15": 14,
            "16": 46,
            "17": -45,
            "18": 41,
            "19": -9,
            "21": -32,
            "22": 6,
            "23": -11,
            "24": -47,
            "25": -36,
            "26": -28,
            "27": -40,
            "28": -43,
            "29": 1,
            "30": 1,
            "31": -36,
            "32": 12,
            "33": 41,
            "34": 12
        },
        "21": {
            "0": -21,
            "1": -49,
            "2": -21,
            "3": 45,
            "4": 0,
            "5": 25,
            "6": 2,
            "7": 24,
            "8": 7,
            "9": -17,
            "10": -13,
            "11": -48,
            "12": 25,
            "13": -44,
            "14": -48,
            "15": 24,
            "16": -8,
            "17": 48,
            "18": 9,
            "19": -42,
            "20": -32,
            "22": 46,
            "23": -22,
            "24": -41,
            "25": -20,
            "26": -48,
            "27": 33,
            "28": 42,
            "29": -4,
            "30": 6,
            "31": -31,
            "32": -49,
            "33": 40,
            "34": -25
        },
        "22": {
            "0": 33,
            "1": -4,
            "2": 25,
            "3": -11,
            "4": 31,
            "5": 41,
            "6": 15,
            "7": 3,
            "8": 6,
            "9": 43,
            "10": -49,
            "11": 16,
            "12": -27,
            "13": 11,
            "14": 22,
            "15": -35,
            "16": 22,
            "17": 29,
            "18": -21,
            "19": -6,
            "20": 6,
            "21": 46,
            "23": 35,
            "24": 9,
            "25": 40,
            "26": 26,
            "27": 42,
            "28": -22,
            "29": 35,
            "30": -45,
            "31": 7,
            "32": -10,
            "33": 24,
            "34": -22
        },
        "23": {
            "0": 14,
            "1": 9,
            "2": -8,
            "3": -23,
            "4": -1,
            "5": -25,
            "6": 31,
            "7": 48,
            "8": -42,
            "9": 17,
            "10": 40,
            "11": -19,
            "12": -9,
            "13": 43,
            "14": 3,
            "15": 3,
            "16": 26,
            "17": -29,
            "18": -48,
            "19": -12,
            "20": -11,
            "21": -22,
            "22": 35,
            "24": -25,
            "25": -1,
            "26": 34,
            "27": 6,
            "28": 6,
            "29": -12,
            "30": 2,
            "31": 41,
            "32": -22,
            "33": -13,
            "34": 17
        },
        "24": {
            "0": -7,
            "1": 12,
            "2": 26,
            "3": 40,
            "4": 0,
            "5": 49,
            "6": 39,
            "7": 46,
            "8": 22,
            "9": -6,
            "10": -32,
            "11": 44,
            "12": 47,
            "13": -47,
            "14": -45,
            "15": 1,
            "16": 30,
            "17": 17,
            "18": -26,
            "19": -43,
            "20": -47,
            "21": -41,
            "22": 9,
            "23": -25,
            "25": -48,
            "26": -21,
            "27": -11,
            "28": -44,
            "29": -4,
            "30": -26,
            "31": 17,
            "32": 12,
            "33": -48,
            "34": 28
        },
        "25": {
            "0": 42,
            "1": 33,
            "2": -37,
            "3": -41,
            "4": 47,
            "5": -21,
            "6": 36,
            "7": -9,
            "8": -36,
            "9": -37,
            "10": -39,
            "11": -23,
            "12": 35,
            "13": 40,
            "14": -1,
            "15": 37,
            "16": -24,
            "17": -4,
            "18": -22,
            "19": -40,
            "20": -36,
            "21": -20,
            "22": 40,
            "23": -1,
            "24": -48,
            "26": -41,
            "27": 0,
            "28": -29,
            "29": -13,
            "30": 35,
            "31": 37,
            "32": -44,
            "33": 14,
            "34": 23
        },
        "26": {
            "0": 3,
            "1": -47,
            "2": 13,
            "3": -12,
            "4": -9,
            "5": -46,
            "6": 4,
            "7": 47,
            "8": 48,
            "9": 47,
            "10": 15,
            "11": -24,
            "12": -22,
            "13": -18,
            "14": 35,
            "15": -25,
            "16": 39,
            "17": -22,
            "18": -44,
            "19": 30,
            "20": -28,
            "21": -48,
            "22": 26,
            "23": 34,
            "24": -21,
            "25": -41,
            "27": 15,
            "28": -27,
            "29": 4,
            "30": -33,
            "31": 17,
            "32": -49,
            "33": -5,
            "34": -19
        },
        "27": {
            "0": 1,
            "1": 33,
            "2": -37,
            "3": 38,
            "4": 8,
            "5": -27,
            "6": 2,
            "7": 8,
            "8": -10,
            "9": -42,
            "10": -16,
            "11": -24,
            "12": 41,
            "13": -13,
            "14": 7,
            "15": -21,
            "16": -49,
            "17": 46,
            "18": 0,
            "19": 8,
            "20": -40,
            "21": 33,
            "22": 42,
            "23": 6,
            "24": -11,
            "25": 0,
            "26": 15,
            "28": -28,
            "29": 0,
            "30": 6,
            "31": -3,
            "32": 29,
            "33": -23,
            "34": -24
        },
        "28": {
            "0": 15,
            "1": 42,
            "2": 7,
            "3": -22,
            "4": -40,
            "5": 28,
            "6": 31,
            "7": -40,
            "8": 4,
            "9": 15,
            "10": 7,
            "11": 14,
            "12": 23,
            "13": 17,
            "14": -34,
            "15": 42,
            "16": 35,
            "17": 16,
            "18": 32,
            "19": -31,
            "20": -43,
            "21": 42,
            "22": -22,
            "23": 6,
            "24": -44,
            "25": -29,
            "26": -27,
            "27": -28,
            "29": -29,
            "30": 48,
            "31": -23,
            "32": 34,
            "33": -45,
            "34": -34
        },
        "29": {
            "0": -21,
            "1": -20,
            "2": -45,
            "3": 28,
            "4": 39,
            "5": 38,
            "6": -13,
            "7": 22,
            "8": -24,
            "9": -47,
            "10": -34,
            "11": 3,
            "12": 3,
            "13": -25,
            "14": -16,
            "15": 23,
            "16": 23,
            "17": -30,
            "18": 40,
            "19": -29,
            "20": 1,
            "21": -4,
            "22": 35,
            "23": -12,
            "24": -4,
            "25": -13,
            "26": 4,
            "27": 0,
            "28": -29,
            "30": -30,
            "31": -46,
            "32": 41,
            "33": 26,
            "34": 8
        },
        "30": {
            "0": -17,
            "1": 28,
            "2": 14,
            "3": 36,
            "4": 15,
            "5": 8,
            "6": 18,
            "7": 23,
            "8": -16,
            "9": 14,
            "10": -11,
            "11": 35,
            "12": 4,
            "13": -7,
            "14": -5,
            "15": -3,
            "16": 0,
            "17": -3,
            "18": 36,
            "19": -12,
            "20": 1,
            "21": 6,
            "22": -45,
            "23": 2,
            "24": -26,
            "25": 35,
            "26": -33,
            "27": 6,
            "28": 48,
            "29": -30,
            "31": 20,
            "32": -14,
            "33": 9,
            "34": 20
        },
        "31": {
            "0": 12,
            "1": 3,
            "2": -6,
            "3": 10,
            "4": 49,
            "5": 11,
            "6": -14,
            "7": -27,
            "8": 11,
            "9": 8,
            "10": 20,
            "11": 12,
            "12": 33,
            "13": -43,
            "14": -47,
            "15": -12,
            "16": 47,
            "17": -32,
            "18": 38,
            "19": 44,
            "20": -36,
            "21": -31,
            "22": 7,
            "23": 41,
            "24": 17,
            "25": 37,
            "26": 17,
            "27": -3,
            "28": -23,
            "29": -46,
            "30": 20,
            "32": -16,
            "33": -47,
            "34": -39
        },
        "32": {
            "0": 47,
            "1": 44,
            "2": 44,
            "3": -16,
            "4": 30,
            "5": 13,
            "6": 49,
            "7": -4,
            "8": -28,
            "9": 1,
            "10": -46,
            "11": 7,
            "12": 20,
            "13": 0,
            "14": 7,
            "15": -34,
            "16": 9,
            "17": -45,
            "18": 24,
            "19": 31,
            "20": 12,
            "21": -49,
            "22": -10,
            "23": -22,
            "24": 12,
            "25": -44,
            "26": -49,
            "27": 29,
            "28": 34,
            "29": 41,
            "30": -14,
            "31": -16,
            "33": 25,
            "34": 31
        },
        "33": {
            "0": 27,
            "1": -44,
            "2": -43,
            "3": -41,
            "4": -26,
            "5": 12,
            "6": 36,
            "7": -27,
            "8": -11,
            "9": 1,
            "10": 0,
            "11": 32,
            "12": 4,
            "13": 10,
            "14": 38,
            "15": -44,
            "16": -28,
            "17": -40,
            "18": -4,
            "19": 10,
            "20": 41,
            "21": 40,
            "22": 24,
            "23": -13,
            "24": -48,
            "25": 14,
            "26": -5,
            "27": -23,
            "28": -45,
            "29": 26,
            "30": 9,
            "31": -47,
            "32": 25,
            "34": -23
        },
        "34": {
            "0": 32,
            "1": -8,
            "2": -32,
            "3": 24,
            "4": -16,
            "5": 32,
            "6": -43,
            "7": 24,
            "8": -22,
            "9": 42,
            "10": 49,
            "11": 3,
            "12": -44,
            "13": 1,
            "14": -9,
            "15": 37,
            "16": -6,
            "17": 0,
            "18": 34,
            "19": -41,
            "20": 12,
            "21": -25,
            "22": -22,
            "23": 17,
            "24": 28,
            "25": 23,
            "26": -19,
            "27": -24,
            "28": -34,
            "29": 8,
            "30": 20,
            "31": -39,
            "32": 31,
            "33": -23
        }
    }
}