{
    "knapsack_size": 2500,
    "Gamma": 19,
    "n_items": 24,
    "costs": {
        "0": {
            "l": 87.56,
            "a": 126.43,
            "u": 159.56
        },
        "1": {
            "l": 88.02,
            "a": 136.83,
            "u": 159.47
        },
        "2": {
            "l": 74.13,
            "a": 119.95,
            "u": 157.19
        },
        "3": {
            "l": 69.39,
            "a": 142.52,
            "u": 155.33
        },
        "4": {
            "l": 93.6,
            "a": 134.47,
            "u": 146.18
        },
        "5": {
            "l": 64.66,
            "a": 110.67,
            "u": 151.96
        },
        "6": {
            "l": 67.07,
            "a": 120.01,
            "u": 146.35
        },
        "7": {
            "l": 85.17,
            "a": 117.87,
            "u": 136.64
        },
        "8": {
            "l": 66.08,
            "a": 134.67,
            "u": 135.6
        },
        "9": {
            "l": 83.12,
            "a": 130.97,
            "u": 155.61
        },
        "10": {
            "l": 74.68,
            "a": 117.91,
            "u": 142.22
        },
        "11": {
            "l": 73.2,
            "a": 127.63,
            "u": 130.57
        },
        "12": {
            "l": 69.98,
            "a": 112.07,
            "u": 157.43
        },
        "13": {
            "l": 61.47,
            "a": 132.1,
            "u": 136.79
        },
        "14": {
            "l": 69.99,
            "a": 108.5,
            "u": 142.72
        },
        "15": {
            "l": 67.93,
            "a": 125.07,
            "u": 168.83
        },
        "16": {
            "l": 77.73,
            "a": 125.54,
            "u": 155.41
        },
        "17": {
            "l": 74.59,
            "a": 122.59,
            "u": 157.86
        },
        "18": {
            "l": 72.08,
            "a": 114.65,
            "u": 157.6
        },
        "19": {
            "l": 68.67,
            "a": 112.69,
            "u": 140.35
        },
        "20": {
            "l": 85.75,
            "a": 115.54,
            "u": 149.84
        },
        "21": {
            "l": 71.37,
            "a": 124.92,
            "u": 162.74
        },
        "22": {
            "l": 58.52,
            "a": 106.78,
            "u": 145.94
        },
        "23": {
            "l": 88.61,
            "a": 117.65,
            "u": 174.09
        }
    },
    "profits": {
        "0": 186.63,
        "1": 195.88,
        "2": 170.87,
        "3": 183.33,
        "4": 172.11,
        "5": 183.84,
        "6": 189.6,
        "7": 176.26,
        "8": 179.77,
        "9": 185.65,
        "10": 190.43,
        "11": 180.47,
        "12": 193.89,
        "13": 204.3,
        "14": 182.76,
        "15": 212.24,
        "16": 180.67,
        "17": 198.62,
        "18": 176.83,
        "19": 172.58,
        "20": 176.81,
        "21": 200.44,
        "22": 170.06,
        "23": 194.48
    },
    "synergies": {
        "0": {
            "1": 45.22,
            "2": 29.07,
            "3": 54.15,
            "4": 71.86,
            "5": 24.05,
            "6": 53.37,
            "7": 32.27,
            "8": 36.73,
            "9": 38.43,
            "10": 51.87,
            "11": 47.95,
            "12": 35.26,
            "13": 33.52,
            "14": 55.71,
            "15": 33.93,
            "16": 43.48,
            "17": 39.46,
            "18": 7.47,
            "19": 40.93,
            "20": 40.84,
            "21": 32.05,
            "22": 41.3,
            "23": 64.27
        },
        "1": {
            "0": 45.22,
            "2": 25.72,
            "3": 46.64,
            "4": 10.4,
            "5": 49.98,
            "6": 38.32,
            "7": 48.7,
            "8": 39.19,
            "9": 29.17,
            "10": 39.75,
            "11": 25.32,
            "12": 44.87,
            "13": 48.58,
            "14": 31.81,
            "15": 57.4,
            "16": 55.32,
            "17": 18.59,
            "18": 54.37,
            "19": 54.07,
            "20": 44.44,
            "21": 32.48,
            "22": 19.19,
            "23": 35.11
        },
        "2": {
            "0": 29.07,
            "1": 25.72,
            "3": 2.66,
            "4": 17.83,
            "5": 28.65,
            "6": 38.79,
            "7": 59.5,
            "8": 35.54,
            "9": 51.47,
            "10": 27.98,
            "11": 60.66,
            "12": 27.3,
            "13": 47.59,
            "14": 28.78,
            "15": 43.75,
            "16": 37.19,
            "17": 30.4,
            "18": 10.07,
            "19": 30.27,
            "20": 49.06,
            "21": 42.0,
            "22": 57.68,
            "23": 27.15
        },
        "3": {
            "0": 54.15,
            "1": 46.64,
            "2": 2.66,
            "4": 33.6,
            "5": 48.27,
            "6": 28.27,
            "7": 40.38,
            "8": 32.77,
            "9": 3.94,
            "10": 47.66,
            "11": 32.07,
            "12": 41.3,
            "13": 41.19,
            "14": 6.96,
            "15": 18.22,
            "16": 48.73,
            "17": 45.69,
            "18": 38.05,
            "19": 22.66,
            "20": 25.08,
            "21": 25.71,
            "22": 31.01,
            "23": 48.0
        },
        "4": {
            "0": 71.86,
            "1": 10.4,
            "2": 17.83,
            "3": 33.6,
            "5": -0.16,
            "6": 25.11,
            "7": 15.04,
            "8": 43.65,
            "9": -5.04,
            "10": 42.03,
            "11": 26.69,
            "12": 40.89,
            "13": 44.63,
            "14": 4.85,
            "15": 50.54,
            "16": 53.61,
            "17": 15.42,
            "18": 15.75,
            "19": 33.11,
            "20": 31.42,
            "21": 28.88,
            "22": 21.59,
            "23": 68.74
        },
        "5": {
            "0": 24.05,
            "1": 49.98,
            "2": 28.65,
            "3": 48.27,
            "4": -0.16,
            "6": 37.75,
            "7": 36.25,
            "8": 20.61,
            "9": 35.53,
            "10": 30.16,
            "11": 37.63,
            "12": 24.45,
            "13": 46.54,
            "14": 26.05,
            "15": 40.19,
            "16": 18.58,
            "17": 47.88,
            "18": 29.25,
            "19": 41.21,
            "20": 38.76,
            "21": 27.23,
            "22": 40.57,
            "23": 18.32
        },
        "6": {
            "0": 53.37,
            "1": 38.32,
            "2": 38.79,
            "3": 28.27,
            "4": 25.11,
            "5": 37.75,
            "7": 35.32,
            "8": 39.0,
            "9": 32.29,
            "10": 19.53,
            "11": 57.73,
            "12": 35.9,
            "13": 62.06,
            "14": 46.87,
            "15": 23.25,
            "16": 0.38,
            "17": 36.16,
            "18": 41.55,
            "19": 49.37,
            "20": 22.6,
            "21": 30.15,
            "22": 38.33,
            "23": 16.21
        },
        "7": {
            "0": 32.27,
            "1": 48.7,
            "2": 59.5,
            "3": 40.38,
            "4": 15.04,
            "5": 36.25,
            "6": 35.32,
            "8": 24.71,
            "9": 28.85,
            "10": 9.43,
            "11": 8.77,
            "12": 13.08,
            "13": 15.51,
            "14": 18.75,
            "15": 48.55,
            "16": 13.07,
            "17": 6.97,
            "18": 42.63,
            "19": 15.29,
            "20": 12.67,
            "21": 12.95,
            "22": 29.35,
            "23": 17.0
        },
        "8": {
            "0": 36.73,
            "1": 39.19,
            "2": 35.54,
            "3": 32.77,
            "4": 43.65,
            "5": 20.61,
            "6": 39.0,
            "7": 24.71,
            "9": 22.9,
            "10": 47.96,
            "11": 11.79,
            "12": 35.33,
            "13": 53.98,
            "14": 68.27,
            "15": 37.86,
            "16": 32.56,
            "17": 26.41,
            "18": 21.6,
            "19": 10.06,
            "20": 27.08,
            "21": 67.62,
            "22": 32.05,
            "23": 36.94
        },
        "9": {
            "0": 38.43,
            "1": 29.17,
            "2": 51.47,
            "3": 3.94,
            "4": -5.04,
            "5": 35.53,
            "6": 32.29,
            "7": 28.85,
            "8": 22.9,
            "10": 14.15,
            "11": 14.38,
            "12": 44.67,
            "13": 30.9,
            "14": 38.79,
            "15": 24.94,
            "16": 31.26,
            "17": 32.7,
            "18": 47.23,
            "19": 54.84,
            "20": 37.88,
            "21": 11.42,
            "22": 46.33,
            "23": 36.83
        },
        "10": {
            "0": 51.87,
            "1": 39.75,
            "2": 27.98,
            "3": 47.66,
            "4": 42.03,
            "5": 30.16,
            "6": 19.53,
            "7": 9.43,
            "8": 47.96,
            "9": 14.15,
            "11": 24.05,
            "12": 17.98,
            "13": 27.58,
            "14": 27.17,
            "15": 64.9,
            "16": 29.29,
            "17": 21.92,
            "18": 23.62,
            "19": 58.76,
            "20": 24.84,
            "21": 29.43,
            "22": 25.34,
            "23": 14.22
        },
        "11": {
            "0": 47.95,
            "1": 25.32,
            "2": 60.66,
            "3": 32.07,
            "4": 26.69,
            "5": 37.63,
            "6": 57.73,
            "7": 8.77,
            "8": 11.79,
            "9": 14.38,
            "10": 24.05,
            "12": 39.65,
            "13": 24.98,
            "14": 34.43,
            "15": 25.79,
            "16": 41.48,
            "17": 41.81,
            "18": 8.75,
            "19": 35.14,
            "20": 46.93,
            "21": 28.12,
            "22": 43.84,
            "23": 22.84
        },
        "12": {
            "0": 35.26,
            "1": 44.87,
            "2": 27.3,
            "3": 41.3,
            "4": 40.89,
            "5": 24.45,
            "6": 35.9,
            "7": 13.08,
            "8": 35.33,
            "9": 44.67,
            "10": 17.98,
            "11": 39.65,
            "13": 44.2,
            "14": 49.36,
            "15": 61.52,
            "16": 49.53,
            "17": 34.22,
            "18": 14.84,
            "19": 41.44,
            "20": 6.64,
            "21": 27.46,
            "22": 35.26,
            "23": 30.84
        },
        "13": {
            "0": 33.52,
            "1": 48.58,
            "2": 47.59,
            "3": 41.19,
            "4": 44.63,
            "5": 46.54,
            "6": 62.06,
            "7": 15.51,
            "8": 53.98,
            "9": 30.9,
            "10": 27.58,
            "11": 24.98,
            "12": 44.2,
            "14": 14.24,
            "15": 48.23,
            "16": 45.29,
            "17": 44.02,
            "18": 65.81,
            "19": 14.86,
            "20": 49.49,
            "21": 5.97,
            "22": 8.75,
            "23": 53.72
        },
        "14": {
            "0": 55.71,
            "1": 31.81,
            "2": 28.78,
            "3": 6.96,
            "4": 4.85,
            "5": 26.05,
            "6": 46.87,
            "7": 18.75,
            "8": 68.27,
            "9": 38.79,
            "10": 27.17,
            "11": 34.43,
            "12": 49.36,
            "13": 14.24,
            "15": 37.76,
            "16": 41.98,
            "17": 40.41,
            "18": 21.34,
            "19": 27.06,
            "20": 34.62,
            "21": 50.21,
            "22": 19.6,
            "23": 25.83
        },
        "15": {
            "0": 33.93,
            "1": 57.4,
            "2": 43.75,
            "3": 18.22,
            "4": 50.54,
            "5": 40.19,
            "6": 23.25,
            "7": 48.55,
            "8": 37.86,
            "9": 24.94,
            "10": 64.9,
            "11": 25.79,
            "12": 61.52,
            "13": 48.23,
            "14": 37.76,
            "16": 23.18,
            "17": 28.61,
            "18": 40.3,
            "19": 25.29,
            "20": 22.55,
            "21": 70.54,
            "22": 42.87,
            "23": 31.33
        },
        "16": {
            "0": 43.48,
            "1": 55.32,
            "2": 37.19,
            "3": 48.73,
            "4": 53.61,
            "5": 18.58,
            "6": 0.38,
            "7": 13.07,
            "8": 32.56,
            "9": 31.26,
            "10": 29.29,
            "11": 41.48,
            "12": 49.53,
            "13": 45.29,
            "14": 41.98,
            "15": 23.18,
            "17": 46.43,
            "18": 45.97,
            "19": 15.39,
            "20": -3.43,
            "21": 41.87,
            "22": 50.66,
            "23": 35.47
        },
        "17": {
            "0": 39.46,
            "1": 18.59,
            "2": 30.4,
            "3": 45.69,
            "4": 15.42,
            "5": 47.88,
            "6": 36.16,
            "7": 6.97,
            "8": 26.41,
            "9": 32.7,
            "10": 21.92,
            "11": 41.81,
            "12": 34.22,
            "13": 44.02,
            "14": 40.41,
            "15": 28.61,
            "16": 46.43,
            "18": 14.23,
            "19": 3.09,
            "20": 35.36,
            "21": 39.31,
            "22": 39.48,
            "23": 49.09
        },
        "18": {
            "0": 7.47,
            "1": 54.37,
            "2": 10.07,
            "3": 38.05,
            "4": 15.75,
            "5": 29.25,
            "6": 41.55,
            "7": 42.63,
            "8": 21.6,
            "9": 47.23,
            "10": 23.62,
            "11": 8.75,
            "12": 14.84,
            "13": 65.81,
            "14": 21.34,
            "15": 40.3,
            "16": 45.97,
            "17": 14.23,
            "19": 38.18,
            "20": 35.73,
            "21": 25.5,
            "22": 24.43,
            "23": 27.66
        },
        "19": {
            "0": 40.93,
            "1": 54.07,
            "2": 30.27,
            "3": 22.66,
            "4": 33.11,
            "5": 41.21,
            "6": 49.37,
            "7": 15.29,
            "8": 10.06,
            "9": 54.84,
            "10": 58.76,
            "11": 35.14,
            "12": 41.44,
            "13": 14.86,
            "14": 27.06,
            "15": 25.29,
            "16": 15.39,
            "17": 3.09,
            "18": 38.18,
            "20": 31.53,
            "21": 64.66,
            "22": 55.57,
            "23": 43.18
        },
        "20": {
            "0": 40.84,
            "1": 44.44,
            "2": 49.06,
            "3": 25.08,
            "4": 31.42,
            "5": 38.76,
            "6": 22.6,
            "7": 12.67,
            "8": 27.08,
            "9": 37.88,
            "10": 24.84,
            "11": 46.93,
            "12": 6.64,
            "13": 49.49,
            "14": 34.62,
            "15": 22.55,
            "16": -3.43,
            "17": 35.36,
            "18": 35.73,
            "19": 31.53,
            "21": 57.51,
            "22": 32.01,
            "23": 5.05
        },
        "21": {
            "0": 32.05,
            "1": 32.48,
            "2": 42.0,
            "3": 25.71,
            "4": 28.88,
            "5": 27.23,
            "6": 30.15,
            "7": 12.95,
            "8": 67.62,
            "9": 11.42,
            "10": 29.43,
            "11": 28.12,
            "12": 27.46,
            "13": 5.97,
            "14": 50.21,
            "15": 70.54,
            "16": 41.87,
            "17": 39.31,
            "18": 25.5,
            "19": 64.66,
            "20": 57.51,
            "22": 11.5,
            "23": 70.55
        },
        "22": {
            "0": 41.3,
            "1": 19.19,
            "2": 57.68,
            "3": 31.01,
            "4": 21.59,
            "5": 40.57,
            "6": 38.33,
            "7": 29.35,
            "8": 32.05,
            "9": 46.33,
            "10": 25.34,
            "11": 43.84,
            "12": 35.26,
            "13": 8.75,
            "14": 19.6,
            "15": 42.87,
            "16": 50.66,
            "17": 39.48,
            "18": 24.43,
            "19": 55.57,
            "20": 32.01,
            "21": 11.5,
            "23": 39.01
        },
        "23": {
            "0": 64.27,
            "1": 35.11,
            "2": 27.15,
            "3": 48.0,
            "4": 68.74,
            "5": 18.32,
            "6": 16.21,
            "7": 17.0,
            "8": 36.94,
            "9": 36.83,
            "10": 14.22,
            "11": 22.84,
            "12": 30.84,
            "13": 53.72,
            "14": 25.83,
            "15": 31.33,
            "16": 35.47,
            "17": 49.09,
            "18": 27.66,
            "19": 43.18,
            "20": 5.05,
            "21": 70.55,
            "22": 39.01
        }
    }
}