{
    "knapsack_size": 6542,
    "Gamma": 25,
    "n_items": 30,
    "costs": {
        "0": {
            "u": 261,
            "a": 248,
            "l": 84
        },
        "1": {
            "u": 261,
            "a": 198,
            "l": 66
        },
        "2": {
            "u": 261,
            "a": 182,
            "l": 84
        },
        "3": {
            "u": 261,
            "a": 236,
            "l": 116
        },
        "4": {
            "u": 261,
            "a": 258,
            "l": 98
        },
        "5": {
            "u": 261,
            "a": 135,
            "l": 52
        },
        "6": {
            "u": 261,
            "a": 170,
            "l": 64
        },
        "7": {
            "u": 261,
            "a": 208,
            "l": 93
        },
        "8": {
            "u": 261,
            "a": 247,
            "l": 95
        },
        "9": {
            "u": 261,
            "a": 240,
            "l": 82
        },
        "10": {
            "u": 261,
            "a": 149,
            "l": 56
        },
        "11": {
            "u": 261,
            "a": 229,
            "l": 105
        },
        "12": {
            "u": 261,
            "a": 162,
            "l": 65
        },
        "13": {
            "u": 261,
            "a": 253,
            "l": 95
        },
        "14": {
            "u": 261,
            "a": 148,
            "l": 66
        },
        "15": {
            "u": 261,
            "a": 217,
            "l": 81
        },
        "16": {
            "u": 261,
            "a": 234,
            "l": 114
        },
        "17": {
            "u": 261,
            "a": 222,
            "l": 80
        },
        "18": {
            "u": 261,
            "a": 211,
            "l": 87
        },
        "19": {
            "u": 261,
            "a": 234,
            "l": 103
        },
        "20": {
            "u": 261,
            "a": 211,
            "l": 97
        },
        "21": {
            "u": 261,
            "a": 223,
            "l": 99
        },
        "22": {
            "u": 261,
            "a": 200,
            "l": 89
        },
        "23": {
            "u": 261,
            "a": 253,
            "l": 86
        },
        "24": {
            "u": 261,
            "a": 151,
            "l": 56
        },
        "25": {
            "u": 261,
            "a": 222,
            "l": 84
        },
        "26": {
            "u": 261,
            "a": 241,
            "l": 117
        },
        "27": {
            "u": 261,
            "a": 143,
            "l": 57
        },
        "28": {
            "u": 261,
            "a": 174,
            "l": 77
        },
        "29": {
            "u": 261,
            "a": 168,
            "l": 77
        }
    },
    "profits": {
        "0": 518,
        "1": 504,
        "2": 386,
        "3": 300,
        "4": 447,
        "5": 435,
        "6": 545,
        "7": 476,
        "8": 365,
        "9": 335,
        "10": 453,
        "11": 459,
        "12": 454,
        "13": 518,
        "14": 450,
        "15": 545,
        "16": 549,
        "17": 494,
        "18": 442,
        "19": 495,
        "20": 287,
        "21": 344,
        "22": 279,
        "23": 289,
        "24": 353,
        "25": 374,
        "26": 377,
        "27": 272,
        "28": 372,
        "29": 525
    },
    "synergies": {
        "0": {
            "1": 45,
            "2": 42,
            "3": 23,
            "4": -11,
            "5": -5,
            "6": -10,
            "7": -1,
            "8": 28,
            "9": -44,
            "10": 28,
            "11": 34,
            "12": -17,
            "13": -24,
            "14": -13,
            "15": 11,
            "16": -30,
            "17": 37,
            "18": -40,
            "19": 19,
            "20": 4,
            "21": -33,
            "22": -41,
            "23": 9,
            "24": -33,
            "25": 2,
            "26": 28,
            "27": -8,
            "28": -46,
            "29": -18
        },
        "1": {
            "0": 45,
            "2": 22,
            "3": -44,
            "4": -32,
            "5": -11,
            "6": 26,
            "7": 14,
            "8": -4,
            "9": 45,
            "10": 14,
            "11": -6,
            "12": 36,
            "13": 41,
            "14": -2,
            "15": 0,
            "16": 6,
            "17": -18,
            "18": 37,
            "19": -25,
            "20": 0,
            "21": -14,
            "22": 12,
            "23": -27,
            "24": 41,
            "25": -30,
            "26": -15,
            "27": 13,
            "28": 19,
            "29": 49
        },
        "2": {
            "0": 42,
            "1": 22,
            "3": -49,
            "4": 2,
            "5": 42,
            "6": 13,
            "7": 28,
            "8": -10,
            "9": 42,
            "10": -11,
            "11": -5,
            "12": -24,
            "13": 48,
            "14": -39,
            "15": -27,
            "16": -1,
            "17": 28,
            "18": 25,
            "19": -8,
            "20": 19,
            "21": 46,
            "22": -23,
            "23": -16,
            "24": 31,
            "25": 40,
            "26": 36,
            "27": -12,
            "28": -44,
            "29": 43
        },
        "3": {
            "0": 23,
            "1": -44,
            "2": -49,
            "4": -13,
            "5": -29,
            "6": -23,
            "7": -13,
            "8": -42,
            "9": -34,
            "10": 14,
            "11": -10,
            "12": 45,
            "13": 31,
            "14": -8,
            "15": 16,
            "16": -5,
            "17": -3,
            "18": -39,
            "19": -11,
            "20": 40,
            "21": 48,
            "22": 29,
            "23": 29,
            "24": 26,
            "25": 1,
            "26": -34,
            "27": -43,
            "28": 44,
            "29": 4
        },
        "4": {
            "0": -11,
            "1": -32,
            "2": 2,
            "3": -13,
            "5": 46,
            "6": -38,
            "7": 49,
            "8": 34,
            "9": -12,
            "10": -14,
            "11": -19,
            "12": 1,
            "13": 31,
            "14": -33,
            "15": 30,
            "16": -16,
            "17": -24,
            "18": 5,
            "19": 26,
            "20": 35,
            "21": 41,
            "22": 6,
            "23": 42,
            "24": 47,
            "25": 11,
            "26": -4,
            "27": 7,
            "28": 47,
            "29": 31
        },
        "5": {
            "0": -5,
            "1": -11,
            "2": 42,
            "3": -29,
            "4": 46,
            "6": -28,
            "7": -3,
            "8": 6,
            "9": 7,
            "10": -8,
            "11": -22,
            "12": 32,
            "13": 37,
            "14": 37,
            "15": 27,
            "16": -19,
            "17": 21,
            "18": 47,
            "19": 30,
            "20": -27,
            "21": 41,
            "22": 21,
            "23": 21,
            "24": 3,
            "25": 21,
            "26": 0,
            "27": 18,
            "28": 5,
            "29": 7
        },
        "6": {
            "0": -10,
            "1": 26,
            "2": 13,
            "3": -23,
            "4": -38,
            "5": -28,
            "7": -15,
            "8": -36,
            "9": 31,
            "10": -11,
            "11": 1,
            "12": 49,
            "13": 8,
            "14": -46,
            "15": 33,
            "16": -22,
            "17": 44,
            "18": -39,
            "19": 10,
            "20": -14,
            "21": -34,
            "22": 24,
            "23": -36,
            "24": -47,
            "25": -47,
            "26": -14,
            "27": 40,
            "28": -38,
            "29": 30
        },
        "7": {
            "0": -1,
            "1": 14,
            "2": 28,
            "3": -13,
            "4": 49,
            "5": -3,
            "6": -15,
            "8": 19,
            "9": -36,
            "10": -11,
            "11": 38,
            "12": 5,
            "13": -46,
            "14": -21,
            "15": -20,
            "16": 6,
            "17": 42,
            "18": -17,
            "19": -6,
            "20": -31,
            "21": -48,
            "22": -34,
            "23": -40,
            "24": -18,
            "25": 9,
            "26": -8,
            "27": 47,
            "28": 17,
            "29": 15
        },
        "8": {
            "0": 28,
            "1": -4,
            "2": -10,
            "3": -42,
            "4": 34,
            "5": 6,
            "6": -36,
            "7": 19,
            "9": 43,
            "10": -9,
            "11": 43,
            "12": -24,
            "13": 24,
            "14": 1,
            "15": -46,
            "16": -44,
            "17": 17,
            "18": -4,
            "19": -35,
            "20": 18,
            "21": -46,
            "22": 25,
            "23": -14,
            "24": 1,
            "25": -26,
            "26": 32,
            "27": 46,
            "28": 49,
            "29": -2
        },
        "9": {
            "0": -44,
            "1": 45,
            "2": 42,
            "3": -34,
            "4": -12,
            "5": 7,
            "6": 31,
            "7": -36,
            "8": 43,
            "10": -3,
            "11": 45,
            "12": 19,
            "13": 5,
            "14": -30,
            "15": -29,
            "16": 18,
            "17": 35,
            "18": -10,
            "19": -43,
            "20": -7,
            "21": -3,
            "22": 30,
            "23": -44,
            "24": 10,
            "25": -29,
            "26": 15,
            "27": 28,
            "28": 38,
            "29": 41
        },
        "10": {
            "0": 28,
            "1": 14,
            "2": -11,
            "3": 14,
            "4": -14,
            "5": -8,
            "6": -11,
            "7": -11,
            "8": -9,
            "9": -3,
            "11": -19,
            "12": 4,
            "13": 40,
            "14": -48,
            "15": 29,
            "16": 26,
            "17": 26,
            "18": -23,
            "19": -3,
            "20": 30,
            "21": 15,
            "22": -32,
            "23": 15,
            "24": 33,
            "25": -48,
            "26": 45,
            "27": -45,
            "28": 2,
            "29": -19
        },
        "11": {
            "0": 34,
            "1": -6,
            "2": -5,
            "3": -10,
            "4": -19,
            "5": -22,
            "6": 1,
            "7": 38,
            "8": 43,
            "9": 45,
            "10": -19,
            "12": 11,
            "13": 3,
            "14": 16,
            "15": -3,
            "16": -12,
            "17": 2,
            "18": -35,
            "19": -44,
            "20": -13,
            "21": -30,
            "22": -23,
            "23": -6,
            "24": 9,
            "25": 24,
            "26": 17,
            "27": 25,
            "28": 35,
            "29": 8
        },
        "12": {
            "0": -17,
            "1": 36,
            "2": -24,
            "3": 45,
            "4": 1,
            "5": 32,
            "6": 49,
            "7": 5,
            "8": -24,
            "9": 19,
            "10": 4,
            "11": 11,
            "13": 19,
            "14": 48,
            "15": 30,
            "16": -47,
            "17": -41,
            "18": -18,
            "19": 25,
            "20": 26,
            "21": -33,
            "22": 17,
            "23": 46,
            "24": 21,
            "25": 23,
            "26": 27,
            "27": -32,
            "28": -44,
            "29": 26
        },
        "13": {
            "0": -24,
            "1": 41,
            "2": 48,
            "3": 31,
            "4": 31,
            "5": 37,
            "6": 8,
            "7": -46,
            "8": 24,
            "9": 5,
            "10": 40,
            "11": 3,
            "12": 19,
            "14": 32,
            "15": -18,
            "16": -16,
            "17": 3,
            "18": 22,
            "19": 41,
            "20": -4,
            "21": -42,
            "22": 34,
            "23": -7,
            "24": -25,
            "25": 29,
            "26": 10,
            "27": -30,
            "28": -23,
            "29": 39
        },
        "14": {
            "0": -13,
            "1": -2,
            "2": -39,
            "3": -8,
            "4": -33,
            "5": 37,
            "6": -46,
            "7": -21,
            "8": 1,
            "9": -30,
            "10": -48,
            "11": 16,
            "12": 48,
            "13": 32,
            "15": 11,
            "16": -12,
            "17": -35,
            "18": 8,
            "19": 29,
            "20": -46,
            "21": -20,
            "22": 6,
            "23": -38,
            "24": -31,
            "25": 28,
            "26": -6,
            "27": -4,
            "28": 2,
            "29": -21
        },
        "15": {
            "0": 11,
            "1": 0,
            "2": -27,
            "3": 16,
            "4": 30,
            "5": 27,
            "6": 33,
            "7": -20,
            "8": -46,
            "9": -29,
            "10": 29,
            "11": -3,
            "12": 30,
            "13": -18,
            "14": 11,
            "16": 25,
            "17": -41,
            "18": 8,
            "19": 24,
            "20": 40,
            "21": 7,
            "22": 22,
            "23": 1,
            "24": -9,
            "25": 15,
            "26": 5,
            "27": 16,
            "28": 19,
            "29": -28
        },
        "16": {
            "0": -30,
            "1": 6,
            "2": -1,
            "3": -5,
            "4": -16,
            "5": -19,
            "6": -22,
            "7": 6,
            "8": -44,
            "9": 18,
            "10": 26,
            "11": -12,
            "12": -47,
            "13": -16,
            "14": -12,
            "15": 25,
            "17": 20,
            "18": -25,
            "19": 18,
            "20": 14,
            "21": -45,
            "22": -5,
            "23": -8,
            "24": 19,
            "25": 36,
            "26": -26,
            "27": -36,
            "28": 36,
            "29": 10
        },
        "17": {
            "0": 37,
            "1": -18,
            "2": 28,
            "3": -3,
            "4": -24,
            "5": 21,
            "6": 44,
            "7": 42,
            "8": 17,
            "9": 35,
            "10": 26,
            "11": 2,
            "12": -41,
            "13": 3,
            "14": -35,
            "15": -41,
            "16": 20,
            "18": -19,
            "19": -35,
            "20": 33,
            "21": -28,
            "22": 40,
            "23": -12,
            "24": -39,
            "25": 30,
            "26": 16,
            "27": -40,
            "28": -43,
            "29": 39
        },
        "18": {
            "0": -40,
            "1": 37,
            "2": 25,
            "3": -39,
            "4": 5,
            "5": 47,
            "6": -39,
            "7": -17,
            "8": -4,
            "9": -10,
            "10": -23,
            "11": -35,
            "12": -18,
            "13": 22,
            "14": 8,
            "15": 8,
            "16": -25,
            "17": -19,
            "19": -35,
            "20": -12,
            "21": -28,
            "22": -42,
            "23": 30,
            "24": -3,
            "25": 43,
            "26": 41,
            "27": -43,
            "28": 24,
            "29": 44
        },
        "19": {
            "0": 19,
            "1": -25,
            "2": -8,
            "3": -11,
            "4": 26,
            "5": 30,
            "6": 10,
            "7": -6,
            "8": -35,
            "9": -43,
            "10": -3,
            "11": -44,
            "12": 25,
            "13": 41,
            "14": 29,
            "15": 24,
            "16": 18,
            "17": -35,
            "18": -35,
            "20": -46,
            "21": -32,
            "22": -11,
            "23": 4,
            "24": -34,
            "25": 31,
            "26": -36,
            "27": -18,
            "28": 19,
            "29": 34
        },
        "20": {
            "0": 4,
            "1": 0,
            "2": 19,
            "3": 40,
            "4": 35,
            "5": -27,
            "6": -14,
            "7": -31,
            "8": 18,
            "9": -7,
            "10": 30,
            "11": -13,
            "12": 26,
            "13": -4,
            "14": -46,
            "15": 40,
            "16": 14,
            "17": 33,
            "18": -12,
            "19": -46,
            "21": -20,
            "22": 45,
            "23": 38,
            "24": 15,
            "25": -29,
            "26": -21,
            "27": 27,
            "28": 41,
            "29": -1
        },
        "21": {
            "0": -33,
            "1": -14,
            "2": 46,
            "3": 48,
            "4": 41,
            "5": 41,
            "6": -34,
            "7": -48,
            "8": -46,
            "9": -3,
            "10": 15,
            "11": -30,
            "12": -33,
            "13": -42,
            "14": -20,
            "15": 7,
            "16": -45,
            "17": -28,
            "18": -28,
            "19": -32,
            "20": -20,
            "22": 12,
            "23": 0,
            "24": 45,
            "25": -18,
            "26": 24,
            "27": 3,
            "28": -9,
            "29": -6
        },
        "22": {
            "0": -41,
            "1": 12,
            "2": -23,
            "3": 29,
            "4": 6,
            "5": 21,
            "6": 24,
            "7": -34,
            "8": 25,
            "9": 30,
            "10": -32,
            "11": -23,
            "12": 17,
            "13": 34,
            "14": 6,
            "15": 22,
            "16": -5,
            "17": 40,
            "18": -42,
            "19": -11,
            "20": 45,
            "21": 12,
            "23": -32,
            "24": 41,
            "25": -36,
            "26": 12,
            "27": 23,
            "28": -9,
            "29": -10
        },
        "23": {
            "0": 9,
            "1": -27,
            "2": -16,
            "3": 29,
            "4": 42,
            "5": 21,
            "6": -36,
            "7": -40,
            "8": -14,
            "9": -44,
            "10": 15,
            "11": -6,
            "12": 46,
            "13": -7,
            "14": -38,
            "15": 1,
            "16": -8,
            "17": -12,
            "18": 30,
            "19": 4,
            "20": 38,
            "21": 0,
            "22": -32,
            "24": 32,
            "25": 35,
            "26": -4,
            "27": 7,
            "28": -42,
            "29": 23
        },
        "24": {
            "0": -33,
            "1": 41,
            "2": 31,
            "3": 26,
            "4": 47,
            "5": 3,
            "6": -47,
            "7": -18,
            "8": 1,
            "9": 10,
            "10": 33,
            "11": 9,
            "12": 21,
            "13": -25,
            "14": -31,
            "15": -9,
            "16": 19,
            "17": -39,
            "18": -3,
            "19": -34,
            "20": 15,
            "21": 45,
            "22": 41,
            "23": 32,
            "25": 27,
            "26": 36,
            "27": -2,
            "28": -46,
            "29": 47
        },
        "25": {
            "0": 2,
            "1": -30,
            "2": 40,
            "3": 1,
            "4": 11,
            "5": 21,
            "6": -47,
            "7": 9,
            "8": -26,
            "9": -29,
            "10": -48,
            "11": 24,
            "12": 23,
            "13": 29,
            "14": 28,
            "15": 15,
            "16": 36,
            "17": 30,
            "18": 43,
            "19": 31,
            "20": -29,
            "21": -18,
            "22": -36,
            "23": 35,
            "24": 27,
            "26": 43,
            "27": -3,
            "28": 16,
            "29": 15
        },
        "26": {
            "0": 28,
            "1": -15,
            "2": 36,
            "3": -34,
            "4": -4,
            "5": 0,
            "6": -14,
            "7": -8,
            "8": 32,
            "9": 15,
            "10": 45,
            "11": 17,
            "12": 27,
            "13": 10,
            "14": -6,
            "15": 5,
            "16": -26,
            "17": 16,
            "18": 41,
            "19": -36,
            "20": -21,
            "21": 24,
            "22": 12,
            "23": -4,
            "24": 36,
            "25": 43,
            "27": 24,
            "28": -28,
            "29": -26
        },
        "27": {
            "0": -8,
            "1": 13,
            "2": -12,
            "3": -43,
            "4": 7,
            "5": 18,
            "6": 40,
            "7": 47,
            "8": 46,
            "9": 28,
            "10": -45,
            "11": 25,
            "12": -32,
            "13": -30,
            "14": -4,
            "15": 16,
            "16": -36,
            "17": -40,
            "18": -43,
            "19": -18,
            "20": 27,
            "21": 3,
            "22": 23,
            "23": 7,
            "24": -2,
            "25": -3,
            "26": 24,
            "28": -26,
            "29": -11
        },
        "28": {
            "0": -46,
            "1": 19,
            "2": -44,
            "3": 44,
            "4": 47,
            "5": 5,
            "6": -38,
            "7": 17,
            "8": 49,
            "9": 38,
            "10": 2,
            "11": 35,
            "12": -44,
            "13": -23,
            "14": 2,
            "15": 19,
            "16": 36,
            "17": -43,
            "18": 24,
            "19": 19,
            "20": 41,
            "21": -9,
            "22": -9,
            "23": -42,
            "24": -46,
            "25": 16,
            "26": -28,
            "27": -26,
            "29": -29
        },
        "29": {
            "0": -18,
            "1": 49,
            "2": 43,
            "3": 4,
            "4": 31,
            "5": 7,
            "6": 30,
            "7": 15,
            "8": -2,
            "9": 41,
            "10": -19,
            "11": 8,
            "12": 26,
            "13": 39,
            "14": -21,
            "15": -28,
            "16": 10,
            "17": 39,
            "18": 44,
            "19": 34,
            "20": -1,
            "21": -6,
            "22": -10,
            "23": 23,
            "24": 47,
            "25": 15,
            "26": -26,
            "27": -11,
            "28": -29
        }
    }
}