{
    "knapsack_size": 1500,
    "n_items": 15,
    "costs": {
        "0": {
            "l": 59,
            "a": 92,
            "u": 118
        },
        "1": {
            "l": 47,
            "a": 61,
            "u": 86
        },
        "2": {
            "l": 63,
            "a": 111,
            "u": 159
        },
        "3": {
            "l": 63,
            "a": 87,
            "u": 124
        },
        "4": {
            "l": 49,
            "a": 78,
            "u": 81
        },
        "5": {
            "l": 45,
            "a": 75,
            "u": 93
        },
        "6": {
            "l": 51,
            "a": 60,
            "u": 63
        },
        "7": {
            "l": 45,
            "a": 78,
            "u": 103
        },
        "8": {
            "l": 53,
            "a": 75,
            "u": 108
        },
        "9": {
            "l": 61,
            "a": 85,
            "u": 105
        },
        "10": {
            "l": 69,
            "a": 94,
            "u": 140
        },
        "11": {
            "l": 55,
            "a": 94,
            "u": 138
        },
        "12": {
            "l": 51,
            "a": 69,
            "u": 99
        },
        "13": {
            "l": 52,
            "a": 72,
            "u": 82
        },
        "14": {
            "l": 48,
            "a": 85,
            "u": 125
        }
    },
    "profits": {
        "0": 138,
        "1": 118,
        "2": 170,
        "3": 143,
        "4": 154,
        "5": 116,
        "6": 106,
        "7": 149,
        "8": 127,
        "9": 156,
        "10": 141,
        "11": 185,
        "12": 106,
        "13": 108,
        "14": 132
    },
    "synergies": {
        "0": {
            "1": 11,
            "2": 34,
            "3": -1,
            "4": 28,
            "5": -22,
            "6": 11,
            "7": -10,
            "8": 36,
            "9": -15,
            "10": -3,
            "11": -20,
            "12": -34,
            "13": 11,
            "14": -5
        },
        "1": {
            "0": 11,
            "2": 13,
            "3": -46,
            "4": -10,
            "5": 36,
            "6": 29,
            "7": 4,
            "8": 27,
            "9": 45,
            "10": -12,
            "11": 25,
            "12": -24,
            "13": -14,
            "14": -2
        },
        "2": {
            "0": 34,
            "1": 13,
            "3": 29,
            "4": -47,
            "5": 43,
            "6": 33,
            "7": 43,
            "8": 8,
            "9": 46,
            "10": -34,
            "11": -23,
            "12": -7,
            "13": 17,
            "14": -35
        },
        "3": {
            "0": -1,
            "1": -46,
            "2": 29,
            "4": -41,
            "5": -37,
            "6": 40,
            "7": -49,
            "8": 43,
            "9": 28,
            "10": -19,
            "11": -26,
            "12": 34,
            "13": -32,
            "14": 48
        },
        "4": {
            "0": 28,
            "1": -10,
            "2": -47,
            "3": -41,
            "5": 3,
            "6": -21,
            "7": 9,
            "8": 37,
            "9": 18,
            "10": -3,
            "11": 24,
            "12": -37,
            "13": 3,
            "14": 37
        },
        "5": {
            "0": -22,
            "1": 36,
            "2": 43,
            "3": -37,
            "4": 3,
            "6": -45,
            "7": -30,
            "8": 7,
            "9": 42,
            "10": -45,
            "11": -29,
            "12": -10,
            "13": -11,
            "14": 25
        },
        "6": {
            "0": 11,
            "1": 29,
            "2": 33,
            "3": 40,
            "4": -21,
            "5": -45,
            "7": 16,
            "8": 1,
            "9": -19,
            "10": -7,
            "11": 10,
            "12": 7,
            "13": 30,
            "14": 49
        },
        "7": {
            "0": -10,
            "1": 4,
            "2": 43,
            "3": -49,
            "4": 9,
            "5": -30,
            "6": 16,
            "8": 28,
            "9": -14,
            "10": -1,
            "11": -24,
            "12": -4,
            "13": 47,
            "14": -15
        },
        "8": {
            "0": 36,
            "1": 27,
            "2": 8,
            "3": 43,
            "4": 37,
            "5": 7,
            "6": 1,
            "7": 28,
            "9": -7,
            "10": -25,
            "11": 42,
            "12": 29,
            "13": 43,
            "14": -6
        },
        "9": {
            "0": -15,
            "1": 45,
            "2": 46,
            "3": 28,
            "4": 18,
            "5": 42,
            "6": -19,
            "7": -14,
            "8": -7,
            "10": -43,
            "11": -39,
            "12": 46,
            "13": -30,
            "14": -20
        },
        "10": {
            "0": -3,
            "1": -12,
            "2": -34,
            "3": -19,
            "4": -3,
            "5": -45,
            "6": -7,
            "7": -1,
            "8": -25,
            "9": -43,
            "11": 4,
            "12": 25,
            "13": -32,
            "14": -33
        },
        "11": {
            "0": -20,
            "1": 25,
            "2": -23,
            "3": -26,
            "4": 24,
            "5": -29,
            "6": 10,
            "7": -24,
            "8": 42,
            "9": -39,
            "10": 4,
            "12": -48,
            "13": 16,
            "14": 26
        },
        "12": {
            "0": -34,
            "1": -24,
            "2": -7,
            "3": 34,
            "4": -37,
            "5": -10,
            "6": 7,
            "7": -4,
            "8": 29,
            "9": 46,
            "10": 25,
            "11": -48,
            "13": -38,
            "14": 1
        },
        "13": {
            "0": 11,
            "1": -14,
            "2": 17,
            "3": -32,
            "4": 3,
            "5": -11,
            "6": 30,
            "7": 47,
            "8": 43,
            "9": -30,
            "10": -32,
            "11": 16,
            "12": -38,
            "14": -20
        },
        "14": {
            "0": -5,
            "1": -2,
            "2": -35,
            "3": 48,
            "4": 37,
            "5": 25,
            "6": 49,
            "7": -15,
            "8": -6,
            "9": -20,
            "10": -33,
            "11": 26,
            "12": 1,
            "13": -20
        }
    },
    "Gamma": 7
}