{
    "knapsack_size": 120000,
    "Gamma": 9,
    "n_items": 10,
    "costs": {
        "0": {
            "u": 13333,
            "a": 11307,
            "l": 4181
        },
        "1": {
            "u": 13333,
            "a": 7777,
            "l": 3598
        },
        "2": {
            "u": 13333,
            "a": 10203,
            "l": 3595
        },
        "3": {
            "u": 13333,
            "a": 10529,
            "l": 4520
        },
        "4": {
            "u": 13333,
            "a": 9371,
            "l": 3296
        },
        "5": {
            "u": 13333,
            "a": 10322,
            "l": 3749
        },
        "6": {
            "u": 13333,
            "a": 8764,
            "l": 3733
        },
        "7": {
            "u": 13333,
            "a": 9037,
            "l": 4141
        },
        "8": {
            "u": 13333,
            "a": 10619,
            "l": 4151
        },
        "9": {
            "u": 13333,
            "a": 9031,
            "l": 3797
        }
    },
    "profits": {
        "0": 13567,
        "1": 13446,
        "2": 13467,
        "3": 13473,
        "4": 13530,
        "5": 13495,
        "6": 13606,
        "7": 13358,
        "8": 13503,
        "9": 13533
    },
    "synergies": {
        "0": {
            "1": 12,
            "2": 15,
            "3": 6,
            "4": -10,
            "5": 27,
            "6": -29,
            "7": -46,
            "8": -26,
            "9": 24
        },
        "1": {
            "0": 12,
            "2": 9,
            "3": 22,
            "4": -10,
            "5": -47,
            "6": -24,
            "7": 43,
            "8": 19,
            "9": -10
        },
        "2": {
            "0": 15,
            "1": 9,
            "3": -2,
            "4": 38,
            "5": 43,
            "6": -34,
            "7": 19,
            "8": -5,
            "9": -9
        },
        "3": {
            "0": 6,
            "1": 22,
            "2": -2,
            "4": 3,
            "5": -2,
            "6": 21,
            "7": 37,
            "8": 11,
            "9": 42
        },
        "4": {
            "0": -10,
            "1": -10,
            "2": 38,
            "3": 3,
            "5": 40,
            "6": 16,
            "7": 34,
            "8": -45,
            "9": 14
        },
        "5": {
            "0": 27,
            "1": -47,
            "2": 43,
            "3": -2,
            "4": 40,
            "6": -14,
            "7": -49,
            "8": -36,
            "9": -26
        },
        "6": {
            "0": -29,
            "1": -24,
            "2": -34,
            "3": 21,
            "4": 16,
            "5": -14,
            "7": -39,
            "8": -33,
            "9": 24
        },
        "7": {
            "0": -46,
            "1": 43,
            "2": 19,
            "3": 37,
            "4": 34,
            "5": -49,
            "6": -39,
            "8": 28,
            "9": 2
        },
        "8": {
            "0": -26,
            "1": 19,
            "2": -5,
            "3": 11,
            "4": -45,
            "5": -36,
            "6": -33,
            "7": 28,
            "9": 24
        },
        "9": {
            "0": 24,
            "1": -10,
            "2": -9,
            "3": 42,
            "4": 14,
            "5": -26,
            "6": 24,
            "7": 2,
            "8": 24
        }
    }
}