{
    "knapsack_size": 10000,
    "Gamma": 23,
    "n_items": 32,
    "costs": {
        "0": {
            "u": 434,
            "a": 362,
            "l": 131
        },
        "1": {
            "u": 434,
            "a": 285,
            "l": 137
        },
        "2": {
            "u": 434,
            "a": 391,
            "l": 133
        },
        "3": {
            "u": 434,
            "a": 327,
            "l": 148
        },
        "4": {
            "u": 434,
            "a": 337,
            "l": 152
        },
        "5": {
            "u": 434,
            "a": 349,
            "l": 129
        },
        "6": {
            "u": 434,
            "a": 329,
            "l": 151
        },
        "7": {
            "u": 434,
            "a": 359,
            "l": 163
        },
        "8": {
            "u": 434,
            "a": 220,
            "l": 76
        },
        "9": {
            "u": 434,
            "a": 298,
            "l": 124
        },
        "10": {
            "u": 434,
            "a": 318,
            "l": 149
        },
        "11": {
            "u": 434,
            "a": 351,
            "l": 144
        },
        "12": {
            "u": 434,
            "a": 405,
            "l": 145
        },
        "13": {
            "u": 434,
            "a": 243,
            "l": 113
        },
        "14": {
            "u": 434,
            "a": 404,
            "l": 168
        },
        "15": {
            "u": 434,
            "a": 242,
            "l": 92
        },
        "16": {
            "u": 434,
            "a": 404,
            "l": 158
        },
        "17": {
            "u": 434,
            "a": 299,
            "l": 134
        },
        "18": {
            "u": 434,
            "a": 353,
            "l": 167
        },
        "19": {
            "u": 434,
            "a": 364,
            "l": 177
        },
        "20": {
            "u": 434,
            "a": 239,
            "l": 83
        },
        "21": {
            "u": 434,
            "a": 339,
            "l": 150
        },
        "22": {
            "u": 434,
            "a": 407,
            "l": 147
        },
        "23": {
            "u": 434,
            "a": 298,
            "l": 106
        },
        "24": {
            "u": 434,
            "a": 404,
            "l": 150
        },
        "25": {
            "u": 434,
            "a": 244,
            "l": 109
        },
        "26": {
            "u": 434,
            "a": 365,
            "l": 132
        },
        "27": {
            "u": 434,
            "a": 346,
            "l": 138
        },
        "28": {
            "u": 434,
            "a": 301,
            "l": 109
        },
        "29": {
            "u": 434,
            "a": 310,
            "l": 138
        },
        "30": {
            "u": 434,
            "a": 366,
            "l": 158
        },
        "31": {
            "u": 434,
            "a": 303,
            "l": 141
        }
    },
    "profits": {
        "0": 652,
        "1": 652,
        "2": 513,
        "3": 479,
        "4": 638,
        "5": 476,
        "6": 515,
        "7": 450,
        "8": 712,
        "9": 637,
        "10": 673,
        "11": 614,
        "12": 464,
        "13": 612,
        "14": 671,
        "15": 564,
        "16": 657,
        "17": 719,
        "18": 699,
        "19": 574,
        "20": 464,
        "21": 485,
        "22": 587,
        "23": 546,
        "24": 717,
        "25": 685,
        "26": 454,
        "27": 538,
        "28": 469,
        "29": 704,
        "30": 614,
        "31": 624
    },
    "synergies": {
        "0": {
            "1": 39,
            "2": -3,
            "3": -12,
            "4": 23,
            "5": -5,
            "6": -6,
            "7": -5,
            "8": -21,
            "9": 4,
            "10": 22,
            "11": 10,
            "12": -8,
            "13": -37,
            "14": 13,
            "15": 11,
            "16": 11,
            "17": 48,
            "18": -11,
            "19": 0,
            "20": 1,
            "21": 14,
            "22": 44,
            "23": -34,
            "24": -7,
            "25": -12,
            "26": 35,
            "27": 17,
            "28": -23,
            "29": -35,
            "30": 30,
            "31": -30
        },
        "1": {
            "0": 39,
            "2": 11,
            "3": -34,
            "4": -19,
            "5": 24,
            "6": 24,
            "7": 35,
            "8": -11,
            "9": -33,
            "10": 49,
            "11": 42,
            "12": -42,
            "13": 1,
            "14": -48,
            "15": -29,
            "16": -39,
            "17": 22,
            "18": -45,
            "19": 27,
            "20": 3,
            "21": 21,
            "22": 1,
            "23": -41,
            "24": -14,
            "25": -4,
            "26": -42,
            "27": -29,
            "28": -40,
            "29": -33,
            "30": -49,
            "31": 12
        },
        "2": {
            "0": -3,
            "1": 11,
            "3": -31,
            "4": -24,
            "5": 45,
            "6": -13,
            "7": 32,
            "8": -5,
            "9": 49,
            "10": -13,
            "11": 12,
            "12": 16,
            "13": -5,
            "14": 4,
            "15": -30,
            "16": -35,
            "17": -15,
            "18": 45,
            "19": 2,
            "20": 23,
            "21": 32,
            "22": 0,
            "23": 8,
            "24": -21,
            "25": 26,
            "26": -14,
            "27": -26,
            "28": -35,
            "29": -23,
            "30": 37,
            "31": -34
        },
        "3": {
            "0": -12,
            "1": -34,
            "2": -31,
            "4": -33,
            "5": -42,
            "6": -40,
            "7": 9,
            "8": 39,
            "9": -22,
            "10": -45,
            "11": -5,
            "12": 27,
            "13": -29,
            "14": -34,
            "15": -18,
            "16": -48,
            "17": -37,
            "18": -11,
            "19": -46,
            "20": -21,
            "21": 0,
            "22": -42,
            "23": 9,
            "24": -21,
            "25": -36,
            "26": 3,
            "27": 40,
            "28": -13,
            "29": -40,
            "30": -39,
            "31": 24
        },
        "4": {
            "0": 23,
            "1": -19,
            "2": -24,
            "3": -33,
            "5": 30,
            "6": -9,
            "7": -48,
            "8": 1,
            "9": -10,
            "10": 18,
            "11": -39,
            "12": -23,
            "13": -36,
            "14": -27,
            "15": 10,
            "16": 20,
            "17": 35,
            "18": -12,
            "19": -11,
            "20": -19,
            "21": -31,
            "22": -24,
            "23": 14,
            "24": -2,
            "25": 20,
            "26": 36,
            "27": -26,
            "28": -35,
            "29": -13,
            "30": 1,
            "31": 36
        },
        "5": {
            "0": -5,
            "1": 24,
            "2": 45,
            "3": -42,
            "4": 30,
            "6": 43,
            "7": 30,
            "8": -32,
            "9": -13,
            "10": -35,
            "11": 11,
            "12": -18,
            "13": 26,
            "14": 23,
            "15": 16,
            "16": 29,
            "17": -13,
            "18": 20,
            "19": -48,
            "20": -23,
            "21": 9,
            "22": 18,
            "23": 40,
            "24": -12,
            "25": -30,
            "26": 24,
            "27": 5,
            "28": -3,
            "29": -21,
            "30": 20,
            "31": 45
        },
        "6": {
            "0": -6,
            "1": 24,
            "2": -13,
            "3": -40,
            "4": -9,
            "5": 43,
            "7": 7,
            "8": 46,
            "9": -8,
            "10": -1,
            "11": -42,
            "12": -20,
            "13": -11,
            "14": 9,
            "15": 11,
            "16": 9,
            "17": 32,
            "18": -36,
            "19": 1,
            "20": 44,
            "21": 25,
            "22": 19,
            "23": -4,
            "24": 0,
            "25": 43,
            "26": 7,
            "27": 18,
            "28": -40,
            "29": 21,
            "30": 49,
            "31": 32
        },
        "7": {
            "0": -5,
            "1": 35,
            "2": 32,
            "3": 9,
            "4": -48,
            "5": 30,
            "6": 7,
            "8": -24,
            "9": 9,
            "10": 41,
            "11": 30,
            "12": 27,
            "13": -45,
            "14": -3,
            "15": 12,
            "16": -7,
            "17": -46,
            "18": -41,
            "19": 30,
            "20": 37,
            "21": 47,
            "22": -39,
            "23": 37,
            "24": 0,
            "25": -18,
            "26": -40,
            "27": -31,
            "28": 0,
            "29": -38,
            "30": 24,
            "31": -19
        },
        "8": {
            "0": -21,
            "1": -11,
            "2": -5,
            "3": 39,
            "4": 1,
            "5": -32,
            "6": 46,
            "7": -24,
            "9": -47,
            "10": -30,
            "11": -37,
            "12": 18,
            "13": -35,
            "14": 16,
            "15": 22,
            "16": -1,
            "17": -5,
            "18": -7,
            "19": 34,
            "20": 9,
            "21": -42,
            "22": 40,
            "23": 16,
            "24": -40,
            "25": -39,
            "26": -32,
            "27": -46,
            "28": -8,
            "29": -3,
            "30": 4,
            "31": -28
        },
        "9": {
            "0": 4,
            "1": -33,
            "2": 49,
            "3": -22,
            "4": -10,
            "5": -13,
            "6": -8,
            "7": 9,
            "8": -47,
            "10": 16,
            "11": -19,
            "12": -4,
            "13": -22,
            "14": 22,
            "15": 39,
            "16": -45,
            "17": -16,
            "18": -11,
            "19": 35,
            "20": -21,
            "21": 7,
            "22": 27,
            "23": 16,
            "24": 25,
            "25": 19,
            "26": 23,
            "27": 18,
            "28": -22,
            "29": -43,
            "30": -26,
            "31": -20
        },
        "10": {
            "0": 22,
            "1": 49,
            "2": -13,
            "3": -45,
            "4": 18,
            "5": -35,
            "6": -1,
            "7": 41,
            "8": -30,
            "9": 16,
            "11": 2,
            "12": -36,
            "13": -30,
            "14": 27,
            "15": 40,
            "16": -47,
            "17": 29,
            "18": 48,
            "19": 20,
            "20": -25,
            "21": -1,
            "22": -42,
            "23": 18,
            "24": -36,
            "25": -23,
            "26": -6,
            "27": 44,
            "28": -17,
            "29": 1,
            "30": 33,
            "31": 30
        },
        "11": {
            "0": 10,
            "1": 42,
            "2": 12,
            "3": -5,
            "4": -39,
            "5": 11,
            "6": -42,
            "7": 30,
            "8": -37,
            "9": -19,
            "10": 2,
            "12": -25,
            "13": 33,
            "14": 26,
            "15": 21,
            "16": -37,
            "17": -22,
            "18": -8,
            "19": 11,
            "20": 42,
            "21": -41,
            "22": 9,
            "23": 23,
            "24": -25,
            "25": 15,
            "26": 20,
            "27": -3,
            "28": -21,
            "29": 43,
            "30": -36,
            "31": -27
        },
        "12": {
            "0": -8,
            "1": -42,
            "2": 16,
            "3": 27,
            "4": -23,
            "5": -18,
            "6": -20,
            "7": 27,
            "8": 18,
            "9": -4,
            "10": -36,
            "11": -25,
            "13": -19,
            "14": 18,
            "15": 20,
            "16": 44,
            "17": 41,
            "18": -6,
            "19": 1,
            "20": -8,
            "21": -22,
            "22": 42,
            "23": -5,
            "24": 0,
            "25": -4,
            "26": 19,
            "27": 28,
            "28": 3,
            "29": -19,
            "30": 13,
            "31": -3
        },
        "13": {
            "0": -37,
            "1": 1,
            "2": -5,
            "3": -29,
            "4": -36,
            "5": 26,
            "6": -11,
            "7": -45,
            "8": -35,
            "9": -22,
            "10": -30,
            "11": 33,
            "12": -19,
            "14": 43,
            "15": -16,
            "16": -19,
            "17": 16,
            "18": -21,
            "19": -23,
            "20": -33,
            "21": -38,
            "22": -43,
            "23": -9,
            "24": 3,
            "25": -48,
            "26": -5,
            "27": 37,
            "28": 7,
            "29": -30,
            "30": 35,
            "31": 20
        },
        "14": {
            "0": 13,
            "1": -48,
            "2": 4,
            "3": -34,
            "4": -27,
            "5": 23,
            "6": 9,
            "7": -3,
            "8": 16,
            "9": 22,
            "10": 27,
            "11": 26,
            "12": 18,
            "13": 43,
            "15": 30,
            "16": -15,
            "17": 42,
            "18": -26,
            "19": -13,
            "20": 49,
            "21": 15,
            "22": -23,
            "23": 22,
            "24": 22,
            "25": 21,
            "26": 7,
            "27": -26,
            "28": 33,
            "29": -42,
            "30": -10,
            "31": -17
        },
        "15": {
            "0": 11,
            "1": -29,
            "2": -30,
            "3": -18,
            "4": 10,
            "5": 16,
            "6": 11,
            "7": 12,
            "8": 22,
            "9": 39,
            "10": 40,
            "11": 21,
            "12": 20,
            "13": -16,
            "14": 30,
            "16": -15,
            "17": 45,
            "18": -35,
            "19": 28,
            "20": 42,
            "21": -23,
            "22": 16,
            "23": -47,
            "24": -23,
            "25": 39,
            "26": -23,
            "27": -23,
            "28": 11,
            "29": -2,
            "30": 30,
            "31": 47
        },
        "16": {
            "0": 11,
            "1": -39,
            "2": -35,
            "3": -48,
            "4": 20,
            "5": 29,
            "6": 9,
            "7": -7,
            "8": -1,
            "9": -45,
            "10": -47,
            "11": -37,
            "12": 44,
            "13": -19,
            "14": -15,
            "15": -15,
            "17": -6,
            "18": -48,
            "19": 1,
            "20": 5,
            "21": -16,
            "22": -37,
            "23": 20,
            "24": 6,
            "25": 45,
            "26": -6,
            "27": 49,
            "28": -27,
            "29": 46,
            "30": 40,
            "31": -34
        },
        "17": {
            "0": 48,
            "1": 22,
            "2": -15,
            "3": -37,
            "4": 35,
            "5": -13,
            "6": 32,
            "7": -46,
            "8": -5,
            "9": -16,
            "10": 29,
            "11": -22,
            "12": 41,
            "13": 16,
            "14": 42,
            "15": 45,
            "16": -6,
            "18": 2,
            "19": -27,
            "20": 47,
            "21": -3,
            "22": 10,
            "23": -14,
            "24": -24,
            "25": 24,
            "26": -13,
            "27": -46,
            "28": -12,
            "29": 44,
            "30": -30,
            "31": 23
        },
        "18": {
            "0": -11,
            "1": -45,
            "2": 45,
            "3": -11,
            "4": -12,
            "5": 20,
            "6": -36,
            "7": -41,
            "8": -7,
            "9": -11,
            "10": 48,
            "11": -8,
            "12": -6,
            "13": -21,
            "14": -26,
            "15": -35,
            "16": -48,
            "17": 2,
            "19": 20,
            "20": 13,
            "21": 46,
            "22": -2,
            "23": -27,
            "24": -40,
            "25": 2,
            "26": -2,
            "27": 47,
            "28": -46,
            "29": 26,
            "30": -12,
            "31": 38
        },
        "19": {
            "0": 0,
            "1": 27,
            "2": 2,
            "3": -46,
            "4": -11,
            "5": -48,
            "6": 1,
            "7": 30,
            "8": 34,
            "9": 35,
            "10": 20,
            "11": 11,
            "12": 1,
            "13": -23,
            "14": -13,
            "15": 28,
            "16": 1,
            "17": -27,
            "18": 20,
            "20": -27,
            "21": 22,
            "22": 47,
            "23": 21,
            "24": 21,
            "25": 31,
            "26": 41,
            "27": 6,
            "28": 24,
            "29": -49,
            "30": -7,
            "31": -43
        },
        "20": {
            "0": 1,
            "1": 3,
            "2": 23,
            "3": -21,
            "4": -19,
            "5": -23,
            "6": 44,
            "7": 37,
            "8": 9,
            "9": -21,
            "10": -25,
            "11": 42,
            "12": -8,
            "13": -33,
            "14": 49,
            "15": 42,
            "16": 5,
            "17": 47,
            "18": 13,
            "19": -27,
            "21": 41,
            "22": 6,
            "23": 6,
            "24": 13,
            "25": -19,
            "26": -31,
            "27": -6,
            "28": -42,
            "29": 36,
            "30": -14,
            "31": -8
        },
        "21": {
            "0": 14,
            "1": 21,
            "2": 32,
            "3": 0,
            "4": -31,
            "5": 9,
            "6": 25,
            "7": 47,
            "8": -42,
            "9": 7,
            "10": -1,
            "11": -41,
            "12": -22,
            "13": -38,
            "14": 15,
            "15": -23,
            "16": -16,
            "17": -3,
            "18": 46,
            "19": 22,
            "20": 41,
            "22": 0,
            "23": 13,
            "24": 36,
            "25": -46,
            "26": -11,
            "27": 42,
            "28": -24,
            "29": 35,
            "30": 49,
            "31": 1
        },
        "22": {
            "0": 44,
            "1": 1,
            "2": 0,
            "3": -42,
            "4": -24,
            "5": 18,
            "6": 19,
            "7": -39,
            "8": 40,
            "9": 27,
            "10": -42,
            "11": 9,
            "12": 42,
            "13": -43,
            "14": -23,
            "15": 16,
            "16": -37,
            "17": 10,
            "18": -2,
            "19": 47,
            "20": 6,
            "21": 0,
            "23": -45,
            "24": 25,
            "25": 22,
            "26": 10,
            "27": 38,
            "28": -26,
            "29": 34,
            "30": 24,
            "31": 39
        },
        "23": {
            "0": -34,
            "1": -41,
            "2": 8,
            "3": 9,
            "4": 14,
            "5": 40,
            "6": -4,
            "7": 37,
            "8": 16,
            "9": 16,
            "10": 18,
            "11": 23,
            "12": -5,
            "13": -9,
            "14": 22,
            "15": -47,
            "16": 20,
            "17": -14,
            "18": -27,
            "19": 21,
            "20": 6,
            "21": 13,
            "22": -45,
            "24": -19,
            "25": 18,
            "26": 6,
            "27": 25,
            "28": -12,
            "29": -47,
            "30": -24,
            "31": -12
        },
        "24": {
            "0": -7,
            "1": -14,
            "2": -21,
            "3": -21,
            "4": -2,
            "5": -12,
            "6": 0,
            "7": 0,
            "8": -40,
            "9": 25,
            "10": -36,
            "11": -25,
            "12": 0,
            "13": 3,
            "14": 22,
            "15": -23,
            "16": 6,
            "17": -24,
            "18": -40,
            "19": 21,
            "20": 13,
            "21": 36,
            "22": 25,
            "23": -19,
            "25": -44,
            "26": -42,
            "27": 25,
            "28": -24,
            "29": -30,
            "30": -28,
            "31": -45
        },
        "25": {
            "0": -12,
            "1": -4,
            "2": 26,
            "3": -36,
            "4": 20,
            "5": -30,
            "6": 43,
            "7": -18,
            "8": -39,
            "9": 19,
            "10": -23,
            "11": 15,
            "12": -4,
            "13": -48,
            "14": 21,
            "15": 39,
            "16": 45,
            "17": 24,
            "18": 2,
            "19": 31,
            "20": -19,
            "21": -46,
            "22": 22,
            "23": 18,
            "24": -44,
            "26": -40,
            "27": -16,
            "28": -11,
            "29": -46,
            "30": 5,
            "31": -4
        },
        "26": {
            "0": 35,
            "1": -42,
            "2": -14,
            "3": 3,
            "4": 36,
            "5": 24,
            "6": 7,
            "7": -40,
            "8": -32,
            "9": 23,
            "10": -6,
            "11": 20,
            "12": 19,
            "13": -5,
            "14": 7,
            "15": -23,
            "16": -6,
            "17": -13,
            "18": -2,
            "19": 41,
            "20": -31,
            "21": -11,
            "22": 10,
            "23": 6,
            "24": -42,
            "25": -40,
            "27": 36,
            "28": 36,
            "29": 48,
            "30": -31,
            "31": 16
        },
        "27": {
            "0": 17,
            "1": -29,
            "2": -26,
            "3": 40,
            "4": -26,
            "5": 5,
            "6": 18,
            "7": -31,
            "8": -46,
            "9": 18,
            "10": 44,
            "11": -3,
            "12": 28,
            "13": 37,
            "14": -26,
            "15": -23,
            "16": 49,
            "17": -46,
            "18": 47,
            "19": 6,
            "20": -6,
            "21": 42,
            "22": 38,
            "23": 25,
            "24": 25,
            "25": -16,
            "26": 36,
            "28": -19,
            "29": 10,
            "30": 8,
            "31": -48
        },
        "28": {
            "0": -23,
            "1": -40,
            "2": -35,
            "3": -13,
            "4": -35,
            "5": -3,
            "6": -40,
            "7": 0,
            "8": -8,
            "9": -22,
            "10": -17,
            "11": -21,
            "12": 3,
            "13": 7,
            "14": 33,
            "15": 11,
            "16": -27,
            "17": -12,
            "18": -46,
            "19": 24,
            "20": -42,
            "21": -24,
            "22": -26,
            "23": -12,
            "24": -24,
            "25": -11,
            "26": 36,
            "27": -19,
            "29": -37,
            "30": -19,
            "31": 13
        },
        "29": {
            "0": -35,
            "1": -33,
            "2": -23,
            "3": -40,
            "4": -13,
            "5": -21,
            "6": 21,
            "7": -38,
            "8": -3,
            "9": -43,
            "10": 1,
            "11": 43,
            "12": -19,
            "13": -30,
            "14": -42,
            "15": -2,
            "16": 46,
            "17": 44,
            "18": 26,
            "19": -49,
            "20": 36,
            "21": 35,
            "22": 34,
            "23": -47,
            "24": -30,
            "25": -46,
            "26": 48,
            "27": 10,
            "28": -37,
            "30": 44,
            "31": -28
        },
        "30": {
            "0": 30,
            "1": -49,
            "2": 37,
            "3": -39,
            "4": 1,
            "5": 20,
            "6": 49,
            "7": 24,
            "8": 4,
            "9": -26,
            "10": 33,
            "11": -36,
            "12": 13,
            "13": 35,
            "14": -10,
            "15": 30,
            "16": 40,
            "17": -30,
            "18": -12,
            "19": -7,
            "20": -14,
            "21": 49,
            "22": 24,
            "23": -24,
            "24": -28,
            "25": 5,
            "26": -31,
            "27": 8,
            "28": -19,
            "29": 44,
            "31": 43
        },
        "31": {
            "0": -30,
            "1": 12,
            "2": -34,
            "3": 24,
            "4": 36,
            "5": 45,
            "6": 32,
            "7": -19,
            "8": -28,
            "9": -20,
            "10": 30,
            "11": -27,
            "12": -3,
            "13": 20,
            "14": -17,
            "15": 47,
            "16": -34,
            "17": 23,
            "18": 38,
            "19": -43,
            "20": -8,
            "21": 1,
            "22": 39,
            "23": -12,
            "24": -45,
            "25": -4,
            "26": 16,
            "27": -48,
            "28": 13,
            "29": -28,
            "30": 43
        }
    }
}