{
    "knapsack_size": 13500,
    "Gamma": 37,
    "n_items": 38,
    "costs": {
        "0": {
            "l": 144.44,
            "a": 364.23,
            "u": 377.51
        },
        "1": {
            "l": 240.83,
            "a": 253.29,
            "u": 303.0
        },
        "2": {
            "l": 155.22,
            "a": 308.97,
            "u": 359.39
        },
        "3": {
            "l": 166.75,
            "a": 211.55,
            "u": 340.17
        },
        "4": {
            "l": 295.35,
            "a": 303.41,
            "u": 337.01
        },
        "5": {
            "l": 213.97,
            "a": 248.06,
            "u": 275.06
        },
        "6": {
            "l": 303.73,
            "a": 328.92,
            "u": 386.84
        },
        "7": {
            "l": 214.96,
            "a": 301.95,
            "u": 312.99
        },
        "8": {
            "l": 306.34,
            "a": 315.2,
            "u": 354.35
        },
        "9": {
            "l": 124.19,
            "a": 188.5,
            "u": 324.6
        },
        "10": {
            "l": 280.59,
            "a": 363.8,
            "u": 378.75
        },
        "11": {
            "l": 306.75,
            "a": 317.62,
            "u": 322.78
        },
        "12": {
            "l": 217.18,
            "a": 314.2,
            "u": 359.27
        },
        "13": {
            "l": 279.17,
            "a": 354.14,
            "u": 372.99
        },
        "14": {
            "l": 295.58,
            "a": 315.76,
            "u": 396.1
        },
        "15": {
            "l": 302.31,
            "a": 321.51,
            "u": 360.93
        },
        "16": {
            "l": 266.06,
            "a": 351.96,
            "u": 364.03
        },
        "17": {
            "l": 311.99,
            "a": 361.12,
            "u": 394.31
        },
        "18": {
            "l": 147.52,
            "a": 267.31,
            "u": 327.17
        },
        "19": {
            "l": 246.78,
            "a": 314.86,
            "u": 367.33
        },
        "20": {
            "l": 125.76,
            "a": 262.4,
            "u": 345.34
        },
        "21": {
            "l": 273.51,
            "a": 354.14,
            "u": 371.4
        },
        "22": {
            "l": 153.96,
            "a": 304.03,
            "u": 366.34
        },
        "23": {
            "l": 200.76,
            "a": 348.88,
            "u": 381.2
        },
        "24": {
            "l": 148.43,
            "a": 313.04,
            "u": 398.6
        },
        "25": {
            "l": 217.88,
            "a": 362.6,
            "u": 364.92
        },
        "26": {
            "l": 295.26,
            "a": 334.32,
            "u": 348.21
        },
        "27": {
            "l": 284.25,
            "a": 325.18,
            "u": 390.14
        },
        "28": {
            "l": 186.92,
            "a": 338.12,
            "u": 346.53
        },
        "29": {
            "l": 232.07,
            "a": 283.3,
            "u": 289.91
        },
        "30": {
            "l": 136.68,
            "a": 352.06,
            "u": 379.6
        },
        "31": {
            "l": 211.6,
            "a": 233.68,
            "u": 287.27
        },
        "32": {
            "l": 202.02,
            "a": 290.55,
            "u": 295.95
        },
        "33": {
            "l": 160.12,
            "a": 245.6,
            "u": 282.17
        },
        "34": {
            "l": 167.94,
            "a": 320.98,
            "u": 337.91
        },
        "35": {
            "l": 211.59,
            "a": 283.71,
            "u": 341.09
        },
        "36": {
            "l": 118.81,
            "a": 238.95,
            "u": 268.04
        },
        "37": {
            "l": 215.24,
            "a": 236.54,
            "u": 271.04
        }
    },
    "profits": {
        "0": 423.49,
        "1": 334.16,
        "2": 389.66,
        "3": 245.31,
        "4": 385.55,
        "5": 426.32,
        "6": 333.25,
        "7": 325.09,
        "8": 321.63,
        "9": 388.22,
        "10": 431.29,
        "11": 390.98,
        "12": 339.45,
        "13": 438.2,
        "14": 394.35,
        "15": 448.42,
        "16": 381.64,
        "17": 425.21,
        "18": 350.96,
        "19": 369.04,
        "20": 338.43,
        "21": 423.95,
        "22": 365.14,
        "23": 437.61,
        "24": 380.57,
        "25": 438.22,
        "26": 344.44,
        "27": 400.66,
        "28": 442.9,
        "29": 448.95,
        "30": 408.82,
        "31": 388.21,
        "32": 296.62,
        "33": 353.29,
        "34": 327.69,
        "35": 429.51,
        "36": 423.79,
        "37": 399.47
    },
    "synergies": {
        "0": {
            "1": -10.95,
            "2": 36.05,
            "3": 21.78,
            "4": -20.87,
            "5": -40.43,
            "6": -15.6,
            "7": -9.3,
            "8": -41.35,
            "9": -38.46,
            "10": -31.87,
            "11": 41.64,
            "12": -3.66,
            "13": 23.1,
            "14": 27.04,
            "15": 23.95,
            "16": 24.12,
            "17": -1.73,
            "18": -24.39,
            "19": -17.33,
            "20": 33.16,
            "21": 6.71,
            "22": -38.66,
            "23": -28.72,
            "24": -16.94,
            "25": -8.26,
            "26": 33.02,
            "27": -4.58,
            "28": -24.43,
            "29": 45.86,
            "30": 20.22,
            "31": 21.65,
            "32": 44.6,
            "33": 8.01,
            "34": 13.76,
            "35": -33.03,
            "36": -15.04,
            "37": -20.34
        },
        "1": {
            "0": -10.95,
            "2": 19.01,
            "3": 0.6,
            "4": -40.21,
            "5": -45.78,
            "6": 25.92,
            "7": 18.66,
            "8": 24.12,
            "9": -35.75,
            "10": -5.69,
            "11": 25.4,
            "12": 2.35,
            "13": -29.21,
            "14": 39.3,
            "15": 27.91,
            "16": 17.47,
            "17": 0.09,
            "18": -30.98,
            "19": 24.65,
            "20": 41.54,
            "21": 45.03,
            "22": -43.0,
            "23": 41.59,
            "24": 12.03,
            "25": 8.69,
            "26": -32.22,
            "27": 38.13,
            "28": 26.14,
            "29": 19.57,
            "30": 0.68,
            "31": 20.4,
            "32": 11.7,
            "33": -17.56,
            "34": 9.79,
            "35": -6.43,
            "36": -24.09,
            "37": 25.03
        },
        "2": {
            "0": 36.05,
            "1": 19.01,
            "3": 23.8,
            "4": 27.89,
            "5": -21.24,
            "6": 0.58,
            "7": 39.22,
            "8": -19.37,
            "9": -20.89,
            "10": -3.93,
            "11": 23.43,
            "12": 24.0,
            "13": -23.16,
            "14": 40.93,
            "15": 25.74,
            "16": 43.86,
            "17": -3.68,
            "18": 20.51,
            "19": -21.12,
            "20": -21.98,
            "21": -8.14,
            "22": 5.31,
            "23": 15.79,
            "24": -3.94,
            "25": -18.88,
            "26": -36.74,
            "27": -22.22,
            "28": -43.12,
            "29": -42.35,
            "30": -21.26,
            "31": 32.92,
            "32": 24.14,
            "33": 38.04,
            "34": -14.14,
            "35": 10.5,
            "36": -9.48,
            "37": -22.15
        },
        "3": {
            "0": 21.78,
            "1": 0.6,
            "2": 23.8,
            "4": -27.49,
            "5": 4.51,
            "6": 2.98,
            "7": 47.12,
            "8": -43.33,
            "9": -32.17,
            "10": -7.07,
            "11": 32.66,
            "12": -18.7,
            "13": -20.74,
            "14": 5.28,
            "15": -36.87,
            "16": -14.06,
            "17": -15.04,
            "18": -40.59,
            "19": -15.35,
            "20": -31.99,
            "21": -9.66,
            "22": -20.05,
            "23": -12.31,
            "24": 14.6,
            "25": -27.68,
            "26": 34.33,
            "27": -38.64,
            "28": -0.49,
            "29": 40.12,
            "30": -20.07,
            "31": -7.91,
            "32": -17.6,
            "33": -25.22,
            "34": -0.2,
            "35": 46.17,
            "36": 2.72,
            "37": 6.71
        },
        "4": {
            "0": -20.87,
            "1": -40.21,
            "2": 27.89,
            "3": -27.49,
            "5": -15.5,
            "6": -22.39,
            "7": -32.32,
            "8": -28.08,
            "9": 22.27,
            "10": 30.19,
            "11": -18.98,
            "12": 7.93,
            "13": -34.65,
            "14": -42.95,
            "15": -15.93,
            "16": -29.42,
            "17": -18.83,
            "18": 30.44,
            "19": 43.13,
            "20": 21.69,
            "21": -10.04,
            "22": -40.1,
            "23": 30.99,
            "24": -12.18,
            "25": 29.9,
            "26": 42.03,
            "27": -3.87,
            "28": 45.65,
            "29": -14.96,
            "30": 1.83,
            "31": 12.86,
            "32": -19.89,
            "33": -3.74,
            "34": -27.19,
            "35": -20.07,
            "36": -35.13,
            "37": -19.87
        },
        "5": {
            "0": -40.43,
            "1": -45.78,
            "2": -21.24,
            "3": 4.51,
            "4": -15.5,
            "6": 13.36,
            "7": 7.3,
            "8": -40.37,
            "9": -44.24,
            "10": -22.76,
            "11": 9.32,
            "12": 23.88,
            "13": 41.01,
            "14": -1.61,
            "15": -13.66,
            "16": 40.02,
            "17": -35.68,
            "18": 42.55,
            "19": -16.79,
            "20": 21.21,
            "21": 1.5,
            "22": 46.97,
            "23": -40.67,
            "24": 27.26,
            "25": 24.67,
            "26": 15.16,
            "27": 6.33,
            "28": 16.94,
            "29": 19.55,
            "30": 42.36,
            "31": 10.7,
            "32": -39.12,
            "33": 14.11,
            "34": -10.78,
            "35": -18.41,
            "36": 38.69,
            "37": -14.36
        },
        "6": {
            "0": -15.6,
            "1": 25.92,
            "2": 0.58,
            "3": 2.98,
            "4": -22.39,
            "5": 13.36,
            "7": 15.66,
            "8": -33.02,
            "9": 15.44,
            "10": 18.72,
            "11": -40.71,
            "12": -22.68,
            "13": -0.48,
            "14": -40.73,
            "15": -40.49,
            "16": 37.58,
            "17": 38.89,
            "18": -37.8,
            "19": 1.89,
            "20": -15.91,
            "21": 43.1,
            "22": 6.81,
            "23": -45.01,
            "24": 22.06,
            "25": -43.39,
            "26": 33.6,
            "27": 21.89,
            "28": -39.78,
            "29": 22.57,
            "30": 32.5,
            "31": -4.9,
            "32": 15.16,
            "33": -12.96,
            "34": -23.29,
            "35": 40.67,
            "36": -22.76,
            "37": -28.47
        },
        "7": {
            "0": -9.3,
            "1": 18.66,
            "2": 39.22,
            "3": 47.12,
            "4": -32.32,
            "5": 7.3,
            "6": 15.66,
            "8": -2.18,
            "9": 1.77,
            "10": 43.46,
            "11": 47.98,
            "12": 30.21,
            "13": -11.82,
            "14": -13.58,
            "15": 35.2,
            "16": -39.82,
            "17": 8.74,
            "18": -23.92,
            "19": -15.02,
            "20": -8.94,
            "21": 42.23,
            "22": -2.87,
            "23": 10.06,
            "24": 10.01,
            "25": -14.72,
            "26": -36.56,
            "27": -8.17,
            "28": 42.39,
            "29": 1.34,
            "30": -46.09,
            "31": -1.49,
            "32": -32.13,
            "33": -33.64,
            "34": -23.15,
            "35": -13.69,
            "36": -29.53,
            "37": -8.41
        },
        "8": {
            "0": -41.35,
            "1": 24.12,
            "2": -19.37,
            "3": -43.33,
            "4": -28.08,
            "5": -40.37,
            "6": -33.02,
            "7": -2.18,
            "9": -37.61,
            "10": -7.18,
            "11": 24.67,
            "12": 35.45,
            "13": -1.13,
            "14": 38.84,
            "15": -47.42,
            "16": 28.37,
            "17": -33.95,
            "18": 40.33,
            "19": -36.48,
            "20": 26.78,
            "21": 0.4,
            "22": 32.47,
            "23": -0.25,
            "24": 29.63,
            "25": 15.46,
            "26": 6.97,
            "27": -9.61,
            "28": -0.68,
            "29": 5.37,
            "30": 30.26,
            "31": 26.74,
            "32": -33.21,
            "33": -21.94,
            "34": 25.73,
            "35": -26.87,
            "36": -37.51,
            "37": 33.75
        },
        "9": {
            "0": -38.46,
            "1": -35.75,
            "2": -20.89,
            "3": -32.17,
            "4": 22.27,
            "5": -44.24,
            "6": 15.44,
            "7": 1.77,
            "8": -37.61,
            "10": -5.39,
            "11": -6.87,
            "12": 37.48,
            "13": 38.01,
            "14": 18.45,
            "15": -7.12,
            "16": -37.75,
            "17": 11.9,
            "18": -16.52,
            "19": -33.84,
            "20": -26.39,
            "21": 9.36,
            "22": 26.63,
            "23": 27.28,
            "24": -1.48,
            "25": -31.48,
            "26": 16.24,
            "27": 42.06,
            "28": -32.68,
            "29": -8.49,
            "30": 39.41,
            "31": 4.52,
            "32": 6.87,
            "33": -32.21,
            "34": 18.54,
            "35": -1.62,
            "36": -10.88,
            "37": 43.0
        },
        "10": {
            "0": -31.87,
            "1": -5.69,
            "2": -3.93,
            "3": -7.07,
            "4": 30.19,
            "5": -22.76,
            "6": 18.72,
            "7": 43.46,
            "8": -7.18,
            "9": -5.39,
            "11": -29.01,
            "12": 31.79,
            "13": -27.82,
            "14": 43.02,
            "15": -35.17,
            "16": 21.65,
            "17": -1.16,
            "18": 11.78,
            "19": 29.76,
            "20": 47.13,
            "21": -44.77,
            "22": 45.92,
            "23": 15.16,
            "24": 13.19,
            "25": -35.56,
            "26": -37.76,
            "27": 34.5,
            "28": 1.75,
            "29": 26.71,
            "30": -47.01,
            "31": -12.12,
            "32": 5.25,
            "33": -18.38,
            "34": 2.78,
            "35": -5.65,
            "36": 10.28,
            "37": 14.1
        },
        "11": {
            "0": 41.64,
            "1": 25.4,
            "2": 23.43,
            "3": 32.66,
            "4": -18.98,
            "5": 9.32,
            "6": -40.71,
            "7": 47.98,
            "8": 24.67,
            "9": -6.87,
            "10": -29.01,
            "12": 28.73,
            "13": -8.31,
            "14": -44.83,
            "15": 47.65,
            "16": -29.49,
            "17": 45.67,
            "18": 11.71,
            "19": -22.6,
            "20": -13.84,
            "21": -32.85,
            "22": -45.97,
            "23": -7.59,
            "24": 15.73,
            "25": -44.04,
            "26": -10.38,
            "27": -40.42,
            "28": 29.47,
            "29": -8.82,
            "30": -30.99,
            "31": 7.57,
            "32": -10.8,
            "33": -0.43,
            "34": 38.71,
            "35": -37.5,
            "36": -3.43,
            "37": -12.65
        },
        "12": {
            "0": -3.66,
            "1": 2.35,
            "2": 24.0,
            "3": -18.7,
            "4": 7.93,
            "5": 23.88,
            "6": -22.68,
            "7": 30.21,
            "8": 35.45,
            "9": 37.48,
            "10": 31.79,
            "11": 28.73,
            "13": 22.75,
            "14": -31.03,
            "15": -22.36,
            "16": 10.72,
            "17": -3.93,
            "18": -13.39,
            "19": -27.53,
            "20": 35.93,
            "21": 28.02,
            "22": 5.38,
            "23": 45.15,
            "24": -12.52,
            "25": -1.8,
            "26": -7.26,
            "27": -7.88,
            "28": -28.34,
            "29": 23.06,
            "30": 44.22,
            "31": -39.13,
            "32": 36.31,
            "33": 9.83,
            "34": -31.93,
            "35": 18.43,
            "36": -1.65,
            "37": 13.7
        },
        "13": {
            "0": 23.1,
            "1": -29.21,
            "2": -23.16,
            "3": -20.74,
            "4": -34.65,
            "5": 41.01,
            "6": -0.48,
            "7": -11.82,
            "8": -1.13,
            "9": 38.01,
            "10": -27.82,
            "11": -8.31,
            "12": 22.75,
            "14": 3.78,
            "15": 23.83,
            "16": -5.66,
            "17": -6.54,
            "18": -39.95,
            "19": -44.33,
            "20": -27.95,
            "21": -39.61,
            "22": 4.32,
            "23": -40.01,
            "24": 16.17,
            "25": 33.6,
            "26": 46.0,
            "27": 5.31,
            "28": 20.41,
            "29": 9.96,
            "30": 26.68,
            "31": 40.36,
            "32": 23.52,
            "33": -39.38,
            "34": -20.09,
            "35": -19.74,
            "36": -8.43,
            "37": -29.31
        },
        "14": {
            "0": 27.04,
            "1": 39.3,
            "2": 40.93,
            "3": 5.28,
            "4": -42.95,
            "5": -1.61,
            "6": -40.73,
            "7": -13.58,
            "8": 38.84,
            "9": 18.45,
            "10": 43.02,
            "11": -44.83,
            "12": -31.03,
            "13": 3.78,
            "15": -44.02,
            "16": -25.12,
            "17": -41.66,
            "18": -18.08,
            "19": 33.58,
            "20": -13.38,
            "21": 27.49,
            "22": 27.46,
            "23": -47.44,
            "24": -21.51,
            "25": 42.62,
            "26": -20.11,
            "27": 14.7,
            "28": 7.78,
            "29": -17.25,
            "30": 42.42,
            "31": -34.37,
            "32": 7.84,
            "33": 35.61,
            "34": -37.67,
            "35": 17.79,
            "36": -18.8,
            "37": 26.28
        },
        "15": {
            "0": 23.95,
            "1": 27.91,
            "2": 25.74,
            "3": -36.87,
            "4": -15.93,
            "5": -13.66,
            "6": -40.49,
            "7": 35.2,
            "8": -47.42,
            "9": -7.12,
            "10": -35.17,
            "11": 47.65,
            "12": -22.36,
            "13": 23.83,
            "14": -44.02,
            "16": -5.79,
            "17": -36.04,
            "18": -20.93,
            "19": -23.65,
            "20": -6.42,
            "21": 38.8,
            "22": -8.36,
            "23": -1.46,
            "24": 21.12,
            "25": 34.56,
            "26": -6.42,
            "27": 32.41,
            "28": 3.94,
            "29": 45.54,
            "30": -15.04,
            "31": -34.94,
            "32": -23.13,
            "33": -11.33,
            "34": -24.39,
            "35": 7.63,
            "36": 2.61,
            "37": -33.17
        },
        "16": {
            "0": 24.12,
            "1": 17.47,
            "2": 43.86,
            "3": -14.06,
            "4": -29.42,
            "5": 40.02,
            "6": 37.58,
            "7": -39.82,
            "8": 28.37,
            "9": -37.75,
            "10": 21.65,
            "11": -29.49,
            "12": 10.72,
            "13": -5.66,
            "14": -25.12,
            "15": -5.79,
            "17": -8.71,
            "18": 24.2,
            "19": -36.6,
            "20": 12.71,
            "21": -1.2,
            "22": 16.46,
            "23": 6.67,
            "24": 32.81,
            "25": -20.0,
            "26": 40.44,
            "27": -10.53,
            "28": -24.96,
            "29": 33.57,
            "30": 31.82,
            "31": -22.54,
            "32": -25.07,
            "33": 34.56,
            "34": -6.33,
            "35": -7.2,
            "36": 42.11,
            "37": 7.63
        },
        "17": {
            "0": -1.73,
            "1": 0.09,
            "2": -3.68,
            "3": -15.04,
            "4": -18.83,
            "5": -35.68,
            "6": 38.89,
            "7": 8.74,
            "8": -33.95,
            "9": 11.9,
            "10": -1.16,
            "11": 45.67,
            "12": -3.93,
            "13": -6.54,
            "14": -41.66,
            "15": -36.04,
            "16": -8.71,
            "18": 21.94,
            "19": -23.19,
            "20": 45.38,
            "21": 37.34,
            "22": 3.79,
            "23": 9.86,
            "24": 7.42,
            "25": 8.79,
            "26": -14.78,
            "27": -13.8,
            "28": -39.96,
            "29": 16.44,
            "30": -30.27,
            "31": -11.19,
            "32": 14.38,
            "33": 12.21,
            "34": 13.81,
            "35": 10.22,
            "36": 13.41,
            "37": 24.28
        },
        "18": {
            "0": -24.39,
            "1": -30.98,
            "2": 20.51,
            "3": -40.59,
            "4": 30.44,
            "5": 42.55,
            "6": -37.8,
            "7": -23.92,
            "8": 40.33,
            "9": -16.52,
            "10": 11.78,
            "11": 11.71,
            "12": -13.39,
            "13": -39.95,
            "14": -18.08,
            "15": -20.93,
            "16": 24.2,
            "17": 21.94,
            "19": -29.18,
            "20": -39.11,
            "21": 28.74,
            "22": 27.19,
            "23": -19.19,
            "24": -0.66,
            "25": 25.4,
            "26": -9.83,
            "27": 6.57,
            "28": 43.91,
            "29": 28.74,
            "30": 9.92,
            "31": 20.86,
            "32": 38.28,
            "33": 32.75,
            "34": 45.34,
            "35": 16.58,
            "36": -47.51,
            "37": -33.85
        },
        "19": {
            "0": -17.33,
            "1": 24.65,
            "2": -21.12,
            "3": -15.35,
            "4": 43.13,
            "5": -16.79,
            "6": 1.89,
            "7": -15.02,
            "8": -36.48,
            "9": -33.84,
            "10": 29.76,
            "11": -22.6,
            "12": -27.53,
            "13": -44.33,
            "14": 33.58,
            "15": -23.65,
            "16": -36.6,
            "17": -23.19,
            "18": -29.18,
            "20": -0.98,
            "21": -6.04,
            "22": -27.15,
            "23": -31.21,
            "24": 3.78,
            "25": 29.11,
            "26": -35.96,
            "27": -3.28,
            "28": 35.83,
            "29": 6.14,
            "30": -9.57,
            "31": 33.9,
            "32": 32.68,
            "33": 2.41,
            "34": 30.07,
            "35": -7.07,
            "36": 21.86,
            "37": 5.89
        },
        "20": {
            "0": 33.16,
            "1": 41.54,
            "2": -21.98,
            "3": -31.99,
            "4": 21.69,
            "5": 21.21,
            "6": -15.91,
            "7": -8.94,
            "8": 26.78,
            "9": -26.39,
            "10": 47.13,
            "11": -13.84,
            "12": 35.93,
            "13": -27.95,
            "14": -13.38,
            "15": -6.42,
            "16": 12.71,
            "17": 45.38,
            "18": -39.11,
            "19": -0.98,
            "21": -35.89,
            "22": -3.37,
            "23": -33.03,
            "24": -11.15,
            "25": -41.83,
            "26": -17.3,
            "27": 31.81,
            "28": 6.25,
            "29": -7.18,
            "30": -32.16,
            "31": -34.69,
            "32": 27.87,
            "33": 6.49,
            "34": 26.52,
            "35": -47.7,
            "36": 29.92,
            "37": -39.52
        },
        "21": {
            "0": 6.71,
            "1": 45.03,
            "2": -8.14,
            "3": -9.66,
            "4": -10.04,
            "5": 1.5,
            "6": 43.1,
            "7": 42.23,
            "8": 0.4,
            "9": 9.36,
            "10": -44.77,
            "11": -32.85,
            "12": 28.02,
            "13": -39.61,
            "14": 27.49,
            "15": 38.8,
            "16": -1.2,
            "17": 37.34,
            "18": 28.74,
            "19": -6.04,
            "20": -35.89,
            "22": -11.15,
            "23": -44.54,
            "24": 35.21,
            "25": -8.08,
            "26": -15.22,
            "27": -19.71,
            "28": 5.97,
            "29": 29.71,
            "30": 13.04,
            "31": 38.36,
            "32": 5.05,
            "33": 18.74,
            "34": 18.44,
            "35": 3.11,
            "36": -22.82,
            "37": -39.85
        },
        "22": {
            "0": -38.66,
            "1": -43.0,
            "2": 5.31,
            "3": -20.05,
            "4": -40.1,
            "5": 46.97,
            "6": 6.81,
            "7": -2.87,
            "8": 32.47,
            "9": 26.63,
            "10": 45.92,
            "11": -45.97,
            "12": 5.38,
            "13": 4.32,
            "14": 27.46,
            "15": -8.36,
            "16": 16.46,
            "17": 3.79,
            "18": 27.19,
            "19": -27.15,
            "20": -3.37,
            "21": -11.15,
            "23": 10.77,
            "24": 11.64,
            "25": -44.83,
            "26": 26.41,
            "27": 37.37,
            "28": -25.81,
            "29": -40.78,
            "30": 24.0,
            "31": -13.32,
            "32": 29.43,
            "33": -34.89,
            "34": -45.67,
            "35": 14.38,
            "36": 33.76,
            "37": 1.75
        },
        "23": {
            "0": -28.72,
            "1": 41.59,
            "2": 15.79,
            "3": -12.31,
            "4": 30.99,
            "5": -40.67,
            "6": -45.01,
            "7": 10.06,
            "8": -0.25,
            "9": 27.28,
            "10": 15.16,
            "11": -7.59,
            "12": 45.15,
            "13": -40.01,
            "14": -47.44,
            "15": -1.46,
            "16": 6.67,
            "17": 9.86,
            "18": -19.19,
            "19": -31.21,
            "20": -33.03,
            "21": -44.54,
            "22": 10.77,
            "24": -35.95,
            "25": -23.84,
            "26": 33.08,
            "27": 38.0,
            "28": -10.22,
            "29": 47.55,
            "30": -20.26,
            "31": 32.59,
            "32": 22.8,
            "33": 6.69,
            "34": 5.46,
            "35": -23.97,
            "36": 16.23,
            "37": -9.54
        },
        "24": {
            "0": -16.94,
            "1": 12.03,
            "2": -3.94,
            "3": 14.6,
            "4": -12.18,
            "5": 27.26,
            "6": 22.06,
            "7": 10.01,
            "8": 29.63,
            "9": -1.48,
            "10": 13.19,
            "11": 15.73,
            "12": -12.52,
            "13": 16.17,
            "14": -21.51,
            "15": 21.12,
            "16": 32.81,
            "17": 7.42,
            "18": -0.66,
            "19": 3.78,
            "20": -11.15,
            "21": 35.21,
            "22": 11.64,
            "23": -35.95,
            "25": 22.15,
            "26": -30.92,
            "27": -22.98,
            "28": 42.04,
            "29": -34.99,
            "30": 24.93,
            "31": -25.04,
            "32": 34.48,
            "33": -20.89,
            "34": -39.84,
            "35": 12.67,
            "36": 20.76,
            "37": 14.41
        },
        "25": {
            "0": -8.26,
            "1": 8.69,
            "2": -18.88,
            "3": -27.68,
            "4": 29.9,
            "5": 24.67,
            "6": -43.39,
            "7": -14.72,
            "8": 15.46,
            "9": -31.48,
            "10": -35.56,
            "11": -44.04,
            "12": -1.8,
            "13": 33.6,
            "14": 42.62,
            "15": 34.56,
            "16": -20.0,
            "17": 8.79,
            "18": 25.4,
            "19": 29.11,
            "20": -41.83,
            "21": -8.08,
            "22": -44.83,
            "23": -23.84,
            "24": 22.15,
            "26": 46.41,
            "27": 17.7,
            "28": 30.89,
            "29": 32.41,
            "30": 47.02,
            "31": 19.27,
            "32": 37.4,
            "33": 5.73,
            "34": -11.8,
            "35": -40.63,
            "36": 11.51,
            "37": 15.9
        },
        "26": {
            "0": 33.02,
            "1": -32.22,
            "2": -36.74,
            "3": 34.33,
            "4": 42.03,
            "5": 15.16,
            "6": 33.6,
            "7": -36.56,
            "8": 6.97,
            "9": 16.24,
            "10": -37.76,
            "11": -10.38,
            "12": -7.26,
            "13": 46.0,
            "14": -20.11,
            "15": -6.42,
            "16": 40.44,
            "17": -14.78,
            "18": -9.83,
            "19": -35.96,
            "20": -17.3,
            "21": -15.22,
            "22": 26.41,
            "23": 33.08,
            "24": -30.92,
            "25": 46.41,
            "27": -39.42,
            "28": 19.24,
            "29": -26.81,
            "30": 33.6,
            "31": -39.78,
            "32": 28.38,
            "33": 23.5,
            "34": 1.84,
            "35": -46.85,
            "36": 22.72,
            "37": -21.4
        },
        "27": {
            "0": -4.58,
            "1": 38.13,
            "2": -22.22,
            "3": -38.64,
            "4": -3.87,
            "5": 6.33,
            "6": 21.89,
            "7": -8.17,
            "8": -9.61,
            "9": 42.06,
            "10": 34.5,
            "11": -40.42,
            "12": -7.88,
            "13": 5.31,
            "14": 14.7,
            "15": 32.41,
            "16": -10.53,
            "17": -13.8,
            "18": 6.57,
            "19": -3.28,
            "20": 31.81,
            "21": -19.71,
            "22": 37.37,
            "23": 38.0,
            "24": -22.98,
            "25": 17.7,
            "26": -39.42,
            "28": 4.62,
            "29": -20.22,
            "30": -35.72,
            "31": -39.16,
            "32": 44.53,
            "33": -3.5,
            "34": 0.5,
            "35": -21.82,
            "36": -13.63,
            "37": 41.95
        },
        "28": {
            "0": -24.43,
            "1": 26.14,
            "2": -43.12,
            "3": -0.49,
            "4": 45.65,
            "5": 16.94,
            "6": -39.78,
            "7": 42.39,
            "8": -0.68,
            "9": -32.68,
            "10": 1.75,
            "11": 29.47,
            "12": -28.34,
            "13": 20.41,
            "14": 7.78,
            "15": 3.94,
            "16": -24.96,
            "17": -39.96,
            "18": 43.91,
            "19": 35.83,
            "20": 6.25,
            "21": 5.97,
            "22": -25.81,
            "23": -10.22,
            "24": 42.04,
            "25": 30.89,
            "26": 19.24,
            "27": 4.62,
            "29": 9.3,
            "30": 6.04,
            "31": -42.1,
            "32": -30.1,
            "33": 45.21,
            "34": -12.81,
            "35": 21.23,
            "36": 44.97,
            "37": 9.12
        },
        "29": {
            "0": 45.86,
            "1": 19.57,
            "2": -42.35,
            "3": 40.12,
            "4": -14.96,
            "5": 19.55,
            "6": 22.57,
            "7": 1.34,
            "8": 5.37,
            "9": -8.49,
            "10": 26.71,
            "11": -8.82,
            "12": 23.06,
            "13": 9.96,
            "14": -17.25,
            "15": 45.54,
            "16": 33.57,
            "17": 16.44,
            "18": 28.74,
            "19": 6.14,
            "20": -7.18,
            "21": 29.71,
            "22": -40.78,
            "23": 47.55,
            "24": -34.99,
            "25": 32.41,
            "26": -26.81,
            "27": -20.22,
            "28": 9.3,
            "30": 11.8,
            "31": -21.02,
            "32": -14.04,
            "33": -25.63,
            "34": 26.94,
            "35": 18.69,
            "36": -38.7,
            "37": 13.23
        },
        "30": {
            "0": 20.22,
            "1": 0.68,
            "2": -21.26,
            "3": -20.07,
            "4": 1.83,
            "5": 42.36,
            "6": 32.5,
            "7": -46.09,
            "8": 30.26,
            "9": 39.41,
            "10": -47.01,
            "11": -30.99,
            "12": 44.22,
            "13": 26.68,
            "14": 42.42,
            "15": -15.04,
            "16": 31.82,
            "17": -30.27,
            "18": 9.92,
            "19": -9.57,
            "20": -32.16,
            "21": 13.04,
            "22": 24.0,
            "23": -20.26,
            "24": 24.93,
            "25": 47.02,
            "26": 33.6,
            "27": -35.72,
            "28": 6.04,
            "29": 11.8,
            "31": 8.74,
            "32": -37.41,
            "33": 33.44,
            "34": 10.55,
            "35": 45.96,
            "36": -1.19,
            "37": -30.76
        },
        "31": {
            "0": 21.65,
            "1": 20.4,
            "2": 32.92,
            "3": -7.91,
            "4": 12.86,
            "5": 10.7,
            "6": -4.9,
            "7": -1.49,
            "8": 26.74,
            "9": 4.52,
            "10": -12.12,
            "11": 7.57,
            "12": -39.13,
            "13": 40.36,
            "14": -34.37,
            "15": -34.94,
            "16": -22.54,
            "17": -11.19,
            "18": 20.86,
            "19": 33.9,
            "20": -34.69,
            "21": 38.36,
            "22": -13.32,
            "23": 32.59,
            "24": -25.04,
            "25": 19.27,
            "26": -39.78,
            "27": -39.16,
            "28": -42.1,
            "29": -21.02,
            "30": 8.74,
            "32": 45.27,
            "33": 27.59,
            "34": 18.18,
            "35": -36.08,
            "36": -8.09,
            "37": 14.17
        },
        "32": {
            "0": 44.6,
            "1": 11.7,
            "2": 24.14,
            "3": -17.6,
            "4": -19.89,
            "5": -39.12,
            "6": 15.16,
            "7": -32.13,
            "8": -33.21,
            "9": 6.87,
            "10": 5.25,
            "11": -10.8,
            "12": 36.31,
            "13": 23.52,
            "14": 7.84,
            "15": -23.13,
            "16": -25.07,
            "17": 14.38,
            "18": 38.28,
            "19": 32.68,
            "20": 27.87,
            "21": 5.05,
            "22": 29.43,
            "23": 22.8,
            "24": 34.48,
            "25": 37.4,
            "26": 28.38,
            "27": 44.53,
            "28": -30.1,
            "29": -14.04,
            "30": -37.41,
            "31": 45.27,
            "33": -14.26,
            "34": -32.97,
            "35": 4.95,
            "36": 2.92,
            "37": -17.22
        },
        "33": {
            "0": 8.01,
            "1": -17.56,
            "2": 38.04,
            "3": -25.22,
            "4": -3.74,
            "5": 14.11,
            "6": -12.96,
            "7": -33.64,
            "8": -21.94,
            "9": -32.21,
            "10": -18.38,
            "11": -0.43,
            "12": 9.83,
            "13": -39.38,
            "14": 35.61,
            "15": -11.33,
            "16": 34.56,
            "17": 12.21,
            "18": 32.75,
            "19": 2.41,
            "20": 6.49,
            "21": 18.74,
            "22": -34.89,
            "23": 6.69,
            "24": -20.89,
            "25": 5.73,
            "26": 23.5,
            "27": -3.5,
            "28": 45.21,
            "29": -25.63,
            "30": 33.44,
            "31": 27.59,
            "32": -14.26,
            "34": 25.92,
            "35": -36.21,
            "36": 8.46,
            "37": 1.14
        },
        "34": {
            "0": 13.76,
            "1": 9.79,
            "2": -14.14,
            "3": -0.2,
            "4": -27.19,
            "5": -10.78,
            "6": -23.29,
            "7": -23.15,
            "8": 25.73,
            "9": 18.54,
            "10": 2.78,
            "11": 38.71,
            "12": -31.93,
            "13": -20.09,
            "14": -37.67,
            "15": -24.39,
            "16": -6.33,
            "17": 13.81,
            "18": 45.34,
            "19": 30.07,
            "20": 26.52,
            "21": 18.44,
            "22": -45.67,
            "23": 5.46,
            "24": -39.84,
            "25": -11.8,
            "26": 1.84,
            "27": 0.5,
            "28": -12.81,
            "29": 26.94,
            "30": 10.55,
            "31": 18.18,
            "32": -32.97,
            "33": 25.92,
            "35": 17.06,
            "36": 30.8,
            "37": -1.86
        },
        "35": {
            "0": -33.03,
            "1": -6.43,
            "2": 10.5,
            "3": 46.17,
            "4": -20.07,
            "5": -18.41,
            "6": 40.67,
            "7": -13.69,
            "8": -26.87,
            "9": -1.62,
            "10": -5.65,
            "11": -37.5,
            "12": 18.43,
            "13": -19.74,
            "14": 17.79,
            "15": 7.63,
            "16": -7.2,
            "17": 10.22,
            "18": 16.58,
            "19": -7.07,
            "20": -47.7,
            "21": 3.11,
            "22": 14.38,
            "23": -23.97,
            "24": 12.67,
            "25": -40.63,
            "26": -46.85,
            "27": -21.82,
            "28": 21.23,
            "29": 18.69,
            "30": 45.96,
            "31": -36.08,
            "32": 4.95,
            "33": -36.21,
            "34": 17.06,
            "36": 17.83,
            "37": -36.6
        },
        "36": {
            "0": -15.04,
            "1": -24.09,
            "2": -9.48,
            "3": 2.72,
            "4": -35.13,
            "5": 38.69,
            "6": -22.76,
            "7": -29.53,
            "8": -37.51,
            "9": -10.88,
            "10": 10.28,
            "11": -3.43,
            "12": -1.65,
            "13": -8.43,
            "14": -18.8,
            "15": 2.61,
            "16": 42.11,
            "17": 13.41,
            "18": -47.51,
            "19": 21.86,
            "20": 29.92,
            "21": -22.82,
            "22": 33.76,
            "23": 16.23,
            "24": 20.76,
            "25": 11.51,
            "26": 22.72,
            "27": -13.63,
            "28": 44.97,
            "29": -38.7,
            "30": -1.19,
            "31": -8.09,
            "32": 2.92,
            "33": 8.46,
            "34": 30.8,
            "35": 17.83,
            "37": 31.47
        },
        "37": {
            "0": -20.34,
            "1": 25.03,
            "2": -22.15,
            "3": 6.71,
            "4": -19.87,
            "5": -14.36,
            "6": -28.47,
            "7": -8.41,
            "8": 33.75,
            "9": 43.0,
            "10": 14.1,
            "11": -12.65,
            "12": 13.7,
            "13": -29.31,
            "14": 26.28,
            "15": -33.17,
            "16": 7.63,
            "17": 24.28,
            "18": -33.85,
            "19": 5.89,
            "20": -39.52,
            "21": -39.85,
            "22": 1.75,
            "23": -9.54,
            "24": 14.41,
            "25": 15.9,
            "26": -21.4,
            "27": 41.95,
            "28": 9.12,
            "29": 13.23,
            "30": -30.76,
            "31": 14.17,
            "32": -17.22,
            "33": 1.14,
            "34": -1.86,
            "35": -36.6,
            "36": 31.47
        }
    }
}