{
    "knapsack_size": 289,
    "Gamma": 1,
    "n_items": 20,
    "costs": {
        "0": {
            "l": 78.36,
            "a": 132.49,
            "u": 143.92
        },
        "1": {
            "l": 78.84,
            "a": 134.42,
            "u": 167.34
        },
        "2": {
            "l": 85.37,
            "a": 120.82,
            "u": 141.82
        },
        "3": {
            "l": 80.28,
            "a": 122.39,
            "u": 154.1
        },
        "4": {
            "l": 79.54,
            "a": 126.49,
            "u": 132.5
        },
        "5": {
            "l": 76.37,
            "a": 125.15,
            "u": 158.99
        },
        "6": {
            "l": 66.72,
            "a": 129.04,
            "u": 156.48
        },
        "7": {
            "l": 67.31,
            "a": 109.29,
            "u": 130.84
        },
        "8": {
            "l": 83.53,
            "a": 109.74,
            "u": 160.82
        },
        "9": {
            "l": 63.52,
            "a": 116.84,
            "u": 141.77
        },
        "10": {
            "l": 74.84,
            "a": 120.47,
            "u": 150.01
        },
        "11": {
            "l": 73.47,
            "a": 113.81,
            "u": 153.48
        },
        "12": {
            "l": 69.3,
            "a": 134.02,
            "u": 151.73
        },
        "13": {
            "l": 85.75,
            "a": 123.24,
            "u": 142.85
        },
        "14": {
            "l": 73.63,
            "a": 129.51,
            "u": 139.71
        },
        "15": {
            "l": 70.71,
            "a": 118.13,
            "u": 144.86
        },
        "16": {
            "l": 61.51,
            "a": 115.31,
            "u": 131.87
        },
        "17": {
            "l": 66.88,
            "a": 121.58,
            "u": 154.07
        },
        "18": {
            "l": 64.75,
            "a": 133.42,
            "u": 166.52
        },
        "19": {
            "l": 60.42,
            "a": 110.98,
            "u": 152.61
        }
    },
    "profits": {
        "0": 180.51,
        "1": 189.88,
        "2": 190.35,
        "3": 182.89,
        "4": 193.55,
        "5": 202.91,
        "6": 203.17,
        "7": 168.84,
        "8": 199.37,
        "9": 183.36,
        "10": 176.98,
        "11": 172.23,
        "12": 182.88,
        "13": 190.69,
        "14": 190.41,
        "15": 182.63,
        "16": 193.08,
        "17": 181.87,
        "18": 209.17,
        "19": 171.66
    },
    "synergies": {
        "0": {
            "1": 39.47,
            "2": 34.29,
            "3": 49.89,
            "4": 7.13,
            "5": 33.2,
            "6": 45.34,
            "7": 38.57,
            "8": 25.26,
            "9": 14.77,
            "10": 48.51,
            "11": 25.31,
            "12": 45.71,
            "13": 36.93,
            "14": 46.33,
            "15": 17.48,
            "16": 14.72,
            "17": 26.51,
            "18": 40.3,
            "19": 18.31
        },
        "1": {
            "0": 39.47,
            "2": 23.85,
            "3": 19.73,
            "4": 46.08,
            "5": 26.78,
            "6": 30.71,
            "7": 27.17,
            "8": 32.83,
            "9": 58.34,
            "10": 39.08,
            "11": 58.51,
            "12": 46.55,
            "13": 7.99,
            "14": 37.88,
            "15": 26.48,
            "16": 34.57,
            "17": 16.93,
            "18": 42.3,
            "19": 26.24
        },
        "2": {
            "0": 34.29,
            "1": 23.85,
            "3": 37.71,
            "4": 39.18,
            "5": 28.53,
            "6": 17.14,
            "7": 7.14,
            "8": 54.4,
            "9": 39.02,
            "10": 58.76,
            "11": 14.17,
            "12": 47.53,
            "13": 43.17,
            "14": 28.04,
            "15": 30.9,
            "16": 42.24,
            "17": 37.37,
            "18": 39.21,
            "19": 14.3
        },
        "3": {
            "0": 49.89,
            "1": 19.73,
            "2": 37.71,
            "4": -0.35,
            "5": 27.46,
            "6": 69.66,
            "7": 36.77,
            "8": 42.22,
            "9": 31.88,
            "10": 49.23,
            "11": 3.44,
            "12": 28.41,
            "13": 39.47,
            "14": 24.08,
            "15": 37.31,
            "16": 11.8,
            "17": 42.37,
            "18": 36.82,
            "19": 64.97
        },
        "4": {
            "0": 7.13,
            "1": 46.08,
            "2": 39.18,
            "3": -0.35,
            "5": 66.17,
            "6": 37.09,
            "7": 23.46,
            "8": 29.23,
            "9": 41.12,
            "10": 26.3,
            "11": 25.32,
            "12": -8.82,
            "13": 0.66,
            "14": 45.82,
            "15": 47.03,
            "16": 37.57,
            "17": 48.45,
            "18": 14.83,
            "19": 47.96
        },
        "5": {
            "0": 33.2,
            "1": 26.78,
            "2": 28.53,
            "3": 27.46,
            "4": 66.17,
            "6": 43.17,
            "7": 32.86,
            "8": 48.14,
            "9": 69.07,
            "10": 18.69,
            "11": 31.08,
            "12": 34.75,
            "13": 54.02,
            "14": 27.13,
            "15": 17.61,
            "16": 71.85,
            "17": 27.89,
            "18": 43.02,
            "19": 50.83
        },
        "6": {
            "0": 45.34,
            "1": 30.71,
            "2": 17.14,
            "3": 69.66,
            "4": 37.09,
            "5": 43.17,
            "7": 33.76,
            "8": 58.99,
            "9": 29.44,
            "10": 38.12,
            "11": 37.13,
            "12": 36.14,
            "13": 32.05,
            "14": 49.72,
            "15": 46.98,
            "16": 46.32,
            "17": 38.9,
            "18": 11.7,
            "19": 24.8
        },
        "7": {
            "0": 38.57,
            "1": 27.17,
            "2": 7.14,
            "3": 36.77,
            "4": 23.46,
            "5": 32.86,
            "6": 33.76,
            "8": 33.79,
            "9": 25.95,
            "10": 29.11,
            "11": 56.6,
            "12": 12.84,
            "13": 19.39,
            "14": 41.21,
            "15": 40.18,
            "16": 48.12,
            "17": 11.83,
            "18": 15.89,
            "19": 63.77
        },
        "8": {
            "0": 25.26,
            "1": 32.83,
            "2": 54.4,
            "3": 42.22,
            "4": 29.23,
            "5": 48.14,
            "6": 58.99,
            "7": 33.79,
            "9": 22.64,
            "10": 28.6,
            "11": 27.4,
            "12": 20.06,
            "13": 37.27,
            "14": 16.68,
            "15": 67.13,
            "16": 0.79,
            "17": 19.93,
            "18": 17.09,
            "19": 42.69
        },
        "9": {
            "0": 14.77,
            "1": 58.34,
            "2": 39.02,
            "3": 31.88,
            "4": 41.12,
            "5": 69.07,
            "6": 29.44,
            "7": 25.95,
            "8": 22.64,
            "10": 21.62,
            "11": 42.7,
            "12": 40.55,
            "13": 3.98,
            "14": 37.0,
            "15": 49.92,
            "16": 42.38,
            "17": 33.03,
            "18": 12.46,
            "19": 55.01
        },
        "10": {
            "0": 48.51,
            "1": 39.08,
            "2": 58.76,
            "3": 49.23,
            "4": 26.3,
            "5": 18.69,
            "6": 38.12,
            "7": 29.11,
            "8": 28.6,
            "9": 21.62,
            "11": 40.63,
            "12": 21.62,
            "13": 27.88,
            "14": 43.58,
            "15": 31.1,
            "16": 20.28,
            "17": 44.22,
            "18": 2.22,
            "19": 35.91
        },
        "11": {
            "0": 25.31,
            "1": 58.51,
            "2": 14.17,
            "3": 3.44,
            "4": 25.32,
            "5": 31.08,
            "6": 37.13,
            "7": 56.6,
            "8": 27.4,
            "9": 42.7,
            "10": 40.63,
            "12": 52.27,
            "13": 36.36,
            "14": 26.56,
            "15": 9.24,
            "16": 32.24,
            "17": 27.41,
            "18": 38.99,
            "19": 34.45
        },
        "12": {
            "0": 45.71,
            "1": 46.55,
            "2": 47.53,
            "3": 28.41,
            "4": -8.82,
            "5": 34.75,
            "6": 36.14,
            "7": 12.84,
            "8": 20.06,
            "9": 40.55,
            "10": 21.62,
            "11": 52.27,
            "13": 42.98,
            "14": 18.79,
            "15": 31.8,
            "16": 52.53,
            "17": 33.44,
            "18": 36.25,
            "19": 15.54
        },
        "13": {
            "0": 36.93,
            "1": 7.99,
            "2": 43.17,
            "3": 39.47,
            "4": 0.66,
            "5": 54.02,
            "6": 32.05,
            "7": 19.39,
            "8": 37.27,
            "9": 3.98,
            "10": 27.88,
            "11": 36.36,
            "12": 42.98,
            "14": 45.98,
            "15": 59.16,
            "16": -9.1,
            "17": 55.88,
            "18": 2.7,
            "19": 33.63
        },
        "14": {
            "0": 46.33,
            "1": 37.88,
            "2": 28.04,
            "3": 24.08,
            "4": 45.82,
            "5": 27.13,
            "6": 49.72,
            "7": 41.21,
            "8": 16.68,
            "9": 37.0,
            "10": 43.58,
            "11": 26.56,
            "12": 18.79,
            "13": 45.98,
            "15": 8.41,
            "16": 16.26,
            "17": 23.25,
            "18": 22.24,
            "19": 33.52
        },
        "15": {
            "0": 17.48,
            "1": 26.48,
            "2": 30.9,
            "3": 37.31,
            "4": 47.03,
            "5": 17.61,
            "6": 46.98,
            "7": 40.18,
            "8": 67.13,
            "9": 49.92,
            "10": 31.1,
            "11": 9.24,
            "12": 31.8,
            "13": 59.16,
            "14": 8.41,
            "16": 50.92,
            "17": 19.04,
            "18": 28.17,
            "19": 14.84
        },
        "16": {
            "0": 14.72,
            "1": 34.57,
            "2": 42.24,
            "3": 11.8,
            "4": 37.57,
            "5": 71.85,
            "6": 46.32,
            "7": 48.12,
            "8": 0.79,
            "9": 42.38,
            "10": 20.28,
            "11": 32.24,
            "12": 52.53,
            "13": -9.1,
            "14": 16.26,
            "15": 50.92,
            "17": 52.26,
            "18": 47.53,
            "19": 32.82
        },
        "17": {
            "0": 26.51,
            "1": 16.93,
            "2": 37.37,
            "3": 42.37,
            "4": 48.45,
            "5": 27.89,
            "6": 38.9,
            "7": 11.83,
            "8": 19.93,
            "9": 33.03,
            "10": 44.22,
            "11": 27.41,
            "12": 33.44,
            "13": 55.88,
            "14": 23.25,
            "15": 19.04,
            "16": 52.26,
            "18": 22.57,
            "19": 38.26
        },
        "18": {
            "0": 40.3,
            "1": 42.3,
            "2": 39.21,
            "3": 36.82,
            "4": 14.83,
            "5": 43.02,
            "6": 11.7,
            "7": 15.89,
            "8": 17.09,
            "9": 12.46,
            "10": 2.22,
            "11": 38.99,
            "12": 36.25,
            "13": 2.7,
            "14": 22.24,
            "15": 28.17,
            "16": 47.53,
            "17": 22.57,
            "19": 40.81
        },
        "19": {
            "0": 18.31,
            "1": 26.24,
            "2": 14.3,
            "3": 64.97,
            "4": 47.96,
            "5": 50.83,
            "6": 24.8,
            "7": 63.77,
            "8": 42.69,
            "9": 55.01,
            "10": 35.91,
            "11": 34.45,
            "12": 15.54,
            "13": 33.63,
            "14": 33.52,
            "15": 14.84,
            "16": 32.82,
            "17": 38.26,
            "18": 40.81
        }
    }
}