{
    "knapsack_size": 1100,
    "Gamma": 5,
    "n_items": 10,
    "costs": {
        "0": {
            "l": 70.03,
            "a": 102.83,
            "u": 137.97
        },
        "1": {
            "l": 65.67,
            "a": 86.85,
            "u": 134.91
        },
        "2": {
            "l": 63.0,
            "a": 99.51,
            "u": 109.66
        },
        "3": {
            "l": 49.27,
            "a": 105.76,
            "u": 140.75
        },
        "4": {
            "l": 58.71,
            "a": 109.98,
            "u": 141.59
        },
        "5": {
            "l": 64.47,
            "a": 95.81,
            "u": 99.62
        },
        "6": {
            "l": 65.31,
            "a": 87.41,
            "u": 92.95
        },
        "7": {
            "l": 45.52,
            "a": 56.53,
            "u": 125.5
        },
        "8": {
            "l": 73.8,
            "a": 109.5,
            "u": 129.7
        },
        "9": {
            "l": 48.28,
            "a": 113.65,
            "u": 135.78
        }
    },
    "profits": {
        "0": 158.01,
        "1": 109.51,
        "2": 157.48,
        "3": 161.44,
        "4": 156.92,
        "5": 110.63,
        "6": 153.28,
        "7": 96.71,
        "8": 141.86,
        "9": 168.49
    },
    "synergies": {
        "0": {
            "1": 0.0,
            "2": 0.0,
            "3": 0.0,
            "4": 0.0,
            "5": 0.0,
            "6": 0.0,
            "7": 0.0,
            "8": 0.0,
            "9": 0.0
        },
        "1": {
            "0": 0.0,
            "2": 0.0,
            "3": 0.0,
            "4": 0.0,
            "5": 0.0,
            "6": 0.0,
            "7": 0.0,
            "8": 0.0,
            "9": 0.0
        },
        "2": {
            "0": 0.0,
            "1": 0.0,
            "3": 0.0,
            "4": 0.0,
            "5": 0.0,
            "6": 0.0,
            "7": 0.0,
            "8": 0.0,
            "9": 0.0
        },
        "3": {
            "0": 0.0,
            "1": 0.0,
            "2": 0.0,
            "4": 0.0,
            "5": 0.0,
            "6": 0.0,
            "7": 0.0,
            "8": 0.0,
            "9": 0.0
        },
        "4": {
            "0": 0.0,
            "1": 0.0,
            "2": 0.0,
            "3": 0.0,
            "5": 0.0,
            "6": 0.0,
            "7": 0.0,
            "8": 0.0,
            "9": 0.0
        },
        "5": {
            "0": 0.0,
            "1": 0.0,
            "2": 0.0,
            "3": 0.0,
            "4": 0.0,
            "6": 0.0,
            "7": 0.0,
            "8": 0.0,
            "9": 0.0
        },
        "6": {
            "0": 0.0,
            "1": 0.0,
            "2": 0.0,
            "3": 0.0,
            "4": 0.0,
            "5": 0.0,
            "7": 0.0,
            "8": 0.0,
            "9": 0.0
        },
        "7": {
            "0": 0.0,
            "1": 0.0,
            "2": 0.0,
            "3": 0.0,
            "4": 0.0,
            "5": 0.0,
            "6": 0.0,
            "8": 0.0,
            "9": 0.0
        },
        "8": {
            "0": 0.0,
            "1": 0.0,
            "2": 0.0,
            "3": 0.0,
            "4": 0.0,
            "5": 0.0,
            "6": 0.0,
            "7": 0.0,
            "9": 0.0
        },
        "9": {
            "0": 0.0,
            "1": 0.0,
            "2": 0.0,
            "3": 0.0,
            "4": 0.0,
            "5": 0.0,
            "6": 0.0,
            "7": 0.0,
            "8": 0.0
        }
    }
}