{
    "knapsack_size": 8000,
    "Gamma": 24,
    "n_items": 29,
    "costs": {
        "0": {
            "l": 251.44,
            "a": 285.7,
            "u": 351.38
        },
        "1": {
            "l": 195.85,
            "a": 218.14,
            "u": 339.32
        },
        "2": {
            "l": 187.65,
            "a": 261.73,
            "u": 319.25
        },
        "3": {
            "l": 133.74,
            "a": 179.98,
            "u": 213.07
        },
        "4": {
            "l": 142.62,
            "a": 188.59,
            "u": 204.24
        },
        "5": {
            "l": 183.12,
            "a": 322.02,
            "u": 376.43
        },
        "6": {
            "l": 197.27,
            "a": 351.26,
            "u": 364.08
        },
        "7": {
            "l": 177.42,
            "a": 208.28,
            "u": 316.97
        },
        "8": {
            "l": 302.36,
            "a": 355.65,
            "u": 358.91
        },
        "9": {
            "l": 257.06,
            "a": 280.22,
            "u": 311.6
        },
        "10": {
            "l": 302.24,
            "a": 329.5,
            "u": 358.78
        },
        "11": {
            "l": 110.45,
            "a": 117.79,
            "u": 202.9
        },
        "12": {
            "l": 171.39,
            "a": 352.19,
            "u": 377.57
        },
        "13": {
            "l": 163.94,
            "a": 339.29,
            "u": 383.26
        },
        "14": {
            "l": 282.64,
            "a": 346.91,
            "u": 362.34
        },
        "15": {
            "l": 284.83,
            "a": 348.05,
            "u": 352.65
        },
        "16": {
            "l": 189.28,
            "a": 274.54,
            "u": 283.33
        },
        "17": {
            "l": 131.46,
            "a": 289.57,
            "u": 391.47
        },
        "18": {
            "l": 173.43,
            "a": 341.92,
            "u": 377.24
        },
        "19": {
            "l": 282.36,
            "a": 336.92,
            "u": 363.15
        },
        "20": {
            "l": 231.16,
            "a": 317.42,
            "u": 325.77
        },
        "21": {
            "l": 284.05,
            "a": 285.26,
            "u": 378.63
        },
        "22": {
            "l": 194.39,
            "a": 226.71,
            "u": 298.69
        },
        "23": {
            "l": 135.76,
            "a": 333.58,
            "u": 338.55
        },
        "24": {
            "l": 257.62,
            "a": 343.27,
            "u": 362.71
        },
        "25": {
            "l": 143.15,
            "a": 186.74,
            "u": 214.08
        },
        "26": {
            "l": 228.83,
            "a": 314.48,
            "u": 331.1
        },
        "27": {
            "l": 151.76,
            "a": 193.82,
            "u": 237.76
        },
        "28": {
            "l": 191.59,
            "a": 199.26,
            "u": 310.6
        }
    },
    "profits": {
        "0": 296.68,
        "1": 228.94,
        "2": 347.92,
        "3": 296.85,
        "4": 288.35,
        "5": 350.62,
        "6": 389.05,
        "7": 211.12,
        "8": 399.3,
        "9": 355.53,
        "10": 362.06,
        "11": 209.58,
        "12": 400.29,
        "13": 375.8,
        "14": 425.67,
        "15": 400.52,
        "16": 423.36,
        "17": 412.23,
        "18": 389.15,
        "19": 417.44,
        "20": 350.66,
        "21": 388.11,
        "22": 438.94,
        "23": 445.49,
        "24": 376.2,
        "25": 233.83,
        "26": 424.67,
        "27": 391.23,
        "28": 422.49
    },
    "synergies": {
        "0": {
            "1": -7.11,
            "2": -23.05,
            "3": 15.25,
            "4": 16.61,
            "5": 9.21,
            "6": -28.2,
            "7": 15.52,
            "8": -35.84,
            "9": -22.87,
            "10": 40.62,
            "11": 20.14,
            "12": -28.24,
            "13": -37.01,
            "14": -25.82,
            "15": 47.66,
            "16": -46.05,
            "17": 47.78,
            "18": -40.58,
            "19": -45.79,
            "20": -5.42,
            "21": -26.4,
            "22": -0.85,
            "23": 26.74,
            "24": 3.58,
            "25": -38.66,
            "26": 25.16,
            "27": -30.91,
            "28": -9.93
        },
        "1": {
            "0": -7.11,
            "2": -4.89,
            "3": 33.9,
            "4": 29.75,
            "5": -1.16,
            "6": -6.02,
            "7": 7.1,
            "8": 39.48,
            "9": 11.12,
            "10": 34.56,
            "11": -35.45,
            "12": 37.31,
            "13": 25.31,
            "14": 28.02,
            "15": 21.65,
            "16": 33.07,
            "17": -19.01,
            "18": -35.69,
            "19": 27.98,
            "20": -10.34,
            "21": 45.98,
            "22": 27.01,
            "23": 31.73,
            "24": -29.45,
            "25": -19.34,
            "26": 21.46,
            "27": -27.08,
            "28": -14.92
        },
        "2": {
            "0": -23.05,
            "1": -4.89,
            "3": -4.93,
            "4": -16.51,
            "5": 14.52,
            "6": 10.53,
            "7": 32.41,
            "8": 40.05,
            "9": -20.27,
            "10": 43.91,
            "11": 23.71,
            "12": 37.2,
            "13": -6.09,
            "14": 6.29,
            "15": -31.17,
            "16": -22.54,
            "17": -2.92,
            "18": 28.18,
            "19": 29.98,
            "20": -10.03,
            "21": -45.02,
            "22": 7.06,
            "23": 3.65,
            "24": -16.05,
            "25": 14.75,
            "26": -9.69,
            "27": 27.83,
            "28": 34.22
        },
        "3": {
            "0": 15.25,
            "1": 33.9,
            "2": -4.93,
            "4": 8.19,
            "5": -36.75,
            "6": -37.15,
            "7": -32.86,
            "8": -37.22,
            "9": -45.97,
            "10": 3.73,
            "11": 39.8,
            "12": -8.64,
            "13": -27.24,
            "14": 37.83,
            "15": 13.21,
            "16": -4.5,
            "17": 41.51,
            "18": -19.43,
            "19": 26.62,
            "20": -30.17,
            "21": 30.28,
            "22": -36.13,
            "23": -38.56,
            "24": 5.82,
            "25": -6.57,
            "26": -38.69,
            "27": 23.7,
            "28": -0.7
        },
        "4": {
            "0": 16.61,
            "1": 29.75,
            "2": -16.51,
            "3": 8.19,
            "5": -20.35,
            "6": -6.3,
            "7": -23.71,
            "8": -42.84,
            "9": 43.31,
            "10": 34.26,
            "11": -35.98,
            "12": 4.62,
            "13": 25.26,
            "14": -35.77,
            "15": -3.8,
            "16": -5.66,
            "17": 6.16,
            "18": 29.62,
            "19": 18.08,
            "20": 34.54,
            "21": -29.97,
            "22": -47.42,
            "23": -20.7,
            "24": 22.39,
            "25": 40.11,
            "26": -26.11,
            "27": -14.44,
            "28": 34.82
        },
        "5": {
            "0": 9.21,
            "1": -1.16,
            "2": 14.52,
            "3": -36.75,
            "4": -20.35,
            "6": -22.46,
            "7": -12.34,
            "8": 39.32,
            "9": -46.17,
            "10": 30.35,
            "11": -16.45,
            "12": -2.9,
            "13": 30.09,
            "14": -6.51,
            "15": -39.93,
            "16": -46.48,
            "17": 18.87,
            "18": 0.78,
            "19": -6.9,
            "20": 17.18,
            "21": -25.84,
            "22": -41.92,
            "23": -31.53,
            "24": 8.28,
            "25": 14.01,
            "26": -5.77,
            "27": 21.84,
            "28": -43.94
        },
        "6": {
            "0": -28.2,
            "1": -6.02,
            "2": 10.53,
            "3": -37.15,
            "4": -6.3,
            "5": -22.46,
            "7": 1.14,
            "8": 10.9,
            "9": 3.01,
            "10": 46.06,
            "11": -10.58,
            "12": -11.85,
            "13": -33.28,
            "14": -23.28,
            "15": -39.97,
            "16": 33.28,
            "17": 42.05,
            "18": -37.82,
            "19": 10.1,
            "20": 27.51,
            "21": -20.03,
            "22": -46.18,
            "23": 21.82,
            "24": 6.56,
            "25": -45.8,
            "26": -9.82,
            "27": -18.03,
            "28": -42.75
        },
        "7": {
            "0": 15.52,
            "1": 7.1,
            "2": 32.41,
            "3": -32.86,
            "4": -23.71,
            "5": -12.34,
            "6": 1.14,
            "8": 42.13,
            "9": 28.04,
            "10": -37.81,
            "11": 20.43,
            "12": -7.38,
            "13": -25.59,
            "14": 20.32,
            "15": 29.21,
            "16": -33.25,
            "17": 15.92,
            "18": -39.07,
            "19": 45.33,
            "20": 38.22,
            "21": 29.13,
            "22": -40.91,
            "23": 24.08,
            "24": -16.55,
            "25": -17.68,
            "26": -12.59,
            "27": 29.5,
            "28": -9.93
        },
        "8": {
            "0": -35.84,
            "1": 39.48,
            "2": 40.05,
            "3": -37.22,
            "4": -42.84,
            "5": 39.32,
            "6": 10.9,
            "7": 42.13,
            "9": -34.71,
            "10": 3.57,
            "11": 41.83,
            "12": -42.91,
            "13": -46.94,
            "14": 26.07,
            "15": 36.0,
            "16": -38.57,
            "17": -25.46,
            "18": 7.82,
            "19": -10.49,
            "20": 42.15,
            "21": 19.81,
            "22": 0.62,
            "23": 10.35,
            "24": 29.22,
            "25": -18.13,
            "26": -31.69,
            "27": 15.91,
            "28": -12.68
        },
        "9": {
            "0": -22.87,
            "1": 11.12,
            "2": -20.27,
            "3": -45.97,
            "4": 43.31,
            "5": -46.17,
            "6": 3.01,
            "7": 28.04,
            "8": -34.71,
            "10": 46.26,
            "11": -45.4,
            "12": 39.96,
            "13": 32.95,
            "14": -6.93,
            "15": -17.29,
            "16": 27.76,
            "17": 1.17,
            "18": 20.35,
            "19": 40.19,
            "20": 0.47,
            "21": -27.69,
            "22": -42.56,
            "23": -26.35,
            "24": -18.77,
            "25": 47.44,
            "26": -21.63,
            "27": 0.9,
            "28": 33.44
        },
        "10": {
            "0": 40.62,
            "1": 34.56,
            "2": 43.91,
            "3": 3.73,
            "4": 34.26,
            "5": 30.35,
            "6": 46.06,
            "7": -37.81,
            "8": 3.57,
            "9": 46.26,
            "11": -15.36,
            "12": -43.25,
            "13": -14.5,
            "14": 25.23,
            "15": -22.82,
            "16": -39.51,
            "17": 2.53,
            "18": -2.04,
            "19": 3.95,
            "20": 19.2,
            "21": 13.81,
            "22": 19.62,
            "23": -14.57,
            "24": 27.87,
            "25": 43.53,
            "26": 3.41,
            "27": 18.54,
            "28": 22.95
        },
        "11": {
            "0": 20.14,
            "1": -35.45,
            "2": 23.71,
            "3": 39.8,
            "4": -35.98,
            "5": -16.45,
            "6": -10.58,
            "7": 20.43,
            "8": 41.83,
            "9": -45.4,
            "10": -15.36,
            "12": 21.15,
            "13": 3.78,
            "14": -5.4,
            "15": -13.27,
            "16": -4.1,
            "17": 32.6,
            "18": -47.73,
            "19": -38.32,
            "20": 12.47,
            "21": -33.91,
            "22": 35.78,
            "23": -7.2,
            "24": 37.66,
            "25": 16.63,
            "26": 15.83,
            "27": 24.24,
            "28": 24.04
        },
        "12": {
            "0": -28.24,
            "1": 37.31,
            "2": 37.2,
            "3": -8.64,
            "4": 4.62,
            "5": -2.9,
            "6": -11.85,
            "7": -7.38,
            "8": -42.91,
            "9": 39.96,
            "10": -43.25,
            "11": 21.15,
            "13": 30.79,
            "14": 5.09,
            "15": -16.77,
            "16": 6.35,
            "17": -6.56,
            "18": -16.3,
            "19": -14.3,
            "20": 6.48,
            "21": 34.74,
            "22": 33.87,
            "23": -14.18,
            "24": 46.3,
            "25": -45.12,
            "26": -1.42,
            "27": 30.48,
            "28": -43.7
        },
        "13": {
            "0": -37.01,
            "1": 25.31,
            "2": -6.09,
            "3": -27.24,
            "4": 25.26,
            "5": 30.09,
            "6": -33.28,
            "7": -25.59,
            "8": -46.94,
            "9": 32.95,
            "10": -14.5,
            "11": 3.78,
            "12": 30.79,
            "14": 24.48,
            "15": 24.01,
            "16": -44.69,
            "17": 4.65,
            "18": 33.99,
            "19": -11.19,
            "20": 12.98,
            "21": 33.11,
            "22": -10.65,
            "23": 42.68,
            "24": -14.73,
            "25": 29.86,
            "26": 34.1,
            "27": 23.77,
            "28": -9.69
        },
        "14": {
            "0": -25.82,
            "1": 28.02,
            "2": 6.29,
            "3": 37.83,
            "4": -35.77,
            "5": -6.51,
            "6": -23.28,
            "7": 20.32,
            "8": 26.07,
            "9": -6.93,
            "10": 25.23,
            "11": -5.4,
            "12": 5.09,
            "13": 24.48,
            "15": -44.47,
            "16": -2.24,
            "17": -26.01,
            "18": -17.43,
            "19": -29.87,
            "20": -2.48,
            "21": 0.47,
            "22": -23.56,
            "23": -37.77,
            "24": -28.2,
            "25": -41.14,
            "26": -46.22,
            "27": 23.23,
            "28": -5.0
        },
        "15": {
            "0": 47.66,
            "1": 21.65,
            "2": -31.17,
            "3": 13.21,
            "4": -3.8,
            "5": -39.93,
            "6": -39.97,
            "7": 29.21,
            "8": 36.0,
            "9": -17.29,
            "10": -22.82,
            "11": -13.27,
            "12": -16.77,
            "13": 24.01,
            "14": -44.47,
            "16": -29.31,
            "17": -22.68,
            "18": 11.37,
            "19": 34.33,
            "20": 31.65,
            "21": 8.5,
            "22": -15.74,
            "23": 37.86,
            "24": -20.75,
            "25": 27.19,
            "26": 31.15,
            "27": 21.51,
            "28": -21.88
        },
        "16": {
            "0": -46.05,
            "1": 33.07,
            "2": -22.54,
            "3": -4.5,
            "4": -5.66,
            "5": -46.48,
            "6": 33.28,
            "7": -33.25,
            "8": -38.57,
            "9": 27.76,
            "10": -39.51,
            "11": -4.1,
            "12": 6.35,
            "13": -44.69,
            "14": -2.24,
            "15": -29.31,
            "17": 41.72,
            "18": -41.35,
            "19": -13.51,
            "20": -46.77,
            "21": -8.84,
            "22": 23.36,
            "23": -20.97,
            "24": 28.65,
            "25": 34.08,
            "26": -22.68,
            "27": 30.01,
            "28": 25.69
        },
        "17": {
            "0": 47.78,
            "1": -19.01,
            "2": -2.92,
            "3": 41.51,
            "4": 6.16,
            "5": 18.87,
            "6": 42.05,
            "7": 15.92,
            "8": -25.46,
            "9": 1.17,
            "10": 2.53,
            "11": 32.6,
            "12": -6.56,
            "13": 4.65,
            "14": -26.01,
            "15": -22.68,
            "16": 41.72,
            "18": 1.98,
            "19": 27.04,
            "20": -14.03,
            "21": 33.2,
            "22": -42.31,
            "23": -47.67,
            "24": 20.58,
            "25": -10.37,
            "26": 8.11,
            "27": 33.42,
            "28": -10.32
        },
        "18": {
            "0": -40.58,
            "1": -35.69,
            "2": 28.18,
            "3": -19.43,
            "4": 29.62,
            "5": 0.78,
            "6": -37.82,
            "7": -39.07,
            "8": 7.82,
            "9": 20.35,
            "10": -2.04,
            "11": -47.73,
            "12": -16.3,
            "13": 33.99,
            "14": -17.43,
            "15": 11.37,
            "16": -41.35,
            "17": 1.98,
            "19": -17.0,
            "20": 14.37,
            "21": 40.1,
            "22": -29.21,
            "23": 37.85,
            "24": -22.19,
            "25": 10.1,
            "26": -17.74,
            "27": 20.03,
            "28": 44.03
        },
        "19": {
            "0": -45.79,
            "1": 27.98,
            "2": 29.98,
            "3": 26.62,
            "4": 18.08,
            "5": -6.9,
            "6": 10.1,
            "7": 45.33,
            "8": -10.49,
            "9": 40.19,
            "10": 3.95,
            "11": -38.32,
            "12": -14.3,
            "13": -11.19,
            "14": -29.87,
            "15": 34.33,
            "16": -13.51,
            "17": 27.04,
            "18": -17.0,
            "20": 9.31,
            "21": -31.49,
            "22": -40.77,
            "23": -18.01,
            "24": 16.62,
            "25": 21.41,
            "26": 33.61,
            "27": 20.9,
            "28": -5.49
        },
        "20": {
            "0": -5.42,
            "1": -10.34,
            "2": -10.03,
            "3": -30.17,
            "4": 34.54,
            "5": 17.18,
            "6": 27.51,
            "7": 38.22,
            "8": 42.15,
            "9": 0.47,
            "10": 19.2,
            "11": 12.47,
            "12": 6.48,
            "13": 12.98,
            "14": -2.48,
            "15": 31.65,
            "16": -46.77,
            "17": -14.03,
            "18": 14.37,
            "19": 9.31,
            "21": 1.57,
            "22": 17.58,
            "23": 30.7,
            "24": -45.69,
            "25": 4.64,
            "26": 36.49,
            "27": 43.51,
            "28": 1.29
        },
        "21": {
            "0": -26.4,
            "1": 45.98,
            "2": -45.02,
            "3": 30.28,
            "4": -29.97,
            "5": -25.84,
            "6": -20.03,
            "7": 29.13,
            "8": 19.81,
            "9": -27.69,
            "10": 13.81,
            "11": -33.91,
            "12": 34.74,
            "13": 33.11,
            "14": 0.47,
            "15": 8.5,
            "16": -8.84,
            "17": 33.2,
            "18": 40.1,
            "19": -31.49,
            "20": 1.57,
            "22": -32.6,
            "23": 8.85,
            "24": 46.71,
            "25": 0.26,
            "26": -42.79,
            "27": 12.99,
            "28": -47.9
        },
        "22": {
            "0": -0.85,
            "1": 27.01,
            "2": 7.06,
            "3": -36.13,
            "4": -47.42,
            "5": -41.92,
            "6": -46.18,
            "7": -40.91,
            "8": 0.62,
            "9": -42.56,
            "10": 19.62,
            "11": 35.78,
            "12": 33.87,
            "13": -10.65,
            "14": -23.56,
            "15": -15.74,
            "16": 23.36,
            "17": -42.31,
            "18": -29.21,
            "19": -40.77,
            "20": 17.58,
            "21": -32.6,
            "23": -14.13,
            "24": 36.77,
            "25": -30.47,
            "26": -19.64,
            "27": -32.62,
            "28": 22.06
        },
        "23": {
            "0": 26.74,
            "1": 31.73,
            "2": 3.65,
            "3": -38.56,
            "4": -20.7,
            "5": -31.53,
            "6": 21.82,
            "7": 24.08,
            "8": 10.35,
            "9": -26.35,
            "10": -14.57,
            "11": -7.2,
            "12": -14.18,
            "13": 42.68,
            "14": -37.77,
            "15": 37.86,
            "16": -20.97,
            "17": -47.67,
            "18": 37.85,
            "19": -18.01,
            "20": 30.7,
            "21": 8.85,
            "22": -14.13,
            "24": -10.77,
            "25": 27.47,
            "26": 5.55,
            "27": 11.67,
            "28": -4.58
        },
        "24": {
            "0": 3.58,
            "1": -29.45,
            "2": -16.05,
            "3": 5.82,
            "4": 22.39,
            "5": 8.28,
            "6": 6.56,
            "7": -16.55,
            "8": 29.22,
            "9": -18.77,
            "10": 27.87,
            "11": 37.66,
            "12": 46.3,
            "13": -14.73,
            "14": -28.2,
            "15": -20.75,
            "16": 28.65,
            "17": 20.58,
            "18": -22.19,
            "19": 16.62,
            "20": -45.69,
            "21": 46.71,
            "22": 36.77,
            "23": -10.77,
            "25": -5.4,
            "26": 39.65,
            "27": -13.75,
            "28": 0.39
        },
        "25": {
            "0": -38.66,
            "1": -19.34,
            "2": 14.75,
            "3": -6.57,
            "4": 40.11,
            "5": 14.01,
            "6": -45.8,
            "7": -17.68,
            "8": -18.13,
            "9": 47.44,
            "10": 43.53,
            "11": 16.63,
            "12": -45.12,
            "13": 29.86,
            "14": -41.14,
            "15": 27.19,
            "16": 34.08,
            "17": -10.37,
            "18": 10.1,
            "19": 21.41,
            "20": 4.64,
            "21": 0.26,
            "22": -30.47,
            "23": 27.47,
            "24": -5.4,
            "26": -33.34,
            "27": -3.63,
            "28": -9.19
        },
        "26": {
            "0": 25.16,
            "1": 21.46,
            "2": -9.69,
            "3": -38.69,
            "4": -26.11,
            "5": -5.77,
            "6": -9.82,
            "7": -12.59,
            "8": -31.69,
            "9": -21.63,
            "10": 3.41,
            "11": 15.83,
            "12": -1.42,
            "13": 34.1,
            "14": -46.22,
            "15": 31.15,
            "16": -22.68,
            "17": 8.11,
            "18": -17.74,
            "19": 33.61,
            "20": 36.49,
            "21": -42.79,
            "22": -19.64,
            "23": 5.55,
            "24": 39.65,
            "25": -33.34,
            "27": -2.84,
            "28": 7.66
        },
        "27": {
            "0": -30.91,
            "1": -27.08,
            "2": 27.83,
            "3": 23.7,
            "4": -14.44,
            "5": 21.84,
            "6": -18.03,
            "7": 29.5,
            "8": 15.91,
            "9": 0.9,
            "10": 18.54,
            "11": 24.24,
            "12": 30.48,
            "13": 23.77,
            "14": 23.23,
            "15": 21.51,
            "16": 30.01,
            "17": 33.42,
            "18": 20.03,
            "19": 20.9,
            "20": 43.51,
            "21": 12.99,
            "22": -32.62,
            "23": 11.67,
            "24": -13.75,
            "25": -3.63,
            "26": -2.84,
            "28": 46.59
        },
        "28": {
            "0": -9.93,
            "1": -14.92,
            "2": 34.22,
            "3": -0.7,
            "4": 34.82,
            "5": -43.94,
            "6": -42.75,
            "7": -9.93,
            "8": -12.68,
            "9": 33.44,
            "10": 22.95,
            "11": 24.04,
            "12": -43.7,
            "13": -9.69,
            "14": -5.0,
            "15": -21.88,
            "16": 25.69,
            "17": -10.32,
            "18": 44.03,
            "19": -5.49,
            "20": 1.29,
            "21": -47.9,
            "22": 22.06,
            "23": -4.58,
            "24": 0.39,
            "25": -9.19,
            "26": 7.66,
            "27": 46.59
        }
    }
}