{
    "knapsack_size": 4556,
    "Gamma": 34,
    "n_items": 40,
    "costs": {
        "0": {
            "u": 133,
            "a": 124,
            "l": 54
        },
        "1": {
            "u": 133,
            "a": 70,
            "l": 30
        },
        "2": {
            "u": 133,
            "a": 125,
            "l": 42
        },
        "3": {
            "u": 133,
            "a": 115,
            "l": 55
        },
        "4": {
            "u": 133,
            "a": 95,
            "l": 36
        },
        "5": {
            "u": 133,
            "a": 67,
            "l": 28
        },
        "6": {
            "u": 133,
            "a": 72,
            "l": 30
        },
        "7": {
            "u": 133,
            "a": 83,
            "l": 35
        },
        "8": {
            "u": 133,
            "a": 71,
            "l": 26
        },
        "9": {
            "u": 133,
            "a": 101,
            "l": 48
        },
        "10": {
            "u": 133,
            "a": 118,
            "l": 44
        },
        "11": {
            "u": 133,
            "a": 100,
            "l": 44
        },
        "12": {
            "u": 133,
            "a": 76,
            "l": 34
        },
        "13": {
            "u": 133,
            "a": 90,
            "l": 32
        },
        "14": {
            "u": 133,
            "a": 87,
            "l": 35
        },
        "15": {
            "u": 133,
            "a": 91,
            "l": 31
        },
        "16": {
            "u": 133,
            "a": 87,
            "l": 33
        },
        "17": {
            "u": 133,
            "a": 110,
            "l": 46
        },
        "18": {
            "u": 133,
            "a": 84,
            "l": 34
        },
        "19": {
            "u": 133,
            "a": 104,
            "l": 43
        },
        "20": {
            "u": 133,
            "a": 69,
            "l": 23
        },
        "21": {
            "u": 133,
            "a": 99,
            "l": 40
        },
        "22": {
            "u": 133,
            "a": 118,
            "l": 44
        },
        "23": {
            "u": 133,
            "a": 119,
            "l": 43
        },
        "24": {
            "u": 133,
            "a": 123,
            "l": 57
        },
        "25": {
            "u": 133,
            "a": 116,
            "l": 50
        },
        "26": {
            "u": 133,
            "a": 67,
            "l": 25
        },
        "27": {
            "u": 133,
            "a": 102,
            "l": 46
        },
        "28": {
            "u": 133,
            "a": 112,
            "l": 48
        },
        "29": {
            "u": 133,
            "a": 71,
            "l": 30
        },
        "30": {
            "u": 133,
            "a": 92,
            "l": 34
        },
        "31": {
            "u": 133,
            "a": 127,
            "l": 43
        },
        "32": {
            "u": 133,
            "a": 71,
            "l": 26
        },
        "33": {
            "u": 133,
            "a": 90,
            "l": 43
        },
        "34": {
            "u": 133,
            "a": 115,
            "l": 53
        },
        "35": {
            "u": 133,
            "a": 107,
            "l": 45
        },
        "36": {
            "u": 133,
            "a": 127,
            "l": 60
        },
        "37": {
            "u": 133,
            "a": 68,
            "l": 24
        },
        "38": {
            "u": 133,
            "a": 87,
            "l": 33
        },
        "39": {
            "u": 133,
            "a": 90,
            "l": 31
        }
    },
    "profits": {
        "0": 175,
        "1": 170,
        "2": 205,
        "3": 335,
        "4": 212,
        "5": 197,
        "6": 178,
        "7": 396,
        "8": 206,
        "9": 188,
        "10": 169,
        "11": 161,
        "12": 282,
        "13": 214,
        "14": 424,
        "15": 346,
        "16": 175,
        "17": 150,
        "18": 305,
        "19": 273,
        "20": 180,
        "21": 162,
        "22": 196,
        "23": 415,
        "24": 392,
        "25": 226,
        "26": 332,
        "27": 366,
        "28": 234,
        "29": 406,
        "30": 399,
        "31": 333,
        "32": 336,
        "33": 135,
        "34": 316,
        "35": 278,
        "36": 320,
        "37": 384,
        "38": 144,
        "39": 341
    },
    "synergies": {
        "0": {
            "1": 16,
            "2": 11,
            "3": 10,
            "4": 19,
            "5": -4,
            "6": 49,
            "7": -8,
            "8": 19,
            "9": 13,
            "10": 24,
            "11": 28,
            "12": 15,
            "13": -19,
            "14": -45,
            "15": -23,
            "16": -1,
            "17": 34,
            "18": -42,
            "19": 19,
            "20": 1,
            "21": 49,
            "22": 16,
            "23": -3,
            "24": -28,
            "25": -7,
            "26": -36,
            "27": 10,
            "28": -14,
            "29": -12,
            "30": -33,
            "31": 9,
            "32": 21,
            "33": -11,
            "34": 0,
            "35": 21,
            "36": -16,
            "37": -20,
            "38": -35,
            "39": 46
        },
        "1": {
            "0": 16,
            "2": -19,
            "3": -1,
            "4": 44,
            "5": -39,
            "6": -19,
            "7": 3,
            "8": 35,
            "9": 28,
            "10": -11,
            "11": -44,
            "12": -20,
            "13": 34,
            "14": 29,
            "15": 43,
            "16": -25,
            "17": -11,
            "18": 4,
            "19": -26,
            "20": -40,
            "21": -36,
            "22": -31,
            "23": 34,
            "24": 18,
            "25": 0,
            "26": 30,
            "27": 20,
            "28": 11,
            "29": -20,
            "30": 26,
            "31": -17,
            "32": 24,
            "33": 19,
            "34": -38,
            "35": -29,
            "36": 22,
            "37": -27,
            "38": -33,
            "39": 38
        },
        "2": {
            "0": 11,
            "1": -19,
            "3": 23,
            "4": 21,
            "5": 4,
            "6": 40,
            "7": -15,
            "8": 7,
            "9": 33,
            "10": 2,
            "11": -35,
            "12": -32,
            "13": 40,
            "14": 22,
            "15": 19,
            "16": 26,
            "17": -36,
            "18": -26,
            "19": 24,
            "20": -22,
            "21": -49,
            "22": 45,
            "23": 31,
            "24": 0,
            "25": 26,
            "26": 28,
            "27": 9,
            "28": 25,
            "29": -16,
            "30": 23,
            "31": 28,
            "32": -37,
            "33": 40,
            "34": 33,
            "35": 42,
            "36": 31,
            "37": -44,
            "38": -15,
            "39": -32
        },
        "3": {
            "0": 10,
            "1": -1,
            "2": 23,
            "4": 23,
            "5": -7,
            "6": 12,
            "7": 12,
            "8": 37,
            "9": -11,
            "10": -11,
            "11": 20,
            "12": -34,
            "13": 34,
            "14": -18,
            "15": -35,
            "16": 6,
            "17": 10,
            "18": 18,
            "19": 19,
            "20": -21,
            "21": 38,
            "22": 0,
            "23": -14,
            "24": -39,
            "25": 6,
            "26": -13,
            "27": -2,
            "28": 25,
            "29": 46,
            "30": -36,
            "31": 43,
            "32": 29,
            "33": 33,
            "34": -18,
            "35": -16,
            "36": -46,
            "37": -21,
            "38": 27,
            "39": -47
        },
        "4": {
            "0": 19,
            "1": 44,
            "2": 21,
            "3": 23,
            "5": -32,
            "6": -27,
            "7": 38,
            "8": -3,
            "9": -46,
            "10": -11,
            "11": 2,
            "12": 27,
            "13": 44,
            "14": 1,
            "15": 9,
            "16": -25,
            "17": -39,
            "18": -39,
            "19": 11,
            "20": -16,
            "21": -6,
            "22": -41,
            "23": -33,
            "24": 35,
            "25": -20,
            "26": -20,
            "27": -24,
            "28": 6,
            "29": 42,
            "30": 40,
            "31": 5,
            "32": 37,
            "33": 1,
            "34": 48,
            "35": -23,
            "36": -49,
            "37": 44,
            "38": 5,
            "39": -34
        },
        "5": {
            "0": -4,
            "1": -39,
            "2": 4,
            "3": -7,
            "4": -32,
            "6": 42,
            "7": 27,
            "8": -14,
            "9": -41,
            "10": -29,
            "11": 38,
            "12": 32,
            "13": 16,
            "14": 48,
            "15": -21,
            "16": -2,
            "17": 4,
            "18": 45,
            "19": -42,
            "20": -34,
            "21": -37,
            "22": -28,
            "23": -1,
            "24": 11,
            "25": 23,
            "26": 11,
            "27": -7,
            "28": -1,
            "29": -44,
            "30": -14,
            "31": -8,
            "32": 0,
            "33": 2,
            "34": -34,
            "35": -27,
            "36": 13,
            "37": 47,
            "38": -28,
            "39": 46
        },
        "6": {
            "0": 49,
            "1": -19,
            "2": 40,
            "3": 12,
            "4": -27,
            "5": 42,
            "7": -4,
            "8": 4,
            "9": -38,
            "10": 31,
            "11": -2,
            "12": 27,
            "13": 15,
            "14": 9,
            "15": 32,
            "16": -16,
            "17": -19,
            "18": -48,
            "19": -31,
            "20": -31,
            "21": -15,
            "22": -25,
            "23": 17,
            "24": 16,
            "25": 17,
            "26": 48,
            "27": -44,
            "28": 35,
            "29": -26,
            "30": 27,
            "31": 44,
            "32": 37,
            "33": 5,
            "34": 29,
            "35": 45,
            "36": -4,
            "37": -28,
            "38": -4,
            "39": -35
        },
        "7": {
            "0": -8,
            "1": 3,
            "2": -15,
            "3": 12,
            "4": 38,
            "5": 27,
            "6": -4,
            "8": 49,
            "9": -47,
            "10": -22,
            "11": -4,
            "12": -16,
            "13": -5,
            "14": -12,
            "15": 4,
            "16": 34,
            "17": 4,
            "18": 24,
            "19": 44,
            "20": -27,
            "21": 9,
            "22": 23,
            "23": 34,
            "24": 22,
            "25": -11,
            "26": 32,
            "27": -37,
            "28": -18,
            "29": -39,
            "30": 9,
            "31": 22,
            "32": -47,
            "33": -19,
            "34": 44,
            "35": -48,
            "36": 5,
            "37": 22,
            "38": -19,
            "39": -43
        },
        "8": {
            "0": 19,
            "1": 35,
            "2": 7,
            "3": 37,
            "4": -3,
            "5": -14,
            "6": 4,
            "7": 49,
            "9": 25,
            "10": 17,
            "11": 44,
            "12": -10,
            "13": -9,
            "14": -24,
            "15": -40,
            "16": 17,
            "17": 33,
            "18": 14,
            "19": -3,
            "20": 31,
            "21": 28,
            "22": 22,
            "23": -47,
            "24": -30,
            "25": 37,
            "26": 47,
            "27": -32,
            "28": -46,
            "29": -27,
            "30": -39,
            "31": 42,
            "32": -30,
            "33": -4,
            "34": -43,
            "35": 7,
            "36": -20,
            "37": -45,
            "38": -13,
            "39": -16
        },
        "9": {
            "0": 13,
            "1": 28,
            "2": 33,
            "3": -11,
            "4": -46,
            "5": -41,
            "6": -38,
            "7": -47,
            "8": 25,
            "10": 0,
            "11": -37,
            "12": 25,
            "13": -2,
            "14": -10,
            "15": 49,
            "16": 26,
            "17": -7,
            "18": 17,
            "19": -10,
            "20": 29,
            "21": 6,
            "22": -48,
            "23": -30,
            "24": -36,
            "25": 35,
            "26": 26,
            "27": 40,
            "28": -21,
            "29": 39,
            "30": -21,
            "31": 29,
            "32": 23,
            "33": -17,
            "34": -3,
            "35": -8,
            "36": 40,
            "37": -10,
            "38": -25,
            "39": 29
        },
        "10": {
            "0": 24,
            "1": -11,
            "2": 2,
            "3": -11,
            "4": -11,
            "5": -29,
            "6": 31,
            "7": -22,
            "8": 17,
            "9": 0,
            "11": -29,
            "12": -28,
            "13": 4,
            "14": 38,
            "15": -39,
            "16": -34,
            "17": -16,
            "18": -32,
            "19": 27,
            "20": 27,
            "21": 4,
            "22": -32,
            "23": -22,
            "24": 27,
            "25": 46,
            "26": 26,
            "27": 2,
            "28": 16,
            "29": -25,
            "30": -41,
            "31": 20,
            "32": 5,
            "33": 41,
            "34": 40,
            "35": 29,
            "36": 12,
            "37": -44,
            "38": 48,
            "39": -18
        },
        "11": {
            "0": 28,
            "1": -44,
            "2": -35,
            "3": 20,
            "4": 2,
            "5": 38,
            "6": -2,
            "7": -4,
            "8": 44,
            "9": -37,
            "10": -29,
            "12": -13,
            "13": 42,
            "14": -48,
            "15": 25,
            "16": 2,
            "17": 31,
            "18": -36,
            "19": -42,
            "20": 16,
            "21": 43,
            "22": 13,
            "23": -42,
            "24": -47,
            "25": 33,
            "26": 15,
            "27": -2,
            "28": 30,
            "29": 29,
            "30": -17,
            "31": -33,
            "32": 15,
            "33": 13,
            "34": 33,
            "35": 2,
            "36": -20,
            "37": -19,
            "38": -5,
            "39": -9
        },
        "12": {
            "0": 15,
            "1": -20,
            "2": -32,
            "3": -34,
            "4": 27,
            "5": 32,
            "6": 27,
            "7": -16,
            "8": -10,
            "9": 25,
            "10": -28,
            "11": -13,
            "13": -3,
            "14": -9,
            "15": 41,
            "16": 33,
            "17": 23,
            "18": -6,
            "19": 19,
            "20": -27,
            "21": -32,
            "22": -25,
            "23": -18,
            "24": -31,
            "25": -25,
            "26": -32,
            "27": -41,
            "28": 30,
            "29": 7,
            "30": 45,
            "31": -1,
            "32": 40,
            "33": 43,
            "34": -9,
            "35": -6,
            "36": -6,
            "37": -25,
            "38": 27,
            "39": 33
        },
        "13": {
            "0": -19,
            "1": 34,
            "2": 40,
            "3": 34,
            "4": 44,
            "5": 16,
            "6": 15,
            "7": -5,
            "8": -9,
            "9": -2,
            "10": 4,
            "11": 42,
            "12": -3,
            "14": -14,
            "15": -9,
            "16": -34,
            "17": -35,
            "18": 25,
            "19": 39,
            "20": 33,
            "21": -26,
            "22": 34,
            "23": 17,
            "24": 6,
            "25": -28,
            "26": 4,
            "27": -18,
            "28": -28,
            "29": 0,
            "30": 10,
            "31": -24,
            "32": -43,
            "33": -23,
            "34": -31,
            "35": -4,
            "36": 19,
            "37": 12,
            "38": 10,
            "39": -21
        },
        "14": {
            "0": -45,
            "1": 29,
            "2": 22,
            "3": -18,
            "4": 1,
            "5": 48,
            "6": 9,
            "7": -12,
            "8": -24,
            "9": -10,
            "10": 38,
            "11": -48,
            "12": -9,
            "13": -14,
            "15": -32,
            "16": 12,
            "17": 1,
            "18": -37,
            "19": 45,
            "20": 9,
            "21": -27,
            "22": 0,
            "23": -2,
            "24": 33,
            "25": -48,
            "26": 12,
            "27": -33,
            "28": 40,
            "29": 29,
            "30": -37,
            "31": -15,
            "32": -1,
            "33": 5,
            "34": -38,
            "35": -45,
            "36": -11,
            "37": 37,
            "38": -20,
            "39": -11
        },
        "15": {
            "0": -23,
            "1": 43,
            "2": 19,
            "3": -35,
            "4": 9,
            "5": -21,
            "6": 32,
            "7": 4,
            "8": -40,
            "9": 49,
            "10": -39,
            "11": 25,
            "12": 41,
            "13": -9,
            "14": -32,
            "16": 33,
            "17": 38,
            "18": -27,
            "19": -19,
            "20": 33,
            "21": -43,
            "22": -10,
            "23": 46,
            "24": -3,
            "25": -44,
            "26": 18,
            "27": 3,
            "28": -1,
            "29": 22,
            "30": 26,
            "31": 42,
            "32": 32,
            "33": 18,
            "34": 42,
            "35": -5,
            "36": -14,
            "37": -31,
            "38": 22,
            "39": -2
        },
        "16": {
            "0": -1,
            "1": -25,
            "2": 26,
            "3": 6,
            "4": -25,
            "5": -2,
            "6": -16,
            "7": 34,
            "8": 17,
            "9": 26,
            "10": -34,
            "11": 2,
            "12": 33,
            "13": -34,
            "14": 12,
            "15": 33,
            "17": -3,
            "18": 7,
            "19": -30,
            "20": 21,
            "21": 25,
            "22": 31,
            "23": 20,
            "24": -41,
            "25": -9,
            "26": 27,
            "27": -45,
            "28": -28,
            "29": -21,
            "30": 45,
            "31": -45,
            "32": -38,
            "33": 0,
            "34": -38,
            "35": 13,
            "36": 4,
            "37": 18,
            "38": -30,
            "39": -8
        },
        "17": {
            "0": 34,
            "1": -11,
            "2": -36,
            "3": 10,
            "4": -39,
            "5": 4,
            "6": -19,
            "7": 4,
            "8": 33,
            "9": -7,
            "10": -16,
            "11": 31,
            "12": 23,
            "13": -35,
            "14": 1,
            "15": 38,
            "16": -3,
            "18": -31,
            "19": -28,
            "20": 22,
            "21": 16,
            "22": -17,
            "23": -27,
            "24": -30,
            "25": 25,
            "26": 9,
            "27": -39,
            "28": 46,
            "29": 32,
            "30": -21,
            "31": 15,
            "32": 37,
            "33": -41,
            "34": 6,
            "35": -39,
            "36": -5,
            "37": -10,
            "38": 6,
            "39": -6
        },
        "18": {
            "0": -42,
            "1": 4,
            "2": -26,
            "3": 18,
            "4": -39,
            "5": 45,
            "6": -48,
            "7": 24,
            "8": 14,
            "9": 17,
            "10": -32,
            "11": -36,
            "12": -6,
            "13": 25,
            "14": -37,
            "15": -27,
            "16": 7,
            "17": -31,
            "19": 38,
            "20": -39,
            "21": -17,
            "22": -30,
            "23": 31,
            "24": -9,
            "25": -47,
            "26": -44,
            "27": -23,
            "28": 12,
            "29": 40,
            "30": 12,
            "31": -14,
            "32": 9,
            "33": 33,
            "34": 8,
            "35": 40,
            "36": 24,
            "37": 12,
            "38": 0,
            "39": 4
        },
        "19": {
            "0": 19,
            "1": -26,
            "2": 24,
            "3": 19,
            "4": 11,
            "5": -42,
            "6": -31,
            "7": 44,
            "8": -3,
            "9": -10,
            "10": 27,
            "11": -42,
            "12": 19,
            "13": 39,
            "14": 45,
            "15": -19,
            "16": -30,
            "17": -28,
            "18": 38,
            "20": -8,
            "21": 20,
            "22": -36,
            "23": -36,
            "24": -8,
            "25": 1,
            "26": 7,
            "27": 48,
            "28": 38,
            "29": -27,
            "30": 20,
            "31": 2,
            "32": 23,
            "33": -3,
            "34": 8,
            "35": -44,
            "36": 34,
            "37": 49,
            "38": -1,
            "39": -36
        },
        "20": {
            "0": 1,
            "1": -40,
            "2": -22,
            "3": -21,
            "4": -16,
            "5": -34,
            "6": -31,
            "7": -27,
            "8": 31,
            "9": 29,
            "10": 27,
            "11": 16,
            "12": -27,
            "13": 33,
            "14": 9,
            "15": 33,
            "16": 21,
            "17": 22,
            "18": -39,
            "19": -8,
            "21": -27,
            "22": -41,
            "23": 29,
            "24": -37,
            "25": -50,
            "26": 2,
            "27": 26,
            "28": -19,
            "29": 36,
            "30": 21,
            "31": -13,
            "32": 12,
            "33": 17,
            "34": 8,
            "35": 12,
            "36": 33,
            "37": -34,
            "38": 1,
            "39": -40
        },
        "21": {
            "0": 49,
            "1": -36,
            "2": -49,
            "3": 38,
            "4": -6,
            "5": -37,
            "6": -15,
            "7": 9,
            "8": 28,
            "9": 6,
            "10": 4,
            "11": 43,
            "12": -32,
            "13": -26,
            "14": -27,
            "15": -43,
            "16": 25,
            "17": 16,
            "18": -17,
            "19": 20,
            "20": -27,
            "22": -33,
            "23": -33,
            "24": 10,
            "25": 10,
            "26": 1,
            "27": 47,
            "28": 48,
            "29": 33,
            "30": 0,
            "31": 45,
            "32": 33,
            "33": 42,
            "34": 11,
            "35": 13,
            "36": 43,
            "37": -28,
            "38": -38,
            "39": -40
        },
        "22": {
            "0": 16,
            "1": -31,
            "2": 45,
            "3": 0,
            "4": -41,
            "5": -28,
            "6": -25,
            "7": 23,
            "8": 22,
            "9": -48,
            "10": -32,
            "11": 13,
            "12": -25,
            "13": 34,
            "14": 0,
            "15": -10,
            "16": 31,
            "17": -17,
            "18": -30,
            "19": -36,
            "20": -41,
            "21": -33,
            "23": 12,
            "24": -7,
            "25": 21,
            "26": -40,
            "27": -27,
            "28": -48,
            "29": 5,
            "30": 49,
            "31": -36,
            "32": -7,
            "33": -20,
            "34": 25,
            "35": -18,
            "36": -30,
            "37": -4,
            "38": -48,
            "39": 44
        },
        "23": {
            "0": -3,
            "1": 34,
            "2": 31,
            "3": -14,
            "4": -33,
            "5": -1,
            "6": 17,
            "7": 34,
            "8": -47,
            "9": -30,
            "10": -22,
            "11": -42,
            "12": -18,
            "13": 17,
            "14": -2,
            "15": 46,
            "16": 20,
            "17": -27,
            "18": 31,
            "19": -36,
            "20": 29,
            "21": -33,
            "22": 12,
            "24": -39,
            "25": 21,
            "26": 23,
            "27": -40,
            "28": 13,
            "29": 21,
            "30": 36,
            "31": -29,
            "32": 13,
            "33": -14,
            "34": 18,
            "35": -34,
            "36": -49,
            "37": -28,
            "38": 21,
            "39": 45
        },
        "24": {
            "0": -28,
            "1": 18,
            "2": 0,
            "3": -39,
            "4": 35,
            "5": 11,
            "6": 16,
            "7": 22,
            "8": -30,
            "9": -36,
            "10": 27,
            "11": -47,
            "12": -31,
            "13": 6,
            "14": 33,
            "15": -3,
            "16": -41,
            "17": -30,
            "18": -9,
            "19": -8,
            "20": -37,
            "21": 10,
            "22": -7,
            "23": -39,
            "25": -45,
            "26": -13,
            "27": -44,
            "28": -36,
            "29": -10,
            "30": 45,
            "31": 29,
            "32": 44,
            "33": -32,
            "34": 16,
            "35": 36,
            "36": -39,
            "37": -20,
            "38": -28,
            "39": 29
        },
        "25": {
            "0": -7,
            "1": 0,
            "2": 26,
            "3": 6,
            "4": -20,
            "5": 23,
            "6": 17,
            "7": -11,
            "8": 37,
            "9": 35,
            "10": 46,
            "11": 33,
            "12": -25,
            "13": -28,
            "14": -48,
            "15": -44,
            "16": -9,
            "17": 25,
            "18": -47,
            "19": 1,
            "20": -50,
            "21": 10,
            "22": 21,
            "23": 21,
            "24": -45,
            "26": -35,
            "27": 11,
            "28": 11,
            "29": 14,
            "30": -5,
            "31": -30,
            "32": -10,
            "33": -36,
            "34": 28,
            "35": -47,
            "36": 44,
            "37": 29,
            "38": 31,
            "39": -7
        },
        "26": {
            "0": -36,
            "1": 30,
            "2": 28,
            "3": -13,
            "4": -20,
            "5": 11,
            "6": 48,
            "7": 32,
            "8": 47,
            "9": 26,
            "10": 26,
            "11": 15,
            "12": -32,
            "13": 4,
            "14": 12,
            "15": 18,
            "16": 27,
            "17": 9,
            "18": -44,
            "19": 7,
            "20": 2,
            "21": 1,
            "22": -40,
            "23": 23,
            "24": -13,
            "25": -35,
            "27": -47,
            "28": 0,
            "29": -27,
            "30": 19,
            "31": 15,
            "32": 4,
            "33": 45,
            "34": 27,
            "35": 40,
            "36": -25,
            "37": -21,
            "38": 19,
            "39": 9
        },
        "27": {
            "0": 10,
            "1": 20,
            "2": 9,
            "3": -2,
            "4": -24,
            "5": -7,
            "6": -44,
            "7": -37,
            "8": -32,
            "9": 40,
            "10": 2,
            "11": -2,
            "12": -41,
            "13": -18,
            "14": -33,
            "15": 3,
            "16": -45,
            "17": -39,
            "18": -23,
            "19": 48,
            "20": 26,
            "21": 47,
            "22": -27,
            "23": -40,
            "24": -44,
            "25": 11,
            "26": -47,
            "28": -39,
            "29": 16,
            "30": 1,
            "31": -25,
            "32": 6,
            "33": -6,
            "34": 14,
            "35": -38,
            "36": -24,
            "37": 19,
            "38": 48,
            "39": 47
        },
        "28": {
            "0": -14,
            "1": 11,
            "2": 25,
            "3": 25,
            "4": 6,
            "5": -1,
            "6": 35,
            "7": -18,
            "8": -46,
            "9": -21,
            "10": 16,
            "11": 30,
            "12": 30,
            "13": -28,
            "14": 40,
            "15": -1,
            "16": -28,
            "17": 46,
            "18": 12,
            "19": 38,
            "20": -19,
            "21": 48,
            "22": -48,
            "23": 13,
            "24": -36,
            "25": 11,
            "26": 0,
            "27": -39,
            "29": -19,
            "30": 32,
            "31": 39,
            "32": 2,
            "33": -10,
            "34": 27,
            "35": 18,
            "36": -38,
            "37": 26,
            "38": 45,
            "39": -33
        },
        "29": {
            "0": -12,
            "1": -20,
            "2": -16,
            "3": 46,
            "4": 42,
            "5": -44,
            "6": -26,
            "7": -39,
            "8": -27,
            "9": 39,
            "10": -25,
            "11": 29,
            "12": 7,
            "13": 0,
            "14": 29,
            "15": 22,
            "16": -21,
            "17": 32,
            "18": 40,
            "19": -27,
            "20": 36,
            "21": 33,
            "22": 5,
            "23": 21,
            "24": -10,
            "25": 14,
            "26": -27,
            "27": 16,
            "28": -19,
            "30": -21,
            "31": 30,
            "32": 34,
            "33": 46,
            "34": -9,
            "35": 25,
            "36": -3,
            "37": -34,
            "38": 24,
            "39": 12
        },
        "30": {
            "0": -33,
            "1": 26,
            "2": 23,
            "3": -36,
            "4": 40,
            "5": -14,
            "6": 27,
            "7": 9,
            "8": -39,
            "9": -21,
            "10": -41,
            "11": -17,
            "12": 45,
            "13": 10,
            "14": -37,
            "15": 26,
            "16": 45,
            "17": -21,
            "18": 12,
            "19": 20,
            "20": 21,
            "21": 0,
            "22": 49,
            "23": 36,
            "24": 45,
            "25": -5,
            "26": 19,
            "27": 1,
            "28": 32,
            "29": -21,
            "31": -43,
            "32": 27,
            "33": -8,
            "34": 11,
            "35": 44,
            "36": -16,
            "37": -44,
            "38": -8,
            "39": 10
        },
        "31": {
            "0": 9,
            "1": -17,
            "2": 28,
            "3": 43,
            "4": 5,
            "5": -8,
            "6": 44,
            "7": 22,
            "8": 42,
            "9": 29,
            "10": 20,
            "11": -33,
            "12": -1,
            "13": -24,
            "14": -15,
            "15": 42,
            "16": -45,
            "17": 15,
            "18": -14,
            "19": 2,
            "20": -13,
            "21": 45,
            "22": -36,
            "23": -29,
            "24": 29,
            "25": -30,
            "26": 15,
            "27": -25,
            "28": 39,
            "29": 30,
            "30": -43,
            "32": 12,
            "33": 19,
            "34": 35,
            "35": 36,
            "36": -16,
            "37": 35,
            "38": 37,
            "39": -18
        },
        "32": {
            "0": 21,
            "1": 24,
            "2": -37,
            "3": 29,
            "4": 37,
            "5": 0,
            "6": 37,
            "7": -47,
            "8": -30,
            "9": 23,
            "10": 5,
            "11": 15,
            "12": 40,
            "13": -43,
            "14": -1,
            "15": 32,
            "16": -38,
            "17": 37,
            "18": 9,
            "19": 23,
            "20": 12,
            "21": 33,
            "22": -7,
            "23": 13,
            "24": 44,
            "25": -10,
            "26": 4,
            "27": 6,
            "28": 2,
            "29": 34,
            "30": 27,
            "31": 12,
            "33": -25,
            "34": 33,
            "35": -39,
            "36": 12,
            "37": 2,
            "38": -19,
            "39": 13
        },
        "33": {
            "0": -11,
            "1": 19,
            "2": 40,
            "3": 33,
            "4": 1,
            "5": 2,
            "6": 5,
            "7": -19,
            "8": -4,
            "9": -17,
            "10": 41,
            "11": 13,
            "12": 43,
            "13": -23,
            "14": 5,
            "15": 18,
            "16": 0,
            "17": -41,
            "18": 33,
            "19": -3,
            "20": 17,
            "21": 42,
            "22": -20,
            "23": -14,
            "24": -32,
            "25": -36,
            "26": 45,
            "27": -6,
            "28": -10,
            "29": 46,
            "30": -8,
            "31": 19,
            "32": -25,
            "34": 32,
            "35": 6,
            "36": -41,
            "37": -23,
            "38": -35,
            "39": -46
        },
        "34": {
            "0": 0,
            "1": -38,
            "2": 33,
            "3": -18,
            "4": 48,
            "5": -34,
            "6": 29,
            "7": 44,
            "8": -43,
            "9": -3,
            "10": 40,
            "11": 33,
            "12": -9,
            "13": -31,
            "14": -38,
            "15": 42,
            "16": -38,
            "17": 6,
            "18": 8,
            "19": 8,
            "20": 8,
            "21": 11,
            "22": 25,
            "23": 18,
            "24": 16,
            "25": 28,
            "26": 27,
            "27": 14,
            "28": 27,
            "29": -9,
            "30": 11,
            "31": 35,
            "32": 33,
            "33": 32,
            "35": 29,
            "36": -35,
            "37": 39,
            "38": -36,
            "39": 7
        },
        "35": {
            "0": 21,
            "1": -29,
            "2": 42,
            "3": -16,
            "4": -23,
            "5": -27,
            "6": 45,
            "7": -48,
            "8": 7,
            "9": -8,
            "10": 29,
            "11": 2,
            "12": -6,
            "13": -4,
            "14": -45,
            "15": -5,
            "16": 13,
            "17": -39,
            "18": 40,
            "19": -44,
            "20": 12,
            "21": 13,
            "22": -18,
            "23": -34,
            "24": 36,
            "25": -47,
            "26": 40,
            "27": -38,
            "28": 18,
            "29": 25,
            "30": 44,
            "31": 36,
            "32": -39,
            "33": 6,
            "34": 29,
            "36": -5,
            "37": -15,
            "38": 18,
            "39": -11
        },
        "36": {
            "0": -16,
            "1": 22,
            "2": 31,
            "3": -46,
            "4": -49,
            "5": 13,
            "6": -4,
            "7": 5,
            "8": -20,
            "9": 40,
            "10": 12,
            "11": -20,
            "12": -6,
            "13": 19,
            "14": -11,
            "15": -14,
            "16": 4,
            "17": -5,
            "18": 24,
            "19": 34,
            "20": 33,
            "21": 43,
            "22": -30,
            "23": -49,
            "24": -39,
            "25": 44,
            "26": -25,
            "27": -24,
            "28": -38,
            "29": -3,
            "30": -16,
            "31": -16,
            "32": 12,
            "33": -41,
            "34": -35,
            "35": -5,
            "37": 44,
            "38": -44,
            "39": -35
        },
        "37": {
            "0": -20,
            "1": -27,
            "2": -44,
            "3": -21,
            "4": 44,
            "5": 47,
            "6": -28,
            "7": 22,
            "8": -45,
            "9": -10,
            "10": -44,
            "11": -19,
            "12": -25,
            "13": 12,
            "14": 37,
            "15": -31,
            "16": 18,
            "17": -10,
            "18": 12,
            "19": 49,
            "20": -34,
            "21": -28,
            "22": -4,
            "23": -28,
            "24": -20,
            "25": 29,
            "26": -21,
            "27": 19,
            "28": 26,
            "29": -34,
            "30": -44,
            "31": 35,
            "32": 2,
            "33": -23,
            "34": 39,
            "35": -15,
            "36": 44,
            "38": 26,
            "39": 38
        },
        "38": {
            "0": -35,
            "1": -33,
            "2": -15,
            "3": 27,
            "4": 5,
            "5": -28,
            "6": -4,
            "7": -19,
            "8": -13,
            "9": -25,
            "10": 48,
            "11": -5,
            "12": 27,
            "13": 10,
            "14": -20,
            "15": 22,
            "16": -30,
            "17": 6,
            "18": 0,
            "19": -1,
            "20": 1,
            "21": -38,
            "22": -48,
            "23": 21,
            "24": -28,
            "25": 31,
            "26": 19,
            "27": 48,
            "28": 45,
            "29": 24,
            "30": -8,
            "31": 37,
            "32": -19,
            "33": -35,
            "34": -36,
            "35": 18,
            "36": -44,
            "37": 26,
            "39": -9
        },
        "39": {
            "0": 46,
            "1": 38,
            "2": -32,
            "3": -47,
            "4": -34,
            "5": 46,
            "6": -35,
            "7": -43,
            "8": -16,
            "9": 29,
            "10": -18,
            "11": -9,
            "12": 33,
            "13": -21,
            "14": -11,
            "15": -2,
            "16": -8,
            "17": -6,
            "18": 4,
            "19": -36,
            "20": -40,
            "21": -40,
            "22": 44,
            "23": 45,
            "24": 29,
            "25": -7,
            "26": 9,
            "27": 47,
            "28": -33,
            "29": 12,
            "30": 10,
            "31": -18,
            "32": 13,
            "33": -46,
            "34": 7,
            "35": -11,
            "36": -35,
            "37": 38,
            "38": -9
        }
    }
}