{
    "knapsack_size": 4757,
    "Gamma": 9,
    "n_items": 34,
    "costs": {
        "0": {
            "u": 528,
            "a": 324,
            "l": 114
        },
        "1": {
            "u": 528,
            "a": 307,
            "l": 135
        },
        "2": {
            "u": 528,
            "a": 354,
            "l": 122
        },
        "3": {
            "u": 528,
            "a": 471,
            "l": 198
        },
        "4": {
            "u": 528,
            "a": 524,
            "l": 193
        },
        "5": {
            "u": 528,
            "a": 305,
            "l": 139
        },
        "6": {
            "u": 528,
            "a": 515,
            "l": 250
        },
        "7": {
            "u": 528,
            "a": 373,
            "l": 147
        },
        "8": {
            "u": 528,
            "a": 480,
            "l": 214
        },
        "9": {
            "u": 528,
            "a": 354,
            "l": 166
        },
        "10": {
            "u": 528,
            "a": 444,
            "l": 191
        },
        "11": {
            "u": 528,
            "a": 303,
            "l": 128
        },
        "12": {
            "u": 528,
            "a": 356,
            "l": 126
        },
        "13": {
            "u": 528,
            "a": 516,
            "l": 252
        },
        "14": {
            "u": 528,
            "a": 274,
            "l": 93
        },
        "15": {
            "u": 528,
            "a": 443,
            "l": 185
        },
        "16": {
            "u": 528,
            "a": 367,
            "l": 144
        },
        "17": {
            "u": 528,
            "a": 475,
            "l": 162
        },
        "18": {
            "u": 528,
            "a": 398,
            "l": 182
        },
        "19": {
            "u": 528,
            "a": 388,
            "l": 192
        },
        "20": {
            "u": 528,
            "a": 286,
            "l": 110
        },
        "21": {
            "u": 528,
            "a": 504,
            "l": 235
        },
        "22": {
            "u": 528,
            "a": 420,
            "l": 155
        },
        "23": {
            "u": 528,
            "a": 492,
            "l": 200
        },
        "24": {
            "u": 528,
            "a": 304,
            "l": 108
        },
        "25": {
            "u": 528,
            "a": 445,
            "l": 167
        },
        "26": {
            "u": 528,
            "a": 309,
            "l": 104
        },
        "27": {
            "u": 528,
            "a": 476,
            "l": 198
        },
        "28": {
            "u": 528,
            "a": 509,
            "l": 245
        },
        "29": {
            "u": 528,
            "a": 284,
            "l": 141
        },
        "30": {
            "u": 528,
            "a": 325,
            "l": 140
        },
        "31": {
            "u": 528,
            "a": 315,
            "l": 106
        },
        "32": {
            "u": 528,
            "a": 367,
            "l": 152
        },
        "33": {
            "u": 528,
            "a": 329,
            "l": 123
        }
    },
    "profits": {
        "0": 631,
        "1": 767,
        "2": 543,
        "3": 820,
        "4": 639,
        "5": 723,
        "6": 710,
        "7": 635,
        "8": 753,
        "9": 784,
        "10": 744,
        "11": 672,
        "12": 754,
        "13": 748,
        "14": 737,
        "15": 534,
        "16": 537,
        "17": 596,
        "18": 662,
        "19": 701,
        "20": 669,
        "21": 822,
        "22": 565,
        "23": 622,
        "24": 723,
        "25": 640,
        "26": 613,
        "27": 721,
        "28": 678,
        "29": 666,
        "30": 676,
        "31": 655,
        "32": 602,
        "33": 790
    },
    "synergies": {
        "0": {
            "1": 25,
            "2": 19,
            "3": 26,
            "4": 34,
            "5": -44,
            "6": -18,
            "7": -35,
            "8": -8,
            "9": -49,
            "10": -16,
            "11": 18,
            "12": 8,
            "13": -35,
            "14": 19,
            "15": 5,
            "16": 7,
            "17": -46,
            "18": 13,
            "19": 43,
            "20": 13,
            "21": 31,
            "22": -46,
            "23": 39,
            "24": 29,
            "25": 21,
            "26": 30,
            "27": -19,
            "28": -9,
            "29": 0,
            "30": 13,
            "31": 28,
            "32": 27,
            "33": 38
        },
        "1": {
            "0": 25,
            "2": -31,
            "3": -16,
            "4": 22,
            "5": -26,
            "6": -12,
            "7": -24,
            "8": -49,
            "9": 0,
            "10": 18,
            "11": -11,
            "12": -3,
            "13": 24,
            "14": -28,
            "15": -13,
            "16": 48,
            "17": -6,
            "18": -37,
            "19": 44,
            "20": 8,
            "21": -17,
            "22": 34,
            "23": -33,
            "24": 23,
            "25": 30,
            "26": 10,
            "27": 17,
            "28": -38,
            "29": 3,
            "30": -12,
            "31": 6,
            "32": -33,
            "33": -16
        },
        "2": {
            "0": 19,
            "1": -31,
            "3": 49,
            "4": 22,
            "5": 31,
            "6": 43,
            "7": 8,
            "8": 45,
            "9": -1,
            "10": -14,
            "11": 6,
            "12": -21,
            "13": 41,
            "14": -24,
            "15": 29,
            "16": -48,
            "17": -26,
            "18": 45,
            "19": 19,
            "20": 44,
            "21": -10,
            "22": -22,
            "23": -40,
            "24": -6,
            "25": -7,
            "26": -16,
            "27": 21,
            "28": -20,
            "29": -21,
            "30": 2,
            "31": 19,
            "32": 32,
            "33": -5
        },
        "3": {
            "0": 26,
            "1": -16,
            "2": 49,
            "4": -27,
            "5": -44,
            "6": -32,
            "7": -35,
            "8": -24,
            "9": 46,
            "10": -3,
            "11": -17,
            "12": -47,
            "13": -49,
            "14": 38,
            "15": -49,
            "16": 46,
            "17": -46,
            "18": 37,
            "19": 9,
            "20": -43,
            "21": -39,
            "22": -21,
            "23": -49,
            "24": -16,
            "25": -14,
            "26": -34,
            "27": -16,
            "28": 13,
            "29": 7,
            "30": 32,
            "31": -8,
            "32": 24,
            "33": 19
        },
        "4": {
            "0": 34,
            "1": 22,
            "2": 22,
            "3": -27,
            "5": 1,
            "6": -26,
            "7": 15,
            "8": -36,
            "9": -11,
            "10": 36,
            "11": -18,
            "12": -8,
            "13": -44,
            "14": 23,
            "15": 31,
            "16": -13,
            "17": 0,
            "18": -47,
            "19": 43,
            "20": 0,
            "21": -7,
            "22": 39,
            "23": 32,
            "24": 32,
            "25": -9,
            "26": -44,
            "27": -37,
            "28": -30,
            "29": -33,
            "30": -38,
            "31": 7,
            "32": 10,
            "33": -46
        },
        "5": {
            "0": -44,
            "1": -26,
            "2": 31,
            "3": -44,
            "4": 1,
            "6": -21,
            "7": 16,
            "8": -16,
            "9": 5,
            "10": 28,
            "11": -14,
            "12": 31,
            "13": -36,
            "14": -2,
            "15": -40,
            "16": -23,
            "17": 2,
            "18": -43,
            "19": -30,
            "20": -23,
            "21": -31,
            "22": -4,
            "23": -8,
            "24": -12,
            "25": -17,
            "26": 40,
            "27": 20,
            "28": -45,
            "29": 31,
            "30": 39,
            "31": -11,
            "32": -49,
            "33": -5
        },
        "6": {
            "0": -18,
            "1": -12,
            "2": 43,
            "3": -32,
            "4": -26,
            "5": -21,
            "7": -30,
            "8": -32,
            "9": -33,
            "10": 16,
            "11": 30,
            "12": -11,
            "13": 7,
            "14": 17,
            "15": 5,
            "16": 32,
            "17": 3,
            "18": 14,
            "19": 17,
            "20": 39,
            "21": 19,
            "22": 46,
            "23": 20,
            "24": -20,
            "25": 3,
            "26": -41,
            "27": -49,
            "28": 2,
            "29": 12,
            "30": -23,
            "31": 31,
            "32": 45,
            "33": -8
        },
        "7": {
            "0": -35,
            "1": -24,
            "2": 8,
            "3": -35,
            "4": 15,
            "5": 16,
            "6": -30,
            "8": 21,
            "9": 14,
            "10": -21,
            "11": 14,
            "12": 45,
            "13": -10,
            "14": -33,
            "15": -34,
            "16": 13,
            "17": 18,
            "18": 16,
            "19": 47,
            "20": -25,
            "21": 30,
            "22": -24,
            "23": 0,
            "24": 49,
            "25": 29,
            "26": -23,
            "27": 29,
            "28": 21,
            "29": 34,
            "30": 27,
            "31": 3,
            "32": 13,
            "33": 42
        },
        "8": {
            "0": -8,
            "1": -49,
            "2": 45,
            "3": -24,
            "4": -36,
            "5": -16,
            "6": -32,
            "7": 21,
            "9": 48,
            "10": -14,
            "11": -13,
            "12": -18,
            "13": 35,
            "14": 0,
            "15": 46,
            "16": 15,
            "17": -35,
            "18": 8,
            "19": -47,
            "20": -29,
            "21": -22,
            "22": 38,
            "23": -8,
            "24": 4,
            "25": 36,
            "26": 5,
            "27": 36,
            "28": -24,
            "29": -49,
            "30": -36,
            "31": -4,
            "32": -11,
            "33": -4
        },
        "9": {
            "0": -49,
            "1": 0,
            "2": -1,
            "3": 46,
            "4": -11,
            "5": 5,
            "6": -33,
            "7": 14,
            "8": 48,
            "10": 14,
            "11": 33,
            "12": -4,
            "13": 3,
            "14": -43,
            "15": 35,
            "16": 30,
            "17": -14,
            "18": -34,
            "19": -42,
            "20": 20,
            "21": 21,
            "22": 41,
            "23": -25,
            "24": -14,
            "25": -29,
            "26": -31,
            "27": -26,
            "28": 38,
            "29": 39,
            "30": -14,
            "31": -49,
            "32": 7,
            "33": 2
        },
        "10": {
            "0": -16,
            "1": 18,
            "2": -14,
            "3": -3,
            "4": 36,
            "5": 28,
            "6": 16,
            "7": -21,
            "8": -14,
            "9": 14,
            "11": -47,
            "12": 43,
            "13": -15,
            "14": -11,
            "15": -21,
            "16": 45,
            "17": 32,
            "18": 3,
            "19": 41,
            "20": 42,
            "21": -29,
            "22": -24,
            "23": 22,
            "24": -41,
            "25": 8,
            "26": 0,
            "27": 10,
            "28": 13,
            "29": -18,
            "30": -11,
            "31": 34,
            "32": 32,
            "33": -34
        },
        "11": {
            "0": 18,
            "1": -11,
            "2": 6,
            "3": -17,
            "4": -18,
            "5": -14,
            "6": 30,
            "7": 14,
            "8": -13,
            "9": 33,
            "10": -47,
            "12": -9,
            "13": 41,
            "14": -34,
            "15": -10,
            "16": -46,
            "17": 26,
            "18": -43,
            "19": -26,
            "20": -44,
            "21": -22,
            "22": -2,
            "23": 24,
            "24": 5,
            "25": -5,
            "26": 46,
            "27": 21,
            "28": -23,
            "29": -48,
            "30": 43,
            "31": -38,
            "32": 6,
            "33": 3
        },
        "12": {
            "0": 8,
            "1": -3,
            "2": -21,
            "3": -47,
            "4": -8,
            "5": 31,
            "6": -11,
            "7": 45,
            "8": -18,
            "9": -4,
            "10": 43,
            "11": -9,
            "13": 49,
            "14": 9,
            "15": -27,
            "16": 31,
            "17": 33,
            "18": 40,
            "19": 7,
            "20": 14,
            "21": -14,
            "22": 31,
            "23": 20,
            "24": -11,
            "25": 20,
            "26": -6,
            "27": 8,
            "28": -20,
            "29": 40,
            "30": -21,
            "31": -11,
            "32": -19,
            "33": -17
        },
        "13": {
            "0": -35,
            "1": 24,
            "2": 41,
            "3": -49,
            "4": -44,
            "5": -36,
            "6": 7,
            "7": -10,
            "8": 35,
            "9": 3,
            "10": -15,
            "11": 41,
            "12": 49,
            "14": 41,
            "15": -9,
            "16": 40,
            "17": 0,
            "18": 49,
            "19": -21,
            "20": -8,
            "21": 28,
            "22": 36,
            "23": -22,
            "24": -5,
            "25": 47,
            "26": 2,
            "27": -30,
            "28": -5,
            "29": 2,
            "30": 44,
            "31": 14,
            "32": 31,
            "33": 14
        },
        "14": {
            "0": 19,
            "1": -28,
            "2": -24,
            "3": 38,
            "4": 23,
            "5": -2,
            "6": 17,
            "7": -33,
            "8": 0,
            "9": -43,
            "10": -11,
            "11": -34,
            "12": 9,
            "13": 41,
            "15": 18,
            "16": 33,
            "17": -1,
            "18": -29,
            "19": -35,
            "20": 5,
            "21": -36,
            "22": 1,
            "23": 30,
            "24": 43,
            "25": -3,
            "26": -29,
            "27": 0,
            "28": -43,
            "29": -49,
            "30": 39,
            "31": -14,
            "32": 8,
            "33": -15
        },
        "15": {
            "0": 5,
            "1": -13,
            "2": 29,
            "3": -49,
            "4": 31,
            "5": -40,
            "6": 5,
            "7": -34,
            "8": 46,
            "9": 35,
            "10": -21,
            "11": -10,
            "12": -27,
            "13": -9,
            "14": 18,
            "16": 23,
            "17": 12,
            "18": -31,
            "19": 34,
            "20": -36,
            "21": -5,
            "22": 22,
            "23": 1,
            "24": -35,
            "25": -21,
            "26": 24,
            "27": 20,
            "28": -29,
            "29": -26,
            "30": -11,
            "31": 46,
            "32": -37,
            "33": 43
        },
        "16": {
            "0": 7,
            "1": 48,
            "2": -48,
            "3": 46,
            "4": -13,
            "5": -23,
            "6": 32,
            "7": 13,
            "8": 15,
            "9": 30,
            "10": 45,
            "11": -46,
            "12": 31,
            "13": 40,
            "14": 33,
            "15": 23,
            "17": -30,
            "18": 5,
            "19": -2,
            "20": 0,
            "21": -30,
            "22": -27,
            "23": -45,
            "24": -37,
            "25": -38,
            "26": -4,
            "27": 22,
            "28": 5,
            "29": 11,
            "30": -45,
            "31": 6,
            "32": 0,
            "33": -23
        },
        "17": {
            "0": -46,
            "1": -6,
            "2": -26,
            "3": -46,
            "4": 0,
            "5": 2,
            "6": 3,
            "7": 18,
            "8": -35,
            "9": -14,
            "10": 32,
            "11": 26,
            "12": 33,
            "13": 0,
            "14": -1,
            "15": 12,
            "16": -30,
            "18": -32,
            "19": -19,
            "20": -24,
            "21": 0,
            "22": 31,
            "23": -33,
            "24": 29,
            "25": -34,
            "26": 8,
            "27": -32,
            "28": 17,
            "29": 16,
            "30": 6,
            "31": -15,
            "32": -23,
            "33": 34
        },
        "18": {
            "0": 13,
            "1": -37,
            "2": 45,
            "3": 37,
            "4": -47,
            "5": -43,
            "6": 14,
            "7": 16,
            "8": 8,
            "9": -34,
            "10": 3,
            "11": -43,
            "12": 40,
            "13": 49,
            "14": -29,
            "15": -31,
            "16": 5,
            "17": -32,
            "19": 0,
            "20": -1,
            "21": -3,
            "22": 42,
            "23": -36,
            "24": 39,
            "25": -5,
            "26": -26,
            "27": -49,
            "28": -42,
            "29": -23,
            "30": 41,
            "31": -45,
            "32": -19,
            "33": -34
        },
        "19": {
            "0": 43,
            "1": 44,
            "2": 19,
            "3": 9,
            "4": 43,
            "5": -30,
            "6": 17,
            "7": 47,
            "8": -47,
            "9": -42,
            "10": 41,
            "11": -26,
            "12": 7,
            "13": -21,
            "14": -35,
            "15": 34,
            "16": -2,
            "17": -19,
            "18": 0,
            "20": -38,
            "21": -46,
            "22": -28,
            "23": 11,
            "24": -40,
            "25": 33,
            "26": -24,
            "27": -39,
            "28": -47,
            "29": -38,
            "30": -22,
            "31": -44,
            "32": 32,
            "33": -33
        },
        "20": {
            "0": 13,
            "1": 8,
            "2": 44,
            "3": -43,
            "4": 0,
            "5": -23,
            "6": 39,
            "7": -25,
            "8": -29,
            "9": 20,
            "10": 42,
            "11": -44,
            "12": 14,
            "13": -8,
            "14": 5,
            "15": -36,
            "16": 0,
            "17": -24,
            "18": -1,
            "19": -38,
            "21": 19,
            "22": 24,
            "23": 27,
            "24": 43,
            "25": 32,
            "26": 11,
            "27": -47,
            "28": 48,
            "29": -45,
            "30": -17,
            "31": 41,
            "32": -16,
            "33": -42
        },
        "21": {
            "0": 31,
            "1": -17,
            "2": -10,
            "3": -39,
            "4": -7,
            "5": -31,
            "6": 19,
            "7": 30,
            "8": -22,
            "9": 21,
            "10": -29,
            "11": -22,
            "12": -14,
            "13": 28,
            "14": -36,
            "15": -5,
            "16": -30,
            "17": 0,
            "18": -3,
            "19": -46,
            "20": 19,
            "22": -36,
            "23": 40,
            "24": 24,
            "25": 42,
            "26": -37,
            "27": -44,
            "28": 17,
            "29": -21,
            "30": 17,
            "31": -31,
            "32": 35,
            "33": 6
        },
        "22": {
            "0": -46,
            "1": 34,
            "2": -22,
            "3": -21,
            "4": 39,
            "5": -4,
            "6": 46,
            "7": -24,
            "8": 38,
            "9": 41,
            "10": -24,
            "11": -2,
            "12": 31,
            "13": 36,
            "14": 1,
            "15": 22,
            "16": -27,
            "17": 31,
            "18": 42,
            "19": -28,
            "20": 24,
            "21": -36,
            "23": 2,
            "24": 20,
            "25": -23,
            "26": -47,
            "27": 13,
            "28": 8,
            "29": 49,
            "30": -8,
            "31": -18,
            "32": 8,
            "33": 12
        },
        "23": {
            "0": 39,
            "1": -33,
            "2": -40,
            "3": -49,
            "4": 32,
            "5": -8,
            "6": 20,
            "7": 0,
            "8": -8,
            "9": -25,
            "10": 22,
            "11": 24,
            "12": 20,
            "13": -22,
            "14": 30,
            "15": 1,
            "16": -45,
            "17": -33,
            "18": -36,
            "19": 11,
            "20": 27,
            "21": 40,
            "22": 2,
            "24": 31,
            "25": -28,
            "26": 18,
            "27": -21,
            "28": -12,
            "29": -49,
            "30": -31,
            "31": -8,
            "32": 12,
            "33": -25
        },
        "24": {
            "0": 29,
            "1": 23,
            "2": -6,
            "3": -16,
            "4": 32,
            "5": -12,
            "6": -20,
            "7": 49,
            "8": 4,
            "9": -14,
            "10": -41,
            "11": 5,
            "12": -11,
            "13": -5,
            "14": 43,
            "15": -35,
            "16": -37,
            "17": 29,
            "18": 39,
            "19": -40,
            "20": 43,
            "21": 24,
            "22": 20,
            "23": 31,
            "25": 38,
            "26": -34,
            "27": -19,
            "28": 45,
            "29": -41,
            "30": -5,
            "31": 45,
            "32": -1,
            "33": 14
        },
        "25": {
            "0": 21,
            "1": 30,
            "2": -7,
            "3": -14,
            "4": -9,
            "5": -17,
            "6": 3,
            "7": 29,
            "8": 36,
            "9": -29,
            "10": 8,
            "11": -5,
            "12": 20,
            "13": 47,
            "14": -3,
            "15": -21,
            "16": -38,
            "17": -34,
            "18": -5,
            "19": 33,
            "20": 32,
            "21": 42,
            "22": -23,
            "23": -28,
            "24": 38,
            "26": -21,
            "27": -20,
            "28": 22,
            "29": 32,
            "30": -47,
            "31": 22,
            "32": -9,
            "33": 0
        },
        "26": {
            "0": 30,
            "1": 10,
            "2": -16,
            "3": -34,
            "4": -44,
            "5": 40,
            "6": -41,
            "7": -23,
            "8": 5,
            "9": -31,
            "10": 0,
            "11": 46,
            "12": -6,
            "13": 2,
            "14": -29,
            "15": 24,
            "16": -4,
            "17": 8,
            "18": -26,
            "19": -24,
            "20": 11,
            "21": -37,
            "22": -47,
            "23": 18,
            "24": -34,
            "25": -21,
            "27": -46,
            "28": -29,
            "29": -10,
            "30": -14,
            "31": -36,
            "32": -40,
            "33": 27
        },
        "27": {
            "0": -19,
            "1": 17,
            "2": 21,
            "3": -16,
            "4": -37,
            "5": 20,
            "6": -49,
            "7": 29,
            "8": 36,
            "9": -26,
            "10": 10,
            "11": 21,
            "12": 8,
            "13": -30,
            "14": 0,
            "15": 20,
            "16": 22,
            "17": -32,
            "18": -49,
            "19": -39,
            "20": -47,
            "21": -44,
            "22": 13,
            "23": -21,
            "24": -19,
            "25": -20,
            "26": -46,
            "28": 9,
            "29": -14,
            "30": -48,
            "31": -18,
            "32": -46,
            "33": -15
        },
        "28": {
            "0": -9,
            "1": -38,
            "2": -20,
            "3": 13,
            "4": -30,
            "5": -45,
            "6": 2,
            "7": 21,
            "8": -24,
            "9": 38,
            "10": 13,
            "11": -23,
            "12": -20,
            "13": -5,
            "14": -43,
            "15": -29,
            "16": 5,
            "17": 17,
            "18": -42,
            "19": -47,
            "20": 48,
            "21": 17,
            "22": 8,
            "23": -12,
            "24": 45,
            "25": 22,
            "26": -29,
            "27": 9,
            "29": -23,
            "30": 40,
            "31": 40,
            "32": 24,
            "33": 31
        },
        "29": {
            "0": 0,
            "1": 3,
            "2": -21,
            "3": 7,
            "4": -33,
            "5": 31,
            "6": 12,
            "7": 34,
            "8": -49,
            "9": 39,
            "10": -18,
            "11": -48,
            "12": 40,
            "13": 2,
            "14": -49,
            "15": -26,
            "16": 11,
            "17": 16,
            "18": -23,
            "19": -38,
            "20": -45,
            "21": -21,
            "22": 49,
            "23": -49,
            "24": -41,
            "25": 32,
            "26": -10,
            "27": -14,
            "28": -23,
            "30": -24,
            "31": -29,
            "32": -19,
            "33": -49
        },
        "30": {
            "0": 13,
            "1": -12,
            "2": 2,
            "3": 32,
            "4": -38,
            "5": 39,
            "6": -23,
            "7": 27,
            "8": -36,
            "9": -14,
            "10": -11,
            "11": 43,
            "12": -21,
            "13": 44,
            "14": 39,
            "15": -11,
            "16": -45,
            "17": 6,
            "18": 41,
            "19": -22,
            "20": -17,
            "21": 17,
            "22": -8,
            "23": -31,
            "24": -5,
            "25": -47,
            "26": -14,
            "27": -48,
            "28": 40,
            "29": -24,
            "31": -30,
            "32": -45,
            "33": 29
        },
        "31": {
            "0": 28,
            "1": 6,
            "2": 19,
            "3": -8,
            "4": 7,
            "5": -11,
            "6": 31,
            "7": 3,
            "8": -4,
            "9": -49,
            "10": 34,
            "11": -38,
            "12": -11,
            "13": 14,
            "14": -14,
            "15": 46,
            "16": 6,
            "17": -15,
            "18": -45,
            "19": -44,
            "20": 41,
            "21": -31,
            "22": -18,
            "23": -8,
            "24": 45,
            "25": 22,
            "26": -36,
            "27": -18,
            "28": 40,
            "29": -29,
            "30": -30,
            "32": -37,
            "33": 45
        },
        "32": {
            "0": 27,
            "1": -33,
            "2": 32,
            "3": 24,
            "4": 10,
            "5": -49,
            "6": 45,
            "7": 13,
            "8": -11,
            "9": 7,
            "10": 32,
            "11": 6,
            "12": -19,
            "13": 31,
            "14": 8,
            "15": -37,
            "16": 0,
            "17": -23,
            "18": -19,
            "19": 32,
            "20": -16,
            "21": 35,
            "22": 8,
            "23": 12,
            "24": -1,
            "25": -9,
            "26": -40,
            "27": -46,
            "28": 24,
            "29": -19,
            "30": -45,
            "31": -37,
            "33": 29
        },
        "33": {
            "0": 38,
            "1": -16,
            "2": -5,
            "3": 19,
            "4": -46,
            "5": -5,
            "6": -8,
            "7": 42,
            "8": -4,
            "9": 2,
            "10": -34,
            "11": 3,
            "12": -17,
            "13": 14,
            "14": -15,
            "15": 43,
            "16": -23,
            "17": 34,
            "18": -34,
            "19": -33,
            "20": -42,
            "21": 6,
            "22": 12,
            "23": -25,
            "24": 14,
            "25": 0,
            "26": 27,
            "27": -15,
            "28": 31,
            "29": -49,
            "30": 29,
            "31": 45,
            "32": 29
        }
    }
}