{
    "knapsack_size": 5600,
    "Gamma": 29,
    "n_items": 22,
    "costs": {
        "0": {
            "u": 193,
            "a": 178,
            "l": 76
        },
        "1": {
            "u": 193,
            "a": 99,
            "l": 42
        },
        "2": {
            "u": 193,
            "a": 190,
            "l": 93
        },
        "3": {
            "u": 193,
            "a": 155,
            "l": 63
        },
        "4": {
            "u": 193,
            "a": 160,
            "l": 70
        },
        "5": {
            "u": 193,
            "a": 173,
            "l": 64
        },
        "6": {
            "u": 193,
            "a": 131,
            "l": 55
        },
        "7": {
            "u": 193,
            "a": 100,
            "l": 34
        },
        "8": {
            "u": 193,
            "a": 161,
            "l": 67
        },
        "9": {
            "u": 193,
            "a": 139,
            "l": 49
        },
        "10": {
            "u": 193,
            "a": 180,
            "l": 84
        },
        "11": {
            "u": 193,
            "a": 166,
            "l": 63
        },
        "12": {
            "u": 193,
            "a": 183,
            "l": 83
        },
        "13": {
            "u": 193,
            "a": 105,
            "l": 38
        },
        "14": {
            "u": 193,
            "a": 171,
            "l": 76
        },
        "15": {
            "u": 193,
            "a": 179,
            "l": 66
        },
        "16": {
            "u": 193,
            "a": 111,
            "l": 39
        },
        "17": {
            "u": 193,
            "a": 104,
            "l": 50
        },
        "18": {
            "u": 193,
            "a": 123,
            "l": 41
        },
        "19": {
            "u": 193,
            "a": 190,
            "l": 83
        },
        "20": {
            "u": 193,
            "a": 181,
            "l": 85
        },
        "21": {
            "u": 193,
            "a": 117,
            "l": 39
        }
    },
    "profits": {
        "0": 215,
        "1": 264,
        "2": 361,
        "3": 279,
        "4": 335,
        "5": 459,
        "6": 196,
        "7": 309,
        "8": 371,
        "9": 430,
        "10": 228,
        "11": 279,
        "12": 366,
        "13": 428,
        "14": 442,
        "15": 214,
        "16": 353,
        "17": 299,
        "18": 200,
        "19": 351,
        "20": 252,
        "21": 480
    },
    "synergies": {
        "0": {
            "1": 0,
            "2": -34,
            "3": 31,
            "4": -34,
            "5": -30,
            "6": 7,
            "7": 36,
            "8": -48,
            "9": 28,
            "10": -28,
            "11": -11,
            "12": -49,
            "13": -30,
            "14": -9,
            "15": 17,
            "16": 0,
            "17": -39,
            "18": 21,
            "19": -23,
            "20": 38,
            "21": -49
        },
        "1": {
            "0": 0,
            "2": 14,
            "3": -48,
            "4": 13,
            "5": -2,
            "6": 46,
            "7": 16,
            "8": -38,
            "9": -28,
            "10": -46,
            "11": -43,
            "12": -45,
            "13": 20,
            "14": 14,
            "15": -3,
            "16": 10,
            "17": 13,
            "18": -5,
            "19": -32,
            "20": -8,
            "21": 36
        },
        "2": {
            "0": -34,
            "1": 14,
            "3": -47,
            "4": 37,
            "5": -22,
            "6": 21,
            "7": 10,
            "8": 47,
            "9": -14,
            "10": 1,
            "11": -9,
            "12": -44,
            "13": -28,
            "14": 39,
            "15": 38,
            "16": -20,
            "17": 36,
            "18": -30,
            "19": 0,
            "20": 11,
            "21": -20
        },
        "3": {
            "0": 31,
            "1": -48,
            "2": -47,
            "4": -21,
            "5": 36,
            "6": -32,
            "7": -40,
            "8": -6,
            "9": 40,
            "10": -43,
            "11": -41,
            "12": -43,
            "13": 11,
            "14": 46,
            "15": 30,
            "16": 1,
            "17": 18,
            "18": 28,
            "19": 25,
            "20": 36,
            "21": 33
        },
        "4": {
            "0": -34,
            "1": 13,
            "2": 37,
            "3": -21,
            "5": 34,
            "6": 31,
            "7": -35,
            "8": -48,
            "9": -6,
            "10": 41,
            "11": 31,
            "12": -17,
            "13": -23,
            "14": -14,
            "15": 3,
            "16": -8,
            "17": 34,
            "18": 39,
            "19": -5,
            "20": 32,
            "21": -28
        },
        "5": {
            "0": -30,
            "1": -2,
            "2": -22,
            "3": 36,
            "4": 34,
            "6": -30,
            "7": -8,
            "8": 4,
            "9": -25,
            "10": -30,
            "11": 1,
            "12": -36,
            "13": 41,
            "14": 44,
            "15": -14,
            "16": -11,
            "17": 17,
            "18": 21,
            "19": -33,
            "20": 2,
            "21": 20
        },
        "6": {
            "0": 7,
            "1": 46,
            "2": 21,
            "3": -32,
            "4": 31,
            "5": -30,
            "7": -17,
            "8": 34,
            "9": -43,
            "10": 39,
            "11": 38,
            "12": -11,
            "13": -24,
            "14": -18,
            "15": -21,
            "16": -46,
            "17": 27,
            "18": 46,
            "19": -14,
            "20": -1,
            "21": -17
        },
        "7": {
            "0": 36,
            "1": 16,
            "2": 10,
            "3": -40,
            "4": -35,
            "5": -8,
            "6": -17,
            "8": -25,
            "9": -17,
            "10": -44,
            "11": -41,
            "12": -2,
            "13": -15,
            "14": -34,
            "15": -41,
            "16": -25,
            "17": 46,
            "18": -19,
            "19": -2,
            "20": -46,
            "21": -46
        },
        "8": {
            "0": -48,
            "1": -38,
            "2": 47,
            "3": -6,
            "4": -48,
            "5": 4,
            "6": 34,
            "7": -25,
            "9": 0,
            "10": 35,
            "11": 27,
            "12": -36,
            "13": -31,
            "14": 14,
            "15": 19,
            "16": 23,
            "17": 10,
            "18": 12,
            "19": 28,
            "20": 49,
            "21": 0
        },
        "9": {
            "0": 28,
            "1": -28,
            "2": -14,
            "3": 40,
            "4": -6,
            "5": -25,
            "6": -43,
            "7": -17,
            "8": 0,
            "10": 14,
            "11": -12,
            "12": -49,
            "13": -34,
            "14": -21,
            "15": 29,
            "16": -27,
            "17": -15,
            "18": -17,
            "19": 41,
            "20": -38,
            "21": 44
        },
        "10": {
            "0": -28,
            "1": -46,
            "2": 1,
            "3": -43,
            "4": 41,
            "5": -30,
            "6": 39,
            "7": -44,
            "8": 35,
            "9": 14,
            "11": -14,
            "12": -39,
            "13": 47,
            "14": -27,
            "15": 49,
            "16": -31,
            "17": -15,
            "18": -6,
            "19": -4,
            "20": 1,
            "21": 26
        },
        "11": {
            "0": -11,
            "1": -43,
            "2": -9,
            "3": -41,
            "4": 31,
            "5": 1,
            "6": 38,
            "7": -41,
            "8": 27,
            "9": -12,
            "10": -14,
            "12": -37,
            "13": -42,
            "14": 5,
            "15": -7,
            "16": 21,
            "17": -40,
            "18": -7,
            "19": -34,
            "20": -31,
            "21": 42
        },
        "12": {
            "0": -49,
            "1": -45,
            "2": -44,
            "3": -43,
            "4": -17,
            "5": -36,
            "6": -11,
            "7": -2,
            "8": -36,
            "9": -49,
            "10": -39,
            "11": -37,
            "13": -31,
            "14": 28,
            "15": -18,
            "16": -8,
            "17": -4,
            "18": -42,
            "19": -16,
            "20": 47,
            "21": -4
        },
        "13": {
            "0": -30,
            "1": 20,
            "2": -28,
            "3": 11,
            "4": -23,
            "5": 41,
            "6": -24,
            "7": -15,
            "8": -31,
            "9": -34,
            "10": 47,
            "11": -42,
            "12": -31,
            "14": 25,
            "15": -19,
            "16": -6,
            "17": 39,
            "18": -45,
            "19": 31,
            "20": 18,
            "21": 32
        },
        "14": {
            "0": -9,
            "1": 14,
            "2": 39,
            "3": 46,
            "4": -14,
            "5": 44,
            "6": -18,
            "7": -34,
            "8": 14,
            "9": -21,
            "10": -27,
            "11": 5,
            "12": 28,
            "13": 25,
            "15": 34,
            "16": 27,
            "17": 15,
            "18": -38,
            "19": 45,
            "20": 23,
            "21": -7
        },
        "15": {
            "0": 17,
            "1": -3,
            "2": 38,
            "3": 30,
            "4": 3,
            "5": -14,
            "6": -21,
            "7": -41,
            "8": 19,
            "9": 29,
            "10": 49,
            "11": -7,
            "12": -18,
            "13": -19,
            "14": 34,
            "16": -43,
            "17": 32,
            "18": -46,
            "19": -10,
            "20": 16,
            "21": -36
        },
        "16": {
            "0": 0,
            "1": 10,
            "2": -20,
            "3": 1,
            "4": -8,
            "5": -11,
            "6": -46,
            "7": -25,
            "8": 23,
            "9": -27,
            "10": -31,
            "11": 21,
            "12": -8,
            "13": -6,
            "14": 27,
            "15": -43,
            "17": -48,
            "18": -21,
            "19": 38,
            "20": -36,
            "21": -23
        },
        "17": {
            "0": -39,
            "1": 13,
            "2": 36,
            "3": 18,
            "4": 34,
            "5": 17,
            "6": 27,
            "7": 46,
            "8": 10,
            "9": -15,
            "10": -15,
            "11": -40,
            "12": -4,
            "13": 39,
            "14": 15,
            "15": 32,
            "16": -48,
            "18": 0,
            "19": -30,
            "20": -17,
            "21": 22
        },
        "18": {
            "0": 21,
            "1": -5,
            "2": -30,
            "3": 28,
            "4": 39,
            "5": 21,
            "6": 46,
            "7": -19,
            "8": 12,
            "9": -17,
            "10": -6,
            "11": -7,
            "12": -42,
            "13": -45,
            "14": -38,
            "15": -46,
            "16": -21,
            "17": 0,
            "19": -20,
            "20": 0,
            "21": -41
        },
        "19": {
            "0": -23,
            "1": -32,
            "2": 0,
            "3": 25,
            "4": -5,
            "5": -33,
            "6": -14,
            "7": -2,
            "8": 28,
            "9": 41,
            "10": -4,
            "11": -34,
            "12": -16,
            "13": 31,
            "14": 45,
            "15": -10,
            "16": 38,
            "17": -30,
            "18": -20,
            "20": 45,
            "21": 6
        },
        "20": {
            "0": 38,
            "1": -8,
            "2": 11,
            "3": 36,
            "4": 32,
            "5": 2,
            "6": -1,
            "7": -46,
            "8": 49,
            "9": -38,
            "10": 1,
            "11": -31,
            "12": 47,
            "13": 18,
            "14": 23,
            "15": 16,
            "16": -36,
            "17": -17,
            "18": 0,
            "19": 45,
            "21": 33
        },
        "21": {
            "0": -49,
            "1": 36,
            "2": -20,
            "3": 33,
            "4": -28,
            "5": 20,
            "6": -17,
            "7": -46,
            "8": 0,
            "9": 44,
            "10": 26,
            "11": 42,
            "12": -4,
            "13": 32,
            "14": -7,
            "15": -36,
            "16": -23,
            "17": 22,
            "18": -41,
            "19": 6,
            "20": 33
        }
    }
}