{
    "knapsack_size": 1500,
    "n_items": 10,
    "costs": {
        "0": {
            "l": 59,
            "a": 92,
            "u": 118
        },
        "1": {
            "l": 47,
            "a": 61,
            "u": 86
        },
        "2": {
            "l": 63,
            "a": 111,
            "u": 159
        },
        "3": {
            "l": 63,
            "a": 87,
            "u": 124
        },
        "4": {
            "l": 49,
            "a": 78,
            "u": 81
        },
        "5": {
            "l": 45,
            "a": 75,
            "u": 93
        },
        "6": {
            "l": 51,
            "a": 60,
            "u": 63
        },
        "7": {
            "l": 45,
            "a": 78,
            "u": 103
        },
        "8": {
            "l": 53,
            "a": 75,
            "u": 108
        },
        "9": {
            "l": 61,
            "a": 85,
            "u": 105
        }
    },
    "profits": {
        "0": 138,
        "1": 118,
        "2": 170,
        "3": 143,
        "4": 154,
        "5": 116,
        "6": 106,
        "7": 149,
        "8": 127,
        "9": 156
    },
    "synergies": {
        "0": {
            "1": 11,
            "2": 34,
            "3": -1,
            "4": 28,
            "5": -22,
            "6": 11,
            "7": -10,
            "8": 36,
            "9": -15
        },
        "1": {
            "0": 11,
            "2": 13,
            "3": -46,
            "4": -10,
            "5": 36,
            "6": 29,
            "7": 4,
            "8": 27,
            "9": 45
        },
        "2": {
            "0": 34,
            "1": 13,
            "3": 29,
            "4": -47,
            "5": 43,
            "6": 33,
            "7": 43,
            "8": 8,
            "9": 46
        },
        "3": {
            "0": -1,
            "1": -46,
            "2": 29,
            "4": -41,
            "5": -37,
            "6": 40,
            "7": -49,
            "8": 43,
            "9": 28
        },
        "4": {
            "0": 28,
            "1": -10,
            "2": -47,
            "3": -41,
            "5": 3,
            "6": -21,
            "7": 9,
            "8": 37,
            "9": 18
        },
        "5": {
            "0": -22,
            "1": 36,
            "2": 43,
            "3": -37,
            "4": 3,
            "6": -45,
            "7": -30,
            "8": 7,
            "9": 42
        },
        "6": {
            "0": 11,
            "1": 29,
            "2": 33,
            "3": 40,
            "4": -21,
            "5": -45,
            "7": 16,
            "8": 1,
            "9": -19
        },
        "7": {
            "0": -10,
            "1": 4,
            "2": 43,
            "3": -49,
            "4": 9,
            "5": -30,
            "6": 16,
            "8": 28,
            "9": -14
        },
        "8": {
            "0": 36,
            "1": 27,
            "2": 8,
            "3": 43,
            "4": 37,
            "5": 7,
            "6": 1,
            "7": 28,
            "9": -7
        },
        "9": {
            "0": -15,
            "1": 45,
            "2": 46,
            "3": 28,
            "4": 18,
            "5": 42,
            "6": -19,
            "7": -14,
            "8": -7
        }
    },
    "Gamma": 2
}