{
    "knapsack_size": 1200,
    "Gamma": 15,
    "n_items": 20,
    "costs": {
        "0": {
            "u": 79,
            "a": 54,
            "l": 25
        },
        "1": {
            "u": 79,
            "a": 45,
            "l": 21
        },
        "2": {
            "u": 79,
            "a": 51,
            "l": 17
        },
        "3": {
            "u": 79,
            "a": 78,
            "l": 26
        },
        "4": {
            "u": 79,
            "a": 48,
            "l": 17
        },
        "5": {
            "u": 79,
            "a": 60,
            "l": 28
        },
        "6": {
            "u": 79,
            "a": 54,
            "l": 22
        },
        "7": {
            "u": 79,
            "a": 50,
            "l": 20
        },
        "8": {
            "u": 79,
            "a": 48,
            "l": 16
        },
        "9": {
            "u": 79,
            "a": 58,
            "l": 25
        },
        "10": {
            "u": 79,
            "a": 52,
            "l": 18
        },
        "11": {
            "u": 79,
            "a": 43,
            "l": 17
        },
        "12": {
            "u": 79,
            "a": 58,
            "l": 27
        },
        "13": {
            "u": 79,
            "a": 51,
            "l": 17
        },
        "14": {
            "u": 79,
            "a": 70,
            "l": 32
        },
        "15": {
            "u": 79,
            "a": 78,
            "l": 31
        },
        "16": {
            "u": 79,
            "a": 71,
            "l": 33
        },
        "17": {
            "u": 79,
            "a": 48,
            "l": 16
        },
        "18": {
            "u": 79,
            "a": 66,
            "l": 22
        },
        "19": {
            "u": 79,
            "a": 78,
            "l": 32
        }
    },
    "profits": {
        "0": 103,
        "1": 207,
        "2": 215,
        "3": 126,
        "4": 89,
        "5": 349,
        "6": 235,
        "7": 177,
        "8": 302,
        "9": 202,
        "10": 256,
        "11": 174,
        "12": 81,
        "13": 116,
        "14": 110,
        "15": 160,
        "16": 283,
        "17": 136,
        "18": 206,
        "19": 374
    },
    "synergies": {
        "0": {
            "1": -25,
            "2": 6,
            "3": 30,
            "4": 40,
            "5": -29,
            "6": 22,
            "7": -38,
            "8": 39,
            "9": -5,
            "10": 38,
            "11": 19,
            "12": 28,
            "13": 48,
            "14": -17,
            "15": -9,
            "16": 23,
            "17": -35,
            "18": 29,
            "19": 11
        },
        "1": {
            "0": -25,
            "2": -2,
            "3": 46,
            "4": 31,
            "5": -4,
            "6": -35,
            "7": 14,
            "8": -27,
            "9": 4,
            "10": 43,
            "11": 4,
            "12": -11,
            "13": 12,
            "14": 39,
            "15": 7,
            "16": 39,
            "17": 34,
            "18": 22,
            "19": 6
        },
        "2": {
            "0": 6,
            "1": -2,
            "3": 11,
            "4": 43,
            "5": -8,
            "6": 4,
            "7": -18,
            "8": -6,
            "9": 19,
            "10": 1,
            "11": 14,
            "12": -47,
            "13": 18,
            "14": -24,
            "15": -8,
            "16": -4,
            "17": 0,
            "18": 21,
            "19": -22
        },
        "3": {
            "0": 30,
            "1": 46,
            "2": 11,
            "4": 21,
            "5": -2,
            "6": -33,
            "7": 18,
            "8": -45,
            "9": 19,
            "10": -22,
            "11": 9,
            "12": -23,
            "13": -47,
            "14": 7,
            "15": 14,
            "16": 10,
            "17": 37,
            "18": 4,
            "19": -44
        },
        "4": {
            "0": 40,
            "1": 31,
            "2": 43,
            "3": 21,
            "5": 32,
            "6": 36,
            "7": 30,
            "8": -30,
            "9": -24,
            "10": 46,
            "11": -5,
            "12": 38,
            "13": 2,
            "14": 24,
            "15": -42,
            "16": -45,
            "17": -26,
            "18": 18,
            "19": -8
        },
        "5": {
            "0": -29,
            "1": -4,
            "2": -8,
            "3": -2,
            "4": 32,
            "6": 42,
            "7": 43,
            "8": 48,
            "9": 10,
            "10": -5,
            "11": 44,
            "12": -48,
            "13": -29,
            "14": 10,
            "15": -11,
            "16": 31,
            "17": -45,
            "18": -5,
            "19": -3
        },
        "6": {
            "0": 22,
            "1": -35,
            "2": 4,
            "3": -33,
            "4": 36,
            "5": 42,
            "7": -22,
            "8": -15,
            "9": 19,
            "10": -42,
            "11": 11,
            "12": 15,
            "13": 10,
            "14": 10,
            "15": -10,
            "16": -5,
            "17": -39,
            "18": -4,
            "19": -18
        },
        "7": {
            "0": -38,
            "1": 14,
            "2": -18,
            "3": 18,
            "4": 30,
            "5": 43,
            "6": -22,
            "8": 34,
            "9": -45,
            "10": -25,
            "11": 35,
            "12": -10,
            "13": -18,
            "14": -44,
            "15": -22,
            "16": 6,
            "17": 30,
            "18": -2,
            "19": -6
        },
        "8": {
            "0": 39,
            "1": -27,
            "2": -6,
            "3": -45,
            "4": -30,
            "5": 48,
            "6": -15,
            "7": 34,
            "9": 1,
            "10": -48,
            "11": -48,
            "12": 6,
            "13": -32,
            "14": -48,
            "15": -2,
            "16": -27,
            "17": -39,
            "18": -3,
            "19": -40
        },
        "9": {
            "0": -5,
            "1": 4,
            "2": 19,
            "3": 19,
            "4": -24,
            "5": 10,
            "6": 19,
            "7": -45,
            "8": 1,
            "10": -12,
            "11": -38,
            "12": -8,
            "13": -18,
            "14": -28,
            "15": 16,
            "16": -45,
            "17": 17,
            "18": -30,
            "19": -12
        },
        "10": {
            "0": 38,
            "1": 43,
            "2": 1,
            "3": -22,
            "4": 46,
            "5": -5,
            "6": -42,
            "7": -25,
            "8": -48,
            "9": -12,
            "11": 34,
            "12": -4,
            "13": 44,
            "14": -9,
            "15": -17,
            "16": -29,
            "17": -3,
            "18": 45,
            "19": -24
        },
        "11": {
            "0": 19,
            "1": 4,
            "2": 14,
            "3": 9,
            "4": -5,
            "5": 44,
            "6": 11,
            "7": 35,
            "8": -48,
            "9": -38,
            "10": 34,
            "12": -38,
            "13": 22,
            "14": -10,
            "15": 19,
            "16": 44,
            "17": -15,
            "18": 6,
            "19": -25
        },
        "12": {
            "0": 28,
            "1": -11,
            "2": -47,
            "3": -23,
            "4": 38,
            "5": -48,
            "6": 15,
            "7": -10,
            "8": 6,
            "9": -8,
            "10": -4,
            "11": -38,
            "13": -11,
            "14": 23,
            "15": 13,
            "16": 43,
            "17": -20,
            "18": 45,
            "19": 24
        },
        "13": {
            "0": 48,
            "1": 12,
            "2": 18,
            "3": -47,
            "4": 2,
            "5": -29,
            "6": 10,
            "7": -18,
            "8": -32,
            "9": -18,
            "10": 44,
            "11": 22,
            "12": -11,
            "14": 20,
            "15": -10,
            "16": 49,
            "17": 41,
            "18": -37,
            "19": -48
        },
        "14": {
            "0": -17,
            "1": 39,
            "2": -24,
            "3": 7,
            "4": 24,
            "5": 10,
            "6": 10,
            "7": -44,
            "8": -48,
            "9": -28,
            "10": -9,
            "11": -10,
            "12": 23,
            "13": 20,
            "15": 12,
            "16": -43,
            "17": -48,
            "18": -31,
            "19": 49
        },
        "15": {
            "0": -9,
            "1": 7,
            "2": -8,
            "3": 14,
            "4": -42,
            "5": -11,
            "6": -10,
            "7": -22,
            "8": -2,
            "9": 16,
            "10": -17,
            "11": 19,
            "12": 13,
            "13": -10,
            "14": 12,
            "16": 21,
            "17": -24,
            "18": 34,
            "19": -20
        },
        "16": {
            "0": 23,
            "1": 39,
            "2": -4,
            "3": 10,
            "4": -45,
            "5": 31,
            "6": -5,
            "7": 6,
            "8": -27,
            "9": -45,
            "10": -29,
            "11": 44,
            "12": 43,
            "13": 49,
            "14": -43,
            "15": 21,
            "17": 21,
            "18": -9,
            "19": -13
        },
        "17": {
            "0": -35,
            "1": 34,
            "2": 0,
            "3": 37,
            "4": -26,
            "5": -45,
            "6": -39,
            "7": 30,
            "8": -39,
            "9": 17,
            "10": -3,
            "11": -15,
            "12": -20,
            "13": 41,
            "14": -48,
            "15": -24,
            "16": 21,
            "18": -3,
            "19": -31
        },
        "18": {
            "0": 29,
            "1": 22,
            "2": 21,
            "3": 4,
            "4": 18,
            "5": -5,
            "6": -4,
            "7": -2,
            "8": -3,
            "9": -30,
            "10": 45,
            "11": 6,
            "12": 45,
            "13": -37,
            "14": -31,
            "15": 34,
            "16": -9,
            "17": -3,
            "19": 38
        },
        "19": {
            "0": 11,
            "1": 6,
            "2": -22,
            "3": -44,
            "4": -8,
            "5": -3,
            "6": -18,
            "7": -6,
            "8": -40,
            "9": -12,
            "10": -24,
            "11": -25,
            "12": 24,
            "13": -48,
            "14": 49,
            "15": -20,
            "16": -13,
            "17": -31,
            "18": 38
        }
    }
}