{
    "knapsack_size": 4500,
    "Gamma": 9,
    "n_items": 9,
    "costs": {
        "0": {
            "l": 232.42,
            "a": 332.16,
            "u": 367.32
        },
        "1": {
            "l": 238.75,
            "a": 355.52,
            "u": 377.96
        },
        "2": {
            "l": 212.37,
            "a": 237.94,
            "u": 307.33
        },
        "3": {
            "l": 273.28,
            "a": 302.9,
            "u": 357.13
        },
        "4": {
            "l": 191.26,
            "a": 368.22,
            "u": 383.55
        },
        "5": {
            "l": 116.5,
            "a": 232.09,
            "u": 295.03
        },
        "6": {
            "l": 109.7,
            "a": 287.17,
            "u": 383.07
        },
        "7": {
            "l": 221.24,
            "a": 336.78,
            "u": 372.45
        },
        "8": {
            "l": 303.11,
            "a": 348.88,
            "u": 360.65
        }
    },
    "profits": {
        "0": 356.65,
        "1": 445.28,
        "2": 361.19,
        "3": 369.21,
        "4": 440.47,
        "5": 368.22,
        "6": 367.57,
        "7": 381.65,
        "8": 390.02
    },
    "synergies": {
        "0": {
            "1": -40.98,
            "2": 20.62,
            "3": -32.1,
            "4": -29.86,
            "5": 18.45,
            "6": -33.07,
            "7": 7.88,
            "8": -32.44
        },
        "1": {
            "0": -40.98,
            "2": -0.71,
            "3": -13.28,
            "4": -47.18,
            "5": -24.83,
            "6": 3.96,
            "7": 0.57,
            "8": -26.0
        },
        "2": {
            "0": 20.62,
            "1": -0.71,
            "3": -45.68,
            "4": 28.26,
            "5": -28.02,
            "6": -26.25,
            "7": 19.04,
            "8": 9.21
        },
        "3": {
            "0": -32.1,
            "1": -13.28,
            "2": -45.68,
            "4": 23.87,
            "5": 34.83,
            "6": -1.84,
            "7": 23.85,
            "8": -34.82
        },
        "4": {
            "0": -29.86,
            "1": -47.18,
            "2": 28.26,
            "3": 23.87,
            "5": -45.76,
            "6": -43.47,
            "7": 43.47,
            "8": -16.23
        },
        "5": {
            "0": 18.45,
            "1": -24.83,
            "2": -28.02,
            "3": 34.83,
            "4": -45.76,
            "6": 5.94,
            "7": -32.78,
            "8": -19.03
        },
        "6": {
            "0": -33.07,
            "1": 3.96,
            "2": -26.25,
            "3": -1.84,
            "4": -43.47,
            "5": 5.94,
            "7": 13.63,
            "8": 41.6
        },
        "7": {
            "0": 7.88,
            "1": 0.57,
            "2": 19.04,
            "3": 23.85,
            "4": 43.47,
            "5": -32.78,
            "6": 13.63,
            "8": 42.56
        },
        "8": {
            "0": -32.44,
            "1": -26.0,
            "2": 9.21,
            "3": -34.82,
            "4": -16.23,
            "5": -19.03,
            "6": 41.6,
            "7": 42.56
        }
    }
}