{
    "knapsack_size": 1500,
    "n_items": 32,
    "costs": {
        "0": {
            "l": 59,
            "a": 92,
            "u": 118
        },
        "1": {
            "l": 47,
            "a": 61,
            "u": 86
        },
        "2": {
            "l": 63,
            "a": 111,
            "u": 159
        },
        "3": {
            "l": 63,
            "a": 87,
            "u": 124
        },
        "4": {
            "l": 49,
            "a": 78,
            "u": 81
        },
        "5": {
            "l": 45,
            "a": 75,
            "u": 93
        },
        "6": {
            "l": 51,
            "a": 60,
            "u": 63
        },
        "7": {
            "l": 45,
            "a": 78,
            "u": 103
        },
        "8": {
            "l": 53,
            "a": 75,
            "u": 108
        },
        "9": {
            "l": 61,
            "a": 85,
            "u": 105
        },
        "10": {
            "l": 69,
            "a": 94,
            "u": 140
        },
        "11": {
            "l": 55,
            "a": 94,
            "u": 138
        },
        "12": {
            "l": 51,
            "a": 69,
            "u": 99
        },
        "13": {
            "l": 52,
            "a": 72,
            "u": 82
        },
        "14": {
            "l": 48,
            "a": 85,
            "u": 125
        },
        "15": {
            "l": 62,
            "a": 97,
            "u": 130
        },
        "16": {
            "l": 56,
            "a": 82,
            "u": 88
        },
        "17": {
            "l": 54,
            "a": 77,
            "u": 102
        },
        "18": {
            "l": 63,
            "a": 63,
            "u": 79
        },
        "19": {
            "l": 45,
            "a": 84,
            "u": 90
        },
        "20": {
            "l": 52,
            "a": 59,
            "u": 77
        },
        "21": {
            "l": 68,
            "a": 98,
            "u": 143
        },
        "22": {
            "l": 46,
            "a": 85,
            "u": 109
        },
        "23": {
            "l": 62,
            "a": 102,
            "u": 106
        },
        "24": {
            "l": 48,
            "a": 72,
            "u": 74
        },
        "25": {
            "l": 63,
            "a": 73,
            "u": 79
        },
        "26": {
            "l": 68,
            "a": 131,
            "u": 142
        },
        "27": {
            "l": 50,
            "a": 67,
            "u": 85
        },
        "28": {
            "l": 61,
            "a": 90,
            "u": 101
        },
        "29": {
            "l": 50,
            "a": 86,
            "u": 128
        },
        "30": {
            "l": 55,
            "a": 86,
            "u": 103
        },
        "31": {
            "l": 51,
            "a": 76,
            "u": 88
        }
    },
    "profits": {
        "0": 138,
        "1": 118,
        "2": 170,
        "3": 143,
        "4": 154,
        "5": 116,
        "6": 106,
        "7": 149,
        "8": 127,
        "9": 156,
        "10": 141,
        "11": 185,
        "12": 106,
        "13": 108,
        "14": 132,
        "15": 165,
        "16": 125,
        "17": 131,
        "18": 115,
        "19": 166,
        "20": 97,
        "21": 147,
        "22": 151,
        "23": 167,
        "24": 121,
        "25": 132,
        "26": 211,
        "27": 132,
        "28": 164,
        "29": 171,
        "30": 156,
        "31": 125
    },
    "synergies": {
        "0": {
            "1": 11,
            "2": 34,
            "3": -1,
            "4": 28,
            "5": -22,
            "6": 11,
            "7": -10,
            "8": 36,
            "9": -15,
            "10": -3,
            "11": -20,
            "12": -34,
            "13": 11,
            "14": -5,
            "15": 46,
            "16": 26,
            "17": 47,
            "18": 25,
            "19": 10,
            "20": 10,
            "21": -35,
            "22": -36,
            "23": -12,
            "24": 43,
            "25": -13,
            "26": -22,
            "27": 47,
            "28": -23,
            "29": -14,
            "30": 43,
            "31": -39
        },
        "1": {
            "0": 11,
            "2": 13,
            "3": -46,
            "4": -10,
            "5": 36,
            "6": 29,
            "7": 4,
            "8": 27,
            "9": 45,
            "10": -12,
            "11": 25,
            "12": -24,
            "13": -14,
            "14": -2,
            "15": -3,
            "16": 46,
            "17": 24,
            "18": -6,
            "19": -43,
            "20": -25,
            "21": 14,
            "22": -42,
            "23": -34,
            "24": 48,
            "25": -9,
            "26": 47,
            "27": 11,
            "28": -13,
            "29": -28,
            "30": 7,
            "31": 30
        },
        "2": {
            "0": 34,
            "1": 13,
            "3": 29,
            "4": -47,
            "5": 43,
            "6": 33,
            "7": 43,
            "8": 8,
            "9": 46,
            "10": -34,
            "11": -23,
            "12": -7,
            "13": 17,
            "14": -35,
            "15": 22,
            "16": 0,
            "17": 14,
            "18": -17,
            "19": 2,
            "20": -37,
            "21": -32,
            "22": 7,
            "23": 2,
            "24": 14,
            "25": -23,
            "26": 29,
            "27": -43,
            "28": 34,
            "29": -12,
            "30": 21,
            "31": 23
        },
        "3": {
            "0": -1,
            "1": -46,
            "2": 29,
            "4": -41,
            "5": -37,
            "6": 40,
            "7": -49,
            "8": 43,
            "9": 28,
            "10": -19,
            "11": -26,
            "12": 34,
            "13": -32,
            "14": 48,
            "15": -34,
            "16": -18,
            "17": 0,
            "18": 36,
            "19": 22,
            "20": -38,
            "21": 41,
            "22": -40,
            "23": -25,
            "24": 24,
            "25": 36,
            "26": 4,
            "27": 44,
            "28": 1,
            "29": 13,
            "30": -47,
            "31": -23
        },
        "4": {
            "0": 28,
            "1": -10,
            "2": -47,
            "3": -41,
            "5": 3,
            "6": -21,
            "7": 9,
            "8": 37,
            "9": 18,
            "10": -3,
            "11": 24,
            "12": -37,
            "13": 3,
            "14": 37,
            "15": 46,
            "16": 20,
            "17": 44,
            "18": -16,
            "19": -19,
            "20": 32,
            "21": 25,
            "22": -12,
            "23": -38,
            "24": 4,
            "25": -17,
            "26": 21,
            "27": -41,
            "28": -25,
            "29": -38,
            "30": 15,
            "31": -47
        },
        "5": {
            "0": -22,
            "1": 36,
            "2": 43,
            "3": -37,
            "4": 3,
            "6": -45,
            "7": -30,
            "8": 7,
            "9": 42,
            "10": -45,
            "11": -29,
            "12": -10,
            "13": -11,
            "14": 25,
            "15": 46,
            "16": 26,
            "17": -13,
            "18": 18,
            "19": -48,
            "20": 10,
            "21": 9,
            "22": 8,
            "23": 30,
            "24": -41,
            "25": 25,
            "26": -21,
            "27": -41,
            "28": -24,
            "29": -3,
            "30": -33,
            "31": 44
        },
        "6": {
            "0": 11,
            "1": 29,
            "2": 33,
            "3": 40,
            "4": -21,
            "5": -45,
            "7": 16,
            "8": 1,
            "9": -19,
            "10": -7,
            "11": 10,
            "12": 7,
            "13": 30,
            "14": 49,
            "15": 15,
            "16": 25,
            "17": -3,
            "18": 6,
            "19": -15,
            "20": -35,
            "21": -36,
            "22": -4,
            "23": 14,
            "24": 48,
            "25": 24,
            "26": 32,
            "27": -42,
            "28": 21,
            "29": 48,
            "30": -48,
            "31": -8
        },
        "7": {
            "0": -10,
            "1": 4,
            "2": 43,
            "3": -49,
            "4": 9,
            "5": -30,
            "6": 16,
            "8": 28,
            "9": -14,
            "10": -1,
            "11": -24,
            "12": -4,
            "13": 47,
            "14": -15,
            "15": -36,
            "16": 23,
            "17": -5,
            "18": -32,
            "19": 19,
            "20": 4,
            "21": 7,
            "22": 33,
            "23": 39,
            "24": 45,
            "25": 34,
            "26": -33,
            "27": -17,
            "28": 0,
            "29": -18,
            "30": 4,
            "31": -12
        },
        "8": {
            "0": 36,
            "1": 27,
            "2": 8,
            "3": 43,
            "4": 37,
            "5": 7,
            "6": 1,
            "7": 28,
            "9": -7,
            "10": -25,
            "11": 42,
            "12": 29,
            "13": 43,
            "14": -6,
            "15": 30,
            "16": 32,
            "17": 16,
            "18": 45,
            "19": 17,
            "20": -22,
            "21": 26,
            "22": 16,
            "23": -25,
            "24": -31,
            "25": 0,
            "26": -12,
            "27": 16,
            "28": 47,
            "29": 15,
            "30": -28,
            "31": 4
        },
        "9": {
            "0": -15,
            "1": 45,
            "2": 46,
            "3": 28,
            "4": 18,
            "5": 42,
            "6": -19,
            "7": -14,
            "8": -7,
            "10": -43,
            "11": -39,
            "12": 46,
            "13": -30,
            "14": -20,
            "15": -3,
            "16": 13,
            "17": 34,
            "18": 22,
            "19": 46,
            "20": -40,
            "21": 17,
            "22": -10,
            "23": 14,
            "24": 15,
            "25": 6,
            "26": 45,
            "27": 10,
            "28": 40,
            "29": 37,
            "30": 42,
            "31": 15
        },
        "10": {
            "0": -3,
            "1": -12,
            "2": -34,
            "3": -19,
            "4": -3,
            "5": -45,
            "6": -7,
            "7": -1,
            "8": -25,
            "9": -43,
            "11": 4,
            "12": 25,
            "13": -32,
            "14": -33,
            "15": -4,
            "16": 11,
            "17": -36,
            "18": -10,
            "19": -3,
            "20": -4,
            "21": 24,
            "22": 14,
            "23": -46,
            "24": -49,
            "25": 13,
            "26": 38,
            "27": -13,
            "28": 26,
            "29": -46,
            "30": -32,
            "31": 39
        },
        "11": {
            "0": -20,
            "1": 25,
            "2": -23,
            "3": -26,
            "4": 24,
            "5": -29,
            "6": 10,
            "7": -24,
            "8": 42,
            "9": -39,
            "10": 4,
            "12": -48,
            "13": 16,
            "14": 26,
            "15": -6,
            "16": -4,
            "17": -38,
            "18": -9,
            "19": -8,
            "20": 6,
            "21": 4,
            "22": -16,
            "23": 20,
            "24": 1,
            "25": -37,
            "26": -46,
            "27": 8,
            "28": 18,
            "29": 30,
            "30": 30,
            "31": 2
        },
        "12": {
            "0": -34,
            "1": -24,
            "2": -7,
            "3": 34,
            "4": -37,
            "5": -10,
            "6": 7,
            "7": -4,
            "8": 29,
            "9": 46,
            "10": 25,
            "11": -48,
            "13": -38,
            "14": 1,
            "15": 11,
            "16": 0,
            "17": 8,
            "18": -1,
            "19": 10,
            "20": -19,
            "21": -45,
            "22": 21,
            "23": -29,
            "24": -15,
            "25": 44,
            "26": 2,
            "27": 17,
            "28": -23,
            "29": -41,
            "30": 14,
            "31": -45
        },
        "13": {
            "0": 11,
            "1": -14,
            "2": 17,
            "3": -32,
            "4": 3,
            "5": -11,
            "6": 30,
            "7": 47,
            "8": 43,
            "9": -30,
            "10": -32,
            "11": 16,
            "12": -38,
            "14": -20,
            "15": 33,
            "16": 34,
            "17": -15,
            "18": 33,
            "19": 28,
            "20": -32,
            "21": -19,
            "22": -32,
            "23": -25,
            "24": -47,
            "25": -36,
            "26": -33,
            "27": -20,
            "28": -34,
            "29": 33,
            "30": 44,
            "31": 39
        },
        "14": {
            "0": -5,
            "1": -2,
            "2": -35,
            "3": 48,
            "4": 37,
            "5": 25,
            "6": 49,
            "7": -15,
            "8": -6,
            "9": -20,
            "10": -33,
            "11": 26,
            "12": 1,
            "13": -20,
            "15": 47,
            "16": -47,
            "17": 33,
            "18": 6,
            "19": 32,
            "20": -46,
            "21": -49,
            "22": -34,
            "23": -28,
            "24": -13,
            "25": 4,
            "26": 9,
            "27": -43,
            "28": 23,
            "29": 37,
            "30": -40,
            "31": -34
        },
        "15": {
            "0": 46,
            "1": -3,
            "2": 22,
            "3": -34,
            "4": 46,
            "5": 46,
            "6": 15,
            "7": -36,
            "8": 30,
            "9": -3,
            "10": -4,
            "11": -6,
            "12": 11,
            "13": 33,
            "14": 47,
            "16": 6,
            "17": -46,
            "18": -38,
            "19": -48,
            "20": -16,
            "21": 23,
            "22": 10,
            "23": 43,
            "24": -7,
            "25": -32,
            "26": -13,
            "27": 27,
            "28": -19,
            "29": -25,
            "30": 9,
            "31": -22
        },
        "16": {
            "0": 26,
            "1": 46,
            "2": 0,
            "3": -18,
            "4": 20,
            "5": 26,
            "6": 25,
            "7": 23,
            "8": 32,
            "9": 13,
            "10": 11,
            "11": -4,
            "12": 0,
            "13": 34,
            "14": -47,
            "15": 6,
            "17": -26,
            "18": 27,
            "19": 42,
            "20": -25,
            "21": -28,
            "22": -43,
            "23": 48,
            "24": -36,
            "25": -29,
            "26": -25,
            "27": 23,
            "28": 32,
            "29": -30,
            "30": -19,
            "31": 4
        },
        "17": {
            "0": 47,
            "1": 24,
            "2": 14,
            "3": 0,
            "4": 44,
            "5": -13,
            "6": -3,
            "7": -5,
            "8": 16,
            "9": 34,
            "10": -36,
            "11": -38,
            "12": 8,
            "13": -15,
            "14": 33,
            "15": -46,
            "16": -26,
            "18": 11,
            "19": -10,
            "20": 19,
            "21": 34,
            "22": 47,
            "23": -40,
            "24": 4,
            "25": -1,
            "26": -18,
            "27": 10,
            "28": 27,
            "29": 40,
            "30": 18,
            "31": -47
        },
        "18": {
            "0": 25,
            "1": -6,
            "2": -17,
            "3": 36,
            "4": -16,
            "5": 18,
            "6": 6,
            "7": -32,
            "8": 45,
            "9": 22,
            "10": -10,
            "11": -9,
            "12": -1,
            "13": 33,
            "14": 6,
            "15": -38,
            "16": 27,
            "17": 11,
            "19": 45,
            "20": -12,
            "21": 1,
            "22": 38,
            "23": 26,
            "24": 15,
            "25": -28,
            "26": 16,
            "27": 42,
            "28": -23,
            "29": 49,
            "30": -38,
            "31": -22
        },
        "19": {
            "0": 10,
            "1": -43,
            "2": 2,
            "3": 22,
            "4": -19,
            "5": -48,
            "6": -15,
            "7": 19,
            "8": 17,
            "9": 46,
            "10": -3,
            "11": -8,
            "12": 10,
            "13": 28,
            "14": 32,
            "15": -48,
            "16": 42,
            "17": -10,
            "18": 45,
            "20": 31,
            "21": 21,
            "22": -43,
            "23": -20,
            "24": -21,
            "25": -42,
            "26": -41,
            "27": -39,
            "28": 25,
            "29": 20,
            "30": -8,
            "31": -17
        },
        "20": {
            "0": 10,
            "1": -25,
            "2": -37,
            "3": -38,
            "4": 32,
            "5": 10,
            "6": -35,
            "7": 4,
            "8": -22,
            "9": -40,
            "10": -4,
            "11": 6,
            "12": -19,
            "13": -32,
            "14": -46,
            "15": -16,
            "16": -25,
            "17": 19,
            "18": -12,
            "19": 31,
            "21": -30,
            "22": -15,
            "23": 43,
            "24": 39,
            "25": 41,
            "26": 43,
            "27": 40,
            "28": 13,
            "29": -42,
            "30": -12,
            "31": -38
        },
        "21": {
            "0": -35,
            "1": 14,
            "2": -32,
            "3": 41,
            "4": 25,
            "5": 9,
            "6": -36,
            "7": 7,
            "8": 26,
            "9": 17,
            "10": 24,
            "11": 4,
            "12": -45,
            "13": -19,
            "14": -49,
            "15": 23,
            "16": -28,
            "17": 34,
            "18": 1,
            "19": 21,
            "20": -30,
            "22": -49,
            "23": -13,
            "24": -42,
            "25": -11,
            "26": -19,
            "27": -10,
            "28": 47,
            "29": -32,
            "30": 6,
            "31": -29
        },
        "22": {
            "0": -36,
            "1": -42,
            "2": 7,
            "3": -40,
            "4": -12,
            "5": 8,
            "6": -4,
            "7": 33,
            "8": 16,
            "9": -10,
            "10": 14,
            "11": -16,
            "12": 21,
            "13": -32,
            "14": -34,
            "15": 10,
            "16": -43,
            "17": 47,
            "18": 38,
            "19": -43,
            "20": -15,
            "21": -49,
            "23": -4,
            "24": -32,
            "25": 10,
            "26": 12,
            "27": 27,
            "28": 36,
            "29": -20,
            "30": -15,
            "31": 38
        },
        "23": {
            "0": -12,
            "1": -34,
            "2": 2,
            "3": -25,
            "4": -38,
            "5": 30,
            "6": 14,
            "7": 39,
            "8": -25,
            "9": 14,
            "10": -46,
            "11": 20,
            "12": -29,
            "13": -25,
            "14": -28,
            "15": 43,
            "16": 48,
            "17": -40,
            "18": 26,
            "19": -20,
            "20": 43,
            "21": -13,
            "22": -4,
            "24": 5,
            "25": 13,
            "26": -38,
            "27": -8,
            "28": 9,
            "29": -28,
            "30": -17,
            "31": -7
        },
        "24": {
            "0": 43,
            "1": 48,
            "2": 14,
            "3": 24,
            "4": 4,
            "5": -41,
            "6": 48,
            "7": 45,
            "8": -31,
            "9": 15,
            "10": -49,
            "11": 1,
            "12": -15,
            "13": -47,
            "14": -13,
            "15": -7,
            "16": -36,
            "17": 4,
            "18": 15,
            "19": -21,
            "20": 39,
            "21": -42,
            "22": -32,
            "23": 5,
            "25": -6,
            "26": -25,
            "27": 8,
            "28": -29,
            "29": -27,
            "30": 10,
            "31": -6
        },
        "25": {
            "0": -13,
            "1": -9,
            "2": -23,
            "3": 36,
            "4": -17,
            "5": 25,
            "6": 24,
            "7": 34,
            "8": 0,
            "9": 6,
            "10": 13,
            "11": -37,
            "12": 44,
            "13": -36,
            "14": 4,
            "15": -32,
            "16": -29,
            "17": -1,
            "18": -28,
            "19": -42,
            "20": 41,
            "21": -11,
            "22": 10,
            "23": 13,
            "24": -6,
            "26": -22,
            "27": 29,
            "28": -16,
            "29": -29,
            "30": 21,
            "31": 38
        },
        "26": {
            "0": -22,
            "1": 47,
            "2": 29,
            "3": 4,
            "4": 21,
            "5": -21,
            "6": 32,
            "7": -33,
            "8": -12,
            "9": 45,
            "10": 38,
            "11": -46,
            "12": 2,
            "13": -33,
            "14": 9,
            "15": -13,
            "16": -25,
            "17": -18,
            "18": 16,
            "19": -41,
            "20": 43,
            "21": -19,
            "22": 12,
            "23": -38,
            "24": -25,
            "25": -22,
            "27": -27,
            "28": 11,
            "29": -42,
            "30": 45,
            "31": 36
        },
        "27": {
            "0": 47,
            "1": 11,
            "2": -43,
            "3": 44,
            "4": -41,
            "5": -41,
            "6": -42,
            "7": -17,
            "8": 16,
            "9": 10,
            "10": -13,
            "11": 8,
            "12": 17,
            "13": -20,
            "14": -43,
            "15": 27,
            "16": 23,
            "17": 10,
            "18": 42,
            "19": -39,
            "20": 40,
            "21": -10,
            "22": 27,
            "23": -8,
            "24": 8,
            "25": 29,
            "26": -27,
            "28": -14,
            "29": -35,
            "30": 9,
            "31": 32
        },
        "28": {
            "0": -23,
            "1": -13,
            "2": 34,
            "3": 1,
            "4": -25,
            "5": -24,
            "6": 21,
            "7": 0,
            "8": 47,
            "9": 40,
            "10": 26,
            "11": 18,
            "12": -23,
            "13": -34,
            "14": 23,
            "15": -19,
            "16": 32,
            "17": 27,
            "18": -23,
            "19": 25,
            "20": 13,
            "21": 47,
            "22": 36,
            "23": 9,
            "24": -29,
            "25": -16,
            "26": 11,
            "27": -14,
            "29": -13,
            "30": 4,
            "31": 38
        },
        "29": {
            "0": -14,
            "1": -28,
            "2": -12,
            "3": 13,
            "4": -38,
            "5": -3,
            "6": 48,
            "7": -18,
            "8": 15,
            "9": 37,
            "10": -46,
            "11": 30,
            "12": -41,
            "13": 33,
            "14": 37,
            "15": -25,
            "16": -30,
            "17": 40,
            "18": 49,
            "19": 20,
            "20": -42,
            "21": -32,
            "22": -20,
            "23": -28,
            "24": -27,
            "25": -29,
            "26": -42,
            "27": -35,
            "28": -13,
            "30": 7,
            "31": -32
        },
        "30": {
            "0": 43,
            "1": 7,
            "2": 21,
            "3": -47,
            "4": 15,
            "5": -33,
            "6": -48,
            "7": 4,
            "8": -28,
            "9": 42,
            "10": -32,
            "11": 30,
            "12": 14,
            "13": 44,
            "14": -40,
            "15": 9,
            "16": -19,
            "17": 18,
            "18": -38,
            "19": -8,
            "20": -12,
            "21": 6,
            "22": -15,
            "23": -17,
            "24": 10,
            "25": 21,
            "26": 45,
            "27": 9,
            "28": 4,
            "29": 7,
            "31": 34
        },
        "31": {
            "0": -39,
            "1": 30,
            "2": 23,
            "3": -23,
            "4": -47,
            "5": 44,
            "6": -8,
            "7": -12,
            "8": 4,
            "9": 15,
            "10": 39,
            "11": 2,
            "12": -45,
            "13": 39,
            "14": -34,
            "15": -22,
            "16": 4,
            "17": -47,
            "18": -22,
            "19": -17,
            "20": -38,
            "21": -29,
            "22": 38,
            "23": -7,
            "24": -6,
            "25": 38,
            "26": 36,
            "27": 32,
            "28": 38,
            "29": -32,
            "30": 34
        }
    },
    "Gamma": 6
}