{
    "knapsack_size": 1500,
    "n_items": 40,
    "costs": {
        "0": {
            "l": 59,
            "a": 92,
            "u": 118
        },
        "1": {
            "l": 47,
            "a": 61,
            "u": 86
        },
        "2": {
            "l": 63,
            "a": 111,
            "u": 159
        },
        "3": {
            "l": 63,
            "a": 87,
            "u": 124
        },
        "4": {
            "l": 49,
            "a": 78,
            "u": 81
        },
        "5": {
            "l": 45,
            "a": 75,
            "u": 93
        },
        "6": {
            "l": 51,
            "a": 60,
            "u": 63
        },
        "7": {
            "l": 45,
            "a": 78,
            "u": 103
        },
        "8": {
            "l": 53,
            "a": 75,
            "u": 108
        },
        "9": {
            "l": 61,
            "a": 85,
            "u": 105
        },
        "10": {
            "l": 69,
            "a": 94,
            "u": 140
        },
        "11": {
            "l": 55,
            "a": 94,
            "u": 138
        },
        "12": {
            "l": 51,
            "a": 69,
            "u": 99
        },
        "13": {
            "l": 52,
            "a": 72,
            "u": 82
        },
        "14": {
            "l": 48,
            "a": 85,
            "u": 125
        },
        "15": {
            "l": 62,
            "a": 97,
            "u": 130
        },
        "16": {
            "l": 56,
            "a": 82,
            "u": 88
        },
        "17": {
            "l": 54,
            "a": 77,
            "u": 102
        },
        "18": {
            "l": 63,
            "a": 63,
            "u": 79
        },
        "19": {
            "l": 45,
            "a": 84,
            "u": 90
        },
        "20": {
            "l": 52,
            "a": 59,
            "u": 77
        },
        "21": {
            "l": 68,
            "a": 98,
            "u": 143
        },
        "22": {
            "l": 46,
            "a": 85,
            "u": 109
        },
        "23": {
            "l": 62,
            "a": 102,
            "u": 106
        },
        "24": {
            "l": 48,
            "a": 72,
            "u": 74
        },
        "25": {
            "l": 63,
            "a": 73,
            "u": 79
        },
        "26": {
            "l": 68,
            "a": 131,
            "u": 142
        },
        "27": {
            "l": 50,
            "a": 67,
            "u": 85
        },
        "28": {
            "l": 61,
            "a": 90,
            "u": 101
        },
        "29": {
            "l": 50,
            "a": 86,
            "u": 128
        },
        "30": {
            "l": 55,
            "a": 86,
            "u": 103
        },
        "31": {
            "l": 51,
            "a": 76,
            "u": 88
        },
        "32": {
            "l": 58,
            "a": 71,
            "u": 85
        },
        "33": {
            "l": 65,
            "a": 105,
            "u": 129
        },
        "34": {
            "l": 48,
            "a": 78,
            "u": 86
        },
        "35": {
            "l": 45,
            "a": 84,
            "u": 113
        },
        "36": {
            "l": 59,
            "a": 98,
            "u": 102
        },
        "37": {
            "l": 69,
            "a": 96,
            "u": 136
        },
        "38": {
            "l": 56,
            "a": 100,
            "u": 148
        },
        "39": {
            "l": 60,
            "a": 71,
            "u": 78
        }
    },
    "profits": {
        "0": 138,
        "1": 118,
        "2": 170,
        "3": 143,
        "4": 154,
        "5": 116,
        "6": 106,
        "7": 149,
        "8": 127,
        "9": 156,
        "10": 141,
        "11": 185,
        "12": 106,
        "13": 108,
        "14": 132,
        "15": 165,
        "16": 125,
        "17": 131,
        "18": 115,
        "19": 166,
        "20": 97,
        "21": 147,
        "22": 151,
        "23": 167,
        "24": 121,
        "25": 132,
        "26": 211,
        "27": 132,
        "28": 164,
        "29": 171,
        "30": 156,
        "31": 125,
        "32": 119,
        "33": 208,
        "34": 122,
        "35": 140,
        "36": 162,
        "37": 189,
        "38": 179,
        "39": 139
    },
    "synergies": {
        "0": {
            "1": 11,
            "2": 34,
            "3": -1,
            "4": 28,
            "5": -22,
            "6": 11,
            "7": -10,
            "8": 36,
            "9": -15,
            "10": -3,
            "11": -20,
            "12": -34,
            "13": 11,
            "14": -5,
            "15": 46,
            "16": 26,
            "17": 47,
            "18": 25,
            "19": 10,
            "20": 10,
            "21": -35,
            "22": -36,
            "23": -12,
            "24": 43,
            "25": -13,
            "26": -22,
            "27": 47,
            "28": -23,
            "29": -14,
            "30": 43,
            "31": -39,
            "32": -32,
            "33": 23,
            "34": 13,
            "35": 47,
            "36": 3,
            "37": -44,
            "38": 44,
            "39": -23
        },
        "1": {
            "0": 11,
            "2": 13,
            "3": -46,
            "4": -10,
            "5": 36,
            "6": 29,
            "7": 4,
            "8": 27,
            "9": 45,
            "10": -12,
            "11": 25,
            "12": -24,
            "13": -14,
            "14": -2,
            "15": -3,
            "16": 46,
            "17": 24,
            "18": -6,
            "19": -43,
            "20": -25,
            "21": 14,
            "22": -42,
            "23": -34,
            "24": 48,
            "25": -9,
            "26": 47,
            "27": 11,
            "28": -13,
            "29": -28,
            "30": 7,
            "31": 30,
            "32": -32,
            "33": -27,
            "34": 24,
            "35": -14,
            "36": -29,
            "37": -40,
            "38": -24,
            "39": 9
        },
        "2": {
            "0": 34,
            "1": 13,
            "3": 29,
            "4": -47,
            "5": 43,
            "6": 33,
            "7": 43,
            "8": 8,
            "9": 46,
            "10": -34,
            "11": -23,
            "12": -7,
            "13": 17,
            "14": -35,
            "15": 22,
            "16": 0,
            "17": 14,
            "18": -17,
            "19": 2,
            "20": -37,
            "21": -32,
            "22": 7,
            "23": 2,
            "24": 14,
            "25": -23,
            "26": 29,
            "27": -43,
            "28": 34,
            "29": -12,
            "30": 21,
            "31": 23,
            "32": 42,
            "33": -3,
            "34": 28,
            "35": -44,
            "36": -19,
            "37": -49,
            "38": -26,
            "39": -1
        },
        "3": {
            "0": -1,
            "1": -46,
            "2": 29,
            "4": -41,
            "5": -37,
            "6": 40,
            "7": -49,
            "8": 43,
            "9": 28,
            "10": -19,
            "11": -26,
            "12": 34,
            "13": -32,
            "14": 48,
            "15": -34,
            "16": -18,
            "17": 0,
            "18": 36,
            "19": 22,
            "20": -38,
            "21": 41,
            "22": -40,
            "23": -25,
            "24": 24,
            "25": 36,
            "26": 4,
            "27": 44,
            "28": 1,
            "29": 13,
            "30": -47,
            "31": -23,
            "32": -24,
            "33": -22,
            "34": 2,
            "35": -45,
            "36": 42,
            "37": 31,
            "38": -43,
            "39": 26
        },
        "4": {
            "0": 28,
            "1": -10,
            "2": -47,
            "3": -41,
            "5": 3,
            "6": -21,
            "7": 9,
            "8": 37,
            "9": 18,
            "10": -3,
            "11": 24,
            "12": -37,
            "13": 3,
            "14": 37,
            "15": 46,
            "16": 20,
            "17": 44,
            "18": -16,
            "19": -19,
            "20": 32,
            "21": 25,
            "22": -12,
            "23": -38,
            "24": 4,
            "25": -17,
            "26": 21,
            "27": -41,
            "28": -25,
            "29": -38,
            "30": 15,
            "31": -47,
            "32": 38,
            "33": 9,
            "34": 48,
            "35": -20,
            "36": -21,
            "37": 42,
            "38": 38,
            "39": -5
        },
        "5": {
            "0": -22,
            "1": 36,
            "2": 43,
            "3": -37,
            "4": 3,
            "6": -45,
            "7": -30,
            "8": 7,
            "9": 42,
            "10": -45,
            "11": -29,
            "12": -10,
            "13": -11,
            "14": 25,
            "15": 46,
            "16": 26,
            "17": -13,
            "18": 18,
            "19": -48,
            "20": 10,
            "21": 9,
            "22": 8,
            "23": 30,
            "24": -41,
            "25": 25,
            "26": -21,
            "27": -41,
            "28": -24,
            "29": -3,
            "30": -33,
            "31": 44,
            "32": 5,
            "33": 45,
            "34": 40,
            "35": -46,
            "36": 33,
            "37": 37,
            "38": -22,
            "39": -34
        },
        "6": {
            "0": 11,
            "1": 29,
            "2": 33,
            "3": 40,
            "4": -21,
            "5": -45,
            "7": 16,
            "8": 1,
            "9": -19,
            "10": -7,
            "11": 10,
            "12": 7,
            "13": 30,
            "14": 49,
            "15": 15,
            "16": 25,
            "17": -3,
            "18": 6,
            "19": -15,
            "20": -35,
            "21": -36,
            "22": -4,
            "23": 14,
            "24": 48,
            "25": 24,
            "26": 32,
            "27": -42,
            "28": 21,
            "29": 48,
            "30": -48,
            "31": -8,
            "32": -5,
            "33": 23,
            "34": 5,
            "35": -18,
            "36": 19,
            "37": 2,
            "38": -29,
            "39": -24
        },
        "7": {
            "0": -10,
            "1": 4,
            "2": 43,
            "3": -49,
            "4": 9,
            "5": -30,
            "6": 16,
            "8": 28,
            "9": -14,
            "10": -1,
            "11": -24,
            "12": -4,
            "13": 47,
            "14": -15,
            "15": -36,
            "16": 23,
            "17": -5,
            "18": -32,
            "19": 19,
            "20": 4,
            "21": 7,
            "22": 33,
            "23": 39,
            "24": 45,
            "25": 34,
            "26": -33,
            "27": -17,
            "28": 0,
            "29": -18,
            "30": 4,
            "31": -12,
            "32": -8,
            "33": 37,
            "34": 1,
            "35": -45,
            "36": 14,
            "37": -30,
            "38": -27,
            "39": -22
        },
        "8": {
            "0": 36,
            "1": 27,
            "2": 8,
            "3": 43,
            "4": 37,
            "5": 7,
            "6": 1,
            "7": 28,
            "9": -7,
            "10": -25,
            "11": 42,
            "12": 29,
            "13": 43,
            "14": -6,
            "15": 30,
            "16": 32,
            "17": 16,
            "18": 45,
            "19": 17,
            "20": -22,
            "21": 26,
            "22": 16,
            "23": -25,
            "24": -31,
            "25": 0,
            "26": -12,
            "27": 16,
            "28": 47,
            "29": 15,
            "30": -28,
            "31": 4,
            "32": 13,
            "33": -29,
            "34": 12,
            "35": -49,
            "36": 1,
            "37": -25,
            "38": 42,
            "39": 4
        },
        "9": {
            "0": -15,
            "1": 45,
            "2": 46,
            "3": 28,
            "4": 18,
            "5": 42,
            "6": -19,
            "7": -14,
            "8": -7,
            "10": -43,
            "11": -39,
            "12": 46,
            "13": -30,
            "14": -20,
            "15": -3,
            "16": 13,
            "17": 34,
            "18": 22,
            "19": 46,
            "20": -40,
            "21": 17,
            "22": -10,
            "23": 14,
            "24": 15,
            "25": 6,
            "26": 45,
            "27": 10,
            "28": 40,
            "29": 37,
            "30": 42,
            "31": 15,
            "32": -17,
            "33": -9,
            "34": -22,
            "35": -42,
            "36": -11,
            "37": 21,
            "38": -42,
            "39": -9
        },
        "10": {
            "0": -3,
            "1": -12,
            "2": -34,
            "3": -19,
            "4": -3,
            "5": -45,
            "6": -7,
            "7": -1,
            "8": -25,
            "9": -43,
            "11": 4,
            "12": 25,
            "13": -32,
            "14": -33,
            "15": -4,
            "16": 11,
            "17": -36,
            "18": -10,
            "19": -3,
            "20": -4,
            "21": 24,
            "22": 14,
            "23": -46,
            "24": -49,
            "25": 13,
            "26": 38,
            "27": -13,
            "28": 26,
            "29": -46,
            "30": -32,
            "31": 39,
            "32": 0,
            "33": -11,
            "34": 20,
            "35": 31,
            "36": 0,
            "37": 30,
            "38": 48,
            "39": -39
        },
        "11": {
            "0": -20,
            "1": 25,
            "2": -23,
            "3": -26,
            "4": 24,
            "5": -29,
            "6": 10,
            "7": -24,
            "8": 42,
            "9": -39,
            "10": 4,
            "12": -48,
            "13": 16,
            "14": 26,
            "15": -6,
            "16": -4,
            "17": -38,
            "18": -9,
            "19": -8,
            "20": 6,
            "21": 4,
            "22": -16,
            "23": 20,
            "24": 1,
            "25": -37,
            "26": -46,
            "27": 8,
            "28": 18,
            "29": 30,
            "30": 30,
            "31": 2,
            "32": -44,
            "33": -37,
            "34": 9,
            "35": -43,
            "36": 2,
            "37": -18,
            "38": -49,
            "39": -41
        },
        "12": {
            "0": -34,
            "1": -24,
            "2": -7,
            "3": 34,
            "4": -37,
            "5": -10,
            "6": 7,
            "7": -4,
            "8": 29,
            "9": 46,
            "10": 25,
            "11": -48,
            "13": -38,
            "14": 1,
            "15": 11,
            "16": 0,
            "17": 8,
            "18": -1,
            "19": 10,
            "20": -19,
            "21": -45,
            "22": 21,
            "23": -29,
            "24": -15,
            "25": 44,
            "26": 2,
            "27": 17,
            "28": -23,
            "29": -41,
            "30": 14,
            "31": -45,
            "32": -31,
            "33": -30,
            "34": 38,
            "35": 6,
            "36": -10,
            "37": -17,
            "38": -10,
            "39": 3
        },
        "13": {
            "0": 11,
            "1": -14,
            "2": 17,
            "3": -32,
            "4": 3,
            "5": -11,
            "6": 30,
            "7": 47,
            "8": 43,
            "9": -30,
            "10": -32,
            "11": 16,
            "12": -38,
            "14": -20,
            "15": 33,
            "16": 34,
            "17": -15,
            "18": 33,
            "19": 28,
            "20": -32,
            "21": -19,
            "22": -32,
            "23": -25,
            "24": -47,
            "25": -36,
            "26": -33,
            "27": -20,
            "28": -34,
            "29": 33,
            "30": 44,
            "31": 39,
            "32": -39,
            "33": -7,
            "34": -20,
            "35": 47,
            "36": 13,
            "37": -14,
            "38": 29,
            "39": -3
        },
        "14": {
            "0": -5,
            "1": -2,
            "2": -35,
            "3": 48,
            "4": 37,
            "5": 25,
            "6": 49,
            "7": -15,
            "8": -6,
            "9": -20,
            "10": -33,
            "11": 26,
            "12": 1,
            "13": -20,
            "15": 47,
            "16": -47,
            "17": 33,
            "18": 6,
            "19": 32,
            "20": -46,
            "21": -49,
            "22": -34,
            "23": -28,
            "24": -13,
            "25": 4,
            "26": 9,
            "27": -43,
            "28": 23,
            "29": 37,
            "30": -40,
            "31": -34,
            "32": 37,
            "33": -17,
            "34": -36,
            "35": 13,
            "36": -26,
            "37": 21,
            "38": -33,
            "39": 39
        },
        "15": {
            "0": 46,
            "1": -3,
            "2": 22,
            "3": -34,
            "4": 46,
            "5": 46,
            "6": 15,
            "7": -36,
            "8": 30,
            "9": -3,
            "10": -4,
            "11": -6,
            "12": 11,
            "13": 33,
            "14": 47,
            "16": 6,
            "17": -46,
            "18": -38,
            "19": -48,
            "20": -16,
            "21": 23,
            "22": 10,
            "23": 43,
            "24": -7,
            "25": -32,
            "26": -13,
            "27": 27,
            "28": -19,
            "29": -25,
            "30": 9,
            "31": -22,
            "32": -11,
            "33": 40,
            "34": 37,
            "35": 18,
            "36": -4,
            "37": -4,
            "38": -3,
            "39": 20
        },
        "16": {
            "0": 26,
            "1": 46,
            "2": 0,
            "3": -18,
            "4": 20,
            "5": 26,
            "6": 25,
            "7": 23,
            "8": 32,
            "9": 13,
            "10": 11,
            "11": -4,
            "12": 0,
            "13": 34,
            "14": -47,
            "15": 6,
            "17": -26,
            "18": 27,
            "19": 42,
            "20": -25,
            "21": -28,
            "22": -43,
            "23": 48,
            "24": -36,
            "25": -29,
            "26": -25,
            "27": 23,
            "28": 32,
            "29": -30,
            "30": -19,
            "31": 4,
            "32": -17,
            "33": -37,
            "34": 11,
            "35": -42,
            "36": -22,
            "37": 46,
            "38": 45,
            "39": -22
        },
        "17": {
            "0": 47,
            "1": 24,
            "2": 14,
            "3": 0,
            "4": 44,
            "5": -13,
            "6": -3,
            "7": -5,
            "8": 16,
            "9": 34,
            "10": -36,
            "11": -38,
            "12": 8,
            "13": -15,
            "14": 33,
            "15": -46,
            "16": -26,
            "18": 11,
            "19": -10,
            "20": 19,
            "21": 34,
            "22": 47,
            "23": -40,
            "24": 4,
            "25": -1,
            "26": -18,
            "27": 10,
            "28": 27,
            "29": 40,
            "30": 18,
            "31": -47,
            "32": 44,
            "33": 40,
            "34": -34,
            "35": 33,
            "36": 1,
            "37": 24,
            "38": -2,
            "39": 24
        },
        "18": {
            "0": 25,
            "1": -6,
            "2": -17,
            "3": 36,
            "4": -16,
            "5": 18,
            "6": 6,
            "7": -32,
            "8": 45,
            "9": 22,
            "10": -10,
            "11": -9,
            "12": -1,
            "13": 33,
            "14": 6,
            "15": -38,
            "16": 27,
            "17": 11,
            "19": 45,
            "20": -12,
            "21": 1,
            "22": 38,
            "23": 26,
            "24": 15,
            "25": -28,
            "26": 16,
            "27": 42,
            "28": -23,
            "29": 49,
            "30": -38,
            "31": -22,
            "32": -46,
            "33": 37,
            "34": 21,
            "35": 34,
            "36": -16,
            "37": 23,
            "38": -24,
            "39": -48
        },
        "19": {
            "0": 10,
            "1": -43,
            "2": 2,
            "3": 22,
            "4": -19,
            "5": -48,
            "6": -15,
            "7": 19,
            "8": 17,
            "9": 46,
            "10": -3,
            "11": -8,
            "12": 10,
            "13": 28,
            "14": 32,
            "15": -48,
            "16": 42,
            "17": -10,
            "18": 45,
            "20": 31,
            "21": 21,
            "22": -43,
            "23": -20,
            "24": -21,
            "25": -42,
            "26": -41,
            "27": -39,
            "28": 25,
            "29": 20,
            "30": -8,
            "31": -17,
            "32": 31,
            "33": -9,
            "34": 34,
            "35": 35,
            "36": 12,
            "37": -24,
            "38": -5,
            "39": 10
        },
        "20": {
            "0": 10,
            "1": -25,
            "2": -37,
            "3": -38,
            "4": 32,
            "5": 10,
            "6": -35,
            "7": 4,
            "8": -22,
            "9": -40,
            "10": -4,
            "11": 6,
            "12": -19,
            "13": -32,
            "14": -46,
            "15": -16,
            "16": -25,
            "17": 19,
            "18": -12,
            "19": 31,
            "21": -30,
            "22": -15,
            "23": 43,
            "24": 39,
            "25": 41,
            "26": 43,
            "27": 40,
            "28": 13,
            "29": -42,
            "30": -12,
            "31": -38,
            "32": 30,
            "33": -2,
            "34": 2,
            "35": -27,
            "36": 18,
            "37": 0,
            "38": -25,
            "39": 48
        },
        "21": {
            "0": -35,
            "1": 14,
            "2": -32,
            "3": 41,
            "4": 25,
            "5": 9,
            "6": -36,
            "7": 7,
            "8": 26,
            "9": 17,
            "10": 24,
            "11": 4,
            "12": -45,
            "13": -19,
            "14": -49,
            "15": 23,
            "16": -28,
            "17": 34,
            "18": 1,
            "19": 21,
            "20": -30,
            "22": -49,
            "23": -13,
            "24": -42,
            "25": -11,
            "26": -19,
            "27": -10,
            "28": 47,
            "29": -32,
            "30": 6,
            "31": -29,
            "32": 34,
            "33": 10,
            "34": -13,
            "35": 43,
            "36": 9,
            "37": -40,
            "38": 19,
            "39": -41
        },
        "22": {
            "0": -36,
            "1": -42,
            "2": 7,
            "3": -40,
            "4": -12,
            "5": 8,
            "6": -4,
            "7": 33,
            "8": 16,
            "9": -10,
            "10": 14,
            "11": -16,
            "12": 21,
            "13": -32,
            "14": -34,
            "15": 10,
            "16": -43,
            "17": 47,
            "18": 38,
            "19": -43,
            "20": -15,
            "21": -49,
            "23": -4,
            "24": -32,
            "25": 10,
            "26": 12,
            "27": 27,
            "28": 36,
            "29": -20,
            "30": -15,
            "31": 38,
            "32": 39,
            "33": -12,
            "34": -29,
            "35": -19,
            "36": 41,
            "37": -17,
            "38": -33,
            "39": 33
        },
        "23": {
            "0": -12,
            "1": -34,
            "2": 2,
            "3": -25,
            "4": -38,
            "5": 30,
            "6": 14,
            "7": 39,
            "8": -25,
            "9": 14,
            "10": -46,
            "11": 20,
            "12": -29,
            "13": -25,
            "14": -28,
            "15": 43,
            "16": 48,
            "17": -40,
            "18": 26,
            "19": -20,
            "20": 43,
            "21": -13,
            "22": -4,
            "24": 5,
            "25": 13,
            "26": -38,
            "27": -8,
            "28": 9,
            "29": -28,
            "30": -17,
            "31": -7,
            "32": 3,
            "33": -43,
            "34": 20,
            "35": -1,
            "36": -26,
            "37": 21,
            "38": 10,
            "39": -36
        },
        "24": {
            "0": 43,
            "1": 48,
            "2": 14,
            "3": 24,
            "4": 4,
            "5": -41,
            "6": 48,
            "7": 45,
            "8": -31,
            "9": 15,
            "10": -49,
            "11": 1,
            "12": -15,
            "13": -47,
            "14": -13,
            "15": -7,
            "16": -36,
            "17": 4,
            "18": 15,
            "19": -21,
            "20": 39,
            "21": -42,
            "22": -32,
            "23": 5,
            "25": -6,
            "26": -25,
            "27": 8,
            "28": -29,
            "29": -27,
            "30": 10,
            "31": -6,
            "32": 8,
            "33": 0,
            "34": 21,
            "35": -45,
            "36": 44,
            "37": 24,
            "38": -2,
            "39": 44
        },
        "25": {
            "0": -13,
            "1": -9,
            "2": -23,
            "3": 36,
            "4": -17,
            "5": 25,
            "6": 24,
            "7": 34,
            "8": 0,
            "9": 6,
            "10": 13,
            "11": -37,
            "12": 44,
            "13": -36,
            "14": 4,
            "15": -32,
            "16": -29,
            "17": -1,
            "18": -28,
            "19": -42,
            "20": 41,
            "21": -11,
            "22": 10,
            "23": 13,
            "24": -6,
            "26": -22,
            "27": 29,
            "28": -16,
            "29": -29,
            "30": 21,
            "31": 38,
            "32": -8,
            "33": 24,
            "34": -35,
            "35": -26,
            "36": -42,
            "37": -24,
            "38": 6,
            "39": 33
        },
        "26": {
            "0": -22,
            "1": 47,
            "2": 29,
            "3": 4,
            "4": 21,
            "5": -21,
            "6": 32,
            "7": -33,
            "8": -12,
            "9": 45,
            "10": 38,
            "11": -46,
            "12": 2,
            "13": -33,
            "14": 9,
            "15": -13,
            "16": -25,
            "17": -18,
            "18": 16,
            "19": -41,
            "20": 43,
            "21": -19,
            "22": 12,
            "23": -38,
            "24": -25,
            "25": -22,
            "27": -27,
            "28": 11,
            "29": -42,
            "30": 45,
            "31": 36,
            "32": 34,
            "33": -26,
            "34": -41,
            "35": 36,
            "36": 46,
            "37": 2,
            "38": -18,
            "39": -15
        },
        "27": {
            "0": 47,
            "1": 11,
            "2": -43,
            "3": 44,
            "4": -41,
            "5": -41,
            "6": -42,
            "7": -17,
            "8": 16,
            "9": 10,
            "10": -13,
            "11": 8,
            "12": 17,
            "13": -20,
            "14": -43,
            "15": 27,
            "16": 23,
            "17": 10,
            "18": 42,
            "19": -39,
            "20": 40,
            "21": -10,
            "22": 27,
            "23": -8,
            "24": 8,
            "25": 29,
            "26": -27,
            "28": -14,
            "29": -35,
            "30": 9,
            "31": 32,
            "32": 4,
            "33": 28,
            "34": 31,
            "35": 25,
            "36": -19,
            "37": -26,
            "38": 17,
            "39": 1
        },
        "28": {
            "0": -23,
            "1": -13,
            "2": 34,
            "3": 1,
            "4": -25,
            "5": -24,
            "6": 21,
            "7": 0,
            "8": 47,
            "9": 40,
            "10": 26,
            "11": 18,
            "12": -23,
            "13": -34,
            "14": 23,
            "15": -19,
            "16": 32,
            "17": 27,
            "18": -23,
            "19": 25,
            "20": 13,
            "21": 47,
            "22": 36,
            "23": 9,
            "24": -29,
            "25": -16,
            "26": 11,
            "27": -14,
            "29": -13,
            "30": 4,
            "31": 38,
            "32": 48,
            "33": 45,
            "34": -20,
            "35": -34,
            "36": 17,
            "37": -41,
            "38": -49,
            "39": 25
        },
        "29": {
            "0": -14,
            "1": -28,
            "2": -12,
            "3": 13,
            "4": -38,
            "5": -3,
            "6": 48,
            "7": -18,
            "8": 15,
            "9": 37,
            "10": -46,
            "11": 30,
            "12": -41,
            "13": 33,
            "14": 37,
            "15": -25,
            "16": -30,
            "17": 40,
            "18": 49,
            "19": 20,
            "20": -42,
            "21": -32,
            "22": -20,
            "23": -28,
            "24": -27,
            "25": -29,
            "26": -42,
            "27": -35,
            "28": -13,
            "30": 7,
            "31": -32,
            "32": -35,
            "33": -15,
            "34": -23,
            "35": -2,
            "36": 31,
            "37": 47,
            "38": -22,
            "39": -4
        },
        "30": {
            "0": 43,
            "1": 7,
            "2": 21,
            "3": -47,
            "4": 15,
            "5": -33,
            "6": -48,
            "7": 4,
            "8": -28,
            "9": 42,
            "10": -32,
            "11": 30,
            "12": 14,
            "13": 44,
            "14": -40,
            "15": 9,
            "16": -19,
            "17": 18,
            "18": -38,
            "19": -8,
            "20": -12,
            "21": 6,
            "22": -15,
            "23": -17,
            "24": 10,
            "25": 21,
            "26": 45,
            "27": 9,
            "28": 4,
            "29": 7,
            "31": 34,
            "32": 10,
            "33": 15,
            "34": -20,
            "35": 49,
            "36": -29,
            "37": 47,
            "38": 36,
            "39": -33
        },
        "31": {
            "0": -39,
            "1": 30,
            "2": 23,
            "3": -23,
            "4": -47,
            "5": 44,
            "6": -8,
            "7": -12,
            "8": 4,
            "9": 15,
            "10": 39,
            "11": 2,
            "12": -45,
            "13": 39,
            "14": -34,
            "15": -22,
            "16": 4,
            "17": -47,
            "18": -22,
            "19": -17,
            "20": -38,
            "21": -29,
            "22": 38,
            "23": -7,
            "24": -6,
            "25": 38,
            "26": 36,
            "27": 32,
            "28": 38,
            "29": -32,
            "30": 34,
            "32": 11,
            "33": 0,
            "34": -8,
            "35": 49,
            "36": -45,
            "37": 43,
            "38": 2,
            "39": 20
        },
        "32": {
            "0": -32,
            "1": -32,
            "2": 42,
            "3": -24,
            "4": 38,
            "5": 5,
            "6": -5,
            "7": -8,
            "8": 13,
            "9": -17,
            "10": 0,
            "11": -44,
            "12": -31,
            "13": -39,
            "14": 37,
            "15": -11,
            "16": -17,
            "17": 44,
            "18": -46,
            "19": 31,
            "20": 30,
            "21": 34,
            "22": 39,
            "23": 3,
            "24": 8,
            "25": -8,
            "26": 34,
            "27": 4,
            "28": 48,
            "29": -35,
            "30": 10,
            "31": 11,
            "33": 43,
            "34": -13,
            "35": 16,
            "36": -26,
            "37": -20,
            "38": -36,
            "39": -49
        },
        "33": {
            "0": 23,
            "1": -27,
            "2": -3,
            "3": -22,
            "4": 9,
            "5": 45,
            "6": 23,
            "7": 37,
            "8": -29,
            "9": -9,
            "10": -11,
            "11": -37,
            "12": -30,
            "13": -7,
            "14": -17,
            "15": 40,
            "16": -37,
            "17": 40,
            "18": 37,
            "19": -9,
            "20": -2,
            "21": 10,
            "22": -12,
            "23": -43,
            "24": 0,
            "25": 24,
            "26": -26,
            "27": 28,
            "28": 45,
            "29": -15,
            "30": 15,
            "31": 0,
            "32": 43,
            "34": 32,
            "35": 38,
            "36": 13,
            "37": -47,
            "38": 29,
            "39": -9
        },
        "34": {
            "0": 13,
            "1": 24,
            "2": 28,
            "3": 2,
            "4": 48,
            "5": 40,
            "6": 5,
            "7": 1,
            "8": 12,
            "9": -22,
            "10": 20,
            "11": 9,
            "12": 38,
            "13": -20,
            "14": -36,
            "15": 37,
            "16": 11,
            "17": -34,
            "18": 21,
            "19": 34,
            "20": 2,
            "21": -13,
            "22": -29,
            "23": 20,
            "24": 21,
            "25": -35,
            "26": -41,
            "27": 31,
            "28": -20,
            "29": -23,
            "30": -20,
            "31": -8,
            "32": -13,
            "33": 32,
            "35": 0,
            "36": -24,
            "37": -4,
            "38": -12,
            "39": 19
        },
        "35": {
            "0": 47,
            "1": -14,
            "2": -44,
            "3": -45,
            "4": -20,
            "5": -46,
            "6": -18,
            "7": -45,
            "8": -49,
            "9": -42,
            "10": 31,
            "11": -43,
            "12": 6,
            "13": 47,
            "14": 13,
            "15": 18,
            "16": -42,
            "17": 33,
            "18": 34,
            "19": 35,
            "20": -27,
            "21": 43,
            "22": -19,
            "23": -1,
            "24": -45,
            "25": -26,
            "26": 36,
            "27": 25,
            "28": -34,
            "29": -2,
            "30": 49,
            "31": 49,
            "32": 16,
            "33": 38,
            "34": 0,
            "36": 10,
            "37": -19,
            "38": 24,
            "39": 45
        },
        "36": {
            "0": 3,
            "1": -29,
            "2": -19,
            "3": 42,
            "4": -21,
            "5": 33,
            "6": 19,
            "7": 14,
            "8": 1,
            "9": -11,
            "10": 0,
            "11": 2,
            "12": -10,
            "13": 13,
            "14": -26,
            "15": -4,
            "16": -22,
            "17": 1,
            "18": -16,
            "19": 12,
            "20": 18,
            "21": 9,
            "22": 41,
            "23": -26,
            "24": 44,
            "25": -42,
            "26": 46,
            "27": -19,
            "28": 17,
            "29": 31,
            "30": -29,
            "31": -45,
            "32": -26,
            "33": 13,
            "34": -24,
            "35": 10,
            "37": 33,
            "38": 28,
            "39": -29
        },
        "37": {
            "0": -44,
            "1": -40,
            "2": -49,
            "3": 31,
            "4": 42,
            "5": 37,
            "6": 2,
            "7": -30,
            "8": -25,
            "9": 21,
            "10": 30,
            "11": -18,
            "12": -17,
            "13": -14,
            "14": 21,
            "15": -4,
            "16": 46,
            "17": 24,
            "18": 23,
            "19": -24,
            "20": 0,
            "21": -40,
            "22": -17,
            "23": 21,
            "24": 24,
            "25": -24,
            "26": 2,
            "27": -26,
            "28": -41,
            "29": 47,
            "30": 47,
            "31": 43,
            "32": -20,
            "33": -47,
            "34": -4,
            "35": -19,
            "36": 33,
            "38": 3,
            "39": 13
        },
        "38": {
            "0": 44,
            "1": -24,
            "2": -26,
            "3": -43,
            "4": 38,
            "5": -22,
            "6": -29,
            "7": -27,
            "8": 42,
            "9": -42,
            "10": 48,
            "11": -49,
            "12": -10,
            "13": 29,
            "14": -33,
            "15": -3,
            "16": 45,
            "17": -2,
            "18": -24,
            "19": -5,
            "20": -25,
            "21": 19,
            "22": -33,
            "23": 10,
            "24": -2,
            "25": 6,
            "26": -18,
            "27": 17,
            "28": -49,
            "29": -22,
            "30": 36,
            "31": 2,
            "32": -36,
            "33": 29,
            "34": -12,
            "35": 24,
            "36": 28,
            "37": 3,
            "39": -26
        },
        "39": {
            "0": -23,
            "1": 9,
            "2": -1,
            "3": 26,
            "4": -5,
            "5": -34,
            "6": -24,
            "7": -22,
            "8": 4,
            "9": -9,
            "10": -39,
            "11": -41,
            "12": 3,
            "13": -3,
            "14": 39,
            "15": 20,
            "16": -22,
            "17": 24,
            "18": -48,
            "19": 10,
            "20": 48,
            "21": -41,
            "22": 33,
            "23": -36,
            "24": 44,
            "25": 33,
            "26": -15,
            "27": 1,
            "28": 25,
            "29": -4,
            "30": -33,
            "31": 20,
            "32": -49,
            "33": -9,
            "34": 19,
            "35": 45,
            "36": -29,
            "37": 13,
            "38": -26
        }
    },
    "Gamma": 20
}