{
    "knapsack_size": 2500,
    "Gamma": 38,
    "n_items": 34,
    "costs": {
        "0": {
            "u": 65,
            "a": 64,
            "l": 23
        },
        "1": {
            "u": 65,
            "a": 63,
            "l": 28
        },
        "2": {
            "u": 65,
            "a": 45,
            "l": 18
        },
        "3": {
            "u": 65,
            "a": 55,
            "l": 26
        },
        "4": {
            "u": 65,
            "a": 37,
            "l": 18
        },
        "5": {
            "u": 65,
            "a": 55,
            "l": 21
        },
        "6": {
            "u": 65,
            "a": 38,
            "l": 14
        },
        "7": {
            "u": 65,
            "a": 47,
            "l": 23
        },
        "8": {
            "u": 65,
            "a": 52,
            "l": 19
        },
        "9": {
            "u": 65,
            "a": 56,
            "l": 20
        },
        "10": {
            "u": 65,
            "a": 40,
            "l": 19
        },
        "11": {
            "u": 65,
            "a": 48,
            "l": 18
        },
        "12": {
            "u": 65,
            "a": 35,
            "l": 14
        },
        "13": {
            "u": 65,
            "a": 54,
            "l": 18
        },
        "14": {
            "u": 65,
            "a": 47,
            "l": 20
        },
        "15": {
            "u": 65,
            "a": 35,
            "l": 14
        },
        "16": {
            "u": 65,
            "a": 51,
            "l": 22
        },
        "17": {
            "u": 65,
            "a": 58,
            "l": 27
        },
        "18": {
            "u": 65,
            "a": 44,
            "l": 21
        },
        "19": {
            "u": 65,
            "a": 41,
            "l": 20
        },
        "20": {
            "u": 65,
            "a": 42,
            "l": 20
        },
        "21": {
            "u": 65,
            "a": 53,
            "l": 21
        },
        "22": {
            "u": 65,
            "a": 44,
            "l": 18
        },
        "23": {
            "u": 65,
            "a": 40,
            "l": 17
        },
        "24": {
            "u": 65,
            "a": 63,
            "l": 31
        },
        "25": {
            "u": 65,
            "a": 54,
            "l": 21
        },
        "26": {
            "u": 65,
            "a": 38,
            "l": 18
        },
        "27": {
            "u": 65,
            "a": 60,
            "l": 22
        },
        "28": {
            "u": 65,
            "a": 43,
            "l": 21
        },
        "29": {
            "u": 65,
            "a": 49,
            "l": 18
        },
        "30": {
            "u": 65,
            "a": 39,
            "l": 19
        },
        "31": {
            "u": 65,
            "a": 50,
            "l": 18
        },
        "32": {
            "u": 65,
            "a": 51,
            "l": 19
        },
        "33": {
            "u": 65,
            "a": 37,
            "l": 13
        }
    },
    "profits": {
        "0": 76,
        "1": 283,
        "2": 250,
        "3": 123,
        "4": 133,
        "5": 231,
        "6": 146,
        "7": 265,
        "8": 202,
        "9": 88,
        "10": 75,
        "11": 197,
        "12": 296,
        "13": 305,
        "14": 156,
        "15": 288,
        "16": 283,
        "17": 330,
        "18": 363,
        "19": 320,
        "20": 95,
        "21": 211,
        "22": 66,
        "23": 244,
        "24": 307,
        "25": 118,
        "26": 166,
        "27": 223,
        "28": 261,
        "29": 140,
        "30": 186,
        "31": 313,
        "32": 81,
        "33": 328
    },
    "synergies": {
        "0": {
            "1": 2,
            "2": 44,
            "3": 19,
            "4": 38,
            "5": 28,
            "6": 42,
            "7": -24,
            "8": 43,
            "9": 14,
            "10": 9,
            "11": 16,
            "12": 26,
            "13": 39,
            "14": -23,
            "15": -3,
            "16": -27,
            "17": -27,
            "18": -10,
            "19": 20,
            "20": -1,
            "21": 36,
            "22": 47,
            "23": 27,
            "24": -2,
            "25": -10,
            "26": 16,
            "27": -5,
            "28": -22,
            "29": -18,
            "30": -25,
            "31": 12,
            "32": -12,
            "33": -23
        },
        "1": {
            "0": 2,
            "2": -9,
            "3": -17,
            "4": 26,
            "5": -33,
            "6": -46,
            "7": -46,
            "8": 3,
            "9": 2,
            "10": 45,
            "11": 35,
            "12": 29,
            "13": -11,
            "14": -25,
            "15": 49,
            "16": -29,
            "17": -25,
            "18": -2,
            "19": 25,
            "20": -26,
            "21": 19,
            "22": 21,
            "23": 8,
            "24": 3,
            "25": -27,
            "26": -6,
            "27": -7,
            "28": 17,
            "29": -5,
            "30": -17,
            "31": -16,
            "32": -39,
            "33": 37
        },
        "2": {
            "0": 44,
            "1": -9,
            "3": -4,
            "4": -26,
            "5": -31,
            "6": -2,
            "7": -1,
            "8": 18,
            "9": -15,
            "10": 32,
            "11": -45,
            "12": -18,
            "13": 8,
            "14": 20,
            "15": -21,
            "16": 33,
            "17": -14,
            "18": 40,
            "19": -15,
            "20": 31,
            "21": 10,
            "22": 41,
            "23": 0,
            "24": 5,
            "25": -1,
            "26": -12,
            "27": -24,
            "28": -8,
            "29": -24,
            "30": -18,
            "31": 27,
            "32": 43,
            "33": 33
        },
        "3": {
            "0": 19,
            "1": -17,
            "2": -4,
            "4": 17,
            "5": -45,
            "6": -45,
            "7": 9,
            "8": -27,
            "9": -8,
            "10": -25,
            "11": 0,
            "12": 10,
            "13": 25,
            "14": -4,
            "15": -10,
            "16": 24,
            "17": -11,
            "18": -44,
            "19": -46,
            "20": 45,
            "21": -9,
            "22": -19,
            "23": -1,
            "24": -6,
            "25": 24,
            "26": 21,
            "27": -29,
            "28": 22,
            "29": -48,
            "30": -18,
            "31": -29,
            "32": -9,
            "33": -11
        },
        "4": {
            "0": 38,
            "1": 26,
            "2": -26,
            "3": 17,
            "5": -12,
            "6": 11,
            "7": -43,
            "8": 38,
            "9": 33,
            "10": -14,
            "11": 17,
            "12": 49,
            "13": -38,
            "14": 22,
            "15": 18,
            "16": -25,
            "17": 14,
            "18": -24,
            "19": -45,
            "20": 44,
            "21": 38,
            "22": 0,
            "23": 39,
            "24": -10,
            "25": 24,
            "26": 3,
            "27": -41,
            "28": 19,
            "29": 1,
            "30": -49,
            "31": -26,
            "32": 9,
            "33": 32
        },
        "5": {
            "0": 28,
            "1": -33,
            "2": -31,
            "3": -45,
            "4": -12,
            "6": -4,
            "7": -30,
            "8": 2,
            "9": 24,
            "10": 33,
            "11": -47,
            "12": 13,
            "13": -8,
            "14": 15,
            "15": 30,
            "16": -20,
            "17": 35,
            "18": -35,
            "19": 26,
            "20": -5,
            "21": -13,
            "22": 39,
            "23": -47,
            "24": -12,
            "25": 15,
            "26": 41,
            "27": 47,
            "28": -40,
            "29": 42,
            "30": 49,
            "31": 1,
            "32": -12,
            "33": 11
        },
        "6": {
            "0": 42,
            "1": -46,
            "2": -2,
            "3": -45,
            "4": 11,
            "5": -4,
            "7": -42,
            "8": 5,
            "9": 31,
            "10": 1,
            "11": 2,
            "12": -5,
            "13": 6,
            "14": 15,
            "15": 42,
            "16": 4,
            "17": -47,
            "18": -10,
            "19": -7,
            "20": 31,
            "21": 29,
            "22": 6,
            "23": 46,
            "24": -10,
            "25": 4,
            "26": -21,
            "27": 3,
            "28": 4,
            "29": 10,
            "30": 28,
            "31": 5,
            "32": 16,
            "33": -12
        },
        "7": {
            "0": -24,
            "1": -46,
            "2": -1,
            "3": 9,
            "4": -43,
            "5": -30,
            "6": -42,
            "8": 13,
            "9": 31,
            "10": 11,
            "11": 11,
            "12": -15,
            "13": -36,
            "14": -21,
            "15": 40,
            "16": -8,
            "17": 36,
            "18": 18,
            "19": 11,
            "20": 46,
            "21": 21,
            "22": -48,
            "23": -1,
            "24": 25,
            "25": 45,
            "26": 0,
            "27": -8,
            "28": 3,
            "29": -40,
            "30": 12,
            "31": 23,
            "32": 10,
            "33": -16
        },
        "8": {
            "0": 43,
            "1": 3,
            "2": 18,
            "3": -27,
            "4": 38,
            "5": 2,
            "6": 5,
            "7": 13,
            "9": 2,
            "10": 30,
            "11": -26,
            "12": -42,
            "13": -29,
            "14": 9,
            "15": 19,
            "16": 1,
            "17": -14,
            "18": -25,
            "19": -26,
            "20": -9,
            "21": -32,
            "22": 11,
            "23": 0,
            "24": -44,
            "25": 28,
            "26": -12,
            "27": -3,
            "28": -29,
            "29": 20,
            "30": 25,
            "31": 40,
            "32": 27,
            "33": 11
        },
        "9": {
            "0": 14,
            "1": 2,
            "2": -15,
            "3": -8,
            "4": 33,
            "5": 24,
            "6": 31,
            "7": 31,
            "8": 2,
            "10": -24,
            "11": 43,
            "12": 2,
            "13": 8,
            "14": 49,
            "15": 45,
            "16": 30,
            "17": 44,
            "18": 27,
            "19": -1,
            "20": 32,
            "21": 37,
            "22": -9,
            "23": -26,
            "24": 26,
            "25": -8,
            "26": -26,
            "27": -32,
            "28": 29,
            "29": -19,
            "30": 49,
            "31": -34,
            "32": -33,
            "33": 20
        },
        "10": {
            "0": 9,
            "1": 45,
            "2": 32,
            "3": -25,
            "4": -14,
            "5": 33,
            "6": 1,
            "7": 11,
            "8": 30,
            "9": -24,
            "11": -27,
            "12": -31,
            "13": -44,
            "14": -48,
            "15": 12,
            "16": -14,
            "17": 37,
            "18": 19,
            "19": 26,
            "20": -3,
            "21": 8,
            "22": 26,
            "23": 8,
            "24": 16,
            "25": -8,
            "26": -28,
            "27": 3,
            "28": -2,
            "29": 39,
            "30": 15,
            "31": 33,
            "32": 48,
            "33": -10
        },
        "11": {
            "0": 16,
            "1": 35,
            "2": -45,
            "3": 0,
            "4": 17,
            "5": -47,
            "6": 2,
            "7": 11,
            "8": -26,
            "9": 43,
            "10": -27,
            "12": 30,
            "13": 32,
            "14": -45,
            "15": 15,
            "16": 46,
            "17": -33,
            "18": 0,
            "19": -18,
            "20": 45,
            "21": -33,
            "22": -49,
            "23": 37,
            "24": 23,
            "25": 40,
            "26": -21,
            "27": -19,
            "28": -12,
            "29": -20,
            "30": -1,
            "31": 3,
            "32": 2,
            "33": 26
        },
        "12": {
            "0": 26,
            "1": 29,
            "2": -18,
            "3": 10,
            "4": 49,
            "5": 13,
            "6": -5,
            "7": -15,
            "8": -42,
            "9": 2,
            "10": -31,
            "11": 30,
            "13": 33,
            "14": 3,
            "15": -26,
            "16": -31,
            "17": -45,
            "18": 35,
            "19": 13,
            "20": 31,
            "21": 8,
            "22": 46,
            "23": -3,
            "24": 36,
            "25": -27,
            "26": -9,
            "27": -36,
            "28": -23,
            "29": -8,
            "30": 4,
            "31": 19,
            "32": -32,
            "33": -39
        },
        "13": {
            "0": 39,
            "1": -11,
            "2": 8,
            "3": 25,
            "4": -38,
            "5": -8,
            "6": 6,
            "7": -36,
            "8": -29,
            "9": 8,
            "10": -44,
            "11": 32,
            "12": 33,
            "14": -14,
            "15": -35,
            "16": -47,
            "17": -49,
            "18": 42,
            "19": -41,
            "20": 47,
            "21": 21,
            "22": 39,
            "23": -9,
            "24": 46,
            "25": 17,
            "26": -18,
            "27": 36,
            "28": 23,
            "29": 33,
            "30": 42,
            "31": 7,
            "32": 21,
            "33": -48
        },
        "14": {
            "0": -23,
            "1": -25,
            "2": 20,
            "3": -4,
            "4": 22,
            "5": 15,
            "6": 15,
            "7": -21,
            "8": 9,
            "9": 49,
            "10": -48,
            "11": -45,
            "12": 3,
            "13": -14,
            "15": -15,
            "16": 31,
            "17": 11,
            "18": -32,
            "19": -20,
            "20": -37,
            "21": 37,
            "22": 47,
            "23": -9,
            "24": 36,
            "25": -26,
            "26": 5,
            "27": -6,
            "28": 43,
            "29": -46,
            "30": 3,
            "31": 36,
            "32": -41,
            "33": -31
        },
        "15": {
            "0": -3,
            "1": 49,
            "2": -21,
            "3": -10,
            "4": 18,
            "5": 30,
            "6": 42,
            "7": 40,
            "8": 19,
            "9": 45,
            "10": 12,
            "11": 15,
            "12": -26,
            "13": -35,
            "14": -15,
            "16": 15,
            "17": 45,
            "18": 36,
            "19": 7,
            "20": -36,
            "21": 26,
            "22": -41,
            "23": 42,
            "24": 11,
            "25": -41,
            "26": -5,
            "27": 4,
            "28": -43,
            "29": 33,
            "30": -9,
            "31": 10,
            "32": 27,
            "33": 11
        },
        "16": {
            "0": -27,
            "1": -29,
            "2": 33,
            "3": 24,
            "4": -25,
            "5": -20,
            "6": 4,
            "7": -8,
            "8": 1,
            "9": 30,
            "10": -14,
            "11": 46,
            "12": -31,
            "13": -47,
            "14": 31,
            "15": 15,
            "17": -8,
            "18": -25,
            "19": -33,
            "20": 26,
            "21": 27,
            "22": -19,
            "23": 21,
            "24": -31,
            "25": 30,
            "26": 17,
            "27": 40,
            "28": 38,
            "29": 15,
            "30": -26,
            "31": -31,
            "32": 41,
            "33": -18
        },
        "17": {
            "0": -27,
            "1": -25,
            "2": -14,
            "3": -11,
            "4": 14,
            "5": 35,
            "6": -47,
            "7": 36,
            "8": -14,
            "9": 44,
            "10": 37,
            "11": -33,
            "12": -45,
            "13": -49,
            "14": 11,
            "15": 45,
            "16": -8,
            "18": -22,
            "19": -46,
            "20": -25,
            "21": -26,
            "22": -21,
            "23": 25,
            "24": -40,
            "25": 23,
            "26": 24,
            "27": -49,
            "28": 35,
            "29": 43,
            "30": 49,
            "31": 14,
            "32": 28,
            "33": -24
        },
        "18": {
            "0": -10,
            "1": -2,
            "2": 40,
            "3": -44,
            "4": -24,
            "5": -35,
            "6": -10,
            "7": 18,
            "8": -25,
            "9": 27,
            "10": 19,
            "11": 0,
            "12": 35,
            "13": 42,
            "14": -32,
            "15": 36,
            "16": -25,
            "17": -22,
            "19": 42,
            "20": -36,
            "21": -36,
            "22": -18,
            "23": 36,
            "24": 16,
            "25": -47,
            "26": -26,
            "27": -47,
            "28": 44,
            "29": -5,
            "30": 30,
            "31": -10,
            "32": -44,
            "33": -43
        },
        "19": {
            "0": 20,
            "1": 25,
            "2": -15,
            "3": -46,
            "4": -45,
            "5": 26,
            "6": -7,
            "7": 11,
            "8": -26,
            "9": -1,
            "10": 26,
            "11": -18,
            "12": 13,
            "13": -41,
            "14": -20,
            "15": 7,
            "16": -33,
            "17": -46,
            "18": 42,
            "20": -43,
            "21": -8,
            "22": 38,
            "23": -31,
            "24": -20,
            "25": -35,
            "26": 27,
            "27": -4,
            "28": 45,
            "29": 10,
            "30": 30,
            "31": 15,
            "32": 36,
            "33": -24
        },
        "20": {
            "0": -1,
            "1": -26,
            "2": 31,
            "3": 45,
            "4": 44,
            "5": -5,
            "6": 31,
            "7": 46,
            "8": -9,
            "9": 32,
            "10": -3,
            "11": 45,
            "12": 31,
            "13": 47,
            "14": -37,
            "15": -36,
            "16": 26,
            "17": -25,
            "18": -36,
            "19": -43,
            "21": 20,
            "22": 3,
            "23": -45,
            "24": -15,
            "25": -4,
            "26": 9,
            "27": 49,
            "28": 0,
            "29": -42,
            "30": -34,
            "31": -18,
            "32": 11,
            "33": 23
        },
        "21": {
            "0": 36,
            "1": 19,
            "2": 10,
            "3": -9,
            "4": 38,
            "5": -13,
            "6": 29,
            "7": 21,
            "8": -32,
            "9": 37,
            "10": 8,
            "11": -33,
            "12": 8,
            "13": 21,
            "14": 37,
            "15": 26,
            "16": 27,
            "17": -26,
            "18": -36,
            "19": -8,
            "20": 20,
            "22": -15,
            "23": 19,
            "24": -6,
            "25": 15,
            "26": -23,
            "27": -29,
            "28": -28,
            "29": 0,
            "30": -22,
            "31": -7,
            "32": 47,
            "33": -3
        },
        "22": {
            "0": 47,
            "1": 21,
            "2": 41,
            "3": -19,
            "4": 0,
            "5": 39,
            "6": 6,
            "7": -48,
            "8": 11,
            "9": -9,
            "10": 26,
            "11": -49,
            "12": 46,
            "13": 39,
            "14": 47,
            "15": -41,
            "16": -19,
            "17": -21,
            "18": -18,
            "19": 38,
            "20": 3,
            "21": -15,
            "23": 27,
            "24": -25,
            "25": 9,
            "26": -16,
            "27": 23,
            "28": -20,
            "29": 16,
            "30": 37,
            "31": 8,
            "32": 14,
            "33": -13
        },
        "23": {
            "0": 27,
            "1": 8,
            "2": 0,
            "3": -1,
            "4": 39,
            "5": -47,
            "6": 46,
            "7": -1,
            "8": 0,
            "9": -26,
            "10": 8,
            "11": 37,
            "12": -3,
            "13": -9,
            "14": -9,
            "15": 42,
            "16": 21,
            "17": 25,
            "18": 36,
            "19": -31,
            "20": -45,
            "21": 19,
            "22": 27,
            "24": 18,
            "25": 43,
            "26": -38,
            "27": -46,
            "28": -9,
            "29": 43,
            "30": 3,
            "31": -41,
            "32": 12,
            "33": -45
        },
        "24": {
            "0": -2,
            "1": 3,
            "2": 5,
            "3": -6,
            "4": -10,
            "5": -12,
            "6": -10,
            "7": 25,
            "8": -44,
            "9": 26,
            "10": 16,
            "11": 23,
            "12": 36,
            "13": 46,
            "14": 36,
            "15": 11,
            "16": -31,
            "17": -40,
            "18": 16,
            "19": -20,
            "20": -15,
            "21": -6,
            "22": -25,
            "23": 18,
            "25": 10,
            "26": -18,
            "27": -29,
            "28": 36,
            "29": 43,
            "30": -26,
            "31": 9,
            "32": 28,
            "33": 21
        },
        "25": {
            "0": -10,
            "1": -27,
            "2": -1,
            "3": 24,
            "4": 24,
            "5": 15,
            "6": 4,
            "7": 45,
            "8": 28,
            "9": -8,
            "10": -8,
            "11": 40,
            "12": -27,
            "13": 17,
            "14": -26,
            "15": -41,
            "16": 30,
            "17": 23,
            "18": -47,
            "19": -35,
            "20": -4,
            "21": 15,
            "22": 9,
            "23": 43,
            "24": 10,
            "26": -29,
            "27": 49,
            "28": -7,
            "29": 24,
            "30": -45,
            "31": 0,
            "32": 5,
            "33": -14
        },
        "26": {
            "0": 16,
            "1": -6,
            "2": -12,
            "3": 21,
            "4": 3,
            "5": 41,
            "6": -21,
            "7": 0,
            "8": -12,
            "9": -26,
            "10": -28,
            "11": -21,
            "12": -9,
            "13": -18,
            "14": 5,
            "15": -5,
            "16": 17,
            "17": 24,
            "18": -26,
            "19": 27,
            "20": 9,
            "21": -23,
            "22": -16,
            "23": -38,
            "24": -18,
            "25": -29,
            "27": -11,
            "28": 49,
            "29": 18,
            "30": 8,
            "31": 15,
            "32": 45,
            "33": 36
        },
        "27": {
            "0": -5,
            "1": -7,
            "2": -24,
            "3": -29,
            "4": -41,
            "5": 47,
            "6": 3,
            "7": -8,
            "8": -3,
            "9": -32,
            "10": 3,
            "11": -19,
            "12": -36,
            "13": 36,
            "14": -6,
            "15": 4,
            "16": 40,
            "17": -49,
            "18": -47,
            "19": -4,
            "20": 49,
            "21": -29,
            "22": 23,
            "23": -46,
            "24": -29,
            "25": 49,
            "26": -11,
            "28": 15,
            "29": 0,
            "30": 0,
            "31": -31,
            "32": 36,
            "33": -41
        },
        "28": {
            "0": -22,
            "1": 17,
            "2": -8,
            "3": 22,
            "4": 19,
            "5": -40,
            "6": 4,
            "7": 3,
            "8": -29,
            "9": 29,
            "10": -2,
            "11": -12,
            "12": -23,
            "13": 23,
            "14": 43,
            "15": -43,
            "16": 38,
            "17": 35,
            "18": 44,
            "19": 45,
            "20": 0,
            "21": -28,
            "22": -20,
            "23": -9,
            "24": 36,
            "25": -7,
            "26": 49,
            "27": 15,
            "29": 11,
            "30": -36,
            "31": -23,
            "32": 48,
            "33": -13
        },
        "29": {
            "0": -18,
            "1": -5,
            "2": -24,
            "3": -48,
            "4": 1,
            "5": 42,
            "6": 10,
            "7": -40,
            "8": 20,
            "9": -19,
            "10": 39,
            "11": -20,
            "12": -8,
            "13": 33,
            "14": -46,
            "15": 33,
            "16": 15,
            "17": 43,
            "18": -5,
            "19": 10,
            "20": -42,
            "21": 0,
            "22": 16,
            "23": 43,
            "24": 43,
            "25": 24,
            "26": 18,
            "27": 0,
            "28": 11,
            "30": 1,
            "31": -25,
            "32": -20,
            "33": -32
        },
        "30": {
            "0": -25,
            "1": -17,
            "2": -18,
            "3": -18,
            "4": -49,
            "5": 49,
            "6": 28,
            "7": 12,
            "8": 25,
            "9": 49,
            "10": 15,
            "11": -1,
            "12": 4,
            "13": 42,
            "14": 3,
            "15": -9,
            "16": -26,
            "17": 49,
            "18": 30,
            "19": 30,
            "20": -34,
            "21": -22,
            "22": 37,
            "23": 3,
            "24": -26,
            "25": -45,
            "26": 8,
            "27": 0,
            "28": -36,
            "29": 1,
            "31": -1,
            "32": 40,
            "33": 9
        },
        "31": {
            "0": 12,
            "1": -16,
            "2": 27,
            "3": -29,
            "4": -26,
            "5": 1,
            "6": 5,
            "7": 23,
            "8": 40,
            "9": -34,
            "10": 33,
            "11": 3,
            "12": 19,
            "13": 7,
            "14": 36,
            "15": 10,
            "16": -31,
            "17": 14,
            "18": -10,
            "19": 15,
            "20": -18,
            "21": -7,
            "22": 8,
            "23": -41,
            "24": 9,
            "25": 0,
            "26": 15,
            "27": -31,
            "28": -23,
            "29": -25,
            "30": -1,
            "32": 42,
            "33": -1
        },
        "32": {
            "0": -12,
            "1": -39,
            "2": 43,
            "3": -9,
            "4": 9,
            "5": -12,
            "6": 16,
            "7": 10,
            "8": 27,
            "9": -33,
            "10": 48,
            "11": 2,
            "12": -32,
            "13": 21,
            "14": -41,
            "15": 27,
            "16": 41,
            "17": 28,
            "18": -44,
            "19": 36,
            "20": 11,
            "21": 47,
            "22": 14,
            "23": 12,
            "24": 28,
            "25": 5,
            "26": 45,
            "27": 36,
            "28": 48,
            "29": -20,
            "30": 40,
            "31": 42,
            "33": -20
        },
        "33": {
            "0": -23,
            "1": 37,
            "2": 33,
            "3": -11,
            "4": 32,
            "5": 11,
            "6": -12,
            "7": -16,
            "8": 11,
            "9": 20,
            "10": -10,
            "11": 26,
            "12": -39,
            "13": -48,
            "14": -31,
            "15": 11,
            "16": -18,
            "17": -24,
            "18": -43,
            "19": -24,
            "20": 23,
            "21": -3,
            "22": -13,
            "23": -45,
            "24": 21,
            "25": -14,
            "26": 36,
            "27": -41,
            "28": -13,
            "29": -32,
            "30": 9,
            "31": -1,
            "32": -20
        }
    }
}