{
    "knapsack_size": 300,
    "Gamma": 30,
    "n_items": 28,
    "costs": {
        "0": {
            "u": 9,
            "a": 6,
            "l": 2
        },
        "1": {
            "u": 9,
            "a": 8,
            "l": 3
        },
        "2": {
            "u": 9,
            "a": 7,
            "l": 3
        },
        "3": {
            "u": 9,
            "a": 7,
            "l": 3
        },
        "4": {
            "u": 9,
            "a": 7,
            "l": 3
        },
        "5": {
            "u": 9,
            "a": 5,
            "l": 2
        },
        "6": {
            "u": 9,
            "a": 6,
            "l": 2
        },
        "7": {
            "u": 9,
            "a": 8,
            "l": 3
        },
        "8": {
            "u": 9,
            "a": 6,
            "l": 2
        },
        "9": {
            "u": 9,
            "a": 6,
            "l": 2
        },
        "10": {
            "u": 9,
            "a": 8,
            "l": 3
        },
        "11": {
            "u": 9,
            "a": 7,
            "l": 3
        },
        "12": {
            "u": 9,
            "a": 5,
            "l": 2
        },
        "13": {
            "u": 9,
            "a": 5,
            "l": 2
        },
        "14": {
            "u": 9,
            "a": 8,
            "l": 3
        },
        "15": {
            "u": 9,
            "a": 8,
            "l": 3
        },
        "16": {
            "u": 9,
            "a": 5,
            "l": 2
        },
        "17": {
            "u": 9,
            "a": 7,
            "l": 3
        },
        "18": {
            "u": 9,
            "a": 7,
            "l": 3
        },
        "19": {
            "u": 9,
            "a": 8,
            "l": 3
        },
        "20": {
            "u": 9,
            "a": 6,
            "l": 2
        },
        "21": {
            "u": 9,
            "a": 5,
            "l": 2
        },
        "22": {
            "u": 9,
            "a": 7,
            "l": 3
        },
        "23": {
            "u": 9,
            "a": 7,
            "l": 3
        },
        "24": {
            "u": 9,
            "a": 5,
            "l": 2
        },
        "25": {
            "u": 9,
            "a": 8,
            "l": 3
        },
        "26": {
            "u": 9,
            "a": 8,
            "l": 3
        },
        "27": {
            "u": 9,
            "a": 7,
            "l": 3
        }
    },
    "profits": {
        "0": 152,
        "1": 20,
        "2": 272,
        "3": 208,
        "4": 65,
        "5": 121,
        "6": 93,
        "7": 205,
        "8": 120,
        "9": 114,
        "10": 232,
        "11": 276,
        "12": 134,
        "13": 58,
        "14": 299,
        "15": 59,
        "16": 151,
        "17": 289,
        "18": 258,
        "19": 122,
        "20": 136,
        "21": 107,
        "22": 171,
        "23": 127,
        "24": 213,
        "25": 204,
        "26": 110,
        "27": 256
    },
    "synergies": {
        "0": {
            "1": -8,
            "2": 42,
            "3": 29,
            "4": 42,
            "5": -33,
            "6": 0,
            "7": -38,
            "8": 45,
            "9": 4,
            "10": -15,
            "11": 27,
            "12": 10,
            "13": -16,
            "14": 16,
            "15": -25,
            "16": 16,
            "17": 3,
            "18": -40,
            "19": -37,
            "20": -29,
            "21": 1,
            "22": 21,
            "23": 13,
            "24": 46,
            "25": -15,
            "26": 2,
            "27": -34
        },
        "1": {
            "0": -8,
            "2": 36,
            "3": 26,
            "4": -36,
            "5": -39,
            "6": 16,
            "7": 25,
            "8": 11,
            "9": -16,
            "10": 18,
            "11": -34,
            "12": 19,
            "13": 45,
            "14": 22,
            "15": 24,
            "16": -2,
            "17": -26,
            "18": 7,
            "19": -42,
            "20": -29,
            "21": -20,
            "22": -5,
            "23": 46,
            "24": 29,
            "25": 36,
            "26": 28,
            "27": -45
        },
        "2": {
            "0": 42,
            "1": 36,
            "3": -12,
            "4": -22,
            "5": -20,
            "6": 1,
            "7": 13,
            "8": 17,
            "9": -1,
            "10": -40,
            "11": -29,
            "12": -16,
            "13": -28,
            "14": 20,
            "15": 21,
            "16": -8,
            "17": 23,
            "18": -24,
            "19": -5,
            "20": -16,
            "21": -29,
            "22": 7,
            "23": 34,
            "24": -25,
            "25": -36,
            "26": -36,
            "27": -26
        },
        "3": {
            "0": 29,
            "1": 26,
            "2": -12,
            "4": -35,
            "5": 2,
            "6": -31,
            "7": 17,
            "8": -3,
            "9": -22,
            "10": 0,
            "11": -3,
            "12": -26,
            "13": 22,
            "14": -39,
            "15": 16,
            "16": 45,
            "17": 0,
            "18": -7,
            "19": 28,
            "20": 26,
            "21": 2,
            "22": -5,
            "23": 4,
            "24": 49,
            "25": 30,
            "26": -42,
            "27": 15
        },
        "4": {
            "0": 42,
            "1": -36,
            "2": -22,
            "3": -35,
            "5": -14,
            "6": 26,
            "7": -39,
            "8": 0,
            "9": 9,
            "10": 19,
            "11": 9,
            "12": 30,
            "13": -49,
            "14": -24,
            "15": -31,
            "16": -49,
            "17": 18,
            "18": 19,
            "19": -16,
            "20": -36,
            "21": -46,
            "22": 8,
            "23": -34,
            "24": -27,
            "25": 36,
            "26": -13,
            "27": 13
        },
        "5": {
            "0": -33,
            "1": -39,
            "2": -20,
            "3": 2,
            "4": -14,
            "6": 29,
            "7": 34,
            "8": 36,
            "9": 17,
            "10": 18,
            "11": -15,
            "12": 37,
            "13": -4,
            "14": 29,
            "15": 47,
            "16": 41,
            "17": -11,
            "18": -49,
            "19": 25,
            "20": -11,
            "21": -8,
            "22": -22,
            "23": 18,
            "24": -37,
            "25": -28,
            "26": 36,
            "27": 1
        },
        "6": {
            "0": 0,
            "1": 16,
            "2": 1,
            "3": -31,
            "4": 26,
            "5": 29,
            "7": -28,
            "8": 15,
            "9": -1,
            "10": -7,
            "11": 31,
            "12": 47,
            "13": 39,
            "14": -24,
            "15": -25,
            "16": -42,
            "17": -10,
            "18": -46,
            "19": 19,
            "20": -26,
            "21": -26,
            "22": -18,
            "23": -27,
            "24": -16,
            "25": 6,
            "26": 14,
            "27": -4
        },
        "7": {
            "0": -38,
            "1": 25,
            "2": 13,
            "3": 17,
            "4": -39,
            "5": 34,
            "6": -28,
            "8": -25,
            "9": 36,
            "10": -34,
            "11": 41,
            "12": 15,
            "13": 8,
            "14": 23,
            "15": -45,
            "16": 35,
            "17": -43,
            "18": -23,
            "19": -17,
            "20": 2,
            "21": 5,
            "22": 46,
            "23": 8,
            "24": -3,
            "25": -16,
            "26": 11,
            "27": -13
        },
        "8": {
            "0": 45,
            "1": 11,
            "2": 17,
            "3": -3,
            "4": 0,
            "5": 36,
            "6": 15,
            "7": -25,
            "9": 43,
            "10": 41,
            "11": 7,
            "12": -9,
            "13": -21,
            "14": -23,
            "15": -34,
            "16": -17,
            "17": 44,
            "18": -33,
            "19": 44,
            "20": -24,
            "21": 11,
            "22": -12,
            "23": -24,
            "24": -23,
            "25": 39,
            "26": 0,
            "27": -2
        },
        "9": {
            "0": 4,
            "1": -16,
            "2": -1,
            "3": -22,
            "4": 9,
            "5": 17,
            "6": -1,
            "7": 36,
            "8": 43,
            "10": 27,
            "11": -8,
            "12": -13,
            "13": 25,
            "14": -34,
            "15": -20,
            "16": -36,
            "17": 13,
            "18": -32,
            "19": -14,
            "20": -3,
            "21": 49,
            "22": 24,
            "23": 17,
            "24": 33,
            "25": -27,
            "26": 4,
            "27": 11
        },
        "10": {
            "0": -15,
            "1": 18,
            "2": -40,
            "3": 0,
            "4": 19,
            "5": 18,
            "6": -7,
            "7": -34,
            "8": 41,
            "9": 27,
            "11": 22,
            "12": -47,
            "13": -32,
            "14": 20,
            "15": -41,
            "16": 23,
            "17": -43,
            "18": 14,
            "19": 39,
            "20": 2,
            "21": -26,
            "22": -8,
            "23": 40,
            "24": -34,
            "25": 31,
            "26": -18,
            "27": -4
        },
        "11": {
            "0": 27,
            "1": -34,
            "2": -29,
            "3": -3,
            "4": 9,
            "5": -15,
            "6": 31,
            "7": 41,
            "8": 7,
            "9": -8,
            "10": 22,
            "12": -15,
            "13": -3,
            "14": 12,
            "15": -46,
            "16": -45,
            "17": 28,
            "18": -35,
            "19": -21,
            "20": -16,
            "21": -40,
            "22": 16,
            "23": -17,
            "24": -12,
            "25": 19,
            "26": 41,
            "27": -31
        },
        "12": {
            "0": 10,
            "1": 19,
            "2": -16,
            "3": -26,
            "4": 30,
            "5": 37,
            "6": 47,
            "7": 15,
            "8": -9,
            "9": -13,
            "10": -47,
            "11": -15,
            "13": 31,
            "14": -29,
            "15": -43,
            "16": 23,
            "17": 2,
            "18": -45,
            "19": 24,
            "20": 30,
            "21": 22,
            "22": 21,
            "23": 43,
            "24": 32,
            "25": -5,
            "26": -42,
            "27": 1
        },
        "13": {
            "0": -16,
            "1": 45,
            "2": -28,
            "3": 22,
            "4": -49,
            "5": -4,
            "6": 39,
            "7": 8,
            "8": -21,
            "9": 25,
            "10": -32,
            "11": -3,
            "12": 31,
            "14": 35,
            "15": -33,
            "16": 14,
            "17": 22,
            "18": 20,
            "19": -7,
            "20": -5,
            "21": 1,
            "22": -45,
            "23": -8,
            "24": 24,
            "25": -39,
            "26": 17,
            "27": -11
        },
        "14": {
            "0": 16,
            "1": 22,
            "2": 20,
            "3": -39,
            "4": -24,
            "5": 29,
            "6": -24,
            "7": 23,
            "8": -23,
            "9": -34,
            "10": 20,
            "11": 12,
            "12": -29,
            "13": 35,
            "15": 24,
            "16": -14,
            "17": -8,
            "18": -26,
            "19": -31,
            "20": 31,
            "21": -5,
            "22": -30,
            "23": 19,
            "24": 21,
            "25": 31,
            "26": -43,
            "27": -49
        },
        "15": {
            "0": -25,
            "1": 24,
            "2": 21,
            "3": 16,
            "4": -31,
            "5": 47,
            "6": -25,
            "7": -45,
            "8": -34,
            "9": -20,
            "10": -41,
            "11": -46,
            "12": -43,
            "13": -33,
            "14": 24,
            "16": -25,
            "17": -30,
            "18": -22,
            "19": 3,
            "20": -36,
            "21": 19,
            "22": -43,
            "23": -48,
            "24": 5,
            "25": -41,
            "26": -1,
            "27": -5
        },
        "16": {
            "0": 16,
            "1": -2,
            "2": -8,
            "3": 45,
            "4": -49,
            "5": 41,
            "6": -42,
            "7": 35,
            "8": -17,
            "9": -36,
            "10": 23,
            "11": -45,
            "12": 23,
            "13": 14,
            "14": -14,
            "15": -25,
            "17": -6,
            "18": -46,
            "19": 49,
            "20": 41,
            "21": -26,
            "22": -40,
            "23": 40,
            "24": -9,
            "25": 47,
            "26": -6,
            "27": 20
        },
        "17": {
            "0": 3,
            "1": -26,
            "2": 23,
            "3": 0,
            "4": 18,
            "5": -11,
            "6": -10,
            "7": -43,
            "8": 44,
            "9": 13,
            "10": -43,
            "11": 28,
            "12": 2,
            "13": 22,
            "14": -8,
            "15": -30,
            "16": -6,
            "18": 47,
            "19": -20,
            "20": -42,
            "21": 0,
            "22": 43,
            "23": 0,
            "24": -14,
            "25": -32,
            "26": -36,
            "27": 14
        },
        "18": {
            "0": -40,
            "1": 7,
            "2": -24,
            "3": -7,
            "4": 19,
            "5": -49,
            "6": -46,
            "7": -23,
            "8": -33,
            "9": -32,
            "10": 14,
            "11": -35,
            "12": -45,
            "13": 20,
            "14": -26,
            "15": -22,
            "16": -46,
            "17": 47,
            "19": 37,
            "20": -26,
            "21": 31,
            "22": 0,
            "23": -32,
            "24": -18,
            "25": 33,
            "26": -8,
            "27": 14
        },
        "19": {
            "0": -37,
            "1": -42,
            "2": -5,
            "3": 28,
            "4": -16,
            "5": 25,
            "6": 19,
            "7": -17,
            "8": 44,
            "9": -14,
            "10": 39,
            "11": -21,
            "12": 24,
            "13": -7,
            "14": -31,
            "15": 3,
            "16": 49,
            "17": -20,
            "18": 37,
            "20": 19,
            "21": 33,
            "22": -22,
            "23": -32,
            "24": 3,
            "25": -12,
            "26": -4,
            "27": -16
        },
        "20": {
            "0": -29,
            "1": -29,
            "2": -16,
            "3": 26,
            "4": -36,
            "5": -11,
            "6": -26,
            "7": 2,
            "8": -24,
            "9": -3,
            "10": 2,
            "11": -16,
            "12": 30,
            "13": -5,
            "14": 31,
            "15": -36,
            "16": 41,
            "17": -42,
            "18": -26,
            "19": 19,
            "21": -45,
            "22": -16,
            "23": 20,
            "24": 2,
            "25": -3,
            "26": -3,
            "27": -49
        },
        "21": {
            "0": 1,
            "1": -20,
            "2": -29,
            "3": 2,
            "4": -46,
            "5": -8,
            "6": -26,
            "7": 5,
            "8": 11,
            "9": 49,
            "10": -26,
            "11": -40,
            "12": 22,
            "13": 1,
            "14": -5,
            "15": 19,
            "16": -26,
            "17": 0,
            "18": 31,
            "19": 33,
            "20": -45,
            "22": -47,
            "23": 13,
            "24": -12,
            "25": 31,
            "26": 16,
            "27": -28
        },
        "22": {
            "0": 21,
            "1": -5,
            "2": 7,
            "3": -5,
            "4": 8,
            "5": -22,
            "6": -18,
            "7": 46,
            "8": -12,
            "9": 24,
            "10": -8,
            "11": 16,
            "12": 21,
            "13": -45,
            "14": -30,
            "15": -43,
            "16": -40,
            "17": 43,
            "18": 0,
            "19": -22,
            "20": -16,
            "21": -47,
            "23": 12,
            "24": -2,
            "25": 0,
            "26": 9,
            "27": -44
        },
        "23": {
            "0": 13,
            "1": 46,
            "2": 34,
            "3": 4,
            "4": -34,
            "5": 18,
            "6": -27,
            "7": 8,
            "8": -24,
            "9": 17,
            "10": 40,
            "11": -17,
            "12": 43,
            "13": -8,
            "14": 19,
            "15": -48,
            "16": 40,
            "17": 0,
            "18": -32,
            "19": -32,
            "20": 20,
            "21": 13,
            "22": 12,
            "24": 31,
            "25": -38,
            "26": 1,
            "27": -38
        },
        "24": {
            "0": 46,
            "1": 29,
            "2": -25,
            "3": 49,
            "4": -27,
            "5": -37,
            "6": -16,
            "7": -3,
            "8": -23,
            "9": 33,
            "10": -34,
            "11": -12,
            "12": 32,
            "13": 24,
            "14": 21,
            "15": 5,
            "16": -9,
            "17": -14,
            "18": -18,
            "19": 3,
            "20": 2,
            "21": -12,
            "22": -2,
            "23": 31,
            "25": 9,
            "26": 19,
            "27": 12
        },
        "25": {
            "0": -15,
            "1": 36,
            "2": -36,
            "3": 30,
            "4": 36,
            "5": -28,
            "6": 6,
            "7": -16,
            "8": 39,
            "9": -27,
            "10": 31,
            "11": 19,
            "12": -5,
            "13": -39,
            "14": 31,
            "15": -41,
            "16": 47,
            "17": -32,
            "18": 33,
            "19": -12,
            "20": -3,
            "21": 31,
            "22": 0,
            "23": -38,
            "24": 9,
            "26": -6,
            "27": 30
        },
        "26": {
            "0": 2,
            "1": 28,
            "2": -36,
            "3": -42,
            "4": -13,
            "5": 36,
            "6": 14,
            "7": 11,
            "8": 0,
            "9": 4,
            "10": -18,
            "11": 41,
            "12": -42,
            "13": 17,
            "14": -43,
            "15": -1,
            "16": -6,
            "17": -36,
            "18": -8,
            "19": -4,
            "20": -3,
            "21": 16,
            "22": 9,
            "23": 1,
            "24": 19,
            "25": -6,
            "27": -28
        },
        "27": {
            "0": -34,
            "1": -45,
            "2": -26,
            "3": 15,
            "4": 13,
            "5": 1,
            "6": -4,
            "7": -13,
            "8": -2,
            "9": 11,
            "10": -4,
            "11": -31,
            "12": 1,
            "13": -11,
            "14": -49,
            "15": -5,
            "16": 20,
            "17": 14,
            "18": 14,
            "19": -16,
            "20": -49,
            "21": -28,
            "22": -44,
            "23": -38,
            "24": 12,
            "25": 30,
            "26": -28
        }
    }
}