{
    "knapsack_size": 2463,
    "Gamma": 2,
    "n_items": 23,
    "costs": {
        "0": {
            "u": 1231,
            "a": 944,
            "l": 322
        },
        "1": {
            "u": 1231,
            "a": 806,
            "l": 274
        },
        "2": {
            "u": 1231,
            "a": 1073,
            "l": 398
        },
        "3": {
            "u": 1231,
            "a": 1095,
            "l": 493
        },
        "4": {
            "u": 1231,
            "a": 945,
            "l": 467
        },
        "5": {
            "u": 1231,
            "a": 929,
            "l": 321
        },
        "6": {
            "u": 1231,
            "a": 783,
            "l": 390
        },
        "7": {
            "u": 1231,
            "a": 897,
            "l": 430
        },
        "8": {
            "u": 1231,
            "a": 768,
            "l": 325
        },
        "9": {
            "u": 1231,
            "a": 1025,
            "l": 462
        },
        "10": {
            "u": 1231,
            "a": 698,
            "l": 315
        },
        "11": {
            "u": 1231,
            "a": 1102,
            "l": 418
        },
        "12": {
            "u": 1231,
            "a": 1153,
            "l": 504
        },
        "13": {
            "u": 1231,
            "a": 894,
            "l": 320
        },
        "14": {
            "u": 1231,
            "a": 1162,
            "l": 506
        },
        "15": {
            "u": 1232,
            "a": 732,
            "l": 294
        },
        "16": {
            "u": 1231,
            "a": 1212,
            "l": 572
        },
        "17": {
            "u": 1231,
            "a": 725,
            "l": 315
        },
        "18": {
            "u": 1231,
            "a": 1164,
            "l": 556
        },
        "19": {
            "u": 1231,
            "a": 784,
            "l": 367
        },
        "20": {
            "u": 1231,
            "a": 655,
            "l": 222
        },
        "21": {
            "u": 1231,
            "a": 946,
            "l": 342
        },
        "22": {
            "u": 1231,
            "a": 1159,
            "l": 434
        }
    },
    "profits": {
        "0": 1523,
        "1": 1420,
        "2": 1321,
        "3": 1467,
        "4": 1522,
        "5": 1479,
        "6": 1448,
        "7": 1422,
        "8": 1380,
        "9": 1521,
        "10": 1506,
        "11": 1452,
        "12": 1350,
        "13": 1412,
        "14": 1265,
        "15": 1328,
        "16": 1456,
        "17": 1386,
        "18": 1306,
        "19": 1450,
        "20": 1404,
        "21": 1279,
        "22": 1274
    },
    "synergies": {
        "0": {
            "1": -37,
            "2": -45,
            "3": 17,
            "4": 45,
            "5": -6,
            "6": 40,
            "7": -42,
            "8": 12,
            "9": 0,
            "10": 49,
            "11": 27,
            "12": 5,
            "13": 44,
            "14": -10,
            "15": 30,
            "16": -32,
            "17": 22,
            "18": 18,
            "19": 16,
            "20": 2,
            "21": -13,
            "22": 45
        },
        "1": {
            "0": -37,
            "2": 47,
            "3": 41,
            "4": -6,
            "5": 18,
            "6": -28,
            "7": -36,
            "8": -30,
            "9": -45,
            "10": 40,
            "11": -23,
            "12": 27,
            "13": -38,
            "14": -45,
            "15": -16,
            "16": 8,
            "17": 18,
            "18": 31,
            "19": 14,
            "20": -25,
            "21": -8,
            "22": -16
        },
        "2": {
            "0": -45,
            "1": 47,
            "3": -13,
            "4": -12,
            "5": 3,
            "6": -37,
            "7": -20,
            "8": 22,
            "9": 22,
            "10": 44,
            "11": 17,
            "12": 12,
            "13": -38,
            "14": -33,
            "15": 30,
            "16": -10,
            "17": -47,
            "18": 41,
            "19": 0,
            "20": -28,
            "21": -49,
            "22": 32
        },
        "3": {
            "0": 17,
            "1": 41,
            "2": -13,
            "4": -19,
            "5": -39,
            "6": 35,
            "7": -28,
            "8": -6,
            "9": 49,
            "10": 29,
            "11": 8,
            "12": 14,
            "13": -49,
            "14": 6,
            "15": -5,
            "16": -44,
            "17": -21,
            "18": -13,
            "19": 8,
            "20": 46,
            "21": 33,
            "22": 19
        },
        "4": {
            "0": 45,
            "1": -6,
            "2": -12,
            "3": -19,
            "5": -18,
            "6": -47,
            "7": 17,
            "8": 19,
            "9": 13,
            "10": -2,
            "11": -9,
            "12": 46,
            "13": 32,
            "14": -18,
            "15": -47,
            "16": 4,
            "17": -27,
            "18": 6,
            "19": -10,
            "20": 24,
            "21": -45,
            "22": 22
        },
        "5": {
            "0": -6,
            "1": 18,
            "2": 3,
            "3": -39,
            "4": -18,
            "6": -48,
            "7": -20,
            "8": 43,
            "9": 39,
            "10": -16,
            "11": -1,
            "12": -45,
            "13": 49,
            "14": -18,
            "15": -8,
            "16": -42,
            "17": 30,
            "18": -38,
            "19": 7,
            "20": -49,
            "21": -14,
            "22": -36
        },
        "6": {
            "0": 40,
            "1": -28,
            "2": -37,
            "3": 35,
            "4": -47,
            "5": -48,
            "7": -40,
            "8": 11,
            "9": -32,
            "10": -40,
            "11": -49,
            "12": -45,
            "13": 9,
            "14": 9,
            "15": -47,
            "16": 36,
            "17": 22,
            "18": 27,
            "19": -32,
            "20": 41,
            "21": 31,
            "22": -20
        },
        "7": {
            "0": -42,
            "1": -36,
            "2": -20,
            "3": -28,
            "4": 17,
            "5": -20,
            "6": -40,
            "8": 33,
            "9": -35,
            "10": -49,
            "11": 48,
            "12": -47,
            "13": 0,
            "14": -26,
            "15": -36,
            "16": 41,
            "17": -42,
            "18": 8,
            "19": -23,
            "20": 21,
            "21": -42,
            "22": 13
        },
        "8": {
            "0": 12,
            "1": -30,
            "2": 22,
            "3": -6,
            "4": 19,
            "5": 43,
            "6": 11,
            "7": 33,
            "9": 43,
            "10": -48,
            "11": -6,
            "12": 15,
            "13": -17,
            "14": -39,
            "15": -22,
            "16": -20,
            "17": 43,
            "18": 19,
            "19": 38,
            "20": 41,
            "21": -8,
            "22": -32
        },
        "9": {
            "0": 0,
            "1": -45,
            "2": 22,
            "3": 49,
            "4": 13,
            "5": 39,
            "6": -32,
            "7": -35,
            "8": 43,
            "10": 25,
            "11": 42,
            "12": 17,
            "13": -29,
            "14": 28,
            "15": -8,
            "16": -49,
            "17": -8,
            "18": -41,
            "19": 43,
            "20": 19,
            "21": -14,
            "22": 0
        },
        "10": {
            "0": 49,
            "1": 40,
            "2": 44,
            "3": 29,
            "4": -2,
            "5": -16,
            "6": -40,
            "7": -49,
            "8": -48,
            "9": 25,
            "11": 2,
            "12": -49,
            "13": -25,
            "14": -15,
            "15": -18,
            "16": -13,
            "17": -47,
            "18": 41,
            "19": 37,
            "20": 14,
            "21": -31,
            "22": -21
        },
        "11": {
            "0": 27,
            "1": -23,
            "2": 17,
            "3": 8,
            "4": -9,
            "5": -1,
            "6": -49,
            "7": 48,
            "8": -6,
            "9": 42,
            "10": 2,
            "12": -20,
            "13": 16,
            "14": -7,
            "15": 2,
            "16": 42,
            "17": -20,
            "18": 15,
            "19": -21,
            "20": 15,
            "21": -18,
            "22": -10
        },
        "12": {
            "0": 5,
            "1": 27,
            "2": 12,
            "3": 14,
            "4": 46,
            "5": -45,
            "6": -45,
            "7": -47,
            "8": 15,
            "9": 17,
            "10": -49,
            "11": -20,
            "13": -16,
            "14": -17,
            "15": -45,
            "16": -28,
            "17": 17,
            "18": 39,
            "19": 5,
            "20": -16,
            "21": 27,
            "22": 13
        },
        "13": {
            "0": 44,
            "1": -38,
            "2": -38,
            "3": -49,
            "4": 32,
            "5": 49,
            "6": 9,
            "7": 0,
            "8": -17,
            "9": -29,
            "10": -25,
            "11": 16,
            "12": -16,
            "14": -41,
            "15": 39,
            "16": 30,
            "17": -5,
            "18": -37,
            "19": -23,
            "20": -9,
            "21": 15,
            "22": -33
        },
        "14": {
            "0": -10,
            "1": -45,
            "2": -33,
            "3": 6,
            "4": -18,
            "5": -18,
            "6": 9,
            "7": -26,
            "8": -39,
            "9": 28,
            "10": -15,
            "11": -7,
            "12": -17,
            "13": -41,
            "15": -23,
            "16": 28,
            "17": 17,
            "18": -15,
            "19": 17,
            "20": 11,
            "21": 39,
            "22": -1
        },
        "15": {
            "0": 30,
            "1": -16,
            "2": 30,
            "3": -5,
            "4": -47,
            "5": -8,
            "6": -47,
            "7": -36,
            "8": -22,
            "9": -8,
            "10": -18,
            "11": 2,
            "12": -45,
            "13": 39,
            "14": -23,
            "16": 38,
            "17": -48,
            "18": 18,
            "19": -25,
            "20": -48,
            "21": -24,
            "22": -14
        },
        "16": {
            "0": -32,
            "1": 8,
            "2": -10,
            "3": -44,
            "4": 4,
            "5": -42,
            "6": 36,
            "7": 41,
            "8": -20,
            "9": -49,
            "10": -13,
            "11": 42,
            "12": -28,
            "13": 30,
            "14": 28,
            "15": 38,
            "17": 47,
            "18": 10,
            "19": 26,
            "20": 46,
            "21": -45,
            "22": 17
        },
        "17": {
            "0": 22,
            "1": 18,
            "2": -47,
            "3": -21,
            "4": -27,
            "5": 30,
            "6": 22,
            "7": -42,
            "8": 43,
            "9": -8,
            "10": -47,
            "11": -20,
            "12": 17,
            "13": -5,
            "14": 17,
            "15": -48,
            "16": 47,
            "18": 21,
            "19": 27,
            "20": -16,
            "21": -37,
            "22": 9
        },
        "18": {
            "0": 18,
            "1": 31,
            "2": 41,
            "3": -13,
            "4": 6,
            "5": -38,
            "6": 27,
            "7": 8,
            "8": 19,
            "9": -41,
            "10": 41,
            "11": 15,
            "12": 39,
            "13": -37,
            "14": -15,
            "15": 18,
            "16": 10,
            "17": 21,
            "19": 39,
            "20": -29,
            "21": -12,
            "22": -22
        },
        "19": {
            "0": 16,
            "1": 14,
            "2": 0,
            "3": 8,
            "4": -10,
            "5": 7,
            "6": -32,
            "7": -23,
            "8": 38,
            "9": 43,
            "10": 37,
            "11": -21,
            "12": 5,
            "13": -23,
            "14": 17,
            "15": -25,
            "16": 26,
            "17": 27,
            "18": 39,
            "20": 21,
            "21": 6,
            "22": 39
        },
        "20": {
            "0": 2,
            "1": -25,
            "2": -28,
            "3": 46,
            "4": 24,
            "5": -49,
            "6": 41,
            "7": 21,
            "8": 41,
            "9": 19,
            "10": 14,
            "11": 15,
            "12": -16,
            "13": -9,
            "14": 11,
            "15": -48,
            "16": 46,
            "17": -16,
            "18": -29,
            "19": 21,
            "21": 0,
            "22": -12
        },
        "21": {
            "0": -13,
            "1": -8,
            "2": -49,
            "3": 33,
            "4": -45,
            "5": -14,
            "6": 31,
            "7": -42,
            "8": -8,
            "9": -14,
            "10": -31,
            "11": -18,
            "12": 27,
            "13": 15,
            "14": 39,
            "15": -24,
            "16": -45,
            "17": -37,
            "18": -12,
            "19": 6,
            "20": 0,
            "22": 21
        },
        "22": {
            "0": 45,
            "1": -16,
            "2": 32,
            "3": 19,
            "4": 22,
            "5": -36,
            "6": -20,
            "7": 13,
            "8": -32,
            "9": 0,
            "10": -21,
            "11": -10,
            "12": 13,
            "13": -33,
            "14": -1,
            "15": -14,
            "16": 17,
            "17": 9,
            "18": -22,
            "19": 39,
            "20": -12,
            "21": 21
        }
    }
}