{
    "knapsack_size": 3000,
    "Gamma": 20,
    "n_items": 38,
    "costs": {
        "0": {
            "l": 78.3,
            "a": 180.5,
            "u": 196.35
        },
        "1": {
            "l": 85.77,
            "a": 108.55,
            "u": 143.02
        },
        "2": {
            "l": 34.46,
            "a": 47.19,
            "u": 115.27
        },
        "3": {
            "l": 63.34,
            "a": 129.15,
            "u": 132.68
        },
        "4": {
            "l": 55.74,
            "a": 65.37,
            "u": 187.51
        },
        "5": {
            "l": 30.15,
            "a": 165.68,
            "u": 177.94
        },
        "6": {
            "l": 84.64,
            "a": 169.97,
            "u": 194.88
        },
        "7": {
            "l": 46.03,
            "a": 184.46,
            "u": 192.58
        },
        "8": {
            "l": 1.68,
            "a": 81.24,
            "u": 116.03
        },
        "9": {
            "l": 32.3,
            "a": 105.92,
            "u": 165.01
        },
        "10": {
            "l": 98.89,
            "a": 102.46,
            "u": 143.98
        },
        "11": {
            "l": 22.84,
            "a": 177.62,
            "u": 183.45
        },
        "12": {
            "l": 52.7,
            "a": 70.24,
            "u": 199.0
        },
        "13": {
            "l": 55.76,
            "a": 83.64,
            "u": 94.8
        },
        "14": {
            "l": 98.79,
            "a": 153.51,
            "u": 180.95
        },
        "15": {
            "l": 1.48,
            "a": 22.43,
            "u": 37.84
        },
        "16": {
            "l": 34.63,
            "a": 161.08,
            "u": 170.34
        },
        "17": {
            "l": 63.64,
            "a": 67.73,
            "u": 74.56
        },
        "18": {
            "l": 2.31,
            "a": 137.24,
            "u": 175.33
        },
        "19": {
            "l": 8.4,
            "a": 96.15,
            "u": 145.09
        },
        "20": {
            "l": 74.11,
            "a": 197.5,
            "u": 198.78
        },
        "21": {
            "l": 76.02,
            "a": 170.74,
            "u": 191.22
        },
        "22": {
            "l": 79.69,
            "a": 174.4,
            "u": 182.91
        },
        "23": {
            "l": 2.0,
            "a": 146.68,
            "u": 195.21
        },
        "24": {
            "l": 61.6,
            "a": 128.93,
            "u": 137.71
        },
        "25": {
            "l": 40.66,
            "a": 70.65,
            "u": 168.33
        },
        "26": {
            "l": 18.37,
            "a": 70.75,
            "u": 161.95
        },
        "27": {
            "l": 3.07,
            "a": 119.63,
            "u": 191.52
        },
        "28": {
            "l": 72.55,
            "a": 113.66,
            "u": 148.39
        },
        "29": {
            "l": 81.21,
            "a": 125.75,
            "u": 142.47
        },
        "30": {
            "l": 22.3,
            "a": 92.79,
            "u": 166.78
        },
        "31": {
            "l": 2.82,
            "a": 124.61,
            "u": 141.87
        },
        "32": {
            "l": 3.79,
            "a": 21.87,
            "u": 32.28
        },
        "33": {
            "l": 73.82,
            "a": 115.89,
            "u": 189.22
        },
        "34": {
            "l": 11.84,
            "a": 46.71,
            "u": 169.66
        },
        "35": {
            "l": 35.67,
            "a": 43.07,
            "u": 135.49
        },
        "36": {
            "l": 37.61,
            "a": 84.92,
            "u": 85.4
        },
        "37": {
            "l": 96.66,
            "a": 180.76,
            "u": 184.97
        }
    },
    "profits": {
        "0": 207.16,
        "1": 252.88,
        "2": 278.71,
        "3": 286.84,
        "4": 270.57,
        "5": 236.43,
        "6": 263.92,
        "7": 249.99,
        "8": 163.94,
        "9": 212.42,
        "10": 159.13,
        "11": 264.76,
        "12": 209.65,
        "13": 276.07,
        "14": 251.64,
        "15": 134.6,
        "16": 202.83,
        "17": 173.72,
        "18": 194.51,
        "19": 158.27,
        "20": 255.82,
        "21": 217.0,
        "22": 244.02,
        "23": 294.65,
        "24": 175.9,
        "25": 251.09,
        "26": 271.14,
        "27": 296.21,
        "28": 153.66,
        "29": 273.04,
        "30": 267.75,
        "31": 194.43,
        "32": 278.61,
        "33": 277.95,
        "34": 246.59,
        "35": 251.41,
        "36": 256.19,
        "37": 231.78
    },
    "synergies": {
        "0": {
            "1": 25.72,
            "2": 26.73,
            "3": -7.19,
            "4": 3.05,
            "5": 47.49,
            "6": -3.79,
            "7": 36.18,
            "8": 8.48,
            "9": 23.61,
            "10": -49.48,
            "11": 20.59,
            "12": 31.71,
            "13": -35.99,
            "14": -11.54,
            "15": 18.87,
            "16": 38.76,
            "17": -16.01,
            "18": 43.59,
            "19": -42.82,
            "20": -10.81,
            "21": 40.85,
            "22": -13.13,
            "23": -24.68,
            "24": -24.34,
            "25": 0.79,
            "26": -24.14,
            "27": -36.96,
            "28": -38.8,
            "29": 24.11,
            "30": 45.55,
            "31": 26.84,
            "32": -28.38,
            "33": -23.98,
            "34": -18.8,
            "35": -34.6,
            "36": -16.95,
            "37": -26.54
        },
        "1": {
            "0": 25.72,
            "2": -4.15,
            "3": 13.0,
            "4": -19.14,
            "5": 27.75,
            "6": 37.65,
            "7": 36.15,
            "8": -38.01,
            "9": 42.24,
            "10": -20.71,
            "11": 39.87,
            "12": -42.64,
            "13": 7.64,
            "14": -4.75,
            "15": 11.87,
            "16": 37.83,
            "17": 2.29,
            "18": -33.03,
            "19": 17.68,
            "20": 32.49,
            "21": 5.04,
            "22": 28.99,
            "23": 26.53,
            "24": 24.4,
            "25": -1.42,
            "26": -47.08,
            "27": -24.01,
            "28": 8.86,
            "29": -28.35,
            "30": -14.38,
            "31": 33.86,
            "32": -31.17,
            "33": 0.12,
            "34": 4.54,
            "35": 17.81,
            "36": 49.38,
            "37": 6.36
        },
        "2": {
            "0": 26.73,
            "1": -4.15,
            "3": -19.53,
            "4": -39.43,
            "5": -11.72,
            "6": -47.56,
            "7": -28.12,
            "8": 19.14,
            "9": 11.03,
            "10": -42.4,
            "11": 16.94,
            "12": 27.2,
            "13": -12.87,
            "14": 47.35,
            "15": -32.66,
            "16": -19.34,
            "17": -25.03,
            "18": -23.35,
            "19": 9.12,
            "20": 0.03,
            "21": 46.28,
            "22": 41.04,
            "23": 9.29,
            "24": -46.62,
            "25": -38.5,
            "26": -1.75,
            "27": 41.99,
            "28": 22.54,
            "29": -2.62,
            "30": -11.51,
            "31": 1.5,
            "32": 38.05,
            "33": 18.15,
            "34": 17.19,
            "35": 36.59,
            "36": -46.26,
            "37": -31.86
        },
        "3": {
            "0": -7.19,
            "1": 13.0,
            "2": -19.53,
            "4": -45.1,
            "5": 8.86,
            "6": 14.92,
            "7": -24.77,
            "8": 21.24,
            "9": -30.46,
            "10": -37.37,
            "11": 32.36,
            "12": 20.1,
            "13": 14.89,
            "14": 8.18,
            "15": -42.7,
            "16": 15.06,
            "17": 19.19,
            "18": 35.02,
            "19": -12.96,
            "20": 0.51,
            "21": -1.02,
            "22": -8.82,
            "23": -26.07,
            "24": -38.37,
            "25": 46.15,
            "26": -49.1,
            "27": 11.46,
            "28": -47.46,
            "29": -37.45,
            "30": 5.61,
            "31": 27.76,
            "32": -16.14,
            "33": 0.27,
            "34": 21.83,
            "35": 42.15,
            "36": -9.63,
            "37": -46.47
        },
        "4": {
            "0": 3.05,
            "1": -19.14,
            "2": -39.43,
            "3": -45.1,
            "5": 4.68,
            "6": -36.36,
            "7": 21.65,
            "8": -43.73,
            "9": -2.07,
            "10": 6.63,
            "11": 41.82,
            "12": 1.9,
            "13": 27.44,
            "14": 10.66,
            "15": 40.37,
            "16": -7.02,
            "17": 16.76,
            "18": 2.92,
            "19": 12.98,
            "20": -10.55,
            "21": 43.46,
            "22": 9.46,
            "23": 35.91,
            "24": -49.77,
            "25": 17.4,
            "26": -38.74,
            "27": 31.2,
            "28": 34.34,
            "29": 31.91,
            "30": 0.24,
            "31": -19.43,
            "32": 13.22,
            "33": -15.18,
            "34": -2.82,
            "35": 31.28,
            "36": 5.15,
            "37": -43.86
        },
        "5": {
            "0": 47.49,
            "1": 27.75,
            "2": -11.72,
            "3": 8.86,
            "4": 4.68,
            "6": 33.62,
            "7": 12.88,
            "8": -37.65,
            "9": 30.31,
            "10": -38.93,
            "11": 40.24,
            "12": -22.36,
            "13": -8.96,
            "14": -18.41,
            "15": 46.96,
            "16": -2.44,
            "17": -5.41,
            "18": -44.63,
            "19": 31.5,
            "20": -45.99,
            "21": -44.41,
            "22": 4.91,
            "23": -24.02,
            "24": -35.62,
            "25": 8.77,
            "26": 36.61,
            "27": -36.59,
            "28": -45.4,
            "29": -27.81,
            "30": -24.54,
            "31": -11.46,
            "32": 22.15,
            "33": 45.77,
            "34": 31.58,
            "35": -16.71,
            "36": -42.26,
            "37": 37.1
        },
        "6": {
            "0": -3.79,
            "1": 37.65,
            "2": -47.56,
            "3": 14.92,
            "4": -36.36,
            "5": 33.62,
            "7": -19.97,
            "8": 37.37,
            "9": 2.43,
            "10": 16.99,
            "11": 47.6,
            "12": 27.32,
            "13": 23.42,
            "14": -47.41,
            "15": 4.85,
            "16": 6.85,
            "17": -30.98,
            "18": 5.47,
            "19": -18.13,
            "20": 18.61,
            "21": -9.73,
            "22": -23.9,
            "23": 22.95,
            "24": 11.11,
            "25": -18.95,
            "26": -24.3,
            "27": -23.7,
            "28": 47.9,
            "29": 24.36,
            "30": 6.36,
            "31": 28.23,
            "32": 22.56,
            "33": -49.76,
            "34": 28.73,
            "35": 30.26,
            "36": 42.75,
            "37": 9.29
        },
        "7": {
            "0": 36.18,
            "1": 36.15,
            "2": -28.12,
            "3": -24.77,
            "4": 21.65,
            "5": 12.88,
            "6": -19.97,
            "8": 40.53,
            "9": -43.91,
            "10": 2.79,
            "11": 16.24,
            "12": -33.54,
            "13": -5.56,
            "14": -41.13,
            "15": -11.36,
            "16": 15.44,
            "17": -18.62,
            "18": -6.71,
            "19": 48.77,
            "20": -4.55,
            "21": -24.78,
            "22": -17.5,
            "23": -36.13,
            "24": 2.54,
            "25": 44.08,
            "26": -6.35,
            "27": -45.68,
            "28": -17.52,
            "29": -46.6,
            "30": -28.07,
            "31": 42.66,
            "32": 41.92,
            "33": -39.79,
            "34": -3.06,
            "35": -49.11,
            "36": 43.18,
            "37": 37.79
        },
        "8": {
            "0": 8.48,
            "1": -38.01,
            "2": 19.14,
            "3": 21.24,
            "4": -43.73,
            "5": -37.65,
            "6": 37.37,
            "7": 40.53,
            "9": -12.72,
            "10": 5.28,
            "11": 34.14,
            "12": -15.87,
            "13": 25.49,
            "14": -14.22,
            "15": -7.0,
            "16": -43.61,
            "17": 22.79,
            "18": -46.83,
            "19": -42.97,
            "20": 33.75,
            "21": 12.75,
            "22": 13.32,
            "23": -30.47,
            "24": -47.68,
            "25": -42.7,
            "26": -3.41,
            "27": 19.14,
            "28": 7.44,
            "29": -40.52,
            "30": 38.41,
            "31": 32.13,
            "32": 19.26,
            "33": 28.0,
            "34": 12.35,
            "35": 45.52,
            "36": 49.08,
            "37": 14.02
        },
        "9": {
            "0": 23.61,
            "1": 42.24,
            "2": 11.03,
            "3": -30.46,
            "4": -2.07,
            "5": 30.31,
            "6": 2.43,
            "7": -43.91,
            "8": -12.72,
            "10": 42.92,
            "11": -11.73,
            "12": -28.74,
            "13": 40.75,
            "14": -8.1,
            "15": 13.11,
            "16": -13.18,
            "17": 48.53,
            "18": 33.98,
            "19": 44.07,
            "20": 18.61,
            "21": 38.36,
            "22": 39.62,
            "23": -42.75,
            "24": 11.99,
            "25": -12.54,
            "26": -19.61,
            "27": -15.58,
            "28": -23.9,
            "29": 35.81,
            "30": 32.26,
            "31": 40.21,
            "32": 17.68,
            "33": -24.57,
            "34": -12.84,
            "35": 15.5,
            "36": -44.2,
            "37": 40.68
        },
        "10": {
            "0": -49.48,
            "1": -20.71,
            "2": -42.4,
            "3": -37.37,
            "4": 6.63,
            "5": -38.93,
            "6": 16.99,
            "7": 2.79,
            "8": 5.28,
            "9": 42.92,
            "11": 14.75,
            "12": -21.32,
            "13": -16.87,
            "14": 41.2,
            "15": 0.51,
            "16": 30.81,
            "17": -30.72,
            "18": -13.91,
            "19": 7.58,
            "20": -25.41,
            "21": 17.0,
            "22": 36.26,
            "23": -31.52,
            "24": 34.9,
            "25": -22.11,
            "26": 8.21,
            "27": -32.32,
            "28": 28.21,
            "29": 0.28,
            "30": 13.42,
            "31": 2.97,
            "32": 19.98,
            "33": 44.04,
            "34": 29.74,
            "35": 3.74,
            "36": 36.86,
            "37": -34.67
        },
        "11": {
            "0": 20.59,
            "1": 39.87,
            "2": 16.94,
            "3": 32.36,
            "4": 41.82,
            "5": 40.24,
            "6": 47.6,
            "7": 16.24,
            "8": 34.14,
            "9": -11.73,
            "10": 14.75,
            "12": 8.7,
            "13": -48.07,
            "14": -9.99,
            "15": 27.22,
            "16": -45.28,
            "17": 19.89,
            "18": -13.84,
            "19": -17.37,
            "20": -37.63,
            "21": -19.22,
            "22": 20.96,
            "23": -17.74,
            "24": -4.67,
            "25": 35.93,
            "26": -19.05,
            "27": -24.74,
            "28": -43.99,
            "29": 36.89,
            "30": 19.65,
            "31": -15.26,
            "32": 21.26,
            "33": 10.94,
            "34": -1.55,
            "35": 40.88,
            "36": 30.14,
            "37": 35.3
        },
        "12": {
            "0": 31.71,
            "1": -42.64,
            "2": 27.2,
            "3": 20.1,
            "4": 1.9,
            "5": -22.36,
            "6": 27.32,
            "7": -33.54,
            "8": -15.87,
            "9": -28.74,
            "10": -21.32,
            "11": 8.7,
            "13": -23.55,
            "14": -45.82,
            "15": 39.97,
            "16": -46.17,
            "17": -45.01,
            "18": -0.09,
            "19": -34.9,
            "20": -37.93,
            "21": -40.21,
            "22": 30.39,
            "23": -44.43,
            "24": -45.81,
            "25": -47.29,
            "26": -48.79,
            "27": 35.45,
            "28": 32.23,
            "29": -0.47,
            "30": 46.72,
            "31": 19.73,
            "32": -49.02,
            "33": 25.56,
            "34": -27.4,
            "35": 36.55,
            "36": -36.79,
            "37": -40.22
        },
        "13": {
            "0": -35.99,
            "1": 7.64,
            "2": -12.87,
            "3": 14.89,
            "4": 27.44,
            "5": -8.96,
            "6": 23.42,
            "7": -5.56,
            "8": 25.49,
            "9": 40.75,
            "10": -16.87,
            "11": -48.07,
            "12": -23.55,
            "14": 1.25,
            "15": 37.21,
            "16": -23.27,
            "17": 35.56,
            "18": 37.97,
            "19": 2.11,
            "20": -22.89,
            "21": 39.34,
            "22": 15.24,
            "23": -46.69,
            "24": 28.41,
            "25": 33.44,
            "26": 25.7,
            "27": -7.67,
            "28": 11.8,
            "29": -35.33,
            "30": -19.23,
            "31": 46.33,
            "32": -11.96,
            "33": -7.37,
            "34": 3.3,
            "35": -15.05,
            "36": 11.94,
            "37": 36.68
        },
        "14": {
            "0": -11.54,
            "1": -4.75,
            "2": 47.35,
            "3": 8.18,
            "4": 10.66,
            "5": -18.41,
            "6": -47.41,
            "7": -41.13,
            "8": -14.22,
            "9": -8.1,
            "10": 41.2,
            "11": -9.99,
            "12": -45.82,
            "13": 1.25,
            "15": -31.38,
            "16": -13.67,
            "17": -45.92,
            "18": -13.1,
            "19": -37.7,
            "20": 11.14,
            "21": -0.23,
            "22": -44.09,
            "23": -46.92,
            "24": -29.19,
            "25": -7.91,
            "26": 47.78,
            "27": 2.91,
            "28": -12.23,
            "29": 23.82,
            "30": 40.93,
            "31": -38.2,
            "32": -38.76,
            "33": 43.61,
            "34": -12.74,
            "35": 4.89,
            "36": 18.45,
            "37": -8.63
        },
        "15": {
            "0": 18.87,
            "1": 11.87,
            "2": -32.66,
            "3": -42.7,
            "4": 40.37,
            "5": 46.96,
            "6": 4.85,
            "7": -11.36,
            "8": -7.0,
            "9": 13.11,
            "10": 0.51,
            "11": 27.22,
            "12": 39.97,
            "13": 37.21,
            "14": -31.38,
            "16": 10.32,
            "17": -9.92,
            "18": -43.29,
            "19": 10.45,
            "20": -12.21,
            "21": 21.17,
            "22": 28.39,
            "23": -27.41,
            "24": 46.29,
            "25": -18.67,
            "26": -49.37,
            "27": -8.57,
            "28": -30.13,
            "29": -2.68,
            "30": -37.18,
            "31": -34.01,
            "32": 20.24,
            "33": -3.82,
            "34": -7.34,
            "35": -38.97,
            "36": -35.51,
            "37": -46.04
        },
        "16": {
            "0": 38.76,
            "1": 37.83,
            "2": -19.34,
            "3": 15.06,
            "4": -7.02,
            "5": -2.44,
            "6": 6.85,
            "7": 15.44,
            "8": -43.61,
            "9": -13.18,
            "10": 30.81,
            "11": -45.28,
            "12": -46.17,
            "13": -23.27,
            "14": -13.67,
            "15": 10.32,
            "17": 31.32,
            "18": -27.7,
            "19": 45.95,
            "20": -15.67,
            "21": 27.29,
            "22": 35.5,
            "23": 7.99,
            "24": -40.46,
            "25": 27.21,
            "26": -44.44,
            "27": -19.2,
            "28": 28.38,
            "29": -30.89,
            "30": 45.32,
            "31": -42.39,
            "32": 15.17,
            "33": -37.57,
            "34": -40.61,
            "35": 8.56,
            "36": 25.23,
            "37": -13.93
        },
        "17": {
            "0": -16.01,
            "1": 2.29,
            "2": -25.03,
            "3": 19.19,
            "4": 16.76,
            "5": -5.41,
            "6": -30.98,
            "7": -18.62,
            "8": 22.79,
            "9": 48.53,
            "10": -30.72,
            "11": 19.89,
            "12": -45.01,
            "13": 35.56,
            "14": -45.92,
            "15": -9.92,
            "16": 31.32,
            "18": 28.47,
            "19": 2.01,
            "20": -36.87,
            "21": -29.34,
            "22": 2.79,
            "23": -7.52,
            "24": -9.78,
            "25": 34.91,
            "26": 9.24,
            "27": -10.7,
            "28": 6.26,
            "29": 35.7,
            "30": -14.66,
            "31": -47.02,
            "32": -35.89,
            "33": 26.82,
            "34": 5.71,
            "35": -22.17,
            "36": 26.54,
            "37": 36.94
        },
        "18": {
            "0": 43.59,
            "1": -33.03,
            "2": -23.35,
            "3": 35.02,
            "4": 2.92,
            "5": -44.63,
            "6": 5.47,
            "7": -6.71,
            "8": -46.83,
            "9": 33.98,
            "10": -13.91,
            "11": -13.84,
            "12": -0.09,
            "13": 37.97,
            "14": -13.1,
            "15": -43.29,
            "16": -27.7,
            "17": 28.47,
            "19": -22.41,
            "20": 23.03,
            "21": -12.09,
            "22": -47.77,
            "23": 15.13,
            "24": 40.23,
            "25": -21.69,
            "26": 35.83,
            "27": 34.73,
            "28": 12.06,
            "29": 37.0,
            "30": -37.69,
            "31": 26.45,
            "32": -46.94,
            "33": 32.57,
            "34": -38.91,
            "35": 9.97,
            "36": -29.08,
            "37": 25.93
        },
        "19": {
            "0": -42.82,
            "1": 17.68,
            "2": 9.12,
            "3": -12.96,
            "4": 12.98,
            "5": 31.5,
            "6": -18.13,
            "7": 48.77,
            "8": -42.97,
            "9": 44.07,
            "10": 7.58,
            "11": -17.37,
            "12": -34.9,
            "13": 2.11,
            "14": -37.7,
            "15": 10.45,
            "16": 45.95,
            "17": 2.01,
            "18": -22.41,
            "20": 21.66,
            "21": -39.0,
            "22": 19.52,
            "23": -4.06,
            "24": 36.96,
            "25": 27.23,
            "26": -5.0,
            "27": 32.15,
            "28": 40.22,
            "29": -47.86,
            "30": -0.99,
            "31": 9.06,
            "32": 36.71,
            "33": -5.04,
            "34": -18.3,
            "35": 15.32,
            "36": -31.66,
            "37": -26.59
        },
        "20": {
            "0": -10.81,
            "1": 32.49,
            "2": 0.03,
            "3": 0.51,
            "4": -10.55,
            "5": -45.99,
            "6": 18.61,
            "7": -4.55,
            "8": 33.75,
            "9": 18.61,
            "10": -25.41,
            "11": -37.63,
            "12": -37.93,
            "13": -22.89,
            "14": 11.14,
            "15": -12.21,
            "16": -15.67,
            "17": -36.87,
            "18": 23.03,
            "19": 21.66,
            "21": -33.02,
            "22": -13.4,
            "23": -30.54,
            "24": 18.14,
            "25": -39.44,
            "26": -18.44,
            "27": 44.9,
            "28": -44.12,
            "29": 20.08,
            "30": -28.2,
            "31": -18.39,
            "32": 43.87,
            "33": -4.75,
            "34": -7.78,
            "35": 15.39,
            "36": -31.91,
            "37": -23.94
        },
        "21": {
            "0": 40.85,
            "1": 5.04,
            "2": 46.28,
            "3": -1.02,
            "4": 43.46,
            "5": -44.41,
            "6": -9.73,
            "7": -24.78,
            "8": 12.75,
            "9": 38.36,
            "10": 17.0,
            "11": -19.22,
            "12": -40.21,
            "13": 39.34,
            "14": -0.23,
            "15": 21.17,
            "16": 27.29,
            "17": -29.34,
            "18": -12.09,
            "19": -39.0,
            "20": -33.02,
            "22": 34.29,
            "23": -29.19,
            "24": -37.35,
            "25": 35.06,
            "26": 17.56,
            "27": 29.78,
            "28": 35.87,
            "29": 32.77,
            "30": 6.94,
            "31": 43.3,
            "32": 29.84,
            "33": 14.44,
            "34": -13.89,
            "35": -18.59,
            "36": -27.52,
            "37": 12.82
        },
        "22": {
            "0": -13.13,
            "1": 28.99,
            "2": 41.04,
            "3": -8.82,
            "4": 9.46,
            "5": 4.91,
            "6": -23.9,
            "7": -17.5,
            "8": 13.32,
            "9": 39.62,
            "10": 36.26,
            "11": 20.96,
            "12": 30.39,
            "13": 15.24,
            "14": -44.09,
            "15": 28.39,
            "16": 35.5,
            "17": 2.79,
            "18": -47.77,
            "19": 19.52,
            "20": -13.4,
            "21": 34.29,
            "23": 47.13,
            "24": 49.2,
            "25": 43.21,
            "26": -20.43,
            "27": 15.42,
            "28": 35.96,
            "29": 3.15,
            "30": 17.73,
            "31": 1.41,
            "32": -27.77,
            "33": 2.62,
            "34": -0.2,
            "35": 48.02,
            "36": 6.7,
            "37": 20.39
        },
        "23": {
            "0": -24.68,
            "1": 26.53,
            "2": 9.29,
            "3": -26.07,
            "4": 35.91,
            "5": -24.02,
            "6": 22.95,
            "7": -36.13,
            "8": -30.47,
            "9": -42.75,
            "10": -31.52,
            "11": -17.74,
            "12": -44.43,
            "13": -46.69,
            "14": -46.92,
            "15": -27.41,
            "16": 7.99,
            "17": -7.52,
            "18": 15.13,
            "19": -4.06,
            "20": -30.54,
            "21": -29.19,
            "22": 47.13,
            "24": 20.71,
            "25": -32.79,
            "26": 9.96,
            "27": -29.94,
            "28": -33.52,
            "29": -0.64,
            "30": 26.58,
            "31": 19.76,
            "32": -33.94,
            "33": -35.16,
            "34": -14.31,
            "35": 24.37,
            "36": -26.88,
            "37": 22.66
        },
        "24": {
            "0": -24.34,
            "1": 24.4,
            "2": -46.62,
            "3": -38.37,
            "4": -49.77,
            "5": -35.62,
            "6": 11.11,
            "7": 2.54,
            "8": -47.68,
            "9": 11.99,
            "10": 34.9,
            "11": -4.67,
            "12": -45.81,
            "13": 28.41,
            "14": -29.19,
            "15": 46.29,
            "16": -40.46,
            "17": -9.78,
            "18": 40.23,
            "19": 36.96,
            "20": 18.14,
            "21": -37.35,
            "22": 49.2,
            "23": 20.71,
            "25": 45.79,
            "26": 1.38,
            "27": 49.4,
            "28": -20.7,
            "29": 21.7,
            "30": 45.9,
            "31": 11.23,
            "32": 31.26,
            "33": 24.64,
            "34": -29.22,
            "35": -37.2,
            "36": 7.19,
            "37": 47.31
        },
        "25": {
            "0": 0.79,
            "1": -1.42,
            "2": -38.5,
            "3": 46.15,
            "4": 17.4,
            "5": 8.77,
            "6": -18.95,
            "7": 44.08,
            "8": -42.7,
            "9": -12.54,
            "10": -22.11,
            "11": 35.93,
            "12": -47.29,
            "13": 33.44,
            "14": -7.91,
            "15": -18.67,
            "16": 27.21,
            "17": 34.91,
            "18": -21.69,
            "19": 27.23,
            "20": -39.44,
            "21": 35.06,
            "22": 43.21,
            "23": -32.79,
            "24": 45.79,
            "26": 35.72,
            "27": 36.81,
            "28": 39.13,
            "29": -3.89,
            "30": -44.22,
            "31": -28.11,
            "32": 20.51,
            "33": -2.03,
            "34": 19.06,
            "35": 23.36,
            "36": -1.25,
            "37": 24.57
        },
        "26": {
            "0": -24.14,
            "1": -47.08,
            "2": -1.75,
            "3": -49.1,
            "4": -38.74,
            "5": 36.61,
            "6": -24.3,
            "7": -6.35,
            "8": -3.41,
            "9": -19.61,
            "10": 8.21,
            "11": -19.05,
            "12": -48.79,
            "13": 25.7,
            "14": 47.78,
            "15": -49.37,
            "16": -44.44,
            "17": 9.24,
            "18": 35.83,
            "19": -5.0,
            "20": -18.44,
            "21": 17.56,
            "22": -20.43,
            "23": 9.96,
            "24": 1.38,
            "25": 35.72,
            "27": -23.28,
            "28": 37.36,
            "29": -48.67,
            "30": -18.37,
            "31": -21.87,
            "32": -47.19,
            "33": -37.4,
            "34": -36.67,
            "35": 41.69,
            "36": 36.88,
            "37": 36.82
        },
        "27": {
            "0": -36.96,
            "1": -24.01,
            "2": 41.99,
            "3": 11.46,
            "4": 31.2,
            "5": -36.59,
            "6": -23.7,
            "7": -45.68,
            "8": 19.14,
            "9": -15.58,
            "10": -32.32,
            "11": -24.74,
            "12": 35.45,
            "13": -7.67,
            "14": 2.91,
            "15": -8.57,
            "16": -19.2,
            "17": -10.7,
            "18": 34.73,
            "19": 32.15,
            "20": 44.9,
            "21": 29.78,
            "22": 15.42,
            "23": -29.94,
            "24": 49.4,
            "25": 36.81,
            "26": -23.28,
            "28": -46.1,
            "29": -1.53,
            "30": 43.1,
            "31": 20.73,
            "32": 16.51,
            "33": 45.64,
            "34": 30.55,
            "35": 39.24,
            "36": 30.79,
            "37": -35.7
        },
        "28": {
            "0": -38.8,
            "1": 8.86,
            "2": 22.54,
            "3": -47.46,
            "4": 34.34,
            "5": -45.4,
            "6": 47.9,
            "7": -17.52,
            "8": 7.44,
            "9": -23.9,
            "10": 28.21,
            "11": -43.99,
            "12": 32.23,
            "13": 11.8,
            "14": -12.23,
            "15": -30.13,
            "16": 28.38,
            "17": 6.26,
            "18": 12.06,
            "19": 40.22,
            "20": -44.12,
            "21": 35.87,
            "22": 35.96,
            "23": -33.52,
            "24": -20.7,
            "25": 39.13,
            "26": 37.36,
            "27": -46.1,
            "29": 2.21,
            "30": -41.09,
            "31": -38.64,
            "32": -31.35,
            "33": -5.06,
            "34": -21.95,
            "35": 23.21,
            "36": 5.95,
            "37": -28.53
        },
        "29": {
            "0": 24.11,
            "1": -28.35,
            "2": -2.62,
            "3": -37.45,
            "4": 31.91,
            "5": -27.81,
            "6": 24.36,
            "7": -46.6,
            "8": -40.52,
            "9": 35.81,
            "10": 0.28,
            "11": 36.89,
            "12": -0.47,
            "13": -35.33,
            "14": 23.82,
            "15": -2.68,
            "16": -30.89,
            "17": 35.7,
            "18": 37.0,
            "19": -47.86,
            "20": 20.08,
            "21": 32.77,
            "22": 3.15,
            "23": -0.64,
            "24": 21.7,
            "25": -3.89,
            "26": -48.67,
            "27": -1.53,
            "28": 2.21,
            "30": -31.41,
            "31": 42.61,
            "32": -31.5,
            "33": -38.67,
            "34": 46.34,
            "35": 6.5,
            "36": 4.42,
            "37": 39.46
        },
        "30": {
            "0": 45.55,
            "1": -14.38,
            "2": -11.51,
            "3": 5.61,
            "4": 0.24,
            "5": -24.54,
            "6": 6.36,
            "7": -28.07,
            "8": 38.41,
            "9": 32.26,
            "10": 13.42,
            "11": 19.65,
            "12": 46.72,
            "13": -19.23,
            "14": 40.93,
            "15": -37.18,
            "16": 45.32,
            "17": -14.66,
            "18": -37.69,
            "19": -0.99,
            "20": -28.2,
            "21": 6.94,
            "22": 17.73,
            "23": 26.58,
            "24": 45.9,
            "25": -44.22,
            "26": -18.37,
            "27": 43.1,
            "28": -41.09,
            "29": -31.41,
            "31": -0.64,
            "32": -43.11,
            "33": 42.03,
            "34": -15.89,
            "35": 15.4,
            "36": 49.68,
            "37": -36.91
        },
        "31": {
            "0": 26.84,
            "1": 33.86,
            "2": 1.5,
            "3": 27.76,
            "4": -19.43,
            "5": -11.46,
            "6": 28.23,
            "7": 42.66,
            "8": 32.13,
            "9": 40.21,
            "10": 2.97,
            "11": -15.26,
            "12": 19.73,
            "13": 46.33,
            "14": -38.2,
            "15": -34.01,
            "16": -42.39,
            "17": -47.02,
            "18": 26.45,
            "19": 9.06,
            "20": -18.39,
            "21": 43.3,
            "22": 1.41,
            "23": 19.76,
            "24": 11.23,
            "25": -28.11,
            "26": -21.87,
            "27": 20.73,
            "28": -38.64,
            "29": 42.61,
            "30": -0.64,
            "32": 28.18,
            "33": 36.11,
            "34": -20.31,
            "35": 25.83,
            "36": -14.59,
            "37": 26.96
        },
        "32": {
            "0": -28.38,
            "1": -31.17,
            "2": 38.05,
            "3": -16.14,
            "4": 13.22,
            "5": 22.15,
            "6": 22.56,
            "7": 41.92,
            "8": 19.26,
            "9": 17.68,
            "10": 19.98,
            "11": 21.26,
            "12": -49.02,
            "13": -11.96,
            "14": -38.76,
            "15": 20.24,
            "16": 15.17,
            "17": -35.89,
            "18": -46.94,
            "19": 36.71,
            "20": 43.87,
            "21": 29.84,
            "22": -27.77,
            "23": -33.94,
            "24": 31.26,
            "25": 20.51,
            "26": -47.19,
            "27": 16.51,
            "28": -31.35,
            "29": -31.5,
            "30": -43.11,
            "31": 28.18,
            "33": 47.7,
            "34": -27.48,
            "35": 23.96,
            "36": -7.11,
            "37": 16.12
        },
        "33": {
            "0": -23.98,
            "1": 0.12,
            "2": 18.15,
            "3": 0.27,
            "4": -15.18,
            "5": 45.77,
            "6": -49.76,
            "7": -39.79,
            "8": 28.0,
            "9": -24.57,
            "10": 44.04,
            "11": 10.94,
            "12": 25.56,
            "13": -7.37,
            "14": 43.61,
            "15": -3.82,
            "16": -37.57,
            "17": 26.82,
            "18": 32.57,
            "19": -5.04,
            "20": -4.75,
            "21": 14.44,
            "22": 2.62,
            "23": -35.16,
            "24": 24.64,
            "25": -2.03,
            "26": -37.4,
            "27": 45.64,
            "28": -5.06,
            "29": -38.67,
            "30": 42.03,
            "31": 36.11,
            "32": 47.7,
            "34": 43.16,
            "35": -42.52,
            "36": -30.3,
            "37": 15.76
        },
        "34": {
            "0": -18.8,
            "1": 4.54,
            "2": 17.19,
            "3": 21.83,
            "4": -2.82,
            "5": 31.58,
            "6": 28.73,
            "7": -3.06,
            "8": 12.35,
            "9": -12.84,
            "10": 29.74,
            "11": -1.55,
            "12": -27.4,
            "13": 3.3,
            "14": -12.74,
            "15": -7.34,
            "16": -40.61,
            "17": 5.71,
            "18": -38.91,
            "19": -18.3,
            "20": -7.78,
            "21": -13.89,
            "22": -0.2,
            "23": -14.31,
            "24": -29.22,
            "25": 19.06,
            "26": -36.67,
            "27": 30.55,
            "28": -21.95,
            "29": 46.34,
            "30": -15.89,
            "31": -20.31,
            "32": -27.48,
            "33": 43.16,
            "35": -24.78,
            "36": -46.01,
            "37": -2.12
        },
        "35": {
            "0": -34.6,
            "1": 17.81,
            "2": 36.59,
            "3": 42.15,
            "4": 31.28,
            "5": -16.71,
            "6": 30.26,
            "7": -49.11,
            "8": 45.52,
            "9": 15.5,
            "10": 3.74,
            "11": 40.88,
            "12": 36.55,
            "13": -15.05,
            "14": 4.89,
            "15": -38.97,
            "16": 8.56,
            "17": -22.17,
            "18": 9.97,
            "19": 15.32,
            "20": 15.39,
            "21": -18.59,
            "22": 48.02,
            "23": 24.37,
            "24": -37.2,
            "25": 23.36,
            "26": 41.69,
            "27": 39.24,
            "28": 23.21,
            "29": 6.5,
            "30": 15.4,
            "31": 25.83,
            "32": 23.96,
            "33": -42.52,
            "34": -24.78,
            "36": -39.48,
            "37": 24.88
        },
        "36": {
            "0": -16.95,
            "1": 49.38,
            "2": -46.26,
            "3": -9.63,
            "4": 5.15,
            "5": -42.26,
            "6": 42.75,
            "7": 43.18,
            "8": 49.08,
            "9": -44.2,
            "10": 36.86,
            "11": 30.14,
            "12": -36.79,
            "13": 11.94,
            "14": 18.45,
            "15": -35.51,
            "16": 25.23,
            "17": 26.54,
            "18": -29.08,
            "19": -31.66,
            "20": -31.91,
            "21": -27.52,
            "22": 6.7,
            "23": -26.88,
            "24": 7.19,
            "25": -1.25,
            "26": 36.88,
            "27": 30.79,
            "28": 5.95,
            "29": 4.42,
            "30": 49.68,
            "31": -14.59,
            "32": -7.11,
            "33": -30.3,
            "34": -46.01,
            "35": -39.48,
            "37": -3.08
        },
        "37": {
            "0": -26.54,
            "1": 6.36,
            "2": -31.86,
            "3": -46.47,
            "4": -43.86,
            "5": 37.1,
            "6": 9.29,
            "7": 37.79,
            "8": 14.02,
            "9": 40.68,
            "10": -34.67,
            "11": 35.3,
            "12": -40.22,
            "13": 36.68,
            "14": -8.63,
            "15": -46.04,
            "16": -13.93,
            "17": 36.94,
            "18": 25.93,
            "19": -26.59,
            "20": -23.94,
            "21": 12.82,
            "22": 20.39,
            "23": 22.66,
            "24": 47.31,
            "25": 24.57,
            "26": 36.82,
            "27": -35.7,
            "28": -28.53,
            "29": 39.46,
            "30": -36.91,
            "31": 26.96,
            "32": 16.12,
            "33": 15.76,
            "34": -2.12,
            "35": 24.88,
            "36": -3.08
        }
    }
}