{
    "knapsack_size": 3210,
    "Gamma": 12,
    "n_items": 31,
    "costs": {
        "0": {
            "l": 47.63,
            "a": 90.12,
            "u": 126.56
        },
        "1": {
            "l": 73.36,
            "a": 89.65,
            "u": 104.21
        },
        "2": {
            "l": 68.86,
            "a": 116.69,
            "u": 148.95
        },
        "3": {
            "l": 52.91,
            "a": 99.9,
            "u": 137.68
        },
        "4": {
            "l": 69.96,
            "a": 105.33,
            "u": 141.68
        },
        "5": {
            "l": 70.88,
            "a": 102.23,
            "u": 112.43
        },
        "6": {
            "l": 56.68,
            "a": 62.8,
            "u": 65.7
        },
        "7": {
            "l": 48.85,
            "a": 58.34,
            "u": 68.22
        },
        "8": {
            "l": 58.61,
            "a": 114.77,
            "u": 128.23
        },
        "9": {
            "l": 69.54,
            "a": 115.68,
            "u": 123.49
        },
        "10": {
            "l": 46.97,
            "a": 112.81,
            "u": 145.82
        },
        "11": {
            "l": 70.74,
            "a": 117.32,
            "u": 125.88
        },
        "12": {
            "l": 63.36,
            "a": 69.64,
            "u": 139.44
        },
        "13": {
            "l": 66.61,
            "a": 79.54,
            "u": 132.96
        },
        "14": {
            "l": 72.55,
            "a": 76.0,
            "u": 120.56
        },
        "15": {
            "l": 69.69,
            "a": 77.31,
            "u": 106.1
        },
        "16": {
            "l": 50.72,
            "a": 112.16,
            "u": 147.8
        },
        "17": {
            "l": 67.33,
            "a": 118.62,
            "u": 139.18
        },
        "18": {
            "l": 50.03,
            "a": 82.94,
            "u": 107.04
        },
        "19": {
            "l": 47.0,
            "a": 95.75,
            "u": 125.58
        },
        "20": {
            "l": 69.01,
            "a": 85.79,
            "u": 119.65
        },
        "21": {
            "l": 58.27,
            "a": 108.88,
            "u": 111.27
        },
        "22": {
            "l": 70.74,
            "a": 101.87,
            "u": 115.85
        },
        "23": {
            "l": 74.98,
            "a": 93.34,
            "u": 133.89
        },
        "24": {
            "l": 73.16,
            "a": 102.14,
            "u": 121.15
        },
        "25": {
            "l": 74.57,
            "a": 98.64,
            "u": 140.22
        },
        "26": {
            "l": 60.34,
            "a": 65.81,
            "u": 118.4
        },
        "27": {
            "l": 50.73,
            "a": 89.01,
            "u": 102.25
        },
        "28": {
            "l": 70.61,
            "a": 93.45,
            "u": 99.32
        },
        "29": {
            "l": 50.03,
            "a": 62.66,
            "u": 114.86
        },
        "30": {
            "l": 65.91,
            "a": 81.08,
            "u": 87.55
        }
    },
    "profits": {
        "0": 98.48,
        "1": 123.19,
        "2": 121.07,
        "3": 108.14,
        "4": 139.48,
        "5": 183.12,
        "6": 87.08,
        "7": 184.26,
        "8": 138.03,
        "9": 122.48,
        "10": 154.96,
        "11": 155.48,
        "12": 158.02,
        "13": 131.65,
        "14": 183.88,
        "15": 97.47,
        "16": 159.78,
        "17": 121.72,
        "18": 84.94,
        "19": 167.8,
        "20": 88.57,
        "21": 162.23,
        "22": 181.25,
        "23": 181.29,
        "24": 133.45,
        "25": 150.21,
        "26": 111.68,
        "27": 126.28,
        "28": 129.69,
        "29": 113.25,
        "30": 146.1
    },
    "synergies": {
        "0": {
            "1": 0.0,
            "2": 0.0,
            "3": 0.0,
            "4": 0.0,
            "5": 0.0,
            "6": 0.0,
            "7": 0.0,
            "8": 0.0,
            "9": 0.0,
            "10": 0.0,
            "11": 0.0,
            "12": 0.0,
            "13": 0.0,
            "14": 0.0,
            "15": 0.0,
            "16": 0.0,
            "17": 0.0,
            "18": 0.0,
            "19": 0.0,
            "20": 0.0,
            "21": 0.0,
            "22": 0.0,
            "23": 0.0,
            "24": 0.0,
            "25": 0.0,
            "26": 0.0,
            "27": 0.0,
            "28": 0.0,
            "29": 0.0,
            "30": 0.0
        },
        "1": {
            "0": 0.0,
            "2": 0.0,
            "3": 0.0,
            "4": 0.0,
            "5": 0.0,
            "6": 0.0,
            "7": 0.0,
            "8": 0.0,
            "9": 0.0,
            "10": 0.0,
            "11": 0.0,
            "12": 0.0,
            "13": 0.0,
            "14": 0.0,
            "15": 0.0,
            "16": 0.0,
            "17": 0.0,
            "18": 0.0,
            "19": 0.0,
            "20": 0.0,
            "21": 0.0,
            "22": 0.0,
            "23": 0.0,
            "24": 0.0,
            "25": 0.0,
            "26": 0.0,
            "27": 0.0,
            "28": 0.0,
            "29": 0.0,
            "30": 0.0
        },
        "2": {
            "0": 0.0,
            "1": 0.0,
            "3": 0.0,
            "4": 0.0,
            "5": 0.0,
            "6": 0.0,
            "7": 0.0,
            "8": 0.0,
            "9": 0.0,
            "10": 0.0,
            "11": 0.0,
            "12": 0.0,
            "13": 0.0,
            "14": 0.0,
            "15": 0.0,
            "16": 0.0,
            "17": 0.0,
            "18": 0.0,
            "19": 0.0,
            "20": 0.0,
            "21": 0.0,
            "22": 0.0,
            "23": 0.0,
            "24": 0.0,
            "25": 0.0,
            "26": 0.0,
            "27": 0.0,
            "28": 0.0,
            "29": 0.0,
            "30": 0.0
        },
        "3": {
            "0": 0.0,
            "1": 0.0,
            "2": 0.0,
            "4": 0.0,
            "5": 0.0,
            "6": 0.0,
            "7": 0.0,
            "8": 0.0,
            "9": 0.0,
            "10": 0.0,
            "11": 0.0,
            "12": 0.0,
            "13": 0.0,
            "14": 0.0,
            "15": 0.0,
            "16": 0.0,
            "17": 0.0,
            "18": 0.0,
            "19": 0.0,
            "20": 0.0,
            "21": 0.0,
            "22": 0.0,
            "23": 0.0,
            "24": 0.0,
            "25": 0.0,
            "26": 0.0,
            "27": 0.0,
            "28": 0.0,
            "29": 0.0,
            "30": 0.0
        },
        "4": {
            "0": 0.0,
            "1": 0.0,
            "2": 0.0,
            "3": 0.0,
            "5": 0.0,
            "6": 0.0,
            "7": 0.0,
            "8": 0.0,
            "9": 0.0,
            "10": 0.0,
            "11": 0.0,
            "12": 0.0,
            "13": 0.0,
            "14": 0.0,
            "15": 0.0,
            "16": 0.0,
            "17": 0.0,
            "18": 0.0,
            "19": 0.0,
            "20": 0.0,
            "21": 0.0,
            "22": 0.0,
            "23": 0.0,
            "24": 0.0,
            "25": 0.0,
            "26": 0.0,
            "27": 0.0,
            "28": 0.0,
            "29": 0.0,
            "30": 0.0
        },
        "5": {
            "0": 0.0,
            "1": 0.0,
            "2": 0.0,
            "3": 0.0,
            "4": 0.0,
            "6": 0.0,
            "7": 0.0,
            "8": 0.0,
            "9": 0.0,
            "10": 0.0,
            "11": 0.0,
            "12": 0.0,
            "13": 0.0,
            "14": 0.0,
            "15": 0.0,
            "16": 0.0,
            "17": 0.0,
            "18": 0.0,
            "19": 0.0,
            "20": 0.0,
            "21": 0.0,
            "22": 0.0,
            "23": 0.0,
            "24": 0.0,
            "25": 0.0,
            "26": 0.0,
            "27": 0.0,
            "28": 0.0,
            "29": 0.0,
            "30": 0.0
        },
        "6": {
            "0": 0.0,
            "1": 0.0,
            "2": 0.0,
            "3": 0.0,
            "4": 0.0,
            "5": 0.0,
            "7": 0.0,
            "8": 0.0,
            "9": 0.0,
            "10": 0.0,
            "11": 0.0,
            "12": 0.0,
            "13": 0.0,
            "14": 0.0,
            "15": 0.0,
            "16": 0.0,
            "17": 0.0,
            "18": 0.0,
            "19": 0.0,
            "20": 0.0,
            "21": 0.0,
            "22": 0.0,
            "23": 0.0,
            "24": 0.0,
            "25": 0.0,
            "26": 0.0,
            "27": 0.0,
            "28": 0.0,
            "29": 0.0,
            "30": 0.0
        },
        "7": {
            "0": 0.0,
            "1": 0.0,
            "2": 0.0,
            "3": 0.0,
            "4": 0.0,
            "5": 0.0,
            "6": 0.0,
            "8": 0.0,
            "9": 0.0,
            "10": 0.0,
            "11": 0.0,
            "12": 0.0,
            "13": 0.0,
            "14": 0.0,
            "15": 0.0,
            "16": 0.0,
            "17": 0.0,
            "18": 0.0,
            "19": 0.0,
            "20": 0.0,
            "21": 0.0,
            "22": 0.0,
            "23": 0.0,
            "24": 0.0,
            "25": 0.0,
            "26": 0.0,
            "27": 0.0,
            "28": 0.0,
            "29": 0.0,
            "30": 0.0
        },
        "8": {
            "0": 0.0,
            "1": 0.0,
            "2": 0.0,
            "3": 0.0,
            "4": 0.0,
            "5": 0.0,
            "6": 0.0,
            "7": 0.0,
            "9": 0.0,
            "10": 0.0,
            "11": 0.0,
            "12": 0.0,
            "13": 0.0,
            "14": 0.0,
            "15": 0.0,
            "16": 0.0,
            "17": 0.0,
            "18": 0.0,
            "19": 0.0,
            "20": 0.0,
            "21": 0.0,
            "22": 0.0,
            "23": 0.0,
            "24": 0.0,
            "25": 0.0,
            "26": 0.0,
            "27": 0.0,
            "28": 0.0,
            "29": 0.0,
            "30": 0.0
        },
        "9": {
            "0": 0.0,
            "1": 0.0,
            "2": 0.0,
            "3": 0.0,
            "4": 0.0,
            "5": 0.0,
            "6": 0.0,
            "7": 0.0,
            "8": 0.0,
            "10": 0.0,
            "11": 0.0,
            "12": 0.0,
            "13": 0.0,
            "14": 0.0,
            "15": 0.0,
            "16": 0.0,
            "17": 0.0,
            "18": 0.0,
            "19": 0.0,
            "20": 0.0,
            "21": 0.0,
            "22": 0.0,
            "23": 0.0,
            "24": 0.0,
            "25": 0.0,
            "26": 0.0,
            "27": 0.0,
            "28": 0.0,
            "29": 0.0,
            "30": 0.0
        },
        "10": {
            "0": 0.0,
            "1": 0.0,
            "2": 0.0,
            "3": 0.0,
            "4": 0.0,
            "5": 0.0,
            "6": 0.0,
            "7": 0.0,
            "8": 0.0,
            "9": 0.0,
            "11": 0.0,
            "12": 0.0,
            "13": 0.0,
            "14": 0.0,
            "15": 0.0,
            "16": 0.0,
            "17": 0.0,
            "18": 0.0,
            "19": 0.0,
            "20": 0.0,
            "21": 0.0,
            "22": 0.0,
            "23": 0.0,
            "24": 0.0,
            "25": 0.0,
            "26": 0.0,
            "27": 0.0,
            "28": 0.0,
            "29": 0.0,
            "30": 0.0
        },
        "11": {
            "0": 0.0,
            "1": 0.0,
            "2": 0.0,
            "3": 0.0,
            "4": 0.0,
            "5": 0.0,
            "6": 0.0,
            "7": 0.0,
            "8": 0.0,
            "9": 0.0,
            "10": 0.0,
            "12": 0.0,
            "13": 0.0,
            "14": 0.0,
            "15": 0.0,
            "16": 0.0,
            "17": 0.0,
            "18": 0.0,
            "19": 0.0,
            "20": 0.0,
            "21": 0.0,
            "22": 0.0,
            "23": 0.0,
            "24": 0.0,
            "25": 0.0,
            "26": 0.0,
            "27": 0.0,
            "28": 0.0,
            "29": 0.0,
            "30": 0.0
        },
        "12": {
            "0": 0.0,
            "1": 0.0,
            "2": 0.0,
            "3": 0.0,
            "4": 0.0,
            "5": 0.0,
            "6": 0.0,
            "7": 0.0,
            "8": 0.0,
            "9": 0.0,
            "10": 0.0,
            "11": 0.0,
            "13": 0.0,
            "14": 0.0,
            "15": 0.0,
            "16": 0.0,
            "17": 0.0,
            "18": 0.0,
            "19": 0.0,
            "20": 0.0,
            "21": 0.0,
            "22": 0.0,
            "23": 0.0,
            "24": 0.0,
            "25": 0.0,
            "26": 0.0,
            "27": 0.0,
            "28": 0.0,
            "29": 0.0,
            "30": 0.0
        },
        "13": {
            "0": 0.0,
            "1": 0.0,
            "2": 0.0,
            "3": 0.0,
            "4": 0.0,
            "5": 0.0,
            "6": 0.0,
            "7": 0.0,
            "8": 0.0,
            "9": 0.0,
            "10": 0.0,
            "11": 0.0,
            "12": 0.0,
            "14": 0.0,
            "15": 0.0,
            "16": 0.0,
            "17": 0.0,
            "18": 0.0,
            "19": 0.0,
            "20": 0.0,
            "21": 0.0,
            "22": 0.0,
            "23": 0.0,
            "24": 0.0,
            "25": 0.0,
            "26": 0.0,
            "27": 0.0,
            "28": 0.0,
            "29": 0.0,
            "30": 0.0
        },
        "14": {
            "0": 0.0,
            "1": 0.0,
            "2": 0.0,
            "3": 0.0,
            "4": 0.0,
            "5": 0.0,
            "6": 0.0,
            "7": 0.0,
            "8": 0.0,
            "9": 0.0,
            "10": 0.0,
            "11": 0.0,
            "12": 0.0,
            "13": 0.0,
            "15": 0.0,
            "16": 0.0,
            "17": 0.0,
            "18": 0.0,
            "19": 0.0,
            "20": 0.0,
            "21": 0.0,
            "22": 0.0,
            "23": 0.0,
            "24": 0.0,
            "25": 0.0,
            "26": 0.0,
            "27": 0.0,
            "28": 0.0,
            "29": 0.0,
            "30": 0.0
        },
        "15": {
            "0": 0.0,
            "1": 0.0,
            "2": 0.0,
            "3": 0.0,
            "4": 0.0,
            "5": 0.0,
            "6": 0.0,
            "7": 0.0,
            "8": 0.0,
            "9": 0.0,
            "10": 0.0,
            "11": 0.0,
            "12": 0.0,
            "13": 0.0,
            "14": 0.0,
            "16": 0.0,
            "17": 0.0,
            "18": 0.0,
            "19": 0.0,
            "20": 0.0,
            "21": 0.0,
            "22": 0.0,
            "23": 0.0,
            "24": 0.0,
            "25": 0.0,
            "26": 0.0,
            "27": 0.0,
            "28": 0.0,
            "29": 0.0,
            "30": 0.0
        },
        "16": {
            "0": 0.0,
            "1": 0.0,
            "2": 0.0,
            "3": 0.0,
            "4": 0.0,
            "5": 0.0,
            "6": 0.0,
            "7": 0.0,
            "8": 0.0,
            "9": 0.0,
            "10": 0.0,
            "11": 0.0,
            "12": 0.0,
            "13": 0.0,
            "14": 0.0,
            "15": 0.0,
            "17": 0.0,
            "18": 0.0,
            "19": 0.0,
            "20": 0.0,
            "21": 0.0,
            "22": 0.0,
            "23": 0.0,
            "24": 0.0,
            "25": 0.0,
            "26": 0.0,
            "27": 0.0,
            "28": 0.0,
            "29": 0.0,
            "30": 0.0
        },
        "17": {
            "0": 0.0,
            "1": 0.0,
            "2": 0.0,
            "3": 0.0,
            "4": 0.0,
            "5": 0.0,
            "6": 0.0,
            "7": 0.0,
            "8": 0.0,
            "9": 0.0,
            "10": 0.0,
            "11": 0.0,
            "12": 0.0,
            "13": 0.0,
            "14": 0.0,
            "15": 0.0,
            "16": 0.0,
            "18": 0.0,
            "19": 0.0,
            "20": 0.0,
            "21": 0.0,
            "22": 0.0,
            "23": 0.0,
            "24": 0.0,
            "25": 0.0,
            "26": 0.0,
            "27": 0.0,
            "28": 0.0,
            "29": 0.0,
            "30": 0.0
        },
        "18": {
            "0": 0.0,
            "1": 0.0,
            "2": 0.0,
            "3": 0.0,
            "4": 0.0,
            "5": 0.0,
            "6": 0.0,
            "7": 0.0,
            "8": 0.0,
            "9": 0.0,
            "10": 0.0,
            "11": 0.0,
            "12": 0.0,
            "13": 0.0,
            "14": 0.0,
            "15": 0.0,
            "16": 0.0,
            "17": 0.0,
            "19": 0.0,
            "20": 0.0,
            "21": 0.0,
            "22": 0.0,
            "23": 0.0,
            "24": 0.0,
            "25": 0.0,
            "26": 0.0,
            "27": 0.0,
            "28": 0.0,
            "29": 0.0,
            "30": 0.0
        },
        "19": {
            "0": 0.0,
            "1": 0.0,
            "2": 0.0,
            "3": 0.0,
            "4": 0.0,
            "5": 0.0,
            "6": 0.0,
            "7": 0.0,
            "8": 0.0,
            "9": 0.0,
            "10": 0.0,
            "11": 0.0,
            "12": 0.0,
            "13": 0.0,
            "14": 0.0,
            "15": 0.0,
            "16": 0.0,
            "17": 0.0,
            "18": 0.0,
            "20": 0.0,
            "21": 0.0,
            "22": 0.0,
            "23": 0.0,
            "24": 0.0,
            "25": 0.0,
            "26": 0.0,
            "27": 0.0,
            "28": 0.0,
            "29": 0.0,
            "30": 0.0
        },
        "20": {
            "0": 0.0,
            "1": 0.0,
            "2": 0.0,
            "3": 0.0,
            "4": 0.0,
            "5": 0.0,
            "6": 0.0,
            "7": 0.0,
            "8": 0.0,
            "9": 0.0,
            "10": 0.0,
            "11": 0.0,
            "12": 0.0,
            "13": 0.0,
            "14": 0.0,
            "15": 0.0,
            "16": 0.0,
            "17": 0.0,
            "18": 0.0,
            "19": 0.0,
            "21": 0.0,
            "22": 0.0,
            "23": 0.0,
            "24": 0.0,
            "25": 0.0,
            "26": 0.0,
            "27": 0.0,
            "28": 0.0,
            "29": 0.0,
            "30": 0.0
        },
        "21": {
            "0": 0.0,
            "1": 0.0,
            "2": 0.0,
            "3": 0.0,
            "4": 0.0,
            "5": 0.0,
            "6": 0.0,
            "7": 0.0,
            "8": 0.0,
            "9": 0.0,
            "10": 0.0,
            "11": 0.0,
            "12": 0.0,
            "13": 0.0,
            "14": 0.0,
            "15": 0.0,
            "16": 0.0,
            "17": 0.0,
            "18": 0.0,
            "19": 0.0,
            "20": 0.0,
            "22": 0.0,
            "23": 0.0,
            "24": 0.0,
            "25": 0.0,
            "26": 0.0,
            "27": 0.0,
            "28": 0.0,
            "29": 0.0,
            "30": 0.0
        },
        "22": {
            "0": 0.0,
            "1": 0.0,
            "2": 0.0,
            "3": 0.0,
            "4": 0.0,
            "5": 0.0,
            "6": 0.0,
            "7": 0.0,
            "8": 0.0,
            "9": 0.0,
            "10": 0.0,
            "11": 0.0,
            "12": 0.0,
            "13": 0.0,
            "14": 0.0,
            "15": 0.0,
            "16": 0.0,
            "17": 0.0,
            "18": 0.0,
            "19": 0.0,
            "20": 0.0,
            "21": 0.0,
            "23": 0.0,
            "24": 0.0,
            "25": 0.0,
            "26": 0.0,
            "27": 0.0,
            "28": 0.0,
            "29": 0.0,
            "30": 0.0
        },
        "23": {
            "0": 0.0,
            "1": 0.0,
            "2": 0.0,
            "3": 0.0,
            "4": 0.0,
            "5": 0.0,
            "6": 0.0,
            "7": 0.0,
            "8": 0.0,
            "9": 0.0,
            "10": 0.0,
            "11": 0.0,
            "12": 0.0,
            "13": 0.0,
            "14": 0.0,
            "15": 0.0,
            "16": 0.0,
            "17": 0.0,
            "18": 0.0,
            "19": 0.0,
            "20": 0.0,
            "21": 0.0,
            "22": 0.0,
            "24": 0.0,
            "25": 0.0,
            "26": 0.0,
            "27": 0.0,
            "28": 0.0,
            "29": 0.0,
            "30": 0.0
        },
        "24": {
            "0": 0.0,
            "1": 0.0,
            "2": 0.0,
            "3": 0.0,
            "4": 0.0,
            "5": 0.0,
            "6": 0.0,
            "7": 0.0,
            "8": 0.0,
            "9": 0.0,
            "10": 0.0,
            "11": 0.0,
            "12": 0.0,
            "13": 0.0,
            "14": 0.0,
            "15": 0.0,
            "16": 0.0,
            "17": 0.0,
            "18": 0.0,
            "19": 0.0,
            "20": 0.0,
            "21": 0.0,
            "22": 0.0,
            "23": 0.0,
            "25": 0.0,
            "26": 0.0,
            "27": 0.0,
            "28": 0.0,
            "29": 0.0,
            "30": 0.0
        },
        "25": {
            "0": 0.0,
            "1": 0.0,
            "2": 0.0,
            "3": 0.0,
            "4": 0.0,
            "5": 0.0,
            "6": 0.0,
            "7": 0.0,
            "8": 0.0,
            "9": 0.0,
            "10": 0.0,
            "11": 0.0,
            "12": 0.0,
            "13": 0.0,
            "14": 0.0,
            "15": 0.0,
            "16": 0.0,
            "17": 0.0,
            "18": 0.0,
            "19": 0.0,
            "20": 0.0,
            "21": 0.0,
            "22": 0.0,
            "23": 0.0,
            "24": 0.0,
            "26": 0.0,
            "27": 0.0,
            "28": 0.0,
            "29": 0.0,
            "30": 0.0
        },
        "26": {
            "0": 0.0,
            "1": 0.0,
            "2": 0.0,
            "3": 0.0,
            "4": 0.0,
            "5": 0.0,
            "6": 0.0,
            "7": 0.0,
            "8": 0.0,
            "9": 0.0,
            "10": 0.0,
            "11": 0.0,
            "12": 0.0,
            "13": 0.0,
            "14": 0.0,
            "15": 0.0,
            "16": 0.0,
            "17": 0.0,
            "18": 0.0,
            "19": 0.0,
            "20": 0.0,
            "21": 0.0,
            "22": 0.0,
            "23": 0.0,
            "24": 0.0,
            "25": 0.0,
            "27": 0.0,
            "28": 0.0,
            "29": 0.0,
            "30": 0.0
        },
        "27": {
            "0": 0.0,
            "1": 0.0,
            "2": 0.0,
            "3": 0.0,
            "4": 0.0,
            "5": 0.0,
            "6": 0.0,
            "7": 0.0,
            "8": 0.0,
            "9": 0.0,
            "10": 0.0,
            "11": 0.0,
            "12": 0.0,
            "13": 0.0,
            "14": 0.0,
            "15": 0.0,
            "16": 0.0,
            "17": 0.0,
            "18": 0.0,
            "19": 0.0,
            "20": 0.0,
            "21": 0.0,
            "22": 0.0,
            "23": 0.0,
            "24": 0.0,
            "25": 0.0,
            "26": 0.0,
            "28": 0.0,
            "29": 0.0,
            "30": 0.0
        },
        "28": {
            "0": 0.0,
            "1": 0.0,
            "2": 0.0,
            "3": 0.0,
            "4": 0.0,
            "5": 0.0,
            "6": 0.0,
            "7": 0.0,
            "8": 0.0,
            "9": 0.0,
            "10": 0.0,
            "11": 0.0,
            "12": 0.0,
            "13": 0.0,
            "14": 0.0,
            "15": 0.0,
            "16": 0.0,
            "17": 0.0,
            "18": 0.0,
            "19": 0.0,
            "20": 0.0,
            "21": 0.0,
            "22": 0.0,
            "23": 0.0,
            "24": 0.0,
            "25": 0.0,
            "26": 0.0,
            "27": 0.0,
            "29": 0.0,
            "30": 0.0
        },
        "29": {
            "0": 0.0,
            "1": 0.0,
            "2": 0.0,
            "3": 0.0,
            "4": 0.0,
            "5": 0.0,
            "6": 0.0,
            "7": 0.0,
            "8": 0.0,
            "9": 0.0,
            "10": 0.0,
            "11": 0.0,
            "12": 0.0,
            "13": 0.0,
            "14": 0.0,
            "15": 0.0,
            "16": 0.0,
            "17": 0.0,
            "18": 0.0,
            "19": 0.0,
            "20": 0.0,
            "21": 0.0,
            "22": 0.0,
            "23": 0.0,
            "24": 0.0,
            "25": 0.0,
            "26": 0.0,
            "27": 0.0,
            "28": 0.0,
            "30": 0.0
        },
        "30": {
            "0": 0.0,
            "1": 0.0,
            "2": 0.0,
            "3": 0.0,
            "4": 0.0,
            "5": 0.0,
            "6": 0.0,
            "7": 0.0,
            "8": 0.0,
            "9": 0.0,
            "10": 0.0,
            "11": 0.0,
            "12": 0.0,
            "13": 0.0,
            "14": 0.0,
            "15": 0.0,
            "16": 0.0,
            "17": 0.0,
            "18": 0.0,
            "19": 0.0,
            "20": 0.0,
            "21": 0.0,
            "22": 0.0,
            "23": 0.0,
            "24": 0.0,
            "25": 0.0,
            "26": 0.0,
            "27": 0.0,
            "28": 0.0,
            "29": 0.0
        }
    }
}