{
    "knapsack_size": 1444,
    "Gamma": 15,
    "n_items": 28,
    "costs": {
        "0": {
            "u": 96,
            "a": 59,
            "l": 21
        },
        "1": {
            "u": 96,
            "a": 86,
            "l": 36
        },
        "2": {
            "u": 96,
            "a": 60,
            "l": 20
        },
        "3": {
            "u": 96,
            "a": 49,
            "l": 17
        },
        "4": {
            "u": 96,
            "a": 67,
            "l": 33
        },
        "5": {
            "u": 96,
            "a": 87,
            "l": 33
        },
        "6": {
            "u": 96,
            "a": 69,
            "l": 24
        },
        "7": {
            "u": 96,
            "a": 71,
            "l": 25
        },
        "8": {
            "u": 96,
            "a": 84,
            "l": 29
        },
        "9": {
            "u": 96,
            "a": 57,
            "l": 26
        },
        "10": {
            "u": 96,
            "a": 67,
            "l": 33
        },
        "11": {
            "u": 96,
            "a": 80,
            "l": 29
        },
        "12": {
            "u": 96,
            "a": 57,
            "l": 25
        },
        "13": {
            "u": 96,
            "a": 62,
            "l": 28
        },
        "14": {
            "u": 96,
            "a": 79,
            "l": 36
        },
        "15": {
            "u": 96,
            "a": 86,
            "l": 38
        },
        "16": {
            "u": 96,
            "a": 54,
            "l": 21
        },
        "17": {
            "u": 96,
            "a": 72,
            "l": 27
        },
        "18": {
            "u": 96,
            "a": 81,
            "l": 31
        },
        "19": {
            "u": 96,
            "a": 94,
            "l": 36
        },
        "20": {
            "u": 96,
            "a": 62,
            "l": 27
        },
        "21": {
            "u": 96,
            "a": 88,
            "l": 33
        },
        "22": {
            "u": 96,
            "a": 58,
            "l": 24
        },
        "23": {
            "u": 96,
            "a": 67,
            "l": 32
        },
        "24": {
            "u": 96,
            "a": 49,
            "l": 21
        },
        "25": {
            "u": 96,
            "a": 93,
            "l": 39
        },
        "26": {
            "u": 96,
            "a": 86,
            "l": 34
        },
        "27": {
            "u": 96,
            "a": 91,
            "l": 39
        }
    },
    "profits": {
        "0": 281,
        "1": 364,
        "2": 137,
        "3": 386,
        "4": 221,
        "5": 336,
        "6": 97,
        "7": 202,
        "8": 142,
        "9": 213,
        "10": 209,
        "11": 303,
        "12": 138,
        "13": 128,
        "14": 185,
        "15": 339,
        "16": 148,
        "17": 102,
        "18": 299,
        "19": 176,
        "20": 136,
        "21": 105,
        "22": 214,
        "23": 305,
        "24": 199,
        "25": 130,
        "26": 311,
        "27": 217
    },
    "synergies": {
        "0": {
            "1": -35,
            "2": -8,
            "3": -10,
            "4": -43,
            "5": -18,
            "6": 28,
            "7": 19,
            "8": 0,
            "9": -34,
            "10": 6,
            "11": 29,
            "12": -49,
            "13": 42,
            "14": 36,
            "15": 27,
            "16": -26,
            "17": -29,
            "18": 32,
            "19": 0,
            "20": -30,
            "21": -49,
            "22": -10,
            "23": -2,
            "24": -48,
            "25": 0,
            "26": 28,
            "27": -26
        },
        "1": {
            "0": -35,
            "2": 47,
            "3": -32,
            "4": -47,
            "5": 2,
            "6": 22,
            "7": -27,
            "8": -11,
            "9": 27,
            "10": -14,
            "11": 35,
            "12": -44,
            "13": -2,
            "14": 29,
            "15": -1,
            "16": 17,
            "17": 16,
            "18": 37,
            "19": -21,
            "20": 47,
            "21": 33,
            "22": 35,
            "23": 32,
            "24": -46,
            "25": 41,
            "26": -3,
            "27": -30
        },
        "2": {
            "0": -8,
            "1": 47,
            "3": -38,
            "4": -34,
            "5": 21,
            "6": 13,
            "7": -43,
            "8": 6,
            "9": -17,
            "10": 27,
            "11": -46,
            "12": 23,
            "13": -38,
            "14": 39,
            "15": 26,
            "16": 17,
            "17": -28,
            "18": -11,
            "19": -43,
            "20": 25,
            "21": -41,
            "22": -19,
            "23": -16,
            "24": 34,
            "25": -3,
            "26": -24,
            "27": -46
        },
        "3": {
            "0": -10,
            "1": -32,
            "2": -38,
            "4": -42,
            "5": -4,
            "6": 46,
            "7": -42,
            "8": 5,
            "9": -35,
            "10": 3,
            "11": -39,
            "12": 5,
            "13": 18,
            "14": -21,
            "15": -38,
            "16": -38,
            "17": -19,
            "18": -40,
            "19": 39,
            "20": -42,
            "21": 38,
            "22": 37,
            "23": 6,
            "24": 34,
            "25": 24,
            "26": 41,
            "27": 24
        },
        "4": {
            "0": -43,
            "1": -47,
            "2": -34,
            "3": -42,
            "5": 27,
            "6": 0,
            "7": 31,
            "8": -30,
            "9": 14,
            "10": -43,
            "11": 22,
            "12": -45,
            "13": 24,
            "14": -9,
            "15": 15,
            "16": -1,
            "17": 28,
            "18": -36,
            "19": -8,
            "20": 1,
            "21": -45,
            "22": -43,
            "23": -46,
            "24": 33,
            "25": -42,
            "26": -41,
            "27": -12
        },
        "5": {
            "0": -18,
            "1": 2,
            "2": 21,
            "3": -4,
            "4": 27,
            "6": 38,
            "7": 23,
            "8": -10,
            "9": -40,
            "10": -42,
            "11": 5,
            "12": 28,
            "13": 39,
            "14": 1,
            "15": -33,
            "16": -19,
            "17": -48,
            "18": 5,
            "19": 12,
            "20": 2,
            "21": 42,
            "22": 14,
            "23": -37,
            "24": 33,
            "25": -12,
            "26": 18,
            "27": 8
        },
        "6": {
            "0": 28,
            "1": 22,
            "2": 13,
            "3": 46,
            "4": 0,
            "5": 38,
            "7": -5,
            "8": 31,
            "9": 1,
            "10": 37,
            "11": -37,
            "12": 27,
            "13": -33,
            "14": 25,
            "15": 5,
            "16": 7,
            "17": -18,
            "18": -45,
            "19": 47,
            "20": 21,
            "21": -20,
            "22": -37,
            "23": -18,
            "24": -18,
            "25": 29,
            "26": 43,
            "27": 47
        },
        "7": {
            "0": 19,
            "1": -27,
            "2": -43,
            "3": -42,
            "4": 31,
            "5": 23,
            "6": -5,
            "8": 19,
            "9": 24,
            "10": 48,
            "11": -13,
            "12": -39,
            "13": 24,
            "14": 49,
            "15": -23,
            "16": -10,
            "17": 31,
            "18": 43,
            "19": 26,
            "20": 13,
            "21": 12,
            "22": 12,
            "23": 22,
            "24": 47,
            "25": -5,
            "26": -24,
            "27": 27
        },
        "8": {
            "0": 0,
            "1": -11,
            "2": 6,
            "3": 5,
            "4": -30,
            "5": -10,
            "6": 31,
            "7": 19,
            "9": 35,
            "10": 2,
            "11": -37,
            "12": -41,
            "13": 28,
            "14": -34,
            "15": -39,
            "16": -30,
            "17": 29,
            "18": 14,
            "19": -29,
            "20": -20,
            "21": -19,
            "22": 19,
            "23": 28,
            "24": 47,
            "25": 46,
            "26": 24,
            "27": 21
        },
        "9": {
            "0": -34,
            "1": 27,
            "2": -17,
            "3": -35,
            "4": 14,
            "5": -40,
            "6": 1,
            "7": 24,
            "8": 35,
            "10": 36,
            "11": -4,
            "12": -9,
            "13": 1,
            "14": 31,
            "15": -31,
            "16": -4,
            "17": 32,
            "18": -33,
            "19": -34,
            "20": 9,
            "21": 35,
            "22": -13,
            "23": 21,
            "24": 1,
            "25": -4,
            "26": -20,
            "27": -3
        },
        "10": {
            "0": 6,
            "1": -14,
            "2": 27,
            "3": 3,
            "4": -43,
            "5": -42,
            "6": 37,
            "7": 48,
            "8": 2,
            "9": 36,
            "11": -9,
            "12": -5,
            "13": -38,
            "14": -10,
            "15": 31,
            "16": -24,
            "17": 35,
            "18": 8,
            "19": -21,
            "20": 11,
            "21": 45,
            "22": -48,
            "23": -17,
            "24": 12,
            "25": -4,
            "26": 36,
            "27": -11
        },
        "11": {
            "0": 29,
            "1": 35,
            "2": -46,
            "3": -39,
            "4": 22,
            "5": 5,
            "6": -37,
            "7": -13,
            "8": -37,
            "9": -4,
            "10": -9,
            "12": -36,
            "13": -45,
            "14": 12,
            "15": 16,
            "16": -38,
            "17": 20,
            "18": 20,
            "19": 0,
            "20": 17,
            "21": 3,
            "22": -34,
            "23": 45,
            "24": -15,
            "25": 28,
            "26": 20,
            "27": -30
        },
        "12": {
            "0": -49,
            "1": -44,
            "2": 23,
            "3": 5,
            "4": -45,
            "5": 28,
            "6": 27,
            "7": -39,
            "8": -41,
            "9": -9,
            "10": -5,
            "11": -36,
            "13": 4,
            "14": -12,
            "15": -21,
            "16": -8,
            "17": 35,
            "18": 32,
            "19": -11,
            "20": -19,
            "21": 23,
            "22": 17,
            "23": 45,
            "24": -30,
            "25": 10,
            "26": -22,
            "27": 5
        },
        "13": {
            "0": 42,
            "1": -2,
            "2": -38,
            "3": 18,
            "4": 24,
            "5": 39,
            "6": -33,
            "7": 24,
            "8": 28,
            "9": 1,
            "10": -38,
            "11": -45,
            "12": 4,
            "14": 28,
            "15": -14,
            "16": 43,
            "17": 19,
            "18": -2,
            "19": -17,
            "20": 3,
            "21": 6,
            "22": 26,
            "23": -23,
            "24": -14,
            "25": -44,
            "26": -18,
            "27": -41
        },
        "14": {
            "0": 36,
            "1": 29,
            "2": 39,
            "3": -21,
            "4": -9,
            "5": 1,
            "6": 25,
            "7": 49,
            "8": -34,
            "9": 31,
            "10": -10,
            "11": 12,
            "12": -12,
            "13": 28,
            "15": 12,
            "16": -2,
            "17": 13,
            "18": -21,
            "19": 7,
            "20": -29,
            "21": 10,
            "22": 15,
            "23": -22,
            "24": 40,
            "25": 35,
            "26": -5,
            "27": 6
        },
        "15": {
            "0": 27,
            "1": -1,
            "2": 26,
            "3": -38,
            "4": 15,
            "5": -33,
            "6": 5,
            "7": -23,
            "8": -39,
            "9": -31,
            "10": 31,
            "11": 16,
            "12": -21,
            "13": -14,
            "14": 12,
            "16": -24,
            "17": -21,
            "18": 35,
            "19": -47,
            "20": 46,
            "21": 25,
            "22": -13,
            "23": -6,
            "24": 22,
            "25": 41,
            "26": -36,
            "27": 20
        },
        "16": {
            "0": -26,
            "1": 17,
            "2": 17,
            "3": -38,
            "4": -1,
            "5": -19,
            "6": 7,
            "7": -10,
            "8": -30,
            "9": -4,
            "10": -24,
            "11": -38,
            "12": -8,
            "13": 43,
            "14": -2,
            "15": -24,
            "17": 1,
            "18": -30,
            "19": -25,
            "20": 21,
            "21": -36,
            "22": 24,
            "23": 36,
            "24": 14,
            "25": -47,
            "26": -5,
            "27": 27
        },
        "17": {
            "0": -29,
            "1": 16,
            "2": -28,
            "3": -19,
            "4": 28,
            "5": -48,
            "6": -18,
            "7": 31,
            "8": 29,
            "9": 32,
            "10": 35,
            "11": 20,
            "12": 35,
            "13": 19,
            "14": 13,
            "15": -21,
            "16": 1,
            "18": -10,
            "19": -1,
            "20": -30,
            "21": -35,
            "22": 3,
            "23": -4,
            "24": -12,
            "25": -13,
            "26": -24,
            "27": -24
        },
        "18": {
            "0": 32,
            "1": 37,
            "2": -11,
            "3": -40,
            "4": -36,
            "5": 5,
            "6": -45,
            "7": 43,
            "8": 14,
            "9": -33,
            "10": 8,
            "11": 20,
            "12": 32,
            "13": -2,
            "14": -21,
            "15": 35,
            "16": -30,
            "17": -10,
            "19": -27,
            "20": -41,
            "21": 49,
            "22": -44,
            "23": 31,
            "24": -11,
            "25": -35,
            "26": 18,
            "27": -30
        },
        "19": {
            "0": 0,
            "1": -21,
            "2": -43,
            "3": 39,
            "4": -8,
            "5": 12,
            "6": 47,
            "7": 26,
            "8": -29,
            "9": -34,
            "10": -21,
            "11": 0,
            "12": -11,
            "13": -17,
            "14": 7,
            "15": -47,
            "16": -25,
            "17": -1,
            "18": -27,
            "20": 41,
            "21": 10,
            "22": -44,
            "23": -7,
            "24": 10,
            "25": 45,
            "26": 19,
            "27": -6
        },
        "20": {
            "0": -30,
            "1": 47,
            "2": 25,
            "3": -42,
            "4": 1,
            "5": 2,
            "6": 21,
            "7": 13,
            "8": -20,
            "9": 9,
            "10": 11,
            "11": 17,
            "12": -19,
            "13": 3,
            "14": -29,
            "15": 46,
            "16": 21,
            "17": -30,
            "18": -41,
            "19": 41,
            "21": 5,
            "22": 36,
            "23": -10,
            "24": -9,
            "25": 2,
            "26": 49,
            "27": 3
        },
        "21": {
            "0": -49,
            "1": 33,
            "2": -41,
            "3": 38,
            "4": -45,
            "5": 42,
            "6": -20,
            "7": 12,
            "8": -19,
            "9": 35,
            "10": 45,
            "11": 3,
            "12": 23,
            "13": 6,
            "14": 10,
            "15": 25,
            "16": -36,
            "17": -35,
            "18": 49,
            "19": 10,
            "20": 5,
            "22": -35,
            "23": 45,
            "24": -14,
            "25": -44,
            "26": -29,
            "27": 34
        },
        "22": {
            "0": -10,
            "1": 35,
            "2": -19,
            "3": 37,
            "4": -43,
            "5": 14,
            "6": -37,
            "7": 12,
            "8": 19,
            "9": -13,
            "10": -48,
            "11": -34,
            "12": 17,
            "13": 26,
            "14": 15,
            "15": -13,
            "16": 24,
            "17": 3,
            "18": -44,
            "19": -44,
            "20": 36,
            "21": -35,
            "23": -48,
            "24": 47,
            "25": 9,
            "26": 10,
            "27": 43
        },
        "23": {
            "0": -2,
            "1": 32,
            "2": -16,
            "3": 6,
            "4": -46,
            "5": -37,
            "6": -18,
            "7": 22,
            "8": 28,
            "9": 21,
            "10": -17,
            "11": 45,
            "12": 45,
            "13": -23,
            "14": -22,
            "15": -6,
            "16": 36,
            "17": -4,
            "18": 31,
            "19": -7,
            "20": -10,
            "21": 45,
            "22": -48,
            "24": 28,
            "25": -15,
            "26": 33,
            "27": 13
        },
        "24": {
            "0": -48,
            "1": -46,
            "2": 34,
            "3": 34,
            "4": 33,
            "5": 33,
            "6": -18,
            "7": 47,
            "8": 47,
            "9": 1,
            "10": 12,
            "11": -15,
            "12": -30,
            "13": -14,
            "14": 40,
            "15": 22,
            "16": 14,
            "17": -12,
            "18": -11,
            "19": 10,
            "20": -9,
            "21": -14,
            "22": 47,
            "23": 28,
            "25": -8,
            "26": 5,
            "27": 0
        },
        "25": {
            "0": 0,
            "1": 41,
            "2": -3,
            "3": 24,
            "4": -42,
            "5": -12,
            "6": 29,
            "7": -5,
            "8": 46,
            "9": -4,
            "10": -4,
            "11": 28,
            "12": 10,
            "13": -44,
            "14": 35,
            "15": 41,
            "16": -47,
            "17": -13,
            "18": -35,
            "19": 45,
            "20": 2,
            "21": -44,
            "22": 9,
            "23": -15,
            "24": -8,
            "26": 31,
            "27": 2
        },
        "26": {
            "0": 28,
            "1": -3,
            "2": -24,
            "3": 41,
            "4": -41,
            "5": 18,
            "6": 43,
            "7": -24,
            "8": 24,
            "9": -20,
            "10": 36,
            "11": 20,
            "12": -22,
            "13": -18,
            "14": -5,
            "15": -36,
            "16": -5,
            "17": -24,
            "18": 18,
            "19": 19,
            "20": 49,
            "21": -29,
            "22": 10,
            "23": 33,
            "24": 5,
            "25": 31,
            "27": 49
        },
        "27": {
            "0": -26,
            "1": -30,
            "2": -46,
            "3": 24,
            "4": -12,
            "5": 8,
            "6": 47,
            "7": 27,
            "8": 21,
            "9": -3,
            "10": -11,
            "11": -30,
            "12": 5,
            "13": -41,
            "14": 6,
            "15": 20,
            "16": 27,
            "17": -24,
            "18": -30,
            "19": -6,
            "20": 3,
            "21": 34,
            "22": 43,
            "23": 13,
            "24": 0,
            "25": 2,
            "26": 49
        }
    }
}