{
    "knapsack_size": 56778,
    "Gamma": 21,
    "n_items": 30,
    "costs": {
        "0": {
            "u": 2703,
            "a": 2395,
            "l": 1196
        },
        "1": {
            "u": 2703,
            "a": 2018,
            "l": 769
        },
        "2": {
            "u": 2703,
            "a": 1721,
            "l": 815
        },
        "3": {
            "u": 2703,
            "a": 2246,
            "l": 1007
        },
        "4": {
            "u": 2703,
            "a": 1902,
            "l": 900
        },
        "5": {
            "u": 2703,
            "a": 2335,
            "l": 1121
        },
        "6": {
            "u": 2703,
            "a": 1536,
            "l": 532
        },
        "7": {
            "u": 2703,
            "a": 2665,
            "l": 1007
        },
        "8": {
            "u": 2703,
            "a": 1463,
            "l": 527
        },
        "9": {
            "u": 2703,
            "a": 1675,
            "l": 703
        },
        "10": {
            "u": 2703,
            "a": 2428,
            "l": 842
        },
        "11": {
            "u": 2703,
            "a": 2466,
            "l": 1210
        },
        "12": {
            "u": 2703,
            "a": 2508,
            "l": 947
        },
        "13": {
            "u": 2703,
            "a": 2229,
            "l": 938
        },
        "14": {
            "u": 2703,
            "a": 1526,
            "l": 600
        },
        "15": {
            "u": 2703,
            "a": 2060,
            "l": 711
        },
        "16": {
            "u": 2703,
            "a": 1908,
            "l": 786
        },
        "17": {
            "u": 2703,
            "a": 1426,
            "l": 529
        },
        "18": {
            "u": 2703,
            "a": 1549,
            "l": 634
        },
        "19": {
            "u": 2703,
            "a": 2001,
            "l": 694
        },
        "20": {
            "u": 2703,
            "a": 2055,
            "l": 741
        },
        "21": {
            "u": 2703,
            "a": 2242,
            "l": 1009
        },
        "22": {
            "u": 2703,
            "a": 1476,
            "l": 557
        },
        "23": {
            "u": 2703,
            "a": 1848,
            "l": 769
        },
        "24": {
            "u": 2703,
            "a": 1397,
            "l": 553
        },
        "25": {
            "u": 2703,
            "a": 2079,
            "l": 1005
        },
        "26": {
            "u": 2703,
            "a": 1999,
            "l": 966
        },
        "27": {
            "u": 2703,
            "a": 1487,
            "l": 513
        },
        "28": {
            "u": 2703,
            "a": 1729,
            "l": 744
        },
        "29": {
            "u": 2703,
            "a": 2122,
            "l": 906
        }
    },
    "profits": {
        "0": 2746,
        "1": 2753,
        "2": 2997,
        "3": 2841,
        "4": 2837,
        "5": 2936,
        "6": 2766,
        "7": 2872,
        "8": 2910,
        "9": 2781,
        "10": 2719,
        "11": 2934,
        "12": 2771,
        "13": 2767,
        "14": 2732,
        "15": 2750,
        "16": 3002,
        "17": 2877,
        "18": 2917,
        "19": 2795,
        "20": 2792,
        "21": 2797,
        "22": 2793,
        "23": 2708,
        "24": 2774,
        "25": 2826,
        "26": 2977,
        "27": 2858,
        "28": 2750,
        "29": 2710
    },
    "synergies": {
        "0": {
            "1": -40,
            "2": -43,
            "3": 46,
            "4": 35,
            "5": 27,
            "6": 49,
            "7": -9,
            "8": 41,
            "9": -8,
            "10": 24,
            "11": -23,
            "12": -6,
            "13": -39,
            "14": 3,
            "15": -36,
            "16": 13,
            "17": -1,
            "18": -48,
            "19": 40,
            "20": -43,
            "21": -29,
            "22": 11,
            "23": -47,
            "24": -2,
            "25": -7,
            "26": 16,
            "27": -16,
            "28": 30,
            "29": -2
        },
        "1": {
            "0": -40,
            "2": -24,
            "3": -39,
            "4": 21,
            "5": 1,
            "6": -47,
            "7": -23,
            "8": -38,
            "9": -9,
            "10": 9,
            "11": -46,
            "12": 14,
            "13": -41,
            "14": -35,
            "15": 13,
            "16": 33,
            "17": 26,
            "18": 24,
            "19": 48,
            "20": -39,
            "21": 28,
            "22": 11,
            "23": 47,
            "24": 5,
            "25": 43,
            "26": 42,
            "27": -28,
            "28": 44,
            "29": -2
        },
        "2": {
            "0": -43,
            "1": -24,
            "3": -13,
            "4": -37,
            "5": 21,
            "6": -35,
            "7": 7,
            "8": -29,
            "9": -9,
            "10": -44,
            "11": -16,
            "12": -5,
            "13": -26,
            "14": -11,
            "15": 11,
            "16": 47,
            "17": -2,
            "18": -30,
            "19": -42,
            "20": -9,
            "21": 41,
            "22": -32,
            "23": -18,
            "24": -20,
            "25": 26,
            "26": 16,
            "27": 7,
            "28": 30,
            "29": 44
        },
        "3": {
            "0": 46,
            "1": -39,
            "2": -13,
            "4": 1,
            "5": -19,
            "6": 14,
            "7": -46,
            "8": -29,
            "9": -32,
            "10": -15,
            "11": -29,
            "12": 42,
            "13": 2,
            "14": -23,
            "15": -42,
            "16": 32,
            "17": 31,
            "18": 32,
            "19": 35,
            "20": 5,
            "21": 12,
            "22": 27,
            "23": 18,
            "24": 40,
            "25": 46,
            "26": -43,
            "27": 48,
            "28": -23,
            "29": 4
        },
        "4": {
            "0": 35,
            "1": 21,
            "2": -37,
            "3": 1,
            "5": 44,
            "6": 16,
            "7": 37,
            "8": -10,
            "9": 49,
            "10": 34,
            "11": -21,
            "12": -36,
            "13": -15,
            "14": 0,
            "15": -34,
            "16": 8,
            "17": -38,
            "18": -20,
            "19": 16,
            "20": 10,
            "21": 27,
            "22": -2,
            "23": 49,
            "24": 25,
            "25": -47,
            "26": 13,
            "27": 16,
            "28": -22,
            "29": 30
        },
        "5": {
            "0": 27,
            "1": 1,
            "2": 21,
            "3": -19,
            "4": 44,
            "6": 38,
            "7": -4,
            "8": -21,
            "9": -43,
            "10": -17,
            "11": -47,
            "12": -41,
            "13": -9,
            "14": 21,
            "15": 10,
            "16": -4,
            "17": 37,
            "18": 8,
            "19": -41,
            "20": -44,
            "21": 44,
            "22": 36,
            "23": -15,
            "24": 18,
            "25": -12,
            "26": -10,
            "27": 12,
            "28": 2,
            "29": -10
        },
        "6": {
            "0": 49,
            "1": -47,
            "2": -35,
            "3": 14,
            "4": 16,
            "5": 38,
            "7": 34,
            "8": 37,
            "9": 23,
            "10": -10,
            "11": -34,
            "12": -48,
            "13": 4,
            "14": -13,
            "15": -5,
            "16": 28,
            "17": 4,
            "18": -21,
            "19": 39,
            "20": -46,
            "21": 14,
            "22": 24,
            "23": 2,
            "24": -48,
            "25": 8,
            "26": -23,
            "27": -23,
            "28": 36,
            "29": -11
        },
        "7": {
            "0": -9,
            "1": -23,
            "2": 7,
            "3": -46,
            "4": 37,
            "5": -4,
            "6": 34,
            "8": -45,
            "9": -29,
            "10": -15,
            "11": 37,
            "12": -16,
            "13": 20,
            "14": -3,
            "15": -17,
            "16": 1,
            "17": -40,
            "18": -29,
            "19": 30,
            "20": 47,
            "21": 24,
            "22": -25,
            "23": 18,
            "24": -45,
            "25": 29,
            "26": 25,
            "27": 16,
            "28": -12,
            "29": 34
        },
        "8": {
            "0": 41,
            "1": -38,
            "2": -29,
            "3": -29,
            "4": -10,
            "5": -21,
            "6": 37,
            "7": -45,
            "9": -27,
            "10": 19,
            "11": -45,
            "12": -41,
            "13": 47,
            "14": 33,
            "15": 28,
            "16": 27,
            "17": 32,
            "18": 48,
            "19": 6,
            "20": 6,
            "21": 27,
            "22": 15,
            "23": 3,
            "24": 4,
            "25": 43,
            "26": 29,
            "27": -9,
            "28": -12,
            "29": 16
        },
        "9": {
            "0": -8,
            "1": -9,
            "2": -9,
            "3": -32,
            "4": 49,
            "5": -43,
            "6": 23,
            "7": -29,
            "8": -27,
            "10": -26,
            "11": -36,
            "12": 22,
            "13": -11,
            "14": -38,
            "15": 29,
            "16": 2,
            "17": -47,
            "18": 0,
            "19": 46,
            "20": -34,
            "21": -29,
            "22": -32,
            "23": 10,
            "24": -49,
            "25": -43,
            "26": -25,
            "27": -6,
            "28": 18,
            "29": -38
        },
        "10": {
            "0": 24,
            "1": 9,
            "2": -44,
            "3": -15,
            "4": 34,
            "5": -17,
            "6": -10,
            "7": -15,
            "8": 19,
            "9": -26,
            "11": 47,
            "12": -30,
            "13": 31,
            "14": 1,
            "15": 41,
            "16": 11,
            "17": 11,
            "18": -9,
            "19": -24,
            "20": 4,
            "21": 42,
            "22": 14,
            "23": -10,
            "24": -46,
            "25": -12,
            "26": -47,
            "27": -11,
            "28": -34,
            "29": 16
        },
        "11": {
            "0": -23,
            "1": -46,
            "2": -16,
            "3": -29,
            "4": -21,
            "5": -47,
            "6": -34,
            "7": 37,
            "8": -45,
            "9": -36,
            "10": 47,
            "12": 37,
            "13": -14,
            "14": 19,
            "15": 34,
            "16": 40,
            "17": -5,
            "18": 32,
            "19": -29,
            "20": 44,
            "21": -47,
            "22": -32,
            "23": 12,
            "24": 28,
            "25": 14,
            "26": -13,
            "27": 38,
            "28": -16,
            "29": 37
        },
        "12": {
            "0": -6,
            "1": 14,
            "2": -5,
            "3": 42,
            "4": -36,
            "5": -41,
            "6": -48,
            "7": -16,
            "8": -41,
            "9": 22,
            "10": -30,
            "11": 37,
            "13": 3,
            "14": -35,
            "15": -39,
            "16": 19,
            "17": -49,
            "18": -25,
            "19": -5,
            "20": 7,
            "21": -35,
            "22": 8,
            "23": 23,
            "24": 26,
            "25": 32,
            "26": -27,
            "27": -30,
            "28": 49,
            "29": -5
        },
        "13": {
            "0": -39,
            "1": -41,
            "2": -26,
            "3": 2,
            "4": -15,
            "5": -9,
            "6": 4,
            "7": 20,
            "8": 47,
            "9": -11,
            "10": 31,
            "11": -14,
            "12": 3,
            "14": 35,
            "15": 13,
            "16": 44,
            "17": 2,
            "18": 20,
            "19": 13,
            "20": 49,
            "21": 45,
            "22": 26,
            "23": 21,
            "24": 16,
            "25": -36,
            "26": 19,
            "27": 11,
            "28": -28,
            "29": 18
        },
        "14": {
            "0": 3,
            "1": -35,
            "2": -11,
            "3": -23,
            "4": 0,
            "5": 21,
            "6": -13,
            "7": -3,
            "8": 33,
            "9": -38,
            "10": 1,
            "11": 19,
            "12": -35,
            "13": 35,
            "15": -30,
            "16": -37,
            "17": -44,
            "18": 33,
            "19": -36,
            "20": 2,
            "21": 32,
            "22": -20,
            "23": 12,
            "24": -2,
            "25": 16,
            "26": 42,
            "27": 44,
            "28": 39,
            "29": 14
        },
        "15": {
            "0": -36,
            "1": 13,
            "2": 11,
            "3": -42,
            "4": -34,
            "5": 10,
            "6": -5,
            "7": -17,
            "8": 28,
            "9": 29,
            "10": 41,
            "11": 34,
            "12": -39,
            "13": 13,
            "14": -30,
            "16": 39,
            "17": 38,
            "18": -3,
            "19": -17,
            "20": 23,
            "21": -8,
            "22": 42,
            "23": -48,
            "24": -5,
            "25": -7,
            "26": 26,
            "27": 18,
            "28": 48,
            "29": -48
        },
        "16": {
            "0": 13,
            "1": 33,
            "2": 47,
            "3": 32,
            "4": 8,
            "5": -4,
            "6": 28,
            "7": 1,
            "8": 27,
            "9": 2,
            "10": 11,
            "11": 40,
            "12": 19,
            "13": 44,
            "14": -37,
            "15": 39,
            "17": -19,
            "18": -41,
            "19": -15,
            "20": 44,
            "21": 15,
            "22": -33,
            "23": -21,
            "24": 30,
            "25": 42,
            "26": 7,
            "27": -21,
            "28": -17,
            "29": 16
        },
        "17": {
            "0": -1,
            "1": 26,
            "2": -2,
            "3": 31,
            "4": -38,
            "5": 37,
            "6": 4,
            "7": -40,
            "8": 32,
            "9": -47,
            "10": 11,
            "11": -5,
            "12": -49,
            "13": 2,
            "14": -44,
            "15": 38,
            "16": -19,
            "18": -40,
            "19": 4,
            "20": 36,
            "21": -36,
            "22": -27,
            "23": -18,
            "24": 32,
            "25": -2,
            "26": 25,
            "27": 0,
            "28": 25,
            "29": -47
        },
        "18": {
            "0": -48,
            "1": 24,
            "2": -30,
            "3": 32,
            "4": -20,
            "5": 8,
            "6": -21,
            "7": -29,
            "8": 48,
            "9": 0,
            "10": -9,
            "11": 32,
            "12": -25,
            "13": 20,
            "14": 33,
            "15": -3,
            "16": -41,
            "17": -40,
            "19": -12,
            "20": 3,
            "21": 36,
            "22": 0,
            "23": -46,
            "24": 49,
            "25": -21,
            "26": 33,
            "27": -21,
            "28": -5,
            "29": -10
        },
        "19": {
            "0": 40,
            "1": 48,
            "2": -42,
            "3": 35,
            "4": 16,
            "5": -41,
            "6": 39,
            "7": 30,
            "8": 6,
            "9": 46,
            "10": -24,
            "11": -29,
            "12": -5,
            "13": 13,
            "14": -36,
            "15": -17,
            "16": -15,
            "17": 4,
            "18": -12,
            "20": 0,
            "21": -11,
            "22": 13,
            "23": -17,
            "24": 7,
            "25": 8,
            "26": -7,
            "27": -38,
            "28": -43,
            "29": 24
        },
        "20": {
            "0": -43,
            "1": -39,
            "2": -9,
            "3": 5,
            "4": 10,
            "5": -44,
            "6": -46,
            "7": 47,
            "8": 6,
            "9": -34,
            "10": 4,
            "11": 44,
            "12": 7,
            "13": 49,
            "14": 2,
            "15": 23,
            "16": 44,
            "17": 36,
            "18": 3,
            "19": 0,
            "21": 43,
            "22": -20,
            "23": -43,
            "24": 9,
            "25": 14,
            "26": 17,
            "27": -43,
            "28": 34,
            "29": -38
        },
        "21": {
            "0": -29,
            "1": 28,
            "2": 41,
            "3": 12,
            "4": 27,
            "5": 44,
            "6": 14,
            "7": 24,
            "8": 27,
            "9": -29,
            "10": 42,
            "11": -47,
            "12": -35,
            "13": 45,
            "14": 32,
            "15": -8,
            "16": 15,
            "17": -36,
            "18": 36,
            "19": -11,
            "20": 43,
            "22": 12,
            "23": -38,
            "24": 33,
            "25": -19,
            "26": -4,
            "27": 46,
            "28": 46,
            "29": 1
        },
        "22": {
            "0": 11,
            "1": 11,
            "2": -32,
            "3": 27,
            "4": -2,
            "5": 36,
            "6": 24,
            "7": -25,
            "8": 15,
            "9": -32,
            "10": 14,
            "11": -32,
            "12": 8,
            "13": 26,
            "14": -20,
            "15": 42,
            "16": -33,
            "17": -27,
            "18": 0,
            "19": 13,
            "20": -20,
            "21": 12,
            "23": 39,
            "24": -39,
            "25": -21,
            "26": -36,
            "27": -15,
            "28": -33,
            "29": 23
        },
        "23": {
            "0": -47,
            "1": 47,
            "2": -18,
            "3": 18,
            "4": 49,
            "5": -15,
            "6": 2,
            "7": 18,
            "8": 3,
            "9": 10,
            "10": -10,
            "11": 12,
            "12": 23,
            "13": 21,
            "14": 12,
            "15": -48,
            "16": -21,
            "17": -18,
            "18": -46,
            "19": -17,
            "20": -43,
            "21": -38,
            "22": 39,
            "24": 9,
            "25": -37,
            "26": -35,
            "27": 37,
            "28": 1,
            "29": 16
        },
        "24": {
            "0": -2,
            "1": 5,
            "2": -20,
            "3": 40,
            "4": 25,
            "5": 18,
            "6": -48,
            "7": -45,
            "8": 4,
            "9": -49,
            "10": -46,
            "11": 28,
            "12": 26,
            "13": 16,
            "14": -2,
            "15": -5,
            "16": 30,
            "17": 32,
            "18": 49,
            "19": 7,
            "20": 9,
            "21": 33,
            "22": -39,
            "23": 9,
            "25": -5,
            "26": -43,
            "27": 1,
            "28": 26,
            "29": 18
        },
        "25": {
            "0": -7,
            "1": 43,
            "2": 26,
            "3": 46,
            "4": -47,
            "5": -12,
            "6": 8,
            "7": 29,
            "8": 43,
            "9": -43,
            "10": -12,
            "11": 14,
            "12": 32,
            "13": -36,
            "14": 16,
            "15": -7,
            "16": 42,
            "17": -2,
            "18": -21,
            "19": 8,
            "20": 14,
            "21": -19,
            "22": -21,
            "23": -37,
            "24": -5,
            "26": -15,
            "27": 22,
            "28": -8,
            "29": 45
        },
        "26": {
            "0": 16,
            "1": 42,
            "2": 16,
            "3": -43,
            "4": 13,
            "5": -10,
            "6": -23,
            "7": 25,
            "8": 29,
            "9": -25,
            "10": -47,
            "11": -13,
            "12": -27,
            "13": 19,
            "14": 42,
            "15": 26,
            "16": 7,
            "17": 25,
            "18": 33,
            "19": -7,
            "20": 17,
            "21": -4,
            "22": -36,
            "23": -35,
            "24": -43,
            "25": -15,
            "27": 19,
            "28": 44,
            "29": -1
        },
        "27": {
            "0": -16,
            "1": -28,
            "2": 7,
            "3": 48,
            "4": 16,
            "5": 12,
            "6": -23,
            "7": 16,
            "8": -9,
            "9": -6,
            "10": -11,
            "11": 38,
            "12": -30,
            "13": 11,
            "14": 44,
            "15": 18,
            "16": -21,
            "17": 0,
            "18": -21,
            "19": -38,
            "20": -43,
            "21": 46,
            "22": -15,
            "23": 37,
            "24": 1,
            "25": 22,
            "26": 19,
            "28": 46,
            "29": 27
        },
        "28": {
            "0": 30,
            "1": 44,
            "2": 30,
            "3": -23,
            "4": -22,
            "5": 2,
            "6": 36,
            "7": -12,
            "8": -12,
            "9": 18,
            "10": -34,
            "11": -16,
            "12": 49,
            "13": -28,
            "14": 39,
            "15": 48,
            "16": -17,
            "17": 25,
            "18": -5,
            "19": -43,
            "20": 34,
            "21": 46,
            "22": -33,
            "23": 1,
            "24": 26,
            "25": -8,
            "26": 44,
            "27": 46,
            "29": -42
        },
        "29": {
            "0": -2,
            "1": -2,
            "2": 44,
            "3": 4,
            "4": 30,
            "5": -10,
            "6": -11,
            "7": 34,
            "8": 16,
            "9": -38,
            "10": 16,
            "11": 37,
            "12": -5,
            "13": 18,
            "14": 14,
            "15": -48,
            "16": 16,
            "17": -47,
            "18": -10,
            "19": 24,
            "20": -38,
            "21": 1,
            "22": 23,
            "23": 16,
            "24": 18,
            "25": 45,
            "26": -1,
            "27": 27,
            "28": -42
        }
    }
}