{
    "knapsack_size": 9560,
    "Gamma": 21,
    "n_items": 23,
    "costs": {
        "0": {
            "l": 176.37,
            "a": 237.36,
            "u": 346.9
        },
        "1": {
            "l": 252.23,
            "a": 358.55,
            "u": 399.94
        },
        "2": {
            "l": 205.44,
            "a": 236.34,
            "u": 340.31
        },
        "3": {
            "l": 203.16,
            "a": 247.99,
            "u": 263.46
        },
        "4": {
            "l": 279.22,
            "a": 303.76,
            "u": 311.09
        },
        "5": {
            "l": 184.74,
            "a": 219.63,
            "u": 257.04
        },
        "6": {
            "l": 245.74,
            "a": 272.8,
            "u": 288.89
        },
        "7": {
            "l": 123.14,
            "a": 186.95,
            "u": 310.31
        },
        "8": {
            "l": 109.99,
            "a": 217.54,
            "u": 368.59
        },
        "9": {
            "l": 262.0,
            "a": 304.32,
            "u": 322.44
        },
        "10": {
            "l": 304.49,
            "a": 315.03,
            "u": 375.68
        },
        "11": {
            "l": 253.29,
            "a": 279.67,
            "u": 301.1
        },
        "12": {
            "l": 165.32,
            "a": 303.16,
            "u": 365.49
        },
        "13": {
            "l": 279.78,
            "a": 325.51,
            "u": 380.95
        },
        "14": {
            "l": 198.62,
            "a": 237.02,
            "u": 264.62
        },
        "15": {
            "l": 183.72,
            "a": 342.69,
            "u": 365.42
        },
        "16": {
            "l": 271.22,
            "a": 323.66,
            "u": 347.68
        },
        "17": {
            "l": 265.14,
            "a": 278.1,
            "u": 289.5
        },
        "18": {
            "l": 225.74,
            "a": 264.85,
            "u": 346.1
        },
        "19": {
            "l": 246.14,
            "a": 357.15,
            "u": 381.33
        },
        "20": {
            "l": 148.27,
            "a": 224.2,
            "u": 285.49
        },
        "21": {
            "l": 151.08,
            "a": 261.61,
            "u": 368.1
        },
        "22": {
            "l": 274.16,
            "a": 353.16,
            "u": 371.98
        }
    },
    "profits": {
        "0": 373.66,
        "1": 362.01,
        "2": 322.68,
        "3": 348.25,
        "4": 334.08,
        "5": 275.73,
        "6": 429.21,
        "7": 219.26,
        "8": 390.5,
        "9": 442.47,
        "10": 382.73,
        "11": 281.42,
        "12": 449.36,
        "13": 375.66,
        "14": 290.58,
        "15": 388.62,
        "16": 433.87,
        "17": 409.83,
        "18": 385.3,
        "19": 405.66,
        "20": 239.29,
        "21": 264.0,
        "22": 449.66
    },
    "synergies": {
        "0": {
            "1": 12.44,
            "2": 44.13,
            "3": -18.38,
            "4": 38.06,
            "5": 19.45,
            "6": 34.14,
            "7": 44.5,
            "8": -4.61,
            "9": 26.59,
            "10": -44.52,
            "11": 42.34,
            "12": 13.09,
            "13": -33.12,
            "14": -40.08,
            "15": 0.96,
            "16": -8.84,
            "17": 22.83,
            "18": 25.95,
            "19": -9.28,
            "20": 4.17,
            "21": 5.68,
            "22": -23.46
        },
        "1": {
            "0": 12.44,
            "2": 11.29,
            "3": 30.65,
            "4": -40.53,
            "5": 36.98,
            "6": -7.25,
            "7": -32.32,
            "8": -19.45,
            "9": 24.19,
            "10": -11.01,
            "11": -2.81,
            "12": -8.83,
            "13": -29.34,
            "14": -38.44,
            "15": 35.27,
            "16": 40.75,
            "17": 7.35,
            "18": 45.69,
            "19": -39.15,
            "20": -21.54,
            "21": -41.33,
            "22": -14.07
        },
        "2": {
            "0": 44.13,
            "1": 11.29,
            "3": -8.62,
            "4": -28.16,
            "5": 40.84,
            "6": 31.49,
            "7": 37.63,
            "8": 1.85,
            "9": 6.31,
            "10": 16.91,
            "11": -31.7,
            "12": 29.41,
            "13": -7.81,
            "14": -8.79,
            "15": -37.0,
            "16": 5.0,
            "17": -46.33,
            "18": 7.03,
            "19": -27.05,
            "20": -43.54,
            "21": -0.04,
            "22": 36.49
        },
        "3": {
            "0": -18.38,
            "1": 30.65,
            "2": -8.62,
            "4": 45.21,
            "5": 9.27,
            "6": 39.93,
            "7": 1.26,
            "8": 13.77,
            "9": -46.19,
            "10": -27.68,
            "11": 28.84,
            "12": 7.76,
            "13": -0.64,
            "14": -35.06,
            "15": -24.45,
            "16": -26.6,
            "17": -12.86,
            "18": -8.68,
            "19": -11.69,
            "20": 24.44,
            "21": -1.78,
            "22": 9.12
        },
        "4": {
            "0": 38.06,
            "1": -40.53,
            "2": -28.16,
            "3": 45.21,
            "5": -5.26,
            "6": 40.54,
            "7": 38.36,
            "8": -25.32,
            "9": 2.89,
            "10": 2.5,
            "11": -25.66,
            "12": 36.66,
            "13": 40.81,
            "14": -25.83,
            "15": -24.8,
            "16": 44.95,
            "17": 2.51,
            "18": -6.34,
            "19": -31.17,
            "20": 26.72,
            "21": -16.81,
            "22": -39.56
        },
        "5": {
            "0": 19.45,
            "1": 36.98,
            "2": 40.84,
            "3": 9.27,
            "4": -5.26,
            "6": 41.81,
            "7": 7.53,
            "8": 2.58,
            "9": -20.17,
            "10": -33.24,
            "11": -18.17,
            "12": -3.88,
            "13": -20.24,
            "14": -45.94,
            "15": -36.15,
            "16": -12.59,
            "17": 1.61,
            "18": -0.32,
            "19": -8.82,
            "20": 11.82,
            "21": 28.41,
            "22": 44.85
        },
        "6": {
            "0": 34.14,
            "1": -7.25,
            "2": 31.49,
            "3": 39.93,
            "4": 40.54,
            "5": 41.81,
            "7": -44.82,
            "8": 25.76,
            "9": -16.03,
            "10": -23.93,
            "11": 41.9,
            "12": 37.1,
            "13": -13.8,
            "14": -45.89,
            "15": 14.82,
            "16": -17.36,
            "17": -11.09,
            "18": 2.74,
            "19": 46.7,
            "20": -12.25,
            "21": -26.0,
            "22": 46.5
        },
        "7": {
            "0": 44.5,
            "1": -32.32,
            "2": 37.63,
            "3": 1.26,
            "4": 38.36,
            "5": 7.53,
            "6": -44.82,
            "8": -27.54,
            "9": -32.66,
            "10": 4.46,
            "11": -14.46,
            "12": -3.06,
            "13": -36.69,
            "14": -33.86,
            "15": 37.8,
            "16": -27.88,
            "17": -16.97,
            "18": -0.73,
            "19": -29.83,
            "20": 9.66,
            "21": 17.83,
            "22": -3.04
        },
        "8": {
            "0": -4.61,
            "1": -19.45,
            "2": 1.85,
            "3": 13.77,
            "4": -25.32,
            "5": 2.58,
            "6": 25.76,
            "7": -27.54,
            "9": -18.52,
            "10": -26.33,
            "11": -15.81,
            "12": 41.25,
            "13": -38.41,
            "14": 38.55,
            "15": 23.2,
            "16": 11.24,
            "17": 7.08,
            "18": 20.62,
            "19": -40.39,
            "20": 44.62,
            "21": -12.7,
            "22": -17.84
        },
        "9": {
            "0": 26.59,
            "1": 24.19,
            "2": 6.31,
            "3": -46.19,
            "4": 2.89,
            "5": -20.17,
            "6": -16.03,
            "7": -32.66,
            "8": -18.52,
            "10": -20.78,
            "11": 47.0,
            "12": 8.99,
            "13": -28.97,
            "14": 0.86,
            "15": 29.43,
            "16": 37.87,
            "17": 16.26,
            "18": 0.06,
            "19": 44.95,
            "20": -10.99,
            "21": 19.56,
            "22": 7.82
        },
        "10": {
            "0": -44.52,
            "1": -11.01,
            "2": 16.91,
            "3": -27.68,
            "4": 2.5,
            "5": -33.24,
            "6": -23.93,
            "7": 4.46,
            "8": -26.33,
            "9": -20.78,
            "11": -9.98,
            "12": 13.88,
            "13": -19.81,
            "14": 42.34,
            "15": -7.25,
            "16": 0.89,
            "17": -32.88,
            "18": 38.88,
            "19": -27.62,
            "20": 42.13,
            "21": -0.47,
            "22": 17.42
        },
        "11": {
            "0": 42.34,
            "1": -2.81,
            "2": -31.7,
            "3": 28.84,
            "4": -25.66,
            "5": -18.17,
            "6": 41.9,
            "7": -14.46,
            "8": -15.81,
            "9": 47.0,
            "10": -9.98,
            "12": 4.79,
            "13": -32.74,
            "14": 38.48,
            "15": -18.38,
            "16": 10.72,
            "17": -46.82,
            "18": -27.03,
            "19": 6.87,
            "20": -33.26,
            "21": 29.96,
            "22": -24.75
        },
        "12": {
            "0": 13.09,
            "1": -8.83,
            "2": 29.41,
            "3": 7.76,
            "4": 36.66,
            "5": -3.88,
            "6": 37.1,
            "7": -3.06,
            "8": 41.25,
            "9": 8.99,
            "10": 13.88,
            "11": 4.79,
            "13": -13.38,
            "14": 9.35,
            "15": 45.36,
            "16": 13.43,
            "17": -35.9,
            "18": -25.07,
            "19": -43.25,
            "20": 42.39,
            "21": 11.62,
            "22": -1.42
        },
        "13": {
            "0": -33.12,
            "1": -29.34,
            "2": -7.81,
            "3": -0.64,
            "4": 40.81,
            "5": -20.24,
            "6": -13.8,
            "7": -36.69,
            "8": -38.41,
            "9": -28.97,
            "10": -19.81,
            "11": -32.74,
            "12": -13.38,
            "14": -39.44,
            "15": 42.27,
            "16": 39.54,
            "17": -0.04,
            "18": -25.19,
            "19": 14.95,
            "20": -15.25,
            "21": -37.93,
            "22": -28.66
        },
        "14": {
            "0": -40.08,
            "1": -38.44,
            "2": -8.79,
            "3": -35.06,
            "4": -25.83,
            "5": -45.94,
            "6": -45.89,
            "7": -33.86,
            "8": 38.55,
            "9": 0.86,
            "10": 42.34,
            "11": 38.48,
            "12": 9.35,
            "13": -39.44,
            "15": 12.57,
            "16": 3.0,
            "17": -24.65,
            "18": 8.35,
            "19": 8.06,
            "20": 16.47,
            "21": 5.38,
            "22": 47.81
        },
        "15": {
            "0": 0.96,
            "1": 35.27,
            "2": -37.0,
            "3": -24.45,
            "4": -24.8,
            "5": -36.15,
            "6": 14.82,
            "7": 37.8,
            "8": 23.2,
            "9": 29.43,
            "10": -7.25,
            "11": -18.38,
            "12": 45.36,
            "13": 42.27,
            "14": 12.57,
            "16": -28.36,
            "17": 11.67,
            "18": -32.4,
            "19": 25.99,
            "20": 44.52,
            "21": -21.95,
            "22": 47.19
        },
        "16": {
            "0": -8.84,
            "1": 40.75,
            "2": 5.0,
            "3": -26.6,
            "4": 44.95,
            "5": -12.59,
            "6": -17.36,
            "7": -27.88,
            "8": 11.24,
            "9": 37.87,
            "10": 0.89,
            "11": 10.72,
            "12": 13.43,
            "13": 39.54,
            "14": 3.0,
            "15": -28.36,
            "17": -42.44,
            "18": -22.15,
            "19": -34.65,
            "20": 18.28,
            "21": -47.15,
            "22": -25.54
        },
        "17": {
            "0": 22.83,
            "1": 7.35,
            "2": -46.33,
            "3": -12.86,
            "4": 2.51,
            "5": 1.61,
            "6": -11.09,
            "7": -16.97,
            "8": 7.08,
            "9": 16.26,
            "10": -32.88,
            "11": -46.82,
            "12": -35.9,
            "13": -0.04,
            "14": -24.65,
            "15": 11.67,
            "16": -42.44,
            "18": 4.4,
            "19": -19.04,
            "20": -23.42,
            "21": 41.85,
            "22": -0.76
        },
        "18": {
            "0": 25.95,
            "1": 45.69,
            "2": 7.03,
            "3": -8.68,
            "4": -6.34,
            "5": -0.32,
            "6": 2.74,
            "7": -0.73,
            "8": 20.62,
            "9": 0.06,
            "10": 38.88,
            "11": -27.03,
            "12": -25.07,
            "13": -25.19,
            "14": 8.35,
            "15": -32.4,
            "16": -22.15,
            "17": 4.4,
            "19": -40.1,
            "20": 16.81,
            "21": 13.56,
            "22": -43.04
        },
        "19": {
            "0": -9.28,
            "1": -39.15,
            "2": -27.05,
            "3": -11.69,
            "4": -31.17,
            "5": -8.82,
            "6": 46.7,
            "7": -29.83,
            "8": -40.39,
            "9": 44.95,
            "10": -27.62,
            "11": 6.87,
            "12": -43.25,
            "13": 14.95,
            "14": 8.06,
            "15": 25.99,
            "16": -34.65,
            "17": -19.04,
            "18": -40.1,
            "20": 32.05,
            "21": -37.16,
            "22": -10.91
        },
        "20": {
            "0": 4.17,
            "1": -21.54,
            "2": -43.54,
            "3": 24.44,
            "4": 26.72,
            "5": 11.82,
            "6": -12.25,
            "7": 9.66,
            "8": 44.62,
            "9": -10.99,
            "10": 42.13,
            "11": -33.26,
            "12": 42.39,
            "13": -15.25,
            "14": 16.47,
            "15": 44.52,
            "16": 18.28,
            "17": -23.42,
            "18": 16.81,
            "19": 32.05,
            "21": -22.49,
            "22": -1.7
        },
        "21": {
            "0": 5.68,
            "1": -41.33,
            "2": -0.04,
            "3": -1.78,
            "4": -16.81,
            "5": 28.41,
            "6": -26.0,
            "7": 17.83,
            "8": -12.7,
            "9": 19.56,
            "10": -0.47,
            "11": 29.96,
            "12": 11.62,
            "13": -37.93,
            "14": 5.38,
            "15": -21.95,
            "16": -47.15,
            "17": 41.85,
            "18": 13.56,
            "19": -37.16,
            "20": -22.49,
            "22": -3.24
        },
        "22": {
            "0": -23.46,
            "1": -14.07,
            "2": 36.49,
            "3": 9.12,
            "4": -39.56,
            "5": 44.85,
            "6": 46.5,
            "7": -3.04,
            "8": -17.84,
            "9": 7.82,
            "10": 17.42,
            "11": -24.75,
            "12": -1.42,
            "13": -28.66,
            "14": 47.81,
            "15": 47.19,
            "16": -25.54,
            "17": -0.76,
            "18": -43.04,
            "19": -10.91,
            "20": -1.7,
            "21": -3.24
        }
    }
}