{
    "knapsack_size": 40000,
    "Gamma": 21,
    "n_items": 35,
    "costs": {
        "0": {
            "u": 1904,
            "a": 1488,
            "l": 520
        },
        "1": {
            "u": 1904,
            "a": 1402,
            "l": 642
        },
        "2": {
            "u": 1904,
            "a": 1393,
            "l": 592
        },
        "3": {
            "u": 1904,
            "a": 1629,
            "l": 611
        },
        "4": {
            "u": 1904,
            "a": 1663,
            "l": 827
        },
        "5": {
            "u": 1904,
            "a": 1312,
            "l": 542
        },
        "6": {
            "u": 1904,
            "a": 1812,
            "l": 846
        },
        "7": {
            "u": 1904,
            "a": 1727,
            "l": 838
        },
        "8": {
            "u": 1904,
            "a": 1655,
            "l": 673
        },
        "9": {
            "u": 1904,
            "a": 1080,
            "l": 501
        },
        "10": {
            "u": 1904,
            "a": 1177,
            "l": 405
        },
        "11": {
            "u": 1904,
            "a": 1082,
            "l": 511
        },
        "12": {
            "u": 1904,
            "a": 1192,
            "l": 518
        },
        "13": {
            "u": 1904,
            "a": 983,
            "l": 405
        },
        "14": {
            "u": 1904,
            "a": 1094,
            "l": 407
        },
        "15": {
            "u": 1904,
            "a": 1823,
            "l": 864
        },
        "16": {
            "u": 1904,
            "a": 1802,
            "l": 623
        },
        "17": {
            "u": 1904,
            "a": 1798,
            "l": 713
        },
        "18": {
            "u": 1904,
            "a": 1689,
            "l": 623
        },
        "19": {
            "u": 1904,
            "a": 1569,
            "l": 663
        },
        "20": {
            "u": 1904,
            "a": 1883,
            "l": 714
        },
        "21": {
            "u": 1904,
            "a": 1063,
            "l": 383
        },
        "22": {
            "u": 1904,
            "a": 1887,
            "l": 765
        },
        "23": {
            "u": 1904,
            "a": 1099,
            "l": 410
        },
        "24": {
            "u": 1904,
            "a": 1462,
            "l": 716
        },
        "25": {
            "u": 1904,
            "a": 1584,
            "l": 694
        },
        "26": {
            "u": 1904,
            "a": 1481,
            "l": 642
        },
        "27": {
            "u": 1904,
            "a": 1872,
            "l": 934
        },
        "28": {
            "u": 1904,
            "a": 1179,
            "l": 450
        },
        "29": {
            "u": 1904,
            "a": 1782,
            "l": 718
        },
        "30": {
            "u": 1904,
            "a": 1543,
            "l": 605
        },
        "31": {
            "u": 1904,
            "a": 1829,
            "l": 628
        },
        "32": {
            "u": 1904,
            "a": 1513,
            "l": 592
        },
        "33": {
            "u": 1904,
            "a": 1834,
            "l": 830
        },
        "34": {
            "u": 1904,
            "a": 1135,
            "l": 527
        }
    },
    "profits": {
        "0": 1965,
        "1": 1999,
        "2": 1927,
        "3": 2165,
        "4": 1948,
        "5": 1908,
        "6": 2189,
        "7": 2092,
        "8": 2157,
        "9": 1956,
        "10": 2011,
        "11": 2151,
        "12": 1948,
        "13": 2156,
        "14": 2029,
        "15": 2068,
        "16": 1971,
        "17": 2090,
        "18": 2170,
        "19": 2031,
        "20": 1972,
        "21": 2196,
        "22": 2159,
        "23": 2180,
        "24": 2081,
        "25": 2062,
        "26": 2186,
        "27": 1907,
        "28": 1976,
        "29": 2053,
        "30": 1915,
        "31": 1946,
        "32": 1950,
        "33": 2134,
        "34": 2069
    },
    "synergies": {
        "0": {
            "1": 1,
            "2": 1,
            "3": 15,
            "4": -16,
            "5": -5,
            "6": 2,
            "7": 38,
            "8": 27,
            "9": 0,
            "10": -19,
            "11": -37,
            "12": -17,
            "13": 42,
            "14": -43,
            "15": 10,
            "16": -15,
            "17": -19,
            "18": -49,
            "19": 16,
            "20": -15,
            "21": 17,
            "22": 8,
            "23": 22,
            "24": 22,
            "25": 9,
            "26": -49,
            "27": 38,
            "28": 5,
            "29": 0,
            "30": 29,
            "31": -12,
            "32": 33,
            "33": -32,
            "34": -38
        },
        "1": {
            "0": 1,
            "2": 10,
            "3": 36,
            "4": -6,
            "5": -32,
            "6": 4,
            "7": 36,
            "8": -23,
            "9": -33,
            "10": 20,
            "11": -29,
            "12": 4,
            "13": 9,
            "14": 8,
            "15": 12,
            "16": 9,
            "17": 0,
            "18": 35,
            "19": -20,
            "20": -32,
            "21": 16,
            "22": 17,
            "23": 5,
            "24": -4,
            "25": 31,
            "26": 25,
            "27": -37,
            "28": -35,
            "29": -22,
            "30": -25,
            "31": -19,
            "32": -12,
            "33": 6,
            "34": 32
        },
        "2": {
            "0": 1,
            "1": 10,
            "3": 14,
            "4": 4,
            "5": -48,
            "6": -18,
            "7": -36,
            "8": -27,
            "9": 36,
            "10": 0,
            "11": 48,
            "12": -47,
            "13": -38,
            "14": -37,
            "15": 12,
            "16": 42,
            "17": 40,
            "18": -44,
            "19": -44,
            "20": 41,
            "21": 47,
            "22": -40,
            "23": 43,
            "24": 38,
            "25": -18,
            "26": -33,
            "27": -25,
            "28": 42,
            "29": -36,
            "30": 5,
            "31": 2,
            "32": 29,
            "33": 12,
            "34": 0
        },
        "3": {
            "0": 15,
            "1": 36,
            "2": 14,
            "4": -24,
            "5": -17,
            "6": 10,
            "7": -37,
            "8": -46,
            "9": 21,
            "10": 42,
            "11": -31,
            "12": -24,
            "13": -9,
            "14": 43,
            "15": -9,
            "16": 42,
            "17": -26,
            "18": 38,
            "19": 25,
            "20": -39,
            "21": 35,
            "22": 21,
            "23": -11,
            "24": -3,
            "25": -6,
            "26": -8,
            "27": 25,
            "28": -49,
            "29": 17,
            "30": -23,
            "31": -26,
            "32": -35,
            "33": 16,
            "34": -36
        },
        "4": {
            "0": -16,
            "1": -6,
            "2": 4,
            "3": -24,
            "5": 21,
            "6": 42,
            "7": 48,
            "8": 34,
            "9": -1,
            "10": 33,
            "11": -30,
            "12": -18,
            "13": -34,
            "14": -18,
            "15": 45,
            "16": -13,
            "17": 47,
            "18": 45,
            "19": 19,
            "20": 46,
            "21": 24,
            "22": 25,
            "23": 43,
            "24": 4,
            "25": -29,
            "26": -47,
            "27": 48,
            "28": 31,
            "29": 37,
            "30": -9,
            "31": -20,
            "32": -10,
            "33": 9,
            "34": 26
        },
        "5": {
            "0": -5,
            "1": -32,
            "2": -48,
            "3": -17,
            "4": 21,
            "6": 0,
            "7": -29,
            "8": 36,
            "9": 18,
            "10": -43,
            "11": -36,
            "12": -16,
            "13": 44,
            "14": 0,
            "15": -32,
            "16": -16,
            "17": -4,
            "18": -44,
            "19": -29,
            "20": 33,
            "21": 49,
            "22": 46,
            "23": -32,
            "24": 23,
            "25": -49,
            "26": -26,
            "27": 5,
            "28": -23,
            "29": -47,
            "30": -11,
            "31": 43,
            "32": 18,
            "33": 47,
            "34": -15
        },
        "6": {
            "0": 2,
            "1": 4,
            "2": -18,
            "3": 10,
            "4": 42,
            "5": 0,
            "7": 3,
            "8": -38,
            "9": 5,
            "10": 19,
            "11": -29,
            "12": -7,
            "13": 18,
            "14": -46,
            "15": -22,
            "16": 20,
            "17": 4,
            "18": -46,
            "19": -46,
            "20": -41,
            "21": 46,
            "22": -22,
            "23": -27,
            "24": -33,
            "25": 1,
            "26": -3,
            "27": 42,
            "28": -27,
            "29": 30,
            "30": 0,
            "31": 39,
            "32": -14,
            "33": -9,
            "34": 0
        },
        "7": {
            "0": 38,
            "1": 36,
            "2": -36,
            "3": -37,
            "4": 48,
            "5": -29,
            "6": 3,
            "8": 7,
            "9": -1,
            "10": -6,
            "11": -5,
            "12": -47,
            "13": -28,
            "14": -19,
            "15": 17,
            "16": 2,
            "17": -14,
            "18": -34,
            "19": 2,
            "20": -30,
            "21": 32,
            "22": -31,
            "23": 47,
            "24": 30,
            "25": 36,
            "26": -17,
            "27": -46,
            "28": 20,
            "29": 46,
            "30": 36,
            "31": -38,
            "32": 39,
            "33": 31,
            "34": 10
        },
        "8": {
            "0": 27,
            "1": -23,
            "2": -27,
            "3": -46,
            "4": 34,
            "5": 36,
            "6": -38,
            "7": 7,
            "9": -25,
            "10": -8,
            "11": -7,
            "12": 10,
            "13": -22,
            "14": 41,
            "15": -16,
            "16": 33,
            "17": 13,
            "18": 14,
            "19": -28,
            "20": -20,
            "21": -18,
            "22": -12,
            "23": -1,
            "24": -48,
            "25": -20,
            "26": -18,
            "27": 28,
            "28": 34,
            "29": 47,
            "30": -9,
            "31": -31,
            "32": -12,
            "33": -23,
            "34": -47
        },
        "9": {
            "0": 0,
            "1": -33,
            "2": 36,
            "3": 21,
            "4": -1,
            "5": 18,
            "6": 5,
            "7": -1,
            "8": -25,
            "10": -23,
            "11": -29,
            "12": 25,
            "13": 17,
            "14": -43,
            "15": -21,
            "16": 48,
            "17": 29,
            "18": -13,
            "19": 12,
            "20": 45,
            "21": -20,
            "22": -41,
            "23": 6,
            "24": -46,
            "25": 7,
            "26": -17,
            "27": 9,
            "28": -2,
            "29": -16,
            "30": 18,
            "31": 0,
            "32": -31,
            "33": -29,
            "34": 12
        },
        "10": {
            "0": -19,
            "1": 20,
            "2": 0,
            "3": 42,
            "4": 33,
            "5": -43,
            "6": 19,
            "7": -6,
            "8": -8,
            "9": -23,
            "11": 32,
            "12": 8,
            "13": -43,
            "14": -13,
            "15": 2,
            "16": 42,
            "17": -45,
            "18": -7,
            "19": 18,
            "20": 27,
            "21": -20,
            "22": -38,
            "23": -7,
            "24": 5,
            "25": -39,
            "26": -20,
            "27": -13,
            "28": 36,
            "29": -44,
            "30": 28,
            "31": 36,
            "32": -37,
            "33": 20,
            "34": 0
        },
        "11": {
            "0": -37,
            "1": -29,
            "2": 48,
            "3": -31,
            "4": -30,
            "5": -36,
            "6": -29,
            "7": -5,
            "8": -7,
            "9": -29,
            "10": 32,
            "12": 24,
            "13": 45,
            "14": -7,
            "15": 21,
            "16": 33,
            "17": -5,
            "18": -18,
            "19": -25,
            "20": -43,
            "21": -21,
            "22": -47,
            "23": 26,
            "24": -35,
            "25": 30,
            "26": -45,
            "27": 10,
            "28": -13,
            "29": -5,
            "30": 45,
            "31": 39,
            "32": -14,
            "33": 28,
            "34": -43
        },
        "12": {
            "0": -17,
            "1": 4,
            "2": -47,
            "3": -24,
            "4": -18,
            "5": -16,
            "6": -7,
            "7": -47,
            "8": 10,
            "9": 25,
            "10": 8,
            "11": 24,
            "13": -8,
            "14": 33,
            "15": 15,
            "16": -18,
            "17": -28,
            "18": -35,
            "19": -8,
            "20": 33,
            "21": -25,
            "22": 33,
            "23": -40,
            "24": -45,
            "25": -22,
            "26": -11,
            "27": 8,
            "28": -4,
            "29": -41,
            "30": 49,
            "31": -1,
            "32": 4,
            "33": -41,
            "34": -13
        },
        "13": {
            "0": 42,
            "1": 9,
            "2": -38,
            "3": -9,
            "4": -34,
            "5": 44,
            "6": 18,
            "7": -28,
            "8": -22,
            "9": 17,
            "10": -43,
            "11": 45,
            "12": -8,
            "14": -46,
            "15": 10,
            "16": -49,
            "17": 23,
            "18": -12,
            "19": 22,
            "20": 43,
            "21": 0,
            "22": 18,
            "23": -6,
            "24": -24,
            "25": -6,
            "26": -45,
            "27": -44,
            "28": 12,
            "29": 44,
            "30": -11,
            "31": 21,
            "32": 0,
            "33": 48,
            "34": 9
        },
        "14": {
            "0": -43,
            "1": 8,
            "2": -37,
            "3": 43,
            "4": -18,
            "5": 0,
            "6": -46,
            "7": -19,
            "8": 41,
            "9": -43,
            "10": -13,
            "11": -7,
            "12": 33,
            "13": -46,
            "15": 29,
            "16": -37,
            "17": -19,
            "18": -28,
            "19": 35,
            "20": 13,
            "21": -13,
            "22": -23,
            "23": 36,
            "24": 8,
            "25": 34,
            "26": -10,
            "27": -49,
            "28": -41,
            "29": -41,
            "30": 47,
            "31": -1,
            "32": 20,
            "33": 29,
            "34": -31
        },
        "15": {
            "0": 10,
            "1": 12,
            "2": 12,
            "3": -9,
            "4": 45,
            "5": -32,
            "6": -22,
            "7": 17,
            "8": -16,
            "9": -21,
            "10": 2,
            "11": 21,
            "12": 15,
            "13": 10,
            "14": 29,
            "16": -1,
            "17": 36,
            "18": -43,
            "19": 24,
            "20": -39,
            "21": 48,
            "22": -31,
            "23": -13,
            "24": 8,
            "25": -11,
            "26": -43,
            "27": -21,
            "28": 23,
            "29": 40,
            "30": -12,
            "31": -10,
            "32": 15,
            "33": 17,
            "34": 9
        },
        "16": {
            "0": -15,
            "1": 9,
            "2": 42,
            "3": 42,
            "4": -13,
            "5": -16,
            "6": 20,
            "7": 2,
            "8": 33,
            "9": 48,
            "10": 42,
            "11": 33,
            "12": -18,
            "13": -49,
            "14": -37,
            "15": -1,
            "17": 19,
            "18": -44,
            "19": -32,
            "20": 47,
            "21": -3,
            "22": -46,
            "23": 46,
            "24": 46,
            "25": 5,
            "26": -10,
            "27": 30,
            "28": -35,
            "29": -14,
            "30": -37,
            "31": -4,
            "32": 17,
            "33": 37,
            "34": 1
        },
        "17": {
            "0": -19,
            "1": 0,
            "2": 40,
            "3": -26,
            "4": 47,
            "5": -4,
            "6": 4,
            "7": -14,
            "8": 13,
            "9": 29,
            "10": -45,
            "11": -5,
            "12": -28,
            "13": 23,
            "14": -19,
            "15": 36,
            "16": 19,
            "18": -43,
            "19": 29,
            "20": 5,
            "21": -11,
            "22": 46,
            "23": -5,
            "24": 7,
            "25": -36,
            "26": -44,
            "27": 36,
            "28": 19,
            "29": -12,
            "30": -7,
            "31": 26,
            "32": 14,
            "33": -48,
            "34": 24
        },
        "18": {
            "0": -49,
            "1": 35,
            "2": -44,
            "3": 38,
            "4": 45,
            "5": -44,
            "6": -46,
            "7": -34,
            "8": 14,
            "9": -13,
            "10": -7,
            "11": -18,
            "12": -35,
            "13": -12,
            "14": -28,
            "15": -43,
            "16": -44,
            "17": -43,
            "19": 35,
            "20": 9,
            "21": -8,
            "22": -47,
            "23": 49,
            "24": 36,
            "25": 2,
            "26": 9,
            "27": -4,
            "28": -13,
            "29": -19,
            "30": -9,
            "31": -34,
            "32": 22,
            "33": 18,
            "34": -31
        },
        "19": {
            "0": 16,
            "1": -20,
            "2": -44,
            "3": 25,
            "4": 19,
            "5": -29,
            "6": -46,
            "7": 2,
            "8": -28,
            "9": 12,
            "10": 18,
            "11": -25,
            "12": -8,
            "13": 22,
            "14": 35,
            "15": 24,
            "16": -32,
            "17": 29,
            "18": 35,
            "20": 34,
            "21": -40,
            "22": -35,
            "23": 9,
            "24": -20,
            "25": 39,
            "26": -16,
            "27": 9,
            "28": 41,
            "29": 31,
            "30": -24,
            "31": -33,
            "32": -41,
            "33": 7,
            "34": 47
        },
        "20": {
            "0": -15,
            "1": -32,
            "2": 41,
            "3": -39,
            "4": 46,
            "5": 33,
            "6": -41,
            "7": -30,
            "8": -20,
            "9": 45,
            "10": 27,
            "11": -43,
            "12": 33,
            "13": 43,
            "14": 13,
            "15": -39,
            "16": 47,
            "17": 5,
            "18": 9,
            "19": 34,
            "21": 8,
            "22": -39,
            "23": 29,
            "24": -33,
            "25": 1,
            "26": 7,
            "27": -27,
            "28": 32,
            "29": 39,
            "30": 16,
            "31": 19,
            "32": 7,
            "33": 20,
            "34": -27
        },
        "21": {
            "0": 17,
            "1": 16,
            "2": 47,
            "3": 35,
            "4": 24,
            "5": 49,
            "6": 46,
            "7": 32,
            "8": -18,
            "9": -20,
            "10": -20,
            "11": -21,
            "12": -25,
            "13": 0,
            "14": -13,
            "15": 48,
            "16": -3,
            "17": -11,
            "18": -8,
            "19": -40,
            "20": 8,
            "22": -45,
            "23": 25,
            "24": -20,
            "25": -32,
            "26": 0,
            "27": 17,
            "28": 5,
            "29": -27,
            "30": 42,
            "31": 17,
            "32": -46,
            "33": 19,
            "34": 0
        },
        "22": {
            "0": 8,
            "1": 17,
            "2": -40,
            "3": 21,
            "4": 25,
            "5": 46,
            "6": -22,
            "7": -31,
            "8": -12,
            "9": -41,
            "10": -38,
            "11": -47,
            "12": 33,
            "13": 18,
            "14": -23,
            "15": -31,
            "16": -46,
            "17": 46,
            "18": -47,
            "19": -35,
            "20": -39,
            "21": -45,
            "23": -38,
            "24": -2,
            "25": 42,
            "26": 5,
            "27": 9,
            "28": 40,
            "29": 44,
            "30": 37,
            "31": 46,
            "32": 27,
            "33": 17,
            "34": 33
        },
        "23": {
            "0": 22,
            "1": 5,
            "2": 43,
            "3": -11,
            "4": 43,
            "5": -32,
            "6": -27,
            "7": 47,
            "8": -1,
            "9": 6,
            "10": -7,
            "11": 26,
            "12": -40,
            "13": -6,
            "14": 36,
            "15": -13,
            "16": 46,
            "17": -5,
            "18": 49,
            "19": 9,
            "20": 29,
            "21": 25,
            "22": -38,
            "24": -42,
            "25": 33,
            "26": -38,
            "27": 38,
            "28": 12,
            "29": -22,
            "30": 40,
            "31": -45,
            "32": 36,
            "33": -22,
            "34": -29
        },
        "24": {
            "0": 22,
            "1": -4,
            "2": 38,
            "3": -3,
            "4": 4,
            "5": 23,
            "6": -33,
            "7": 30,
            "8": -48,
            "9": -46,
            "10": 5,
            "11": -35,
            "12": -45,
            "13": -24,
            "14": 8,
            "15": 8,
            "16": 46,
            "17": 7,
            "18": 36,
            "19": -20,
            "20": -33,
            "21": -20,
            "22": -2,
            "23": -42,
            "25": -28,
            "26": 31,
            "27": 46,
            "28": 47,
            "29": -46,
            "30": 22,
            "31": 48,
            "32": -14,
            "33": 19,
            "34": -49
        },
        "25": {
            "0": 9,
            "1": 31,
            "2": -18,
            "3": -6,
            "4": -29,
            "5": -49,
            "6": 1,
            "7": 36,
            "8": -20,
            "9": 7,
            "10": -39,
            "11": 30,
            "12": -22,
            "13": -6,
            "14": 34,
            "15": -11,
            "16": 5,
            "17": -36,
            "18": 2,
            "19": 39,
            "20": 1,
            "21": -32,
            "22": 42,
            "23": 33,
            "24": -28,
            "26": 31,
            "27": 27,
            "28": 48,
            "29": -7,
            "30": -29,
            "31": -35,
            "32": 25,
            "33": 11,
            "34": 11
        },
        "26": {
            "0": -49,
            "1": 25,
            "2": -33,
            "3": -8,
            "4": -47,
            "5": -26,
            "6": -3,
            "7": -17,
            "8": -18,
            "9": -17,
            "10": -20,
            "11": -45,
            "12": -11,
            "13": -45,
            "14": -10,
            "15": -43,
            "16": -10,
            "17": -44,
            "18": 9,
            "19": -16,
            "20": 7,
            "21": 0,
            "22": 5,
            "23": -38,
            "24": 31,
            "25": 31,
            "27": -43,
            "28": 10,
            "29": 36,
            "30": -32,
            "31": 36,
            "32": -11,
            "33": 18,
            "34": -48
        },
        "27": {
            "0": 38,
            "1": -37,
            "2": -25,
            "3": 25,
            "4": 48,
            "5": 5,
            "6": 42,
            "7": -46,
            "8": 28,
            "9": 9,
            "10": -13,
            "11": 10,
            "12": 8,
            "13": -44,
            "14": -49,
            "15": -21,
            "16": 30,
            "17": 36,
            "18": -4,
            "19": 9,
            "20": -27,
            "21": 17,
            "22": 9,
            "23": 38,
            "24": 46,
            "25": 27,
            "26": -43,
            "28": -47,
            "29": -29,
            "30": 1,
            "31": 22,
            "32": -39,
            "33": 13,
            "34": 37
        },
        "28": {
            "0": 5,
            "1": -35,
            "2": 42,
            "3": -49,
            "4": 31,
            "5": -23,
            "6": -27,
            "7": 20,
            "8": 34,
            "9": -2,
            "10": 36,
            "11": -13,
            "12": -4,
            "13": 12,
            "14": -41,
            "15": 23,
            "16": -35,
            "17": 19,
            "18": -13,
            "19": 41,
            "20": 32,
            "21": 5,
            "22": 40,
            "23": 12,
            "24": 47,
            "25": 48,
            "26": 10,
            "27": -47,
            "29": -28,
            "30": 9,
            "31": 11,
            "32": 33,
            "33": 7,
            "34": 46
        },
        "29": {
            "0": 0,
            "1": -22,
            "2": -36,
            "3": 17,
            "4": 37,
            "5": -47,
            "6": 30,
            "7": 46,
            "8": 47,
            "9": -16,
            "10": -44,
            "11": -5,
            "12": -41,
            "13": 44,
            "14": -41,
            "15": 40,
            "16": -14,
            "17": -12,
            "18": -19,
            "19": 31,
            "20": 39,
            "21": -27,
            "22": 44,
            "23": -22,
            "24": -46,
            "25": -7,
            "26": 36,
            "27": -29,
            "28": -28,
            "30": 18,
            "31": -40,
            "32": 25,
            "33": 42,
            "34": -15
        },
        "30": {
            "0": 29,
            "1": -25,
            "2": 5,
            "3": -23,
            "4": -9,
            "5": -11,
            "6": 0,
            "7": 36,
            "8": -9,
            "9": 18,
            "10": 28,
            "11": 45,
            "12": 49,
            "13": -11,
            "14": 47,
            "15": -12,
            "16": -37,
            "17": -7,
            "18": -9,
            "19": -24,
            "20": 16,
            "21": 42,
            "22": 37,
            "23": 40,
            "24": 22,
            "25": -29,
            "26": -32,
            "27": 1,
            "28": 9,
            "29": 18,
            "31": 0,
            "32": -48,
            "33": 30,
            "34": -3
        },
        "31": {
            "0": -12,
            "1": -19,
            "2": 2,
            "3": -26,
            "4": -20,
            "5": 43,
            "6": 39,
            "7": -38,
            "8": -31,
            "9": 0,
            "10": 36,
            "11": 39,
            "12": -1,
            "13": 21,
            "14": -1,
            "15": -10,
            "16": -4,
            "17": 26,
            "18": -34,
            "19": -33,
            "20": 19,
            "21": 17,
            "22": 46,
            "23": -45,
            "24": 48,
            "25": -35,
            "26": 36,
            "27": 22,
            "28": 11,
            "29": -40,
            "30": 0,
            "32": 34,
            "33": -32,
            "34": 36
        },
        "32": {
            "0": 33,
            "1": -12,
            "2": 29,
            "3": -35,
            "4": -10,
            "5": 18,
            "6": -14,
            "7": 39,
            "8": -12,
            "9": -31,
            "10": -37,
            "11": -14,
            "12": 4,
            "13": 0,
            "14": 20,
            "15": 15,
            "16": 17,
            "17": 14,
            "18": 22,
            "19": -41,
            "20": 7,
            "21": -46,
            "22": 27,
            "23": 36,
            "24": -14,
            "25": 25,
            "26": -11,
            "27": -39,
            "28": 33,
            "29": 25,
            "30": -48,
            "31": 34,
            "33": -14,
            "34": -49
        },
        "33": {
            "0": -32,
            "1": 6,
            "2": 12,
            "3": 16,
            "4": 9,
            "5": 47,
            "6": -9,
            "7": 31,
            "8": -23,
            "9": -29,
            "10": 20,
            "11": 28,
            "12": -41,
            "13": 48,
            "14": 29,
            "15": 17,
            "16": 37,
            "17": -48,
            "18": 18,
            "19": 7,
            "20": 20,
            "21": 19,
            "22": 17,
            "23": -22,
            "24": 19,
            "25": 11,
            "26": 18,
            "27": 13,
            "28": 7,
            "29": 42,
            "30": 30,
            "31": -32,
            "32": -14,
            "34": -4
        },
        "34": {
            "0": -38,
            "1": 32,
            "2": 0,
            "3": -36,
            "4": 26,
            "5": -15,
            "6": 0,
            "7": 10,
            "8": -47,
            "9": 12,
            "10": 0,
            "11": -43,
            "12": -13,
            "13": 9,
            "14": -31,
            "15": 9,
            "16": 1,
            "17": 24,
            "18": -31,
            "19": 47,
            "20": -27,
            "21": 0,
            "22": 33,
            "23": -29,
            "24": -49,
            "25": 11,
            "26": -48,
            "27": 37,
            "28": 46,
            "29": -15,
            "30": -3,
            "31": 36,
            "32": -49,
            "33": -4
        }
    }
}