{
    "knapsack_size": 100,
    "Gamma": 2,
    "n_items": 3,
    "costs": {
        "0": {
            "u": 49,
            "a": 39,
            "l": 16
        },
        "1": {
            "u": 49,
            "a": 27,
            "l": 9
        },
        "2": {
            "u": 49,
            "a": 33,
            "l": 13
        }
    },
    "profits": {
        "0": 128,
        "1": 238,
        "2": 128
    },
    "synergies": {
        "0": {
            "1": 18,
            "2": -35
        },
        "1": {
            "0": 18,
            "2": -45
        },
        "2": {
            "0": -35,
            "1": -45
        }
    }
}