{
    "knapsack_size": 379,
    "Gamma": 2,
    "n_items": 23,
    "costs": {
        "0": {
            "l": 62.71,
            "a": 129.7,
            "u": 131.8
        },
        "1": {
            "l": 66.96,
            "a": 123.25,
            "u": 154.55
        },
        "2": {
            "l": 68.59,
            "a": 118.96,
            "u": 135.65
        },
        "3": {
            "l": 68.25,
            "a": 119.93,
            "u": 170.07
        },
        "4": {
            "l": 69.87,
            "a": 136.88,
            "u": 147.1
        },
        "5": {
            "l": 71.77,
            "a": 112.89,
            "u": 141.19
        },
        "6": {
            "l": 68.93,
            "a": 125.71,
            "u": 136.48
        },
        "7": {
            "l": 74.82,
            "a": 112.94,
            "u": 152.28
        },
        "8": {
            "l": 52.47,
            "a": 135.46,
            "u": 144.62
        },
        "9": {
            "l": 70.8,
            "a": 128.78,
            "u": 157.48
        },
        "10": {
            "l": 82.52,
            "a": 132.34,
            "u": 145.32
        },
        "11": {
            "l": 62.31,
            "a": 115.98,
            "u": 168.79
        },
        "12": {
            "l": 92.7,
            "a": 125.79,
            "u": 156.92
        },
        "13": {
            "l": 65.08,
            "a": 103.81,
            "u": 139.14
        },
        "14": {
            "l": 79.11,
            "a": 105.45,
            "u": 163.33
        },
        "15": {
            "l": 81.21,
            "a": 116.83,
            "u": 159.4
        },
        "16": {
            "l": 93.06,
            "a": 123.81,
            "u": 149.79
        },
        "17": {
            "l": 60.69,
            "a": 116.99,
            "u": 160.7
        },
        "18": {
            "l": 81.72,
            "a": 121.98,
            "u": 152.85
        },
        "19": {
            "l": 65.73,
            "a": 116.08,
            "u": 145.24
        },
        "20": {
            "l": 50.54,
            "a": 94.74,
            "u": 145.71
        },
        "21": {
            "l": 71.27,
            "a": 116.93,
            "u": 140.67
        },
        "22": {
            "l": 80.01,
            "a": 110.3,
            "u": 144.98
        }
    },
    "profits": {
        "0": 177.15,
        "1": 191.31,
        "2": 200.99,
        "3": 196.15,
        "4": 172.08,
        "5": 193.87,
        "6": 191.7,
        "7": 190.56,
        "8": 184.95,
        "9": 190.25,
        "10": 186.61,
        "11": 188.6,
        "12": 168.54,
        "13": 195.51,
        "14": 183.21,
        "15": 185.67,
        "16": 194.99,
        "17": 182.16,
        "18": 181.5,
        "19": 197.24,
        "20": 176.1,
        "21": 191.88,
        "22": 207.51
    },
    "synergies": {
        "0": {
            "1": 29.07,
            "2": 45.96,
            "3": 49.73,
            "4": 50.38,
            "5": 37.61,
            "6": 62.09,
            "7": 56.85,
            "8": 14.85,
            "9": 53.13,
            "10": 2.97,
            "11": 60.33,
            "12": 7.19,
            "13": 18.14,
            "14": 39.04,
            "15": 16.07,
            "16": 5.58,
            "17": 30.53,
            "18": -4.75,
            "19": 14.75,
            "20": 60.13,
            "21": 56.29,
            "22": 29.69
        },
        "1": {
            "0": 29.07,
            "2": 28.07,
            "3": 36.17,
            "4": 57.26,
            "5": 54.03,
            "6": 33.59,
            "7": 43.42,
            "8": 35.99,
            "9": 36.87,
            "10": 41.62,
            "11": 44.94,
            "12": 48.73,
            "13": 40.52,
            "14": 32.6,
            "15": 32.44,
            "16": 0.57,
            "17": 38.98,
            "18": 46.74,
            "19": 33.43,
            "20": 33.69,
            "21": 25.61,
            "22": 8.55
        },
        "2": {
            "0": 45.96,
            "1": 28.07,
            "3": 12.46,
            "4": 45.36,
            "5": 31.76,
            "6": 11.55,
            "7": 48.33,
            "8": 42.67,
            "9": 22.06,
            "10": 44.66,
            "11": 62.2,
            "12": 44.89,
            "13": 5.77,
            "14": 33.6,
            "15": 43.22,
            "16": 20.64,
            "17": 7.59,
            "18": 35.81,
            "19": 36.52,
            "20": 50.13,
            "21": 52.71,
            "22": 40.16
        },
        "3": {
            "0": 49.73,
            "1": 36.17,
            "2": 12.46,
            "4": 15.0,
            "5": 31.08,
            "6": 33.16,
            "7": 10.82,
            "8": 16.44,
            "9": 35.25,
            "10": 3.16,
            "11": 25.78,
            "12": 40.45,
            "13": 42.14,
            "14": 65.12,
            "15": 51.3,
            "16": 24.92,
            "17": 66.1,
            "18": 34.12,
            "19": 14.19,
            "20": 43.53,
            "21": 32.31,
            "22": 39.45
        },
        "4": {
            "0": 50.38,
            "1": 57.26,
            "2": 45.36,
            "3": 15.0,
            "5": 55.87,
            "6": 42.96,
            "7": 25.78,
            "8": 32.26,
            "9": 42.67,
            "10": 8.96,
            "11": 36.35,
            "12": 20.65,
            "13": 57.2,
            "14": 45.3,
            "15": 15.75,
            "16": 51.98,
            "17": 37.76,
            "18": 29.42,
            "19": 51.42,
            "20": 26.52,
            "21": 24.94,
            "22": 38.28
        },
        "5": {
            "0": 37.61,
            "1": 54.03,
            "2": 31.76,
            "3": 31.08,
            "4": 55.87,
            "6": 43.48,
            "7": 22.21,
            "8": 35.43,
            "9": 23.99,
            "10": 37.42,
            "11": 38.73,
            "12": 44.34,
            "13": 31.3,
            "14": 13.76,
            "15": 46.21,
            "16": 32.08,
            "17": 51.54,
            "18": 16.69,
            "19": 27.66,
            "20": 22.05,
            "21": 42.9,
            "22": 63.67
        },
        "6": {
            "0": 62.09,
            "1": 33.59,
            "2": 11.55,
            "3": 33.16,
            "4": 42.96,
            "5": 43.48,
            "7": 43.03,
            "8": 57.01,
            "9": 13.59,
            "10": 41.33,
            "11": 40.45,
            "12": 53.55,
            "13": 66.03,
            "14": 54.67,
            "15": 2.53,
            "16": 13.9,
            "17": 39.88,
            "18": 30.05,
            "19": 37.57,
            "20": 60.78,
            "21": 32.3,
            "22": 48.75
        },
        "7": {
            "0": 56.85,
            "1": 43.42,
            "2": 48.33,
            "3": 10.82,
            "4": 25.78,
            "5": 22.21,
            "6": 43.03,
            "8": 45.88,
            "9": 10.39,
            "10": 33.51,
            "11": 15.06,
            "12": 21.63,
            "13": 33.55,
            "14": 35.8,
            "15": 48.64,
            "16": 45.24,
            "17": 33.25,
            "18": 49.06,
            "19": 45.27,
            "20": 3.38,
            "21": 20.73,
            "22": 29.8
        },
        "8": {
            "0": 14.85,
            "1": 35.99,
            "2": 42.67,
            "3": 16.44,
            "4": 32.26,
            "5": 35.43,
            "6": 57.01,
            "7": 45.88,
            "9": 64.4,
            "10": 16.66,
            "11": 44.95,
            "12": 52.21,
            "13": 11.38,
            "14": 33.96,
            "15": 45.4,
            "16": 22.2,
            "17": 7.83,
            "18": 37.93,
            "19": 21.97,
            "20": 66.5,
            "21": 27.82,
            "22": 20.48
        },
        "9": {
            "0": 53.13,
            "1": 36.87,
            "2": 22.06,
            "3": 35.25,
            "4": 42.67,
            "5": 23.99,
            "6": 13.59,
            "7": 10.39,
            "8": 64.4,
            "10": 33.41,
            "11": 49.84,
            "12": 25.42,
            "13": 29.07,
            "14": 12.91,
            "15": 64.87,
            "16": 62.97,
            "17": 43.51,
            "18": 38.46,
            "19": 50.56,
            "20": 37.23,
            "21": 28.24,
            "22": 35.36
        },
        "10": {
            "0": 2.97,
            "1": 41.62,
            "2": 44.66,
            "3": 3.16,
            "4": 8.96,
            "5": 37.42,
            "6": 41.33,
            "7": 33.51,
            "8": 16.66,
            "9": 33.41,
            "11": 5.26,
            "12": 36.61,
            "13": 68.67,
            "14": 15.47,
            "15": 62.55,
            "16": 40.34,
            "17": 48.64,
            "18": 26.45,
            "19": 32.78,
            "20": 25.79,
            "21": 46.96,
            "22": 39.2
        },
        "11": {
            "0": 60.33,
            "1": 44.94,
            "2": 62.2,
            "3": 25.78,
            "4": 36.35,
            "5": 38.73,
            "6": 40.45,
            "7": 15.06,
            "8": 44.95,
            "9": 49.84,
            "10": 5.26,
            "12": 35.45,
            "13": 30.76,
            "14": 60.98,
            "15": 36.27,
            "16": 22.06,
            "17": 34.46,
            "18": 32.75,
            "19": 49.84,
            "20": 34.72,
            "21": 43.26,
            "22": 25.28
        },
        "12": {
            "0": 7.19,
            "1": 48.73,
            "2": 44.89,
            "3": 40.45,
            "4": 20.65,
            "5": 44.34,
            "6": 53.55,
            "7": 21.63,
            "8": 52.21,
            "9": 25.42,
            "10": 36.61,
            "11": 35.45,
            "13": 39.86,
            "14": 36.35,
            "15": 43.59,
            "16": 36.52,
            "17": 27.97,
            "18": 43.16,
            "19": 35.96,
            "20": 31.02,
            "21": 27.76,
            "22": 20.96
        },
        "13": {
            "0": 18.14,
            "1": 40.52,
            "2": 5.77,
            "3": 42.14,
            "4": 57.2,
            "5": 31.3,
            "6": 66.03,
            "7": 33.55,
            "8": 11.38,
            "9": 29.07,
            "10": 68.67,
            "11": 30.76,
            "12": 39.86,
            "14": 30.04,
            "15": 26.36,
            "16": 47.91,
            "17": 5.95,
            "18": 3.18,
            "19": 22.68,
            "20": 39.25,
            "21": 53.33,
            "22": 41.77
        },
        "14": {
            "0": 39.04,
            "1": 32.6,
            "2": 33.6,
            "3": 65.12,
            "4": 45.3,
            "5": 13.76,
            "6": 54.67,
            "7": 35.8,
            "8": 33.96,
            "9": 12.91,
            "10": 15.47,
            "11": 60.98,
            "12": 36.35,
            "13": 30.04,
            "15": 44.91,
            "16": 35.69,
            "17": 25.71,
            "18": 41.49,
            "19": 44.84,
            "20": 49.19,
            "21": 34.54,
            "22": 63.52
        },
        "15": {
            "0": 16.07,
            "1": 32.44,
            "2": 43.22,
            "3": 51.3,
            "4": 15.75,
            "5": 46.21,
            "6": 2.53,
            "7": 48.64,
            "8": 45.4,
            "9": 64.87,
            "10": 62.55,
            "11": 36.27,
            "12": 43.59,
            "13": 26.36,
            "14": 44.91,
            "16": 30.64,
            "17": 33.32,
            "18": 56.7,
            "19": 58.34,
            "20": 23.33,
            "21": 32.62,
            "22": 38.67
        },
        "16": {
            "0": 5.58,
            "1": 0.57,
            "2": 20.64,
            "3": 24.92,
            "4": 51.98,
            "5": 32.08,
            "6": 13.9,
            "7": 45.24,
            "8": 22.2,
            "9": 62.97,
            "10": 40.34,
            "11": 22.06,
            "12": 36.52,
            "13": 47.91,
            "14": 35.69,
            "15": 30.64,
            "17": 33.47,
            "18": 16.54,
            "19": 37.61,
            "20": 26.84,
            "21": 19.58,
            "22": 37.91
        },
        "17": {
            "0": 30.53,
            "1": 38.98,
            "2": 7.59,
            "3": 66.1,
            "4": 37.76,
            "5": 51.54,
            "6": 39.88,
            "7": 33.25,
            "8": 7.83,
            "9": 43.51,
            "10": 48.64,
            "11": 34.46,
            "12": 27.97,
            "13": 5.95,
            "14": 25.71,
            "15": 33.32,
            "16": 33.47,
            "18": 63.12,
            "19": 41.07,
            "20": 16.81,
            "21": 30.92,
            "22": 26.93
        },
        "18": {
            "0": -4.75,
            "1": 46.74,
            "2": 35.81,
            "3": 34.12,
            "4": 29.42,
            "5": 16.69,
            "6": 30.05,
            "7": 49.06,
            "8": 37.93,
            "9": 38.46,
            "10": 26.45,
            "11": 32.75,
            "12": 43.16,
            "13": 3.18,
            "14": 41.49,
            "15": 56.7,
            "16": 16.54,
            "17": 63.12,
            "19": 36.55,
            "20": 27.76,
            "21": 31.13,
            "22": 45.28
        },
        "19": {
            "0": 14.75,
            "1": 33.43,
            "2": 36.52,
            "3": 14.19,
            "4": 51.42,
            "5": 27.66,
            "6": 37.57,
            "7": 45.27,
            "8": 21.97,
            "9": 50.56,
            "10": 32.78,
            "11": 49.84,
            "12": 35.96,
            "13": 22.68,
            "14": 44.84,
            "15": 58.34,
            "16": 37.61,
            "17": 41.07,
            "18": 36.55,
            "20": 13.13,
            "21": 18.93,
            "22": 47.0
        },
        "20": {
            "0": 60.13,
            "1": 33.69,
            "2": 50.13,
            "3": 43.53,
            "4": 26.52,
            "5": 22.05,
            "6": 60.78,
            "7": 3.38,
            "8": 66.5,
            "9": 37.23,
            "10": 25.79,
            "11": 34.72,
            "12": 31.02,
            "13": 39.25,
            "14": 49.19,
            "15": 23.33,
            "16": 26.84,
            "17": 16.81,
            "18": 27.76,
            "19": 13.13,
            "21": 21.65,
            "22": 49.68
        },
        "21": {
            "0": 56.29,
            "1": 25.61,
            "2": 52.71,
            "3": 32.31,
            "4": 24.94,
            "5": 42.9,
            "6": 32.3,
            "7": 20.73,
            "8": 27.82,
            "9": 28.24,
            "10": 46.96,
            "11": 43.26,
            "12": 27.76,
            "13": 53.33,
            "14": 34.54,
            "15": 32.62,
            "16": 19.58,
            "17": 30.92,
            "18": 31.13,
            "19": 18.93,
            "20": 21.65,
            "22": 50.73
        },
        "22": {
            "0": 29.69,
            "1": 8.55,
            "2": 40.16,
            "3": 39.45,
            "4": 38.28,
            "5": 63.67,
            "6": 48.75,
            "7": 29.8,
            "8": 20.48,
            "9": 35.36,
            "10": 39.2,
            "11": 25.28,
            "12": 20.96,
            "13": 41.77,
            "14": 63.52,
            "15": 38.67,
            "16": 37.91,
            "17": 26.93,
            "18": 45.28,
            "19": 47.0,
            "20": 49.68,
            "21": 50.73
        }
    }
}