{
    "knapsack_size": 3343,
    "Gamma": 14,
    "n_items": 19,
    "costs": {
        "0": {
            "l": 73.41,
            "a": 129.69,
            "u": 151.07
        },
        "1": {
            "l": 51.93,
            "a": 136.54,
            "u": 150.53
        },
        "2": {
            "l": 78.98,
            "a": 128.99,
            "u": 157.02
        },
        "3": {
            "l": 67.81,
            "a": 111.45,
            "u": 144.4
        },
        "4": {
            "l": 72.57,
            "a": 116.01,
            "u": 158.28
        },
        "5": {
            "l": 69.31,
            "a": 134.02,
            "u": 177.01
        },
        "6": {
            "l": 77.07,
            "a": 114.55,
            "u": 139.63
        },
        "7": {
            "l": 72.84,
            "a": 131.85,
            "u": 156.11
        },
        "8": {
            "l": 70.03,
            "a": 118.36,
            "u": 139.49
        },
        "9": {
            "l": 74.27,
            "a": 127.35,
            "u": 146.46
        },
        "10": {
            "l": 62.88,
            "a": 115.67,
            "u": 157.21
        },
        "11": {
            "l": 72.27,
            "a": 121.78,
            "u": 146.33
        },
        "12": {
            "l": 69.0,
            "a": 122.42,
            "u": 168.74
        },
        "13": {
            "l": 76.99,
            "a": 103.64,
            "u": 150.35
        },
        "14": {
            "l": 89.7,
            "a": 112.19,
            "u": 146.41
        },
        "15": {
            "l": 82.99,
            "a": 140.49,
            "u": 156.51
        },
        "16": {
            "l": 69.51,
            "a": 114.64,
            "u": 140.71
        },
        "17": {
            "l": 71.64,
            "a": 105.38,
            "u": 156.49
        },
        "18": {
            "l": 79.18,
            "a": 130.96,
            "u": 160.37
        }
    },
    "profits": {
        "0": 183.61,
        "1": 174.65,
        "2": 183.95,
        "3": 185.16,
        "4": 185.92,
        "5": 186.84,
        "6": 190.56,
        "7": 182.53,
        "8": 189.89,
        "9": 179.48,
        "10": 187.93,
        "11": 165.03,
        "12": 192.66,
        "13": 173.75,
        "14": 165.13,
        "15": 187.05,
        "16": 191.44,
        "17": 185.54,
        "18": 193.57
    },
    "synergies": {
        "0": {
            "1": 20.86,
            "2": 9.64,
            "3": 22.62,
            "4": 60.36,
            "5": 45.77,
            "6": 27.4,
            "7": 37.57,
            "8": 7.61,
            "9": -10.94,
            "10": 33.27,
            "11": 38.18,
            "12": 53.88,
            "13": 40.34,
            "14": 45.08,
            "15": 40.99,
            "16": 60.34,
            "17": 20.46,
            "18": 2.57
        },
        "1": {
            "0": 20.86,
            "2": 30.45,
            "3": 41.6,
            "4": 48.0,
            "5": 9.57,
            "6": 35.21,
            "7": 30.67,
            "8": 44.63,
            "9": 45.27,
            "10": 31.43,
            "11": 52.77,
            "12": 21.8,
            "13": 41.67,
            "14": 18.46,
            "15": 36.79,
            "16": 28.34,
            "17": 43.04,
            "18": 26.15
        },
        "2": {
            "0": 9.64,
            "1": 30.45,
            "3": 47.84,
            "4": 33.6,
            "5": 48.36,
            "6": 45.99,
            "7": -1.05,
            "8": 54.41,
            "9": 24.72,
            "10": 3.23,
            "11": 48.88,
            "12": 27.42,
            "13": 46.08,
            "14": 64.67,
            "15": 14.1,
            "16": 49.03,
            "17": 44.42,
            "18": 38.82
        },
        "3": {
            "0": 22.62,
            "1": 41.6,
            "2": 47.84,
            "4": 26.62,
            "5": 20.13,
            "6": 42.63,
            "7": 36.37,
            "8": 43.57,
            "9": 36.08,
            "10": 55.39,
            "11": 32.87,
            "12": 43.03,
            "13": 48.39,
            "14": 31.62,
            "15": 20.4,
            "16": 41.33,
            "17": 17.93,
            "18": 6.1
        },
        "4": {
            "0": 60.36,
            "1": 48.0,
            "2": 33.6,
            "3": 26.62,
            "5": 19.43,
            "6": 27.55,
            "7": 63.92,
            "8": 21.59,
            "9": 42.43,
            "10": 55.84,
            "11": 43.74,
            "12": 41.89,
            "13": 35.55,
            "14": 22.13,
            "15": 45.41,
            "16": 23.11,
            "17": 17.11,
            "18": 24.18
        },
        "5": {
            "0": 45.77,
            "1": 9.57,
            "2": 48.36,
            "3": 20.13,
            "4": 19.43,
            "6": 18.92,
            "7": 8.13,
            "8": 27.38,
            "9": 21.98,
            "10": 51.67,
            "11": 37.38,
            "12": 38.17,
            "13": 56.57,
            "14": 26.56,
            "15": 7.33,
            "16": 20.29,
            "17": 23.5,
            "18": 48.84
        },
        "6": {
            "0": 27.4,
            "1": 35.21,
            "2": 45.99,
            "3": 42.63,
            "4": 27.55,
            "5": 18.92,
            "7": 32.74,
            "8": 32.49,
            "9": 35.31,
            "10": 45.3,
            "11": 41.43,
            "12": 38.99,
            "13": 27.05,
            "14": 25.26,
            "15": 31.45,
            "16": 37.68,
            "17": 36.38,
            "18": 50.62
        },
        "7": {
            "0": 37.57,
            "1": 30.67,
            "2": -1.05,
            "3": 36.37,
            "4": 63.92,
            "5": 8.13,
            "6": 32.74,
            "8": 19.51,
            "9": 28.31,
            "10": 39.88,
            "11": 30.98,
            "12": 59.43,
            "13": 34.27,
            "14": 49.57,
            "15": 46.81,
            "16": 37.56,
            "17": 35.74,
            "18": 35.67
        },
        "8": {
            "0": 7.61,
            "1": 44.63,
            "2": 54.41,
            "3": 43.57,
            "4": 21.59,
            "5": 27.38,
            "6": 32.49,
            "7": 19.51,
            "9": 45.59,
            "10": 50.57,
            "11": 33.84,
            "12": 3.48,
            "13": 36.55,
            "14": 32.35,
            "15": 29.07,
            "16": 32.64,
            "17": 63.13,
            "18": 59.17
        },
        "9": {
            "0": -10.94,
            "1": 45.27,
            "2": 24.72,
            "3": 36.08,
            "4": 42.43,
            "5": 21.98,
            "6": 35.31,
            "7": 28.31,
            "8": 45.59,
            "10": 45.61,
            "11": 41.15,
            "12": 59.41,
            "13": 29.72,
            "14": 12.17,
            "15": 36.23,
            "16": 42.44,
            "17": 8.38,
            "18": 62.73
        },
        "10": {
            "0": 33.27,
            "1": 31.43,
            "2": 3.23,
            "3": 55.39,
            "4": 55.84,
            "5": 51.67,
            "6": 45.3,
            "7": 39.88,
            "8": 50.57,
            "9": 45.61,
            "11": 20.54,
            "12": 21.08,
            "13": 47.84,
            "14": 42.64,
            "15": 49.15,
            "16": 49.66,
            "17": 19.38,
            "18": 44.54
        },
        "11": {
            "0": 38.18,
            "1": 52.77,
            "2": 48.88,
            "3": 32.87,
            "4": 43.74,
            "5": 37.38,
            "6": 41.43,
            "7": 30.98,
            "8": 33.84,
            "9": 41.15,
            "10": 20.54,
            "12": 12.72,
            "13": 58.99,
            "14": 23.33,
            "15": 56.68,
            "16": 38.32,
            "17": 10.59,
            "18": 43.86
        },
        "12": {
            "0": 53.88,
            "1": 21.8,
            "2": 27.42,
            "3": 43.03,
            "4": 41.89,
            "5": 38.17,
            "6": 38.99,
            "7": 59.43,
            "8": 3.48,
            "9": 59.41,
            "10": 21.08,
            "11": 12.72,
            "13": 40.67,
            "14": 35.88,
            "15": 40.82,
            "16": 40.98,
            "17": 18.66,
            "18": 49.04
        },
        "13": {
            "0": 40.34,
            "1": 41.67,
            "2": 46.08,
            "3": 48.39,
            "4": 35.55,
            "5": 56.57,
            "6": 27.05,
            "7": 34.27,
            "8": 36.55,
            "9": 29.72,
            "10": 47.84,
            "11": 58.99,
            "12": 40.67,
            "14": 39.05,
            "15": 26.17,
            "16": 22.32,
            "17": 33.4,
            "18": 51.38
        },
        "14": {
            "0": 45.08,
            "1": 18.46,
            "2": 64.67,
            "3": 31.62,
            "4": 22.13,
            "5": 26.56,
            "6": 25.26,
            "7": 49.57,
            "8": 32.35,
            "9": 12.17,
            "10": 42.64,
            "11": 23.33,
            "12": 35.88,
            "13": 39.05,
            "15": 61.54,
            "16": 15.78,
            "17": 47.74,
            "18": 33.65
        },
        "15": {
            "0": 40.99,
            "1": 36.79,
            "2": 14.1,
            "3": 20.4,
            "4": 45.41,
            "5": 7.33,
            "6": 31.45,
            "7": 46.81,
            "8": 29.07,
            "9": 36.23,
            "10": 49.15,
            "11": 56.68,
            "12": 40.82,
            "13": 26.17,
            "14": 61.54,
            "16": 44.43,
            "17": 37.57,
            "18": 44.35
        },
        "16": {
            "0": 60.34,
            "1": 28.34,
            "2": 49.03,
            "3": 41.33,
            "4": 23.11,
            "5": 20.29,
            "6": 37.68,
            "7": 37.56,
            "8": 32.64,
            "9": 42.44,
            "10": 49.66,
            "11": 38.32,
            "12": 40.98,
            "13": 22.32,
            "14": 15.78,
            "15": 44.43,
            "17": 59.77,
            "18": 72.78
        },
        "17": {
            "0": 20.46,
            "1": 43.04,
            "2": 44.42,
            "3": 17.93,
            "4": 17.11,
            "5": 23.5,
            "6": 36.38,
            "7": 35.74,
            "8": 63.13,
            "9": 8.38,
            "10": 19.38,
            "11": 10.59,
            "12": 18.66,
            "13": 33.4,
            "14": 47.74,
            "15": 37.57,
            "16": 59.77,
            "18": 51.72
        },
        "18": {
            "0": 2.57,
            "1": 26.15,
            "2": 38.82,
            "3": 6.1,
            "4": 24.18,
            "5": 48.84,
            "6": 50.62,
            "7": 35.67,
            "8": 59.17,
            "9": 62.73,
            "10": 44.54,
            "11": 43.86,
            "12": 49.04,
            "13": 51.38,
            "14": 33.65,
            "15": 44.35,
            "16": 72.78,
            "17": 51.72
        }
    }
}