{
    "knapsack_size": 2478,
    "Gamma": 19,
    "n_items": 22,
    "costs": {
        "0": {
            "l": 71.68,
            "a": 139.63,
            "u": 149.34
        },
        "1": {
            "l": 83.53,
            "a": 125.74,
            "u": 162.57
        },
        "2": {
            "l": 73.9,
            "a": 126.23,
            "u": 167.76
        },
        "3": {
            "l": 74.62,
            "a": 112.93,
            "u": 150.58
        },
        "4": {
            "l": 84.92,
            "a": 114.81,
            "u": 163.05
        },
        "5": {
            "l": 52.38,
            "a": 115.66,
            "u": 154.78
        },
        "6": {
            "l": 60.83,
            "a": 119.16,
            "u": 142.81
        },
        "7": {
            "l": 82.54,
            "a": 116.18,
            "u": 155.67
        },
        "8": {
            "l": 71.23,
            "a": 117.64,
            "u": 150.78
        },
        "9": {
            "l": 65.74,
            "a": 136.09,
            "u": 138.62
        },
        "10": {
            "l": 66.61,
            "a": 130.48,
            "u": 153.63
        },
        "11": {
            "l": 77.48,
            "a": 134.49,
            "u": 150.77
        },
        "12": {
            "l": 64.63,
            "a": 119.35,
            "u": 166.88
        },
        "13": {
            "l": 75.59,
            "a": 148.99,
            "u": 151.78
        },
        "14": {
            "l": 66.32,
            "a": 121.0,
            "u": 146.89
        },
        "15": {
            "l": 74.5,
            "a": 128.33,
            "u": 153.42
        },
        "16": {
            "l": 64.48,
            "a": 123.5,
            "u": 152.73
        },
        "17": {
            "l": 90.33,
            "a": 120.52,
            "u": 143.07
        },
        "18": {
            "l": 71.88,
            "a": 125.58,
            "u": 160.56
        },
        "19": {
            "l": 71.79,
            "a": 121.05,
            "u": 142.74
        },
        "20": {
            "l": 70.31,
            "a": 138.88,
            "u": 156.96
        },
        "21": {
            "l": 64.18,
            "a": 121.51,
            "u": 167.61
        }
    },
    "profits": {
        "0": 173.5,
        "1": 189.74,
        "2": 175.57,
        "3": 174.92,
        "4": 172.35,
        "5": 185.06,
        "6": 175.42,
        "7": 198.12,
        "8": 188.59,
        "9": 181.22,
        "10": 174.05,
        "11": 173.39,
        "12": 186.34,
        "13": 199.97,
        "14": 188.07,
        "15": 189.21,
        "16": 186.16,
        "17": 182.26,
        "18": 185.11,
        "19": 167.72,
        "20": 194.51,
        "21": 178.91
    },
    "synergies": {
        "0": {
            "1": 35.34,
            "2": 29.22,
            "3": 38.02,
            "4": -0.93,
            "5": 44.64,
            "6": 42.56,
            "7": 48.29,
            "8": 61.67,
            "9": 26.98,
            "10": 4.4,
            "11": 25.08,
            "12": 58.79,
            "13": 11.74,
            "14": 42.39,
            "15": 66.53,
            "16": 49.03,
            "17": 29.08,
            "18": 22.91,
            "19": 21.67,
            "20": 18.12,
            "21": 28.15
        },
        "1": {
            "0": 35.34,
            "2": 49.7,
            "3": 36.27,
            "4": 50.47,
            "5": 46.6,
            "6": 50.77,
            "7": 9.36,
            "8": 40.13,
            "9": 41.76,
            "10": 13.44,
            "11": 45.04,
            "12": 38.91,
            "13": 45.32,
            "14": 50.65,
            "15": 40.35,
            "16": 25.86,
            "17": 7.1,
            "18": 14.41,
            "19": 22.93,
            "20": 33.64,
            "21": 36.4
        },
        "2": {
            "0": 29.22,
            "1": 49.7,
            "3": 54.15,
            "4": 32.49,
            "5": 52.37,
            "6": 59.16,
            "7": 51.04,
            "8": 29.74,
            "9": 24.77,
            "10": 71.62,
            "11": 46.83,
            "12": 61.77,
            "13": 43.05,
            "14": 17.55,
            "15": 24.4,
            "16": 5.26,
            "17": 30.52,
            "18": 38.8,
            "19": 28.48,
            "20": 45.9,
            "21": 32.77
        },
        "3": {
            "0": 38.02,
            "1": 36.27,
            "2": 54.15,
            "4": 36.36,
            "5": 45.49,
            "6": 32.51,
            "7": 37.0,
            "8": 50.38,
            "9": 10.52,
            "10": 15.45,
            "11": 2.8,
            "12": 45.64,
            "13": 39.33,
            "14": 21.55,
            "15": 51.15,
            "16": 73.19,
            "17": 20.24,
            "18": 21.2,
            "19": 44.57,
            "20": 46.3,
            "21": 33.49
        },
        "4": {
            "0": -0.93,
            "1": 50.47,
            "2": 32.49,
            "3": 36.36,
            "5": 26.07,
            "6": 55.31,
            "7": 42.77,
            "8": 29.04,
            "9": 20.75,
            "10": 52.69,
            "11": 25.75,
            "12": 21.97,
            "13": 37.59,
            "14": 43.06,
            "15": 29.62,
            "16": 57.79,
            "17": 53.26,
            "18": 25.32,
            "19": 17.56,
            "20": 44.09,
            "21": 25.02
        },
        "5": {
            "0": 44.64,
            "1": 46.6,
            "2": 52.37,
            "3": 45.49,
            "4": 26.07,
            "6": 38.28,
            "7": 36.06,
            "8": 65.05,
            "9": 32.05,
            "10": 30.87,
            "11": 29.66,
            "12": 24.66,
            "13": 51.38,
            "14": 23.16,
            "15": 22.14,
            "16": 38.48,
            "17": 58.75,
            "18": 34.69,
            "19": 37.61,
            "20": 60.1,
            "21": 27.3
        },
        "6": {
            "0": 42.56,
            "1": 50.77,
            "2": 59.16,
            "3": 32.51,
            "4": 55.31,
            "5": 38.28,
            "7": 15.8,
            "8": 31.16,
            "9": 32.97,
            "10": 29.55,
            "11": 29.5,
            "12": 36.89,
            "13": 25.81,
            "14": 35.29,
            "15": 50.93,
            "16": 50.63,
            "17": 48.35,
            "18": 21.33,
            "19": 16.97,
            "20": 60.22,
            "21": 13.8
        },
        "7": {
            "0": 48.29,
            "1": 9.36,
            "2": 51.04,
            "3": 37.0,
            "4": 42.77,
            "5": 36.06,
            "6": 15.8,
            "8": 47.91,
            "9": 49.08,
            "10": 61.31,
            "11": 63.76,
            "12": 14.19,
            "13": 50.63,
            "14": 27.47,
            "15": 25.65,
            "16": 15.83,
            "17": 38.88,
            "18": 36.02,
            "19": 15.54,
            "20": 45.38,
            "21": 52.17
        },
        "8": {
            "0": 61.67,
            "1": 40.13,
            "2": 29.74,
            "3": 50.38,
            "4": 29.04,
            "5": 65.05,
            "6": 31.16,
            "7": 47.91,
            "9": 42.19,
            "10": 62.24,
            "11": 55.32,
            "12": 22.95,
            "13": 46.21,
            "14": 51.79,
            "15": 37.48,
            "16": 35.46,
            "17": 21.36,
            "18": 53.95,
            "19": 47.05,
            "20": 46.91,
            "21": 35.97
        },
        "9": {
            "0": 26.98,
            "1": 41.76,
            "2": 24.77,
            "3": 10.52,
            "4": 20.75,
            "5": 32.05,
            "6": 32.97,
            "7": 49.08,
            "8": 42.19,
            "10": 38.17,
            "11": 39.75,
            "12": 33.8,
            "13": 47.82,
            "14": 27.96,
            "15": 18.38,
            "16": 50.88,
            "17": 53.21,
            "18": 52.4,
            "19": 60.75,
            "20": 35.54,
            "21": 22.62
        },
        "10": {
            "0": 4.4,
            "1": 13.44,
            "2": 71.62,
            "3": 15.45,
            "4": 52.69,
            "5": 30.87,
            "6": 29.55,
            "7": 61.31,
            "8": 62.24,
            "9": 38.17,
            "11": 12.6,
            "12": 4.44,
            "13": 27.28,
            "14": 31.5,
            "15": 35.12,
            "16": 30.54,
            "17": 17.23,
            "18": 44.67,
            "19": 48.54,
            "20": 29.98,
            "21": 58.4
        },
        "11": {
            "0": 25.08,
            "1": 45.04,
            "2": 46.83,
            "3": 2.8,
            "4": 25.75,
            "5": 29.66,
            "6": 29.5,
            "7": 63.76,
            "8": 55.32,
            "9": 39.75,
            "10": 12.6,
            "12": 25.65,
            "13": 41.39,
            "14": 41.88,
            "15": 36.22,
            "16": 52.91,
            "17": 39.88,
            "18": 51.71,
            "19": 14.77,
            "20": 25.73,
            "21": 48.58
        },
        "12": {
            "0": 58.79,
            "1": 38.91,
            "2": 61.77,
            "3": 45.64,
            "4": 21.97,
            "5": 24.66,
            "6": 36.89,
            "7": 14.19,
            "8": 22.95,
            "9": 33.8,
            "10": 4.44,
            "11": 25.65,
            "13": 35.97,
            "14": 40.16,
            "15": 55.97,
            "16": 57.56,
            "17": 34.89,
            "18": 16.61,
            "19": 16.67,
            "20": 34.85,
            "21": 43.21
        },
        "13": {
            "0": 11.74,
            "1": 45.32,
            "2": 43.05,
            "3": 39.33,
            "4": 37.59,
            "5": 51.38,
            "6": 25.81,
            "7": 50.63,
            "8": 46.21,
            "9": 47.82,
            "10": 27.28,
            "11": 41.39,
            "12": 35.97,
            "14": 38.66,
            "15": 37.15,
            "16": 38.4,
            "17": 30.49,
            "18": 45.94,
            "19": 18.2,
            "20": 27.94,
            "21": 33.18
        },
        "14": {
            "0": 42.39,
            "1": 50.65,
            "2": 17.55,
            "3": 21.55,
            "4": 43.06,
            "5": 23.16,
            "6": 35.29,
            "7": 27.47,
            "8": 51.79,
            "9": 27.96,
            "10": 31.5,
            "11": 41.88,
            "12": 40.16,
            "13": 38.66,
            "15": 38.08,
            "16": 47.04,
            "17": 28.3,
            "18": 55.41,
            "19": 10.53,
            "20": 28.85,
            "21": 43.31
        },
        "15": {
            "0": 66.53,
            "1": 40.35,
            "2": 24.4,
            "3": 51.15,
            "4": 29.62,
            "5": 22.14,
            "6": 50.93,
            "7": 25.65,
            "8": 37.48,
            "9": 18.38,
            "10": 35.12,
            "11": 36.22,
            "12": 55.97,
            "13": 37.15,
            "14": 38.08,
            "16": 24.57,
            "17": 38.38,
            "18": 34.28,
            "19": 61.21,
            "20": 15.5,
            "21": 44.6
        },
        "16": {
            "0": 49.03,
            "1": 25.86,
            "2": 5.26,
            "3": 73.19,
            "4": 57.79,
            "5": 38.48,
            "6": 50.63,
            "7": 15.83,
            "8": 35.46,
            "9": 50.88,
            "10": 30.54,
            "11": 52.91,
            "12": 57.56,
            "13": 38.4,
            "14": 47.04,
            "15": 24.57,
            "17": 37.03,
            "18": 62.23,
            "19": 42.22,
            "20": 58.8,
            "21": 48.18
        },
        "17": {
            "0": 29.08,
            "1": 7.1,
            "2": 30.52,
            "3": 20.24,
            "4": 53.26,
            "5": 58.75,
            "6": 48.35,
            "7": 38.88,
            "8": 21.36,
            "9": 53.21,
            "10": 17.23,
            "11": 39.88,
            "12": 34.89,
            "13": 30.49,
            "14": 28.3,
            "15": 38.38,
            "16": 37.03,
            "18": 40.36,
            "19": 46.35,
            "20": 45.43,
            "21": 52.48
        },
        "18": {
            "0": 22.91,
            "1": 14.41,
            "2": 38.8,
            "3": 21.2,
            "4": 25.32,
            "5": 34.69,
            "6": 21.33,
            "7": 36.02,
            "8": 53.95,
            "9": 52.4,
            "10": 44.67,
            "11": 51.71,
            "12": 16.61,
            "13": 45.94,
            "14": 55.41,
            "15": 34.28,
            "16": 62.23,
            "17": 40.36,
            "19": 46.26,
            "20": 22.78,
            "21": 53.46
        },
        "19": {
            "0": 21.67,
            "1": 22.93,
            "2": 28.48,
            "3": 44.57,
            "4": 17.56,
            "5": 37.61,
            "6": 16.97,
            "7": 15.54,
            "8": 47.05,
            "9": 60.75,
            "10": 48.54,
            "11": 14.77,
            "12": 16.67,
            "13": 18.2,
            "14": 10.53,
            "15": 61.21,
            "16": 42.22,
            "17": 46.35,
            "18": 46.26,
            "20": 0.81,
            "21": 47.46
        },
        "20": {
            "0": 18.12,
            "1": 33.64,
            "2": 45.9,
            "3": 46.3,
            "4": 44.09,
            "5": 60.1,
            "6": 60.22,
            "7": 45.38,
            "8": 46.91,
            "9": 35.54,
            "10": 29.98,
            "11": 25.73,
            "12": 34.85,
            "13": 27.94,
            "14": 28.85,
            "15": 15.5,
            "16": 58.8,
            "17": 45.43,
            "18": 22.78,
            "19": 0.81,
            "21": 37.58
        },
        "21": {
            "0": 28.15,
            "1": 36.4,
            "2": 32.77,
            "3": 33.49,
            "4": 25.02,
            "5": 27.3,
            "6": 13.8,
            "7": 52.17,
            "8": 35.97,
            "9": 22.62,
            "10": 58.4,
            "11": 48.58,
            "12": 43.21,
            "13": 33.18,
            "14": 43.31,
            "15": 44.6,
            "16": 48.18,
            "17": 52.48,
            "18": 53.46,
            "19": 47.46,
            "20": 37.58
        }
    }
}