{
    "knapsack_size": 40011,
    "Gamma": 3,
    "n_items": 36,
    "costs": {
        "0": {
            "u": 13336,
            "a": 10487,
            "l": 4320
        },
        "1": {
            "u": 13336,
            "a": 11514,
            "l": 4334
        },
        "2": {
            "u": 13336,
            "a": 12565,
            "l": 5875
        },
        "3": {
            "u": 13336,
            "a": 12311,
            "l": 5100
        },
        "4": {
            "u": 13336,
            "a": 10594,
            "l": 4633
        },
        "5": {
            "u": 13336,
            "a": 11191,
            "l": 4288
        },
        "6": {
            "u": 13336,
            "a": 11807,
            "l": 5167
        },
        "7": {
            "u": 13336,
            "a": 11024,
            "l": 4113
        },
        "8": {
            "u": 13336,
            "a": 12213,
            "l": 4161
        },
        "9": {
            "u": 13336,
            "a": 8768,
            "l": 3013
        },
        "10": {
            "u": 13336,
            "a": 12926,
            "l": 5897
        },
        "11": {
            "u": 13336,
            "a": 9707,
            "l": 3622
        },
        "12": {
            "u": 13336,
            "a": 13287,
            "l": 5601
        },
        "13": {
            "u": 13336,
            "a": 6915,
            "l": 3372
        },
        "14": {
            "u": 13336,
            "a": 10457,
            "l": 3583
        },
        "15": {
            "u": 13336,
            "a": 8473,
            "l": 3961
        },
        "16": {
            "u": 13336,
            "a": 12287,
            "l": 6046
        },
        "17": {
            "u": 13336,
            "a": 11947,
            "l": 5920
        },
        "18": {
            "u": 13336,
            "a": 8474,
            "l": 3739
        },
        "19": {
            "u": 13336,
            "a": 8411,
            "l": 4103
        },
        "20": {
            "u": 13336,
            "a": 12353,
            "l": 4986
        },
        "21": {
            "u": 13336,
            "a": 11403,
            "l": 5096
        },
        "22": {
            "u": 13336,
            "a": 9809,
            "l": 4842
        },
        "23": {
            "u": 13336,
            "a": 8788,
            "l": 2946
        },
        "24": {
            "u": 13336,
            "a": 9618,
            "l": 4220
        },
        "25": {
            "u": 13336,
            "a": 10627,
            "l": 3772
        },
        "26": {
            "u": 13336,
            "a": 8857,
            "l": 3494
        },
        "27": {
            "u": 13336,
            "a": 10919,
            "l": 4952
        },
        "28": {
            "u": 13336,
            "a": 11897,
            "l": 5457
        },
        "29": {
            "u": 13336,
            "a": 10960,
            "l": 4453
        },
        "30": {
            "u": 13336,
            "a": 7493,
            "l": 3425
        },
        "31": {
            "u": 13336,
            "a": 8605,
            "l": 2918
        },
        "32": {
            "u": 13336,
            "a": 9782,
            "l": 3382
        },
        "33": {
            "u": 13336,
            "a": 10879,
            "l": 4035
        },
        "34": {
            "u": 13336,
            "a": 9380,
            "l": 3491
        },
        "35": {
            "u": 13336,
            "a": 9395,
            "l": 4317
        }
    },
    "profits": {
        "0": 13390,
        "1": 13482,
        "2": 13411,
        "3": 13602,
        "4": 13613,
        "5": 13588,
        "6": 13361,
        "7": 13561,
        "8": 13420,
        "9": 13531,
        "10": 13524,
        "11": 13394,
        "12": 13616,
        "13": 13572,
        "14": 13491,
        "15": 13517,
        "16": 13392,
        "17": 13617,
        "18": 13602,
        "19": 13519,
        "20": 13365,
        "21": 13625,
        "22": 13357,
        "23": 13452,
        "24": 13534,
        "25": 13543,
        "26": 13337,
        "27": 13484,
        "28": 13618,
        "29": 13616,
        "30": 13449,
        "31": 13628,
        "32": 13454,
        "33": 13392,
        "34": 13563,
        "35": 13390
    },
    "synergies": {
        "0": {
            "1": -9,
            "2": -29,
            "3": -8,
            "4": 4,
            "5": -31,
            "6": -13,
            "7": 9,
            "8": -1,
            "9": 22,
            "10": 1,
            "11": 25,
            "12": 30,
            "13": -29,
            "14": 18,
            "15": 17,
            "16": -13,
            "17": 42,
            "18": -9,
            "19": 13,
            "20": 23,
            "21": 4,
            "22": 30,
            "23": -44,
            "24": -18,
            "25": -6,
            "26": -6,
            "27": -49,
            "28": -19,
            "29": 36,
            "30": -8,
            "31": 45,
            "32": -12,
            "33": 4,
            "34": 17,
            "35": 17
        },
        "1": {
            "0": -9,
            "2": -1,
            "3": 34,
            "4": -10,
            "5": 26,
            "6": 4,
            "7": -5,
            "8": -19,
            "9": 0,
            "10": 42,
            "11": 49,
            "12": 14,
            "13": -8,
            "14": -30,
            "15": 16,
            "16": -29,
            "17": 15,
            "18": 25,
            "19": -16,
            "20": -14,
            "21": 3,
            "22": -11,
            "23": 4,
            "24": -39,
            "25": -2,
            "26": 17,
            "27": 46,
            "28": 8,
            "29": -18,
            "30": -19,
            "31": -35,
            "32": -24,
            "33": 45,
            "34": -1,
            "35": -47
        },
        "2": {
            "0": -29,
            "1": -1,
            "3": -48,
            "4": -28,
            "5": -7,
            "6": 21,
            "7": 7,
            "8": 12,
            "9": 7,
            "10": -14,
            "11": 4,
            "12": 12,
            "13": 44,
            "14": 16,
            "15": -31,
            "16": -2,
            "17": 29,
            "18": 13,
            "19": -9,
            "20": -49,
            "21": -39,
            "22": -23,
            "23": -36,
            "24": -22,
            "25": -12,
            "26": 31,
            "27": 12,
            "28": -34,
            "29": -24,
            "30": 31,
            "31": 18,
            "32": -26,
            "33": 15,
            "34": -9,
            "35": -36
        },
        "3": {
            "0": -8,
            "1": 34,
            "2": -48,
            "4": 9,
            "5": -9,
            "6": 3,
            "7": 20,
            "8": -31,
            "9": 44,
            "10": -3,
            "11": -5,
            "12": 15,
            "13": 2,
            "14": -19,
            "15": 0,
            "16": -18,
            "17": 6,
            "18": 21,
            "19": -20,
            "20": -22,
            "21": 33,
            "22": 29,
            "23": -13,
            "24": 7,
            "25": -19,
            "26": -30,
            "27": -14,
            "28": -21,
            "29": 3,
            "30": 16,
            "31": -16,
            "32": -10,
            "33": 37,
            "34": 39,
            "35": 42
        },
        "4": {
            "0": 4,
            "1": -10,
            "2": -28,
            "3": 9,
            "5": -37,
            "6": 14,
            "7": -38,
            "8": 5,
            "9": -41,
            "10": -35,
            "11": -22,
            "12": 21,
            "13": -47,
            "14": -18,
            "15": 39,
            "16": -40,
            "17": -14,
            "18": -26,
            "19": -47,
            "20": -8,
            "21": -48,
            "22": 15,
            "23": 29,
            "24": 37,
            "25": 15,
            "26": -32,
            "27": -12,
            "28": -11,
            "29": -37,
            "30": -46,
            "31": -10,
            "32": 1,
            "33": -42,
            "34": -12,
            "35": 28
        },
        "5": {
            "0": -31,
            "1": 26,
            "2": -7,
            "3": -9,
            "4": -37,
            "6": 2,
            "7": 8,
            "8": 22,
            "9": -43,
            "10": 15,
            "11": -9,
            "12": 44,
            "13": -25,
            "14": 25,
            "15": 14,
            "16": 44,
            "17": 29,
            "18": 29,
            "19": -13,
            "20": 0,
            "21": 9,
            "22": 0,
            "23": -10,
            "24": 18,
            "25": 30,
            "26": -22,
            "27": -42,
            "28": -30,
            "29": 0,
            "30": -29,
            "31": -16,
            "32": -4,
            "33": 41,
            "34": 28,
            "35": 6
        },
        "6": {
            "0": -13,
            "1": 4,
            "2": 21,
            "3": 3,
            "4": 14,
            "5": 2,
            "7": -47,
            "8": -6,
            "9": -16,
            "10": 44,
            "11": -9,
            "12": 19,
            "13": -49,
            "14": 0,
            "15": 47,
            "16": 1,
            "17": -36,
            "18": -34,
            "19": 33,
            "20": -22,
            "21": 15,
            "22": 42,
            "23": 21,
            "24": 46,
            "25": -20,
            "26": -17,
            "27": -9,
            "28": -5,
            "29": 30,
            "30": 4,
            "31": -8,
            "32": 7,
            "33": 42,
            "34": -15,
            "35": 21
        },
        "7": {
            "0": 9,
            "1": -5,
            "2": 7,
            "3": 20,
            "4": -38,
            "5": 8,
            "6": -47,
            "8": -7,
            "9": -32,
            "10": -22,
            "11": -27,
            "12": 11,
            "13": 38,
            "14": -19,
            "15": -38,
            "16": -31,
            "17": 19,
            "18": -23,
            "19": -27,
            "20": -35,
            "21": 9,
            "22": 43,
            "23": 34,
            "24": 37,
            "25": 44,
            "26": -42,
            "27": -48,
            "28": -37,
            "29": -38,
            "30": -49,
            "31": -36,
            "32": -23,
            "33": -43,
            "34": -46,
            "35": -49
        },
        "8": {
            "0": -1,
            "1": -19,
            "2": 12,
            "3": -31,
            "4": 5,
            "5": 22,
            "6": -6,
            "7": -7,
            "9": 25,
            "10": -19,
            "11": -8,
            "12": 25,
            "13": 31,
            "14": 6,
            "15": -21,
            "16": -29,
            "17": 38,
            "18": 5,
            "19": -41,
            "20": -7,
            "21": -21,
            "22": -15,
            "23": 37,
            "24": 8,
            "25": 0,
            "26": 22,
            "27": 49,
            "28": 16,
            "29": -17,
            "30": 46,
            "31": -42,
            "32": -34,
            "33": 47,
            "34": 44,
            "35": 37
        },
        "9": {
            "0": 22,
            "1": 0,
            "2": 7,
            "3": 44,
            "4": -41,
            "5": -43,
            "6": -16,
            "7": -32,
            "8": 25,
            "10": 47,
            "11": 8,
            "12": -31,
            "13": -49,
            "14": 14,
            "15": -1,
            "16": 38,
            "17": 20,
            "18": 0,
            "19": -7,
            "20": 4,
            "21": -9,
            "22": 38,
            "23": 25,
            "24": 37,
            "25": 27,
            "26": 33,
            "27": -14,
            "28": 9,
            "29": -8,
            "30": -45,
            "31": 40,
            "32": -18,
            "33": 0,
            "34": -38,
            "35": 0
        },
        "10": {
            "0": 1,
            "1": 42,
            "2": -14,
            "3": -3,
            "4": -35,
            "5": 15,
            "6": 44,
            "7": -22,
            "8": -19,
            "9": 47,
            "11": 37,
            "12": 33,
            "13": -22,
            "14": 49,
            "15": 28,
            "16": -24,
            "17": 11,
            "18": 20,
            "19": -6,
            "20": 46,
            "21": -33,
            "22": -44,
            "23": 13,
            "24": 14,
            "25": 24,
            "26": -9,
            "27": 35,
            "28": -11,
            "29": -41,
            "30": 37,
            "31": 20,
            "32": 10,
            "33": -36,
            "34": -17,
            "35": 30
        },
        "11": {
            "0": 25,
            "1": 49,
            "2": 4,
            "3": -5,
            "4": -22,
            "5": -9,
            "6": -9,
            "7": -27,
            "8": -8,
            "9": 8,
            "10": 37,
            "12": 25,
            "13": -16,
            "14": 27,
            "15": 45,
            "16": 32,
            "17": 12,
            "18": 38,
            "19": -5,
            "20": -30,
            "21": -33,
            "22": 30,
            "23": 32,
            "24": -22,
            "25": -22,
            "26": -37,
            "27": 45,
            "28": 13,
            "29": 4,
            "30": 42,
            "31": -20,
            "32": -10,
            "33": -18,
            "34": 30,
            "35": -42
        },
        "12": {
            "0": 30,
            "1": 14,
            "2": 12,
            "3": 15,
            "4": 21,
            "5": 44,
            "6": 19,
            "7": 11,
            "8": 25,
            "9": -31,
            "10": 33,
            "11": 25,
            "13": 11,
            "14": -43,
            "15": -11,
            "16": -37,
            "17": -4,
            "18": -11,
            "19": -18,
            "20": -8,
            "21": -14,
            "22": 15,
            "23": -6,
            "24": 47,
            "25": -19,
            "26": -16,
            "27": -47,
            "28": 10,
            "29": -43,
            "30": 7,
            "31": -45,
            "32": -33,
            "33": -45,
            "34": -10,
            "35": 23
        },
        "13": {
            "0": -29,
            "1": -8,
            "2": 44,
            "3": 2,
            "4": -47,
            "5": -25,
            "6": -49,
            "7": 38,
            "8": 31,
            "9": -49,
            "10": -22,
            "11": -16,
            "12": 11,
            "14": -9,
            "15": -6,
            "16": -23,
            "17": -4,
            "18": 22,
            "19": 7,
            "20": -16,
            "21": -29,
            "22": 8,
            "23": 16,
            "24": -40,
            "25": 25,
            "26": 47,
            "27": -21,
            "28": -7,
            "29": 25,
            "30": 34,
            "31": -38,
            "32": -23,
            "33": 49,
            "34": -38,
            "35": -10
        },
        "14": {
            "0": 18,
            "1": -30,
            "2": 16,
            "3": -19,
            "4": -18,
            "5": 25,
            "6": 0,
            "7": -19,
            "8": 6,
            "9": 14,
            "10": 49,
            "11": 27,
            "12": -43,
            "13": -9,
            "15": 32,
            "16": 43,
            "17": -21,
            "18": 29,
            "19": 12,
            "20": -6,
            "21": 11,
            "22": 15,
            "23": -16,
            "24": 36,
            "25": 1,
            "26": 36,
            "27": 48,
            "28": 17,
            "29": -40,
            "30": -31,
            "31": -31,
            "32": -27,
            "33": 12,
            "34": 12,
            "35": -39
        },
        "15": {
            "0": 17,
            "1": 16,
            "2": -31,
            "3": 0,
            "4": 39,
            "5": 14,
            "6": 47,
            "7": -38,
            "8": -21,
            "9": -1,
            "10": 28,
            "11": 45,
            "12": -11,
            "13": -6,
            "14": 32,
            "16": 14,
            "17": 40,
            "18": -36,
            "19": 31,
            "20": 40,
            "21": -34,
            "22": -9,
            "23": 2,
            "24": 0,
            "25": 0,
            "26": -43,
            "27": 43,
            "28": 19,
            "29": -19,
            "30": 47,
            "31": 32,
            "32": -11,
            "33": 19,
            "34": -14,
            "35": 33
        },
        "16": {
            "0": -13,
            "1": -29,
            "2": -2,
            "3": -18,
            "4": -40,
            "5": 44,
            "6": 1,
            "7": -31,
            "8": -29,
            "9": 38,
            "10": -24,
            "11": 32,
            "12": -37,
            "13": -23,
            "14": 43,
            "15": 14,
            "17": 17,
            "18": -9,
            "19": 0,
            "20": 19,
            "21": 7,
            "22": 43,
            "23": 30,
            "24": -49,
            "25": -40,
            "26": 35,
            "27": 5,
            "28": 47,
            "29": 29,
            "30": 1,
            "31": 29,
            "32": 24,
            "33": -37,
            "34": 32,
            "35": 38
        },
        "17": {
            "0": 42,
            "1": 15,
            "2": 29,
            "3": 6,
            "4": -14,
            "5": 29,
            "6": -36,
            "7": 19,
            "8": 38,
            "9": 20,
            "10": 11,
            "11": 12,
            "12": -4,
            "13": -4,
            "14": -21,
            "15": 40,
            "16": 17,
            "18": 19,
            "19": 39,
            "20": 12,
            "21": -49,
            "22": 6,
            "23": -11,
            "24": -12,
            "25": -1,
            "26": -26,
            "27": 33,
            "28": -31,
            "29": 8,
            "30": 35,
            "31": 1,
            "32": 16,
            "33": -42,
            "34": 23,
            "35": 49
        },
        "18": {
            "0": -9,
            "1": 25,
            "2": 13,
            "3": 21,
            "4": -26,
            "5": 29,
            "6": -34,
            "7": -23,
            "8": 5,
            "9": 0,
            "10": 20,
            "11": 38,
            "12": -11,
            "13": 22,
            "14": 29,
            "15": -36,
            "16": -9,
            "17": 19,
            "19": 3,
            "20": -4,
            "21": 45,
            "22": -20,
            "23": 46,
            "24": -32,
            "25": 39,
            "26": -13,
            "27": -49,
            "28": -49,
            "29": -4,
            "30": -15,
            "31": -3,
            "32": -47,
            "33": 47,
            "34": -39,
            "35": 36
        },
        "19": {
            "0": 13,
            "1": -16,
            "2": -9,
            "3": -20,
            "4": -47,
            "5": -13,
            "6": 33,
            "7": -27,
            "8": -41,
            "9": -7,
            "10": -6,
            "11": -5,
            "12": -18,
            "13": 7,
            "14": 12,
            "15": 31,
            "16": 0,
            "17": 39,
            "18": 3,
            "20": -23,
            "21": -2,
            "22": 16,
            "23": 22,
            "24": -19,
            "25": -1,
            "26": -4,
            "27": 21,
            "28": -26,
            "29": -29,
            "30": -6,
            "31": 20,
            "32": 33,
            "33": 46,
            "34": 33,
            "35": 48
        },
        "20": {
            "0": 23,
            "1": -14,
            "2": -49,
            "3": -22,
            "4": -8,
            "5": 0,
            "6": -22,
            "7": -35,
            "8": -7,
            "9": 4,
            "10": 46,
            "11": -30,
            "12": -8,
            "13": -16,
            "14": -6,
            "15": 40,
            "16": 19,
            "17": 12,
            "18": -4,
            "19": -23,
            "21": -18,
            "22": -18,
            "23": -13,
            "24": -5,
            "25": 21,
            "26": 28,
            "27": 22,
            "28": -21,
            "29": -6,
            "30": -34,
            "31": 16,
            "32": -32,
            "33": 16,
            "34": -36,
            "35": 9
        },
        "21": {
            "0": 4,
            "1": 3,
            "2": -39,
            "3": 33,
            "4": -48,
            "5": 9,
            "6": 15,
            "7": 9,
            "8": -21,
            "9": -9,
            "10": -33,
            "11": -33,
            "12": -14,
            "13": -29,
            "14": 11,
            "15": -34,
            "16": 7,
            "17": -49,
            "18": 45,
            "19": -2,
            "20": -18,
            "22": 6,
            "23": 45,
            "24": -46,
            "25": -1,
            "26": 28,
            "27": 34,
            "28": 23,
            "29": 20,
            "30": 47,
            "31": -48,
            "32": -41,
            "33": -15,
            "34": -5,
            "35": 3
        },
        "22": {
            "0": 30,
            "1": -11,
            "2": -23,
            "3": 29,
            "4": 15,
            "5": 0,
            "6": 42,
            "7": 43,
            "8": -15,
            "9": 38,
            "10": -44,
            "11": 30,
            "12": 15,
            "13": 8,
            "14": 15,
            "15": -9,
            "16": 43,
            "17": 6,
            "18": -20,
            "19": 16,
            "20": -18,
            "21": 6,
            "23": -24,
            "24": -8,
            "25": 13,
            "26": -7,
            "27": -15,
            "28": -28,
            "29": -12,
            "30": -42,
            "31": -27,
            "32": 37,
            "33": 13,
            "34": -9,
            "35": 17
        },
        "23": {
            "0": -44,
            "1": 4,
            "2": -36,
            "3": -13,
            "4": 29,
            "5": -10,
            "6": 21,
            "7": 34,
            "8": 37,
            "9": 25,
            "10": 13,
            "11": 32,
            "12": -6,
            "13": 16,
            "14": -16,
            "15": 2,
            "16": 30,
            "17": -11,
            "18": 46,
            "19": 22,
            "20": -13,
            "21": 45,
            "22": -24,
            "24": 33,
            "25": -38,
            "26": -36,
            "27": -29,
            "28": 13,
            "29": 34,
            "30": -30,
            "31": 32,
            "32": -22,
            "33": -41,
            "34": -18,
            "35": -8
        },
        "24": {
            "0": -18,
            "1": -39,
            "2": -22,
            "3": 7,
            "4": 37,
            "5": 18,
            "6": 46,
            "7": 37,
            "8": 8,
            "9": 37,
            "10": 14,
            "11": -22,
            "12": 47,
            "13": -40,
            "14": 36,
            "15": 0,
            "16": -49,
            "17": -12,
            "18": -32,
            "19": -19,
            "20": -5,
            "21": -46,
            "22": -8,
            "23": 33,
            "25": -35,
            "26": 18,
            "27": 5,
            "28": 30,
            "29": -7,
            "30": 17,
            "31": -8,
            "32": 27,
            "33": -24,
            "34": 6,
            "35": 5
        },
        "25": {
            "0": -6,
            "1": -2,
            "2": -12,
            "3": -19,
            "4": 15,
            "5": 30,
            "6": -20,
            "7": 44,
            "8": 0,
            "9": 27,
            "10": 24,
            "11": -22,
            "12": -19,
            "13": 25,
            "14": 1,
            "15": 0,
            "16": -40,
            "17": -1,
            "18": 39,
            "19": -1,
            "20": 21,
            "21": -1,
            "22": 13,
            "23": -38,
            "24": -35,
            "26": 37,
            "27": 11,
            "28": 41,
            "29": -35,
            "30": 30,
            "31": 49,
            "32": -39,
            "33": -26,
            "34": 7,
            "35": 16
        },
        "26": {
            "0": -6,
            "1": 17,
            "2": 31,
            "3": -30,
            "4": -32,
            "5": -22,
            "6": -17,
            "7": -42,
            "8": 22,
            "9": 33,
            "10": -9,
            "11": -37,
            "12": -16,
            "13": 47,
            "14": 36,
            "15": -43,
            "16": 35,
            "17": -26,
            "18": -13,
            "19": -4,
            "20": 28,
            "21": 28,
            "22": -7,
            "23": -36,
            "24": 18,
            "25": 37,
            "27": -7,
            "28": 34,
            "29": 43,
            "30": -35,
            "31": 21,
            "32": 31,
            "33": 28,
            "34": 0,
            "35": 8
        },
        "27": {
            "0": -49,
            "1": 46,
            "2": 12,
            "3": -14,
            "4": -12,
            "5": -42,
            "6": -9,
            "7": -48,
            "8": 49,
            "9": -14,
            "10": 35,
            "11": 45,
            "12": -47,
            "13": -21,
            "14": 48,
            "15": 43,
            "16": 5,
            "17": 33,
            "18": -49,
            "19": 21,
            "20": 22,
            "21": 34,
            "22": -15,
            "23": -29,
            "24": 5,
            "25": 11,
            "26": -7,
            "28": -6,
            "29": -35,
            "30": 17,
            "31": 4,
            "32": -46,
            "33": -49,
            "34": 16,
            "35": -15
        },
        "28": {
            "0": -19,
            "1": 8,
            "2": -34,
            "3": -21,
            "4": -11,
            "5": -30,
            "6": -5,
            "7": -37,
            "8": 16,
            "9": 9,
            "10": -11,
            "11": 13,
            "12": 10,
            "13": -7,
            "14": 17,
            "15": 19,
            "16": 47,
            "17": -31,
            "18": -49,
            "19": -26,
            "20": -21,
            "21": 23,
            "22": -28,
            "23": 13,
            "24": 30,
            "25": 41,
            "26": 34,
            "27": -6,
            "29": 6,
            "30": -40,
            "31": -27,
            "32": -4,
            "33": 15,
            "34": 2,
            "35": -44
        },
        "29": {
            "0": 36,
            "1": -18,
            "2": -24,
            "3": 3,
            "4": -37,
            "5": 0,
            "6": 30,
            "7": -38,
            "8": -17,
            "9": -8,
            "10": -41,
            "11": 4,
            "12": -43,
            "13": 25,
            "14": -40,
            "15": -19,
            "16": 29,
            "17": 8,
            "18": -4,
            "19": -29,
            "20": -6,
            "21": 20,
            "22": -12,
            "23": 34,
            "24": -7,
            "25": -35,
            "26": 43,
            "27": -35,
            "28": 6,
            "30": 42,
            "31": 30,
            "32": 41,
            "33": -40,
            "34": 27,
            "35": -15
        },
        "30": {
            "0": -8,
            "1": -19,
            "2": 31,
            "3": 16,
            "4": -46,
            "5": -29,
            "6": 4,
            "7": -49,
            "8": 46,
            "9": -45,
            "10": 37,
            "11": 42,
            "12": 7,
            "13": 34,
            "14": -31,
            "15": 47,
            "16": 1,
            "17": 35,
            "18": -15,
            "19": -6,
            "20": -34,
            "21": 47,
            "22": -42,
            "23": -30,
            "24": 17,
            "25": 30,
            "26": -35,
            "27": 17,
            "28": -40,
            "29": 42,
            "31": -13,
            "32": 9,
            "33": 28,
            "34": -27,
            "35": 8
        },
        "31": {
            "0": 45,
            "1": -35,
            "2": 18,
            "3": -16,
            "4": -10,
            "5": -16,
            "6": -8,
            "7": -36,
            "8": -42,
            "9": 40,
            "10": 20,
            "11": -20,
            "12": -45,
            "13": -38,
            "14": -31,
            "15": 32,
            "16": 29,
            "17": 1,
            "18": -3,
            "19": 20,
            "20": 16,
            "21": -48,
            "22": -27,
            "23": 32,
            "24": -8,
            "25": 49,
            "26": 21,
            "27": 4,
            "28": -27,
            "29": 30,
            "30": -13,
            "32": 30,
            "33": -6,
            "34": 19,
            "35": -22
        },
        "32": {
            "0": -12,
            "1": -24,
            "2": -26,
            "3": -10,
            "4": 1,
            "5": -4,
            "6": 7,
            "7": -23,
            "8": -34,
            "9": -18,
            "10": 10,
            "11": -10,
            "12": -33,
            "13": -23,
            "14": -27,
            "15": -11,
            "16": 24,
            "17": 16,
            "18": -47,
            "19": 33,
            "20": -32,
            "21": -41,
            "22": 37,
            "23": -22,
            "24": 27,
            "25": -39,
            "26": 31,
            "27": -46,
            "28": -4,
            "29": 41,
            "30": 9,
            "31": 30,
            "33": -45,
            "34": -32,
            "35": 44
        },
        "33": {
            "0": 4,
            "1": 45,
            "2": 15,
            "3": 37,
            "4": -42,
            "5": 41,
            "6": 42,
            "7": -43,
            "8": 47,
            "9": 0,
            "10": -36,
            "11": -18,
            "12": -45,
            "13": 49,
            "14": 12,
            "15": 19,
            "16": -37,
            "17": -42,
            "18": 47,
            "19": 46,
            "20": 16,
            "21": -15,
            "22": 13,
            "23": -41,
            "24": -24,
            "25": -26,
            "26": 28,
            "27": -49,
            "28": 15,
            "29": -40,
            "30": 28,
            "31": -6,
            "32": -45,
            "34": -24,
            "35": -33
        },
        "34": {
            "0": 17,
            "1": -1,
            "2": -9,
            "3": 39,
            "4": -12,
            "5": 28,
            "6": -15,
            "7": -46,
            "8": 44,
            "9": -38,
            "10": -17,
            "11": 30,
            "12": -10,
            "13": -38,
            "14": 12,
            "15": -14,
            "16": 32,
            "17": 23,
            "18": -39,
            "19": 33,
            "20": -36,
            "21": -5,
            "22": -9,
            "23": -18,
            "24": 6,
            "25": 7,
            "26": 0,
            "27": 16,
            "28": 2,
            "29": 27,
            "30": -27,
            "31": 19,
            "32": -32,
            "33": -24,
            "35": -16
        },
        "35": {
            "0": 17,
            "1": -47,
            "2": -36,
            "3": 42,
            "4": 28,
            "5": 6,
            "6": 21,
            "7": -49,
            "8": 37,
            "9": 0,
            "10": 30,
            "11": -42,
            "12": 23,
            "13": -10,
            "14": -39,
            "15": 33,
            "16": 38,
            "17": 49,
            "18": 36,
            "19": 48,
            "20": 9,
            "21": 3,
            "22": 17,
            "23": -8,
            "24": 5,
            "25": 16,
            "26": 8,
            "27": -15,
            "28": -44,
            "29": -15,
            "30": 8,
            "31": -22,
            "32": 44,
            "33": -33,
            "34": -16
        }
    }
}