{
    "knapsack_size": 1200,
    "Gamma": 32,
    "n_items": 40,
    "costs": {
        "0": {
            "u": 37,
            "a": 23,
            "l": 9
        },
        "1": {
            "u": 37,
            "a": 19,
            "l": 8
        },
        "2": {
            "u": 37,
            "a": 36,
            "l": 14
        },
        "3": {
            "u": 37,
            "a": 32,
            "l": 15
        },
        "4": {
            "u": 37,
            "a": 35,
            "l": 12
        },
        "5": {
            "u": 37,
            "a": 31,
            "l": 13
        },
        "6": {
            "u": 37,
            "a": 23,
            "l": 10
        },
        "7": {
            "u": 37,
            "a": 25,
            "l": 9
        },
        "8": {
            "u": 37,
            "a": 36,
            "l": 16
        },
        "9": {
            "u": 37,
            "a": 28,
            "l": 10
        },
        "10": {
            "u": 37,
            "a": 30,
            "l": 13
        },
        "11": {
            "u": 37,
            "a": 24,
            "l": 9
        },
        "12": {
            "u": 37,
            "a": 22,
            "l": 10
        },
        "13": {
            "u": 37,
            "a": 25,
            "l": 9
        },
        "14": {
            "u": 37,
            "a": 32,
            "l": 15
        },
        "15": {
            "u": 37,
            "a": 32,
            "l": 14
        },
        "16": {
            "u": 37,
            "a": 28,
            "l": 12
        },
        "17": {
            "u": 37,
            "a": 23,
            "l": 8
        },
        "18": {
            "u": 37,
            "a": 34,
            "l": 12
        },
        "19": {
            "u": 37,
            "a": 36,
            "l": 14
        },
        "20": {
            "u": 37,
            "a": 36,
            "l": 14
        },
        "21": {
            "u": 37,
            "a": 26,
            "l": 10
        },
        "22": {
            "u": 37,
            "a": 26,
            "l": 11
        },
        "23": {
            "u": 37,
            "a": 34,
            "l": 14
        },
        "24": {
            "u": 37,
            "a": 35,
            "l": 17
        },
        "25": {
            "u": 37,
            "a": 31,
            "l": 15
        },
        "26": {
            "u": 37,
            "a": 30,
            "l": 12
        },
        "27": {
            "u": 37,
            "a": 28,
            "l": 13
        },
        "28": {
            "u": 37,
            "a": 21,
            "l": 10
        },
        "29": {
            "u": 37,
            "a": 32,
            "l": 12
        },
        "30": {
            "u": 37,
            "a": 24,
            "l": 11
        },
        "31": {
            "u": 37,
            "a": 34,
            "l": 13
        },
        "32": {
            "u": 37,
            "a": 33,
            "l": 12
        },
        "33": {
            "u": 37,
            "a": 22,
            "l": 9
        },
        "34": {
            "u": 37,
            "a": 22,
            "l": 10
        },
        "35": {
            "u": 37,
            "a": 23,
            "l": 8
        },
        "36": {
            "u": 37,
            "a": 35,
            "l": 15
        },
        "37": {
            "u": 37,
            "a": 31,
            "l": 13
        },
        "38": {
            "u": 37,
            "a": 19,
            "l": 8
        },
        "39": {
            "u": 37,
            "a": 26,
            "l": 12
        }
    },
    "profits": {
        "0": 92,
        "1": 328,
        "2": 316,
        "3": 307,
        "4": 59,
        "5": 90,
        "6": 276,
        "7": 71,
        "8": 131,
        "9": 215,
        "10": 63,
        "11": 275,
        "12": 101,
        "13": 272,
        "14": 37,
        "15": 121,
        "16": 54,
        "17": 136,
        "18": 217,
        "19": 200,
        "20": 90,
        "21": 74,
        "22": 204,
        "23": 288,
        "24": 193,
        "25": 295,
        "26": 52,
        "27": 314,
        "28": 313,
        "29": 279,
        "30": 263,
        "31": 309,
        "32": 205,
        "33": 194,
        "34": 270,
        "35": 308,
        "36": 277,
        "37": 223,
        "38": 94,
        "39": 252
    },
    "synergies": {
        "0": {
            "1": 36,
            "2": -5,
            "3": 7,
            "4": -4,
            "5": 7,
            "6": 13,
            "7": 16,
            "8": 6,
            "9": -24,
            "10": 9,
            "11": 41,
            "12": 29,
            "13": -27,
            "14": -15,
            "15": -16,
            "16": 43,
            "17": 24,
            "18": -7,
            "19": -13,
            "20": -43,
            "21": -40,
            "22": 13,
            "23": 17,
            "24": -40,
            "25": 43,
            "26": 48,
            "27": -5,
            "28": -48,
            "29": -9,
            "30": -28,
            "31": 23,
            "32": -12,
            "33": 32,
            "34": 23,
            "35": -18,
            "36": 0,
            "37": 7,
            "38": 35,
            "39": 15
        },
        "1": {
            "0": 36,
            "2": 5,
            "3": 40,
            "4": -21,
            "5": 19,
            "6": 0,
            "7": -18,
            "8": 4,
            "9": 13,
            "10": 2,
            "11": 25,
            "12": -37,
            "13": -33,
            "14": -11,
            "15": 37,
            "16": -34,
            "17": 32,
            "18": 7,
            "19": 0,
            "20": 43,
            "21": -31,
            "22": -5,
            "23": 20,
            "24": -28,
            "25": -10,
            "26": -3,
            "27": 13,
            "28": -24,
            "29": -11,
            "30": -42,
            "31": 49,
            "32": -8,
            "33": -20,
            "34": 1,
            "35": 42,
            "36": -45,
            "37": -10,
            "38": 24,
            "39": -33
        },
        "2": {
            "0": -5,
            "1": 5,
            "3": 16,
            "4": -33,
            "5": 48,
            "6": 46,
            "7": -20,
            "8": 33,
            "9": 11,
            "10": 39,
            "11": -5,
            "12": 5,
            "13": 17,
            "14": -15,
            "15": 17,
            "16": -28,
            "17": -47,
            "18": -38,
            "19": -41,
            "20": 43,
            "21": 40,
            "22": 30,
            "23": 11,
            "24": -40,
            "25": 13,
            "26": -47,
            "27": 10,
            "28": -23,
            "29": 19,
            "30": -2,
            "31": -5,
            "32": 16,
            "33": 8,
            "34": 19,
            "35": -28,
            "36": -19,
            "37": 0,
            "38": 22,
            "39": 44
        },
        "3": {
            "0": 7,
            "1": 40,
            "2": 16,
            "4": -30,
            "5": -16,
            "6": 38,
            "7": -39,
            "8": -47,
            "9": -27,
            "10": 36,
            "11": 22,
            "12": -35,
            "13": -47,
            "14": 14,
            "15": -7,
            "16": 38,
            "17": -29,
            "18": -22,
            "19": -1,
            "20": 49,
            "21": 22,
            "22": -49,
            "23": 33,
            "24": 24,
            "25": 30,
            "26": -37,
            "27": -35,
            "28": -25,
            "29": -34,
            "30": 2,
            "31": 0,
            "32": 7,
            "33": -21,
            "34": 34,
            "35": 49,
            "36": -9,
            "37": 32,
            "38": -35,
            "39": -26
        },
        "4": {
            "0": -4,
            "1": -21,
            "2": -33,
            "3": -30,
            "5": -10,
            "6": -26,
            "7": -34,
            "8": 12,
            "9": -2,
            "10": 21,
            "11": 6,
            "12": 10,
            "13": 36,
            "14": -12,
            "15": -37,
            "16": -38,
            "17": 16,
            "18": -12,
            "19": -46,
            "20": -41,
            "21": -34,
            "22": 24,
            "23": 15,
            "24": -43,
            "25": -24,
            "26": 0,
            "27": 15,
            "28": 30,
            "29": 36,
            "30": 6,
            "31": -29,
            "32": 0,
            "33": -6,
            "34": 33,
            "35": 16,
            "36": -17,
            "37": 44,
            "38": -41,
            "39": -10
        },
        "5": {
            "0": 7,
            "1": 19,
            "2": 48,
            "3": -16,
            "4": -10,
            "6": 0,
            "7": -20,
            "8": 12,
            "9": 45,
            "10": 13,
            "11": 29,
            "12": -41,
            "13": 41,
            "14": 15,
            "15": 5,
            "16": -47,
            "17": 36,
            "18": 43,
            "19": 34,
            "20": 11,
            "21": 21,
            "22": -6,
            "23": 48,
            "24": -6,
            "25": -48,
            "26": -31,
            "27": 4,
            "28": -29,
            "29": -42,
            "30": 21,
            "31": -29,
            "32": -12,
            "33": -39,
            "34": -36,
            "35": 23,
            "36": 33,
            "37": 32,
            "38": 10,
            "39": -10
        },
        "6": {
            "0": 13,
            "1": 0,
            "2": 46,
            "3": 38,
            "4": -26,
            "5": 0,
            "7": -27,
            "8": -31,
            "9": -46,
            "10": 22,
            "11": -18,
            "12": 24,
            "13": -13,
            "14": 19,
            "15": -22,
            "16": 20,
            "17": 48,
            "18": -36,
            "19": 43,
            "20": 33,
            "21": -7,
            "22": -28,
            "23": 47,
            "24": -29,
            "25": -36,
            "26": -22,
            "27": 35,
            "28": -37,
            "29": 49,
            "30": 16,
            "31": 18,
            "32": 32,
            "33": -15,
            "34": -14,
            "35": -26,
            "36": -28,
            "37": 7,
            "38": 4,
            "39": -24
        },
        "7": {
            "0": 16,
            "1": -18,
            "2": -20,
            "3": -39,
            "4": -34,
            "5": -20,
            "6": -27,
            "8": -23,
            "9": -7,
            "10": 30,
            "11": -9,
            "12": -17,
            "13": 17,
            "14": -14,
            "15": 13,
            "16": -28,
            "17": -49,
            "18": 40,
            "19": -17,
            "20": 9,
            "21": -17,
            "22": -45,
            "23": -38,
            "24": -45,
            "25": 36,
            "26": -5,
            "27": 41,
            "28": 38,
            "29": 11,
            "30": -1,
            "31": 24,
            "32": 36,
            "33": 49,
            "34": -31,
            "35": 3,
            "36": -46,
            "37": 26,
            "38": 45,
            "39": 38
        },
        "8": {
            "0": 6,
            "1": 4,
            "2": 33,
            "3": -47,
            "4": 12,
            "5": 12,
            "6": -31,
            "7": -23,
            "9": -9,
            "10": -10,
            "11": 39,
            "12": -27,
            "13": 29,
            "14": 42,
            "15": -49,
            "16": -44,
            "17": -2,
            "18": -21,
            "19": 28,
            "20": -4,
            "21": -44,
            "22": -33,
            "23": 3,
            "24": 46,
            "25": 18,
            "26": 5,
            "27": 42,
            "28": 0,
            "29": 3,
            "30": 25,
            "31": 46,
            "32": -40,
            "33": 9,
            "34": -6,
            "35": -18,
            "36": -26,
            "37": 24,
            "38": -7,
            "39": -35
        },
        "9": {
            "0": -24,
            "1": 13,
            "2": 11,
            "3": -27,
            "4": -2,
            "5": 45,
            "6": -46,
            "7": -7,
            "8": -9,
            "10": -40,
            "11": -18,
            "12": -12,
            "13": 38,
            "14": -29,
            "15": 21,
            "16": 11,
            "17": -32,
            "18": -27,
            "19": -25,
            "20": 21,
            "21": -49,
            "22": -44,
            "23": -36,
            "24": -46,
            "25": -43,
            "26": 38,
            "27": 32,
            "28": -30,
            "29": 3,
            "30": 40,
            "31": -31,
            "32": 12,
            "33": 2,
            "34": 1,
            "35": -31,
            "36": 46,
            "37": -43,
            "38": -1,
            "39": 26
        },
        "10": {
            "0": 9,
            "1": 2,
            "2": 39,
            "3": 36,
            "4": 21,
            "5": 13,
            "6": 22,
            "7": 30,
            "8": -10,
            "9": -40,
            "11": -25,
            "12": 42,
            "13": -37,
            "14": -17,
            "15": -13,
            "16": 15,
            "17": 40,
            "18": 19,
            "19": -11,
            "20": -10,
            "21": -12,
            "22": -30,
            "23": 36,
            "24": -5,
            "25": 14,
            "26": 0,
            "27": -4,
            "28": -21,
            "29": -15,
            "30": -40,
            "31": 37,
            "32": 16,
            "33": -49,
            "34": -12,
            "35": -41,
            "36": 43,
            "37": -48,
            "38": 0,
            "39": -9
        },
        "11": {
            "0": 41,
            "1": 25,
            "2": -5,
            "3": 22,
            "4": 6,
            "5": 29,
            "6": -18,
            "7": -9,
            "8": 39,
            "9": -18,
            "10": -25,
            "12": -4,
            "13": -13,
            "14": -32,
            "15": 48,
            "16": 24,
            "17": -48,
            "18": -14,
            "19": 35,
            "20": -42,
            "21": 11,
            "22": -42,
            "23": 28,
            "24": 22,
            "25": 41,
            "26": 13,
            "27": -4,
            "28": -20,
            "29": -47,
            "30": -37,
            "31": -22,
            "32": 27,
            "33": -1,
            "34": -17,
            "35": 16,
            "36": 0,
            "37": 0,
            "38": -28,
            "39": -28
        },
        "12": {
            "0": 29,
            "1": -37,
            "2": 5,
            "3": -35,
            "4": 10,
            "5": -41,
            "6": 24,
            "7": -17,
            "8": -27,
            "9": -12,
            "10": 42,
            "11": -4,
            "13": -23,
            "14": -20,
            "15": -6,
            "16": -16,
            "17": -22,
            "18": -18,
            "19": 14,
            "20": -18,
            "21": -38,
            "22": 30,
            "23": -4,
            "24": -48,
            "25": 2,
            "26": 25,
            "27": -21,
            "28": 1,
            "29": 49,
            "30": -28,
            "31": -23,
            "32": -23,
            "33": 19,
            "34": 28,
            "35": 34,
            "36": 35,
            "37": -15,
            "38": 44,
            "39": 39
        },
        "13": {
            "0": -27,
            "1": -33,
            "2": 17,
            "3": -47,
            "4": 36,
            "5": 41,
            "6": -13,
            "7": 17,
            "8": 29,
            "9": 38,
            "10": -37,
            "11": -13,
            "12": -23,
            "14": 0,
            "15": 0,
            "16": 39,
            "17": 0,
            "18": -48,
            "19": -4,
            "20": -48,
            "21": -3,
            "22": 13,
            "23": 8,
            "24": 40,
            "25": -25,
            "26": -38,
            "27": -41,
            "28": 19,
            "29": -36,
            "30": 40,
            "31": -48,
            "32": -1,
            "33": -24,
            "34": -30,
            "35": 15,
            "36": 34,
            "37": -22,
            "38": -13,
            "39": -46
        },
        "14": {
            "0": -15,
            "1": -11,
            "2": -15,
            "3": 14,
            "4": -12,
            "5": 15,
            "6": 19,
            "7": -14,
            "8": 42,
            "9": -29,
            "10": -17,
            "11": -32,
            "12": -20,
            "13": 0,
            "15": -38,
            "16": -43,
            "17": -29,
            "18": 35,
            "19": 25,
            "20": 24,
            "21": -28,
            "22": 15,
            "23": 44,
            "24": -33,
            "25": 21,
            "26": -39,
            "27": 16,
            "28": 5,
            "29": -27,
            "30": -8,
            "31": -43,
            "32": 7,
            "33": 37,
            "34": -44,
            "35": 18,
            "36": 5,
            "37": 4,
            "38": -6,
            "39": 32
        },
        "15": {
            "0": -16,
            "1": 37,
            "2": 17,
            "3": -7,
            "4": -37,
            "5": 5,
            "6": -22,
            "7": 13,
            "8": -49,
            "9": 21,
            "10": -13,
            "11": 48,
            "12": -6,
            "13": 0,
            "14": -38,
            "16": -35,
            "17": -46,
            "18": -3,
            "19": -17,
            "20": 9,
            "21": -18,
            "22": -10,
            "23": 49,
            "24": -12,
            "25": -10,
            "26": 30,
            "27": 34,
            "28": 18,
            "29": -49,
            "30": 27,
            "31": -6,
            "32": -15,
            "33": -44,
            "34": 37,
            "35": 29,
            "36": -35,
            "37": 6,
            "38": -23,
            "39": -34
        },
        "16": {
            "0": 43,
            "1": -34,
            "2": -28,
            "3": 38,
            "4": -38,
            "5": -47,
            "6": 20,
            "7": -28,
            "8": -44,
            "9": 11,
            "10": 15,
            "11": 24,
            "12": -16,
            "13": 39,
            "14": -43,
            "15": -35,
            "17": 26,
            "18": 22,
            "19": 42,
            "20": -9,
            "21": 6,
            "22": -10,
            "23": -35,
            "24": 12,
            "25": -17,
            "26": 1,
            "27": 13,
            "28": 28,
            "29": -13,
            "30": -23,
            "31": -20,
            "32": 36,
            "33": 23,
            "34": 6,
            "35": 7,
            "36": -25,
            "37": 27,
            "38": -33,
            "39": 42
        },
        "17": {
            "0": 24,
            "1": 32,
            "2": -47,
            "3": -29,
            "4": 16,
            "5": 36,
            "6": 48,
            "7": -49,
            "8": -2,
            "9": -32,
            "10": 40,
            "11": -48,
            "12": -22,
            "13": 0,
            "14": -29,
            "15": -46,
            "16": 26,
            "18": 0,
            "19": 9,
            "20": -5,
            "21": -32,
            "22": -21,
            "23": 34,
            "24": 40,
            "25": -39,
            "26": 14,
            "27": -40,
            "28": 7,
            "29": -33,
            "30": -22,
            "31": -49,
            "32": 42,
            "33": 35,
            "34": 31,
            "35": -1,
            "36": 6,
            "37": -22,
            "38": -22,
            "39": -47
        },
        "18": {
            "0": -7,
            "1": 7,
            "2": -38,
            "3": -22,
            "4": -12,
            "5": 43,
            "6": -36,
            "7": 40,
            "8": -21,
            "9": -27,
            "10": 19,
            "11": -14,
            "12": -18,
            "13": -48,
            "14": 35,
            "15": -3,
            "16": 22,
            "17": 0,
            "19": 14,
            "20": -12,
            "21": 24,
            "22": 19,
            "23": -30,
            "24": -43,
            "25": 44,
            "26": 18,
            "27": -33,
            "28": -24,
            "29": 22,
            "30": -46,
            "31": 32,
            "32": -26,
            "33": 25,
            "34": -13,
            "35": 34,
            "36": -20,
            "37": -47,
            "38": 47,
            "39": 34
        },
        "19": {
            "0": -13,
            "1": 0,
            "2": -41,
            "3": -1,
            "4": -46,
            "5": 34,
            "6": 43,
            "7": -17,
            "8": 28,
            "9": -25,
            "10": -11,
            "11": 35,
            "12": 14,
            "13": -4,
            "14": 25,
            "15": -17,
            "16": 42,
            "17": 9,
            "18": 14,
            "20": 33,
            "21": -27,
            "22": 27,
            "23": 0,
            "24": 46,
            "25": 33,
            "26": -12,
            "27": -15,
            "28": -31,
            "29": 19,
            "30": -20,
            "31": -40,
            "32": 13,
            "33": 33,
            "34": 18,
            "35": 49,
            "36": 43,
            "37": -37,
            "38": -33,
            "39": 47
        },
        "20": {
            "0": -43,
            "1": 43,
            "2": 43,
            "3": 49,
            "4": -41,
            "5": 11,
            "6": 33,
            "7": 9,
            "8": -4,
            "9": 21,
            "10": -10,
            "11": -42,
            "12": -18,
            "13": -48,
            "14": 24,
            "15": 9,
            "16": -9,
            "17": -5,
            "18": -12,
            "19": 33,
            "21": -18,
            "22": 11,
            "23": 28,
            "24": -16,
            "25": 20,
            "26": 35,
            "27": -39,
            "28": -23,
            "29": 0,
            "30": -19,
            "31": -32,
            "32": 36,
            "33": -36,
            "34": 48,
            "35": 10,
            "36": 8,
            "37": -22,
            "38": 46,
            "39": 3
        },
        "21": {
            "0": -40,
            "1": -31,
            "2": 40,
            "3": 22,
            "4": -34,
            "5": 21,
            "6": -7,
            "7": -17,
            "8": -44,
            "9": -49,
            "10": -12,
            "11": 11,
            "12": -38,
            "13": -3,
            "14": -28,
            "15": -18,
            "16": 6,
            "17": -32,
            "18": 24,
            "19": -27,
            "20": -18,
            "22": -48,
            "23": -46,
            "24": 43,
            "25": 40,
            "26": 15,
            "27": -2,
            "28": -20,
            "29": -17,
            "30": 15,
            "31": 38,
            "32": -30,
            "33": 23,
            "34": 14,
            "35": -46,
            "36": 15,
            "37": 6,
            "38": -19,
            "39": -6
        },
        "22": {
            "0": 13,
            "1": -5,
            "2": 30,
            "3": -49,
            "4": 24,
            "5": -6,
            "6": -28,
            "7": -45,
            "8": -33,
            "9": -44,
            "10": -30,
            "11": -42,
            "12": 30,
            "13": 13,
            "14": 15,
            "15": -10,
            "16": -10,
            "17": -21,
            "18": 19,
            "19": 27,
            "20": 11,
            "21": -48,
            "23": 32,
            "24": 10,
            "25": -26,
            "26": 6,
            "27": -16,
            "28": -43,
            "29": -42,
            "30": 25,
            "31": -34,
            "32": 8,
            "33": -45,
            "34": 28,
            "35": -7,
            "36": 40,
            "37": 33,
            "38": 11,
            "39": -23
        },
        "23": {
            "0": 17,
            "1": 20,
            "2": 11,
            "3": 33,
            "4": 15,
            "5": 48,
            "6": 47,
            "7": -38,
            "8": 3,
            "9": -36,
            "10": 36,
            "11": 28,
            "12": -4,
            "13": 8,
            "14": 44,
            "15": 49,
            "16": -35,
            "17": 34,
            "18": -30,
            "19": 0,
            "20": 28,
            "21": -46,
            "22": 32,
            "24": 19,
            "25": -48,
            "26": -34,
            "27": -6,
            "28": 25,
            "29": 45,
            "30": -42,
            "31": 40,
            "32": -48,
            "33": 4,
            "34": 19,
            "35": 32,
            "36": -16,
            "37": -40,
            "38": 24,
            "39": -17
        },
        "24": {
            "0": -40,
            "1": -28,
            "2": -40,
            "3": 24,
            "4": -43,
            "5": -6,
            "6": -29,
            "7": -45,
            "8": 46,
            "9": -46,
            "10": -5,
            "11": 22,
            "12": -48,
            "13": 40,
            "14": -33,
            "15": -12,
            "16": 12,
            "17": 40,
            "18": -43,
            "19": 46,
            "20": -16,
            "21": 43,
            "22": 10,
            "23": 19,
            "25": -12,
            "26": 45,
            "27": -44,
            "28": 47,
            "29": 17,
            "30": 0,
            "31": -34,
            "32": -1,
            "33": -7,
            "34": -17,
            "35": 44,
            "36": -10,
            "37": -37,
            "38": -14,
            "39": 36
        },
        "25": {
            "0": 43,
            "1": -10,
            "2": 13,
            "3": 30,
            "4": -24,
            "5": -48,
            "6": -36,
            "7": 36,
            "8": 18,
            "9": -43,
            "10": 14,
            "11": 41,
            "12": 2,
            "13": -25,
            "14": 21,
            "15": -10,
            "16": -17,
            "17": -39,
            "18": 44,
            "19": 33,
            "20": 20,
            "21": 40,
            "22": -26,
            "23": -48,
            "24": -12,
            "26": 18,
            "27": 23,
            "28": 38,
            "29": -49,
            "30": -31,
            "31": 0,
            "32": 6,
            "33": -48,
            "34": -10,
            "35": -31,
            "36": 37,
            "37": 20,
            "38": 17,
            "39": 34
        },
        "26": {
            "0": 48,
            "1": -3,
            "2": -47,
            "3": -37,
            "4": 0,
            "5": -31,
            "6": -22,
            "7": -5,
            "8": 5,
            "9": 38,
            "10": 0,
            "11": 13,
            "12": 25,
            "13": -38,
            "14": -39,
            "15": 30,
            "16": 1,
            "17": 14,
            "18": 18,
            "19": -12,
            "20": 35,
            "21": 15,
            "22": 6,
            "23": -34,
            "24": 45,
            "25": 18,
            "27": -30,
            "28": 10,
            "29": 27,
            "30": -14,
            "31": 4,
            "32": 47,
            "33": -30,
            "34": -42,
            "35": -26,
            "36": -10,
            "37": 0,
            "38": 19,
            "39": -7
        },
        "27": {
            "0": -5,
            "1": 13,
            "2": 10,
            "3": -35,
            "4": 15,
            "5": 4,
            "6": 35,
            "7": 41,
            "8": 42,
            "9": 32,
            "10": -4,
            "11": -4,
            "12": -21,
            "13": -41,
            "14": 16,
            "15": 34,
            "16": 13,
            "17": -40,
            "18": -33,
            "19": -15,
            "20": -39,
            "21": -2,
            "22": -16,
            "23": -6,
            "24": -44,
            "25": 23,
            "26": -30,
            "28": -42,
            "29": 7,
            "30": 27,
            "31": -12,
            "32": 14,
            "33": 15,
            "34": 22,
            "35": -18,
            "36": -18,
            "37": 3,
            "38": -44,
            "39": 33
        },
        "28": {
            "0": -48,
            "1": -24,
            "2": -23,
            "3": -25,
            "4": 30,
            "5": -29,
            "6": -37,
            "7": 38,
            "8": 0,
            "9": -30,
            "10": -21,
            "11": -20,
            "12": 1,
            "13": 19,
            "14": 5,
            "15": 18,
            "16": 28,
            "17": 7,
            "18": -24,
            "19": -31,
            "20": -23,
            "21": -20,
            "22": -43,
            "23": 25,
            "24": 47,
            "25": 38,
            "26": 10,
            "27": -42,
            "29": -30,
            "30": -10,
            "31": -41,
            "32": -21,
            "33": -30,
            "34": 31,
            "35": 17,
            "36": 1,
            "37": -29,
            "38": -32,
            "39": 29
        },
        "29": {
            "0": -9,
            "1": -11,
            "2": 19,
            "3": -34,
            "4": 36,
            "5": -42,
            "6": 49,
            "7": 11,
            "8": 3,
            "9": 3,
            "10": -15,
            "11": -47,
            "12": 49,
            "13": -36,
            "14": -27,
            "15": -49,
            "16": -13,
            "17": -33,
            "18": 22,
            "19": 19,
            "20": 0,
            "21": -17,
            "22": -42,
            "23": 45,
            "24": 17,
            "25": -49,
            "26": 27,
            "27": 7,
            "28": -30,
            "30": 6,
            "31": 4,
            "32": 0,
            "33": 13,
            "34": 14,
            "35": -27,
            "36": 41,
            "37": 46,
            "38": 1,
            "39": -4
        },
        "30": {
            "0": -28,
            "1": -42,
            "2": -2,
            "3": 2,
            "4": 6,
            "5": 21,
            "6": 16,
            "7": -1,
            "8": 25,
            "9": 40,
            "10": -40,
            "11": -37,
            "12": -28,
            "13": 40,
            "14": -8,
            "15": 27,
            "16": -23,
            "17": -22,
            "18": -46,
            "19": -20,
            "20": -19,
            "21": 15,
            "22": 25,
            "23": -42,
            "24": 0,
            "25": -31,
            "26": -14,
            "27": 27,
            "28": -10,
            "29": 6,
            "31": -6,
            "32": -7,
            "33": -44,
            "34": 7,
            "35": 30,
            "36": -24,
            "37": 16,
            "38": 37,
            "39": -3
        },
        "31": {
            "0": 23,
            "1": 49,
            "2": -5,
            "3": 0,
            "4": -29,
            "5": -29,
            "6": 18,
            "7": 24,
            "8": 46,
            "9": -31,
            "10": 37,
            "11": -22,
            "12": -23,
            "13": -48,
            "14": -43,
            "15": -6,
            "16": -20,
            "17": -49,
            "18": 32,
            "19": -40,
            "20": -32,
            "21": 38,
            "22": -34,
            "23": 40,
            "24": -34,
            "25": 0,
            "26": 4,
            "27": -12,
            "28": -41,
            "29": 4,
            "30": -6,
            "32": -37,
            "33": 4,
            "34": -25,
            "35": -17,
            "36": -45,
            "37": -13,
            "38": -38,
            "39": -48
        },
        "32": {
            "0": -12,
            "1": -8,
            "2": 16,
            "3": 7,
            "4": 0,
            "5": -12,
            "6": 32,
            "7": 36,
            "8": -40,
            "9": 12,
            "10": 16,
            "11": 27,
            "12": -23,
            "13": -1,
            "14": 7,
            "15": -15,
            "16": 36,
            "17": 42,
            "18": -26,
            "19": 13,
            "20": 36,
            "21": -30,
            "22": 8,
            "23": -48,
            "24": -1,
            "25": 6,
            "26": 47,
            "27": 14,
            "28": -21,
            "29": 0,
            "30": -7,
            "31": -37,
            "33": 4,
            "34": -38,
            "35": 22,
            "36": 38,
            "37": -47,
            "38": -31,
            "39": -33
        },
        "33": {
            "0": 32,
            "1": -20,
            "2": 8,
            "3": -21,
            "4": -6,
            "5": -39,
            "6": -15,
            "7": 49,
            "8": 9,
            "9": 2,
            "10": -49,
            "11": -1,
            "12": 19,
            "13": -24,
            "14": 37,
            "15": -44,
            "16": 23,
            "17": 35,
            "18": 25,
            "19": 33,
            "20": -36,
            "21": 23,
            "22": -45,
            "23": 4,
            "24": -7,
            "25": -48,
            "26": -30,
            "27": 15,
            "28": -30,
            "29": 13,
            "30": -44,
            "31": 4,
            "32": 4,
            "34": 33,
            "35": -33,
            "36": -25,
            "37": -39,
            "38": 31,
            "39": -43
        },
        "34": {
            "0": 23,
            "1": 1,
            "2": 19,
            "3": 34,
            "4": 33,
            "5": -36,
            "6": -14,
            "7": -31,
            "8": -6,
            "9": 1,
            "10": -12,
            "11": -17,
            "12": 28,
            "13": -30,
            "14": -44,
            "15": 37,
            "16": 6,
            "17": 31,
            "18": -13,
            "19": 18,
            "20": 48,
            "21": 14,
            "22": 28,
            "23": 19,
            "24": -17,
            "25": -10,
            "26": -42,
            "27": 22,
            "28": 31,
            "29": 14,
            "30": 7,
            "31": -25,
            "32": -38,
            "33": 33,
            "35": 19,
            "36": 16,
            "37": -22,
            "38": -16,
            "39": 3
        },
        "35": {
            "0": -18,
            "1": 42,
            "2": -28,
            "3": 49,
            "4": 16,
            "5": 23,
            "6": -26,
            "7": 3,
            "8": -18,
            "9": -31,
            "10": -41,
            "11": 16,
            "12": 34,
            "13": 15,
            "14": 18,
            "15": 29,
            "16": 7,
            "17": -1,
            "18": 34,
            "19": 49,
            "20": 10,
            "21": -46,
            "22": -7,
            "23": 32,
            "24": 44,
            "25": -31,
            "26": -26,
            "27": -18,
            "28": 17,
            "29": -27,
            "30": 30,
            "31": -17,
            "32": 22,
            "33": -33,
            "34": 19,
            "36": 9,
            "37": -13,
            "38": 8,
            "39": -41
        },
        "36": {
            "0": 0,
            "1": -45,
            "2": -19,
            "3": -9,
            "4": -17,
            "5": 33,
            "6": -28,
            "7": -46,
            "8": -26,
            "9": 46,
            "10": 43,
            "11": 0,
            "12": 35,
            "13": 34,
            "14": 5,
            "15": -35,
            "16": -25,
            "17": 6,
            "18": -20,
            "19": 43,
            "20": 8,
            "21": 15,
            "22": 40,
            "23": -16,
            "24": -10,
            "25": 37,
            "26": -10,
            "27": -18,
            "28": 1,
            "29": 41,
            "30": -24,
            "31": -45,
            "32": 38,
            "33": -25,
            "34": 16,
            "35": 9,
            "37": 3,
            "38": 7,
            "39": 3
        },
        "37": {
            "0": 7,
            "1": -10,
            "2": 0,
            "3": 32,
            "4": 44,
            "5": 32,
            "6": 7,
            "7": 26,
            "8": 24,
            "9": -43,
            "10": -48,
            "11": 0,
            "12": -15,
            "13": -22,
            "14": 4,
            "15": 6,
            "16": 27,
            "17": -22,
            "18": -47,
            "19": -37,
            "20": -22,
            "21": 6,
            "22": 33,
            "23": -40,
            "24": -37,
            "25": 20,
            "26": 0,
            "27": 3,
            "28": -29,
            "29": 46,
            "30": 16,
            "31": -13,
            "32": -47,
            "33": -39,
            "34": -22,
            "35": -13,
            "36": 3,
            "38": -18,
            "39": -14
        },
        "38": {
            "0": 35,
            "1": 24,
            "2": 22,
            "3": -35,
            "4": -41,
            "5": 10,
            "6": 4,
            "7": 45,
            "8": -7,
            "9": -1,
            "10": 0,
            "11": -28,
            "12": 44,
            "13": -13,
            "14": -6,
            "15": -23,
            "16": -33,
            "17": -22,
            "18": 47,
            "19": -33,
            "20": 46,
            "21": -19,
            "22": 11,
            "23": 24,
            "24": -14,
            "25": 17,
            "26": 19,
            "27": -44,
            "28": -32,
            "29": 1,
            "30": 37,
            "31": -38,
            "32": -31,
            "33": 31,
            "34": -16,
            "35": 8,
            "36": 7,
            "37": -18,
            "39": -28
        },
        "39": {
            "0": 15,
            "1": -33,
            "2": 44,
            "3": -26,
            "4": -10,
            "5": -10,
            "6": -24,
            "7": 38,
            "8": -35,
            "9": 26,
            "10": -9,
            "11": -28,
            "12": 39,
            "13": -46,
            "14": 32,
            "15": -34,
            "16": 42,
            "17": -47,
            "18": 34,
            "19": 47,
            "20": 3,
            "21": -6,
            "22": -23,
            "23": -17,
            "24": 36,
            "25": 34,
            "26": -7,
            "27": 33,
            "28": 29,
            "29": -4,
            "30": -3,
            "31": -48,
            "32": -33,
            "33": -43,
            "34": 3,
            "35": -41,
            "36": 3,
            "37": -14,
            "38": -28
        }
    }
}