{
    "knapsack_size": 258006,
    "Gamma": 18,
    "n_items": 12,
    "costs": {
        "0": {
            "u": 14333,
            "a": 7918,
            "l": 3853
        },
        "1": {
            "u": 14333,
            "a": 12141,
            "l": 5809
        },
        "2": {
            "u": 14333,
            "a": 8564,
            "l": 4250
        },
        "3": {
            "u": 14333,
            "a": 8657,
            "l": 3484
        },
        "4": {
            "u": 14333,
            "a": 7533,
            "l": 2797
        },
        "5": {
            "u": 14333,
            "a": 12033,
            "l": 5927
        },
        "6": {
            "u": 14333,
            "a": 7518,
            "l": 2760
        },
        "7": {
            "u": 14333,
            "a": 13417,
            "l": 6704
        },
        "8": {
            "u": 14333,
            "a": 9641,
            "l": 3906
        },
        "9": {
            "u": 14333,
            "a": 12925,
            "l": 6279
        },
        "10": {
            "u": 14333,
            "a": 14042,
            "l": 5726
        },
        "11": {
            "u": 14333,
            "a": 8990,
            "l": 3993
        }
    },
    "profits": {
        "0": 14413,
        "1": 14431,
        "2": 14340,
        "3": 14374,
        "4": 14385,
        "5": 14334,
        "6": 14348,
        "7": 14610,
        "8": 14606,
        "9": 14393,
        "10": 14442,
        "11": 14547
    },
    "synergies": {
        "0": {
            "1": -10,
            "2": -9,
            "3": 11,
            "4": 45,
            "5": 20,
            "6": 37,
            "7": -11,
            "8": -7,
            "9": 10,
            "10": -47,
            "11": 45
        },
        "1": {
            "0": -10,
            "2": -48,
            "3": -21,
            "4": 35,
            "5": -30,
            "6": -22,
            "7": -43,
            "8": -26,
            "9": 1,
            "10": 31,
            "11": -31
        },
        "2": {
            "0": -9,
            "1": -48,
            "3": -26,
            "4": -39,
            "5": -13,
            "6": 10,
            "7": -7,
            "8": 0,
            "9": 43,
            "10": -37,
            "11": 4
        },
        "3": {
            "0": 11,
            "1": -21,
            "2": -26,
            "4": 44,
            "5": 31,
            "6": 0,
            "7": 19,
            "8": 49,
            "9": -32,
            "10": -48,
            "11": 0
        },
        "4": {
            "0": 45,
            "1": 35,
            "2": -39,
            "3": 44,
            "5": 19,
            "6": -35,
            "7": 16,
            "8": -33,
            "9": -46,
            "10": -32,
            "11": -30
        },
        "5": {
            "0": 20,
            "1": -30,
            "2": -13,
            "3": 31,
            "4": 19,
            "6": 47,
            "7": -44,
            "8": -15,
            "9": 13,
            "10": -39,
            "11": 26
        },
        "6": {
            "0": 37,
            "1": -22,
            "2": 10,
            "3": 0,
            "4": -35,
            "5": 47,
            "7": -31,
            "8": -1,
            "9": -4,
            "10": 10,
            "11": 46
        },
        "7": {
            "0": -11,
            "1": -43,
            "2": -7,
            "3": 19,
            "4": 16,
            "5": -44,
            "6": -31,
            "8": -1,
            "9": -39,
            "10": 15,
            "11": 11
        },
        "8": {
            "0": -7,
            "1": -26,
            "2": 0,
            "3": 49,
            "4": -33,
            "5": -15,
            "6": -1,
            "7": -1,
            "9": 6,
            "10": 29,
            "11": -43
        },
        "9": {
            "0": 10,
            "1": 1,
            "2": 43,
            "3": -32,
            "4": -46,
            "5": 13,
            "6": -4,
            "7": -39,
            "8": 6,
            "10": -34,
            "11": -42
        },
        "10": {
            "0": -47,
            "1": 31,
            "2": -37,
            "3": -48,
            "4": -32,
            "5": -39,
            "6": 10,
            "7": 15,
            "8": 29,
            "9": -34,
            "11": -7
        },
        "11": {
            "0": 45,
            "1": -31,
            "2": 4,
            "3": 0,
            "4": -30,
            "5": 26,
            "6": 46,
            "7": 11,
            "8": -43,
            "9": -42,
            "10": -7
        }
    }
}