{
    "knapsack_size": 4556,
    "Gamma": 22,
    "n_items": 25,
    "costs": {
        "0": {
            "u": 207,
            "a": 140,
            "l": 64
        },
        "1": {
            "u": 207,
            "a": 188,
            "l": 72
        },
        "2": {
            "u": 207,
            "a": 136,
            "l": 58
        },
        "3": {
            "u": 207,
            "a": 183,
            "l": 72
        },
        "4": {
            "u": 207,
            "a": 165,
            "l": 71
        },
        "5": {
            "u": 207,
            "a": 111,
            "l": 38
        },
        "6": {
            "u": 207,
            "a": 134,
            "l": 54
        },
        "7": {
            "u": 207,
            "a": 151,
            "l": 64
        },
        "8": {
            "u": 207,
            "a": 177,
            "l": 84
        },
        "9": {
            "u": 207,
            "a": 192,
            "l": 87
        },
        "10": {
            "u": 207,
            "a": 187,
            "l": 78
        },
        "11": {
            "u": 207,
            "a": 179,
            "l": 71
        },
        "12": {
            "u": 207,
            "a": 107,
            "l": 36
        },
        "13": {
            "u": 207,
            "a": 113,
            "l": 40
        },
        "14": {
            "u": 207,
            "a": 118,
            "l": 49
        },
        "15": {
            "u": 207,
            "a": 198,
            "l": 96
        },
        "16": {
            "u": 207,
            "a": 144,
            "l": 48
        },
        "17": {
            "u": 207,
            "a": 143,
            "l": 60
        },
        "18": {
            "u": 207,
            "a": 144,
            "l": 48
        },
        "19": {
            "u": 207,
            "a": 109,
            "l": 41
        },
        "20": {
            "u": 207,
            "a": 105,
            "l": 52
        },
        "21": {
            "u": 207,
            "a": 111,
            "l": 39
        },
        "22": {
            "u": 207,
            "a": 153,
            "l": 60
        },
        "23": {
            "u": 208,
            "a": 193,
            "l": 73
        },
        "24": {
            "u": 207,
            "a": 112,
            "l": 52
        }
    },
    "profits": {
        "0": 454,
        "1": 364,
        "2": 334,
        "3": 425,
        "4": 441,
        "5": 420,
        "6": 227,
        "7": 459,
        "8": 258,
        "9": 353,
        "10": 296,
        "11": 321,
        "12": 279,
        "13": 221,
        "14": 268,
        "15": 389,
        "16": 386,
        "17": 433,
        "18": 248,
        "19": 484,
        "20": 365,
        "21": 241,
        "22": 394,
        "23": 484,
        "24": 346
    },
    "synergies": {
        "0": {
            "1": -6,
            "2": -3,
            "3": -28,
            "4": 37,
            "5": 39,
            "6": -41,
            "7": -12,
            "8": 28,
            "9": 4,
            "10": 44,
            "11": -48,
            "12": -18,
            "13": -21,
            "14": 15,
            "15": -4,
            "16": 22,
            "17": 37,
            "18": -23,
            "19": -25,
            "20": -49,
            "21": 9,
            "22": -19,
            "23": -29,
            "24": -32
        },
        "1": {
            "0": -6,
            "2": 14,
            "3": 41,
            "4": 45,
            "5": -45,
            "6": -7,
            "7": 11,
            "8": 45,
            "9": 32,
            "10": 20,
            "11": -6,
            "12": -17,
            "13": -10,
            "14": 5,
            "15": 31,
            "16": -29,
            "17": -43,
            "18": -16,
            "19": -10,
            "20": 12,
            "21": -37,
            "22": 5,
            "23": -37,
            "24": -24
        },
        "2": {
            "0": -3,
            "1": 14,
            "3": -35,
            "4": -11,
            "5": 20,
            "6": 41,
            "7": -4,
            "8": 42,
            "9": 13,
            "10": 36,
            "11": -31,
            "12": -31,
            "13": -11,
            "14": 24,
            "15": -4,
            "16": 16,
            "17": -36,
            "18": -29,
            "19": 21,
            "20": 48,
            "21": 46,
            "22": 19,
            "23": -15,
            "24": 9
        },
        "3": {
            "0": -28,
            "1": 41,
            "2": -35,
            "4": 32,
            "5": 47,
            "6": -43,
            "7": 0,
            "8": -29,
            "9": -28,
            "10": -26,
            "11": -18,
            "12": 0,
            "13": 18,
            "14": 26,
            "15": -38,
            "16": -24,
            "17": -19,
            "18": 37,
            "19": -18,
            "20": -31,
            "21": -21,
            "22": -1,
            "23": 1,
            "24": 23
        },
        "4": {
            "0": 37,
            "1": 45,
            "2": -11,
            "3": 32,
            "5": 18,
            "6": 36,
            "7": -43,
            "8": -44,
            "9": 39,
            "10": -28,
            "11": -42,
            "12": 46,
            "13": -9,
            "14": -16,
            "15": 36,
            "16": 31,
            "17": 28,
            "18": -19,
            "19": 18,
            "20": -10,
            "21": 3,
            "22": -34,
            "23": -19,
            "24": 15
        },
        "5": {
            "0": 39,
            "1": -45,
            "2": 20,
            "3": 47,
            "4": 18,
            "6": 46,
            "7": -36,
            "8": -36,
            "9": -27,
            "10": -13,
            "11": -18,
            "12": -21,
            "13": 28,
            "14": -45,
            "15": -10,
            "16": 47,
            "17": 0,
            "18": 41,
            "19": -16,
            "20": 39,
            "21": 41,
            "22": 8,
            "23": -37,
            "24": 18
        },
        "6": {
            "0": -41,
            "1": -7,
            "2": 41,
            "3": -43,
            "4": 36,
            "5": 46,
            "7": -38,
            "8": 11,
            "9": -29,
            "10": 41,
            "11": 13,
            "12": 20,
            "13": -48,
            "14": 17,
            "15": -3,
            "16": -18,
            "17": 29,
            "18": 29,
            "19": 13,
            "20": -49,
            "21": -5,
            "22": -8,
            "23": 18,
            "24": -18
        },
        "7": {
            "0": -12,
            "1": 11,
            "2": -4,
            "3": 0,
            "4": -43,
            "5": -36,
            "6": -38,
            "8": -1,
            "9": 6,
            "10": 17,
            "11": 7,
            "12": -28,
            "13": 45,
            "14": 38,
            "15": -38,
            "16": -5,
            "17": 39,
            "18": -8,
            "19": 29,
            "20": -6,
            "21": 29,
            "22": -11,
            "23": -10,
            "24": 25
        },
        "8": {
            "0": 28,
            "1": 45,
            "2": 42,
            "3": -29,
            "4": -44,
            "5": -36,
            "6": 11,
            "7": -1,
            "9": 26,
            "10": 49,
            "11": 12,
            "12": -7,
            "13": -7,
            "14": -1,
            "15": -15,
            "16": 13,
            "17": -3,
            "18": 35,
            "19": 22,
            "20": -5,
            "21": 0,
            "22": 16,
            "23": -10,
            "24": 42
        },
        "9": {
            "0": 4,
            "1": 32,
            "2": 13,
            "3": -28,
            "4": 39,
            "5": -27,
            "6": -29,
            "7": 6,
            "8": 26,
            "10": -6,
            "11": 12,
            "12": 2,
            "13": 19,
            "14": 5,
            "15": 30,
            "16": 25,
            "17": 28,
            "18": -2,
            "19": 2,
            "20": 44,
            "21": 20,
            "22": 23,
            "23": -8,
            "24": 14
        },
        "10": {
            "0": 44,
            "1": 20,
            "2": 36,
            "3": -26,
            "4": -28,
            "5": -13,
            "6": 41,
            "7": 17,
            "8": 49,
            "9": -6,
            "11": 34,
            "12": -46,
            "13": 26,
            "14": -42,
            "15": -24,
            "16": -6,
            "17": -11,
            "18": -37,
            "19": 41,
            "20": -49,
            "21": -38,
            "22": -21,
            "23": 44,
            "24": 44
        },
        "11": {
            "0": -48,
            "1": -6,
            "2": -31,
            "3": -18,
            "4": -42,
            "5": -18,
            "6": 13,
            "7": 7,
            "8": 12,
            "9": 12,
            "10": 34,
            "12": 18,
            "13": 16,
            "14": 0,
            "15": 19,
            "16": 48,
            "17": -7,
            "18": 18,
            "19": 39,
            "20": 2,
            "21": -44,
            "22": 46,
            "23": -34,
            "24": 6
        },
        "12": {
            "0": -18,
            "1": -17,
            "2": -31,
            "3": 0,
            "4": 46,
            "5": -21,
            "6": 20,
            "7": -28,
            "8": -7,
            "9": 2,
            "10": -46,
            "11": 18,
            "13": 0,
            "14": 39,
            "15": -30,
            "16": -19,
            "17": -35,
            "18": -37,
            "19": -39,
            "20": -10,
            "21": 11,
            "22": 45,
            "23": -24,
            "24": 30
        },
        "13": {
            "0": -21,
            "1": -10,
            "2": -11,
            "3": 18,
            "4": -9,
            "5": 28,
            "6": -48,
            "7": 45,
            "8": -7,
            "9": 19,
            "10": 26,
            "11": 16,
            "12": 0,
            "14": -26,
            "15": -12,
            "16": -27,
            "17": -11,
            "18": -45,
            "19": 29,
            "20": 33,
            "21": 46,
            "22": 21,
            "23": -12,
            "24": 12
        },
        "14": {
            "0": 15,
            "1": 5,
            "2": 24,
            "3": 26,
            "4": -16,
            "5": -45,
            "6": 17,
            "7": 38,
            "8": -1,
            "9": 5,
            "10": -42,
            "11": 0,
            "12": 39,
            "13": -26,
            "15": -14,
            "16": 7,
            "17": -42,
            "18": -18,
            "19": 35,
            "20": 0,
            "21": 7,
            "22": -27,
            "23": 25,
            "24": -5
        },
        "15": {
            "0": -4,
            "1": 31,
            "2": -4,
            "3": -38,
            "4": 36,
            "5": -10,
            "6": -3,
            "7": -38,
            "8": -15,
            "9": 30,
            "10": -24,
            "11": 19,
            "12": -30,
            "13": -12,
            "14": -14,
            "16": -44,
            "17": -22,
            "18": 35,
            "19": 32,
            "20": -8,
            "21": 19,
            "22": -31,
            "23": -33,
            "24": 27
        },
        "16": {
            "0": 22,
            "1": -29,
            "2": 16,
            "3": -24,
            "4": 31,
            "5": 47,
            "6": -18,
            "7": -5,
            "8": 13,
            "9": 25,
            "10": -6,
            "11": 48,
            "12": -19,
            "13": -27,
            "14": 7,
            "15": -44,
            "17": -39,
            "18": 25,
            "19": 12,
            "20": -13,
            "21": 9,
            "22": -42,
            "23": 44,
            "24": 8
        },
        "17": {
            "0": 37,
            "1": -43,
            "2": -36,
            "3": -19,
            "4": 28,
            "5": 0,
            "6": 29,
            "7": 39,
            "8": -3,
            "9": 28,
            "10": -11,
            "11": -7,
            "12": -35,
            "13": -11,
            "14": -42,
            "15": -22,
            "16": -39,
            "18": 34,
            "19": 22,
            "20": -16,
            "21": 27,
            "22": 21,
            "23": -38,
            "24": 46
        },
        "18": {
            "0": -23,
            "1": -16,
            "2": -29,
            "3": 37,
            "4": -19,
            "5": 41,
            "6": 29,
            "7": -8,
            "8": 35,
            "9": -2,
            "10": -37,
            "11": 18,
            "12": -37,
            "13": -45,
            "14": -18,
            "15": 35,
            "16": 25,
            "17": 34,
            "19": 7,
            "20": -38,
            "21": 34,
            "22": -14,
            "23": -20,
            "24": -17
        },
        "19": {
            "0": -25,
            "1": -10,
            "2": 21,
            "3": -18,
            "4": 18,
            "5": -16,
            "6": 13,
            "7": 29,
            "8": 22,
            "9": 2,
            "10": 41,
            "11": 39,
            "12": -39,
            "13": 29,
            "14": 35,
            "15": 32,
            "16": 12,
            "17": 22,
            "18": 7,
            "20": 7,
            "21": -33,
            "22": -41,
            "23": 0,
            "24": -20
        },
        "20": {
            "0": -49,
            "1": 12,
            "2": 48,
            "3": -31,
            "4": -10,
            "5": 39,
            "6": -49,
            "7": -6,
            "8": -5,
            "9": 44,
            "10": -49,
            "11": 2,
            "12": -10,
            "13": 33,
            "14": 0,
            "15": -8,
            "16": -13,
            "17": -16,
            "18": -38,
            "19": 7,
            "21": 26,
            "22": 6,
            "23": 21,
            "24": 21
        },
        "21": {
            "0": 9,
            "1": -37,
            "2": 46,
            "3": -21,
            "4": 3,
            "5": 41,
            "6": -5,
            "7": 29,
            "8": 0,
            "9": 20,
            "10": -38,
            "11": -44,
            "12": 11,
            "13": 46,
            "14": 7,
            "15": 19,
            "16": 9,
            "17": 27,
            "18": 34,
            "19": -33,
            "20": 26,
            "22": -47,
            "23": -2,
            "24": -26
        },
        "22": {
            "0": -19,
            "1": 5,
            "2": 19,
            "3": -1,
            "4": -34,
            "5": 8,
            "6": -8,
            "7": -11,
            "8": 16,
            "9": 23,
            "10": -21,
            "11": 46,
            "12": 45,
            "13": 21,
            "14": -27,
            "15": -31,
            "16": -42,
            "17": 21,
            "18": -14,
            "19": -41,
            "20": 6,
            "21": -47,
            "23": 33,
            "24": -46
        },
        "23": {
            "0": -29,
            "1": -37,
            "2": -15,
            "3": 1,
            "4": -19,
            "5": -37,
            "6": 18,
            "7": -10,
            "8": -10,
            "9": -8,
            "10": 44,
            "11": -34,
            "12": -24,
            "13": -12,
            "14": 25,
            "15": -33,
            "16": 44,
            "17": -38,
            "18": -20,
            "19": 0,
            "20": 21,
            "21": -2,
            "22": 33,
            "24": -25
        },
        "24": {
            "0": -32,
            "1": -24,
            "2": 9,
            "3": 23,
            "4": 15,
            "5": 18,
            "6": -18,
            "7": 25,
            "8": 42,
            "9": 14,
            "10": 44,
            "11": 6,
            "12": 30,
            "13": 12,
            "14": -5,
            "15": 27,
            "16": 8,
            "17": 46,
            "18": -17,
            "19": -20,
            "20": 21,
            "21": -26,
            "22": -46,
            "23": -25
        }
    }
}