{
    "knapsack_size": 790,
    "Gamma": 5,
    "n_items": 13,
    "costs": {
        "0": {
            "l": 72.39,
            "a": 125.43,
            "u": 154.58
        },
        "1": {
            "l": 59.99,
            "a": 120.71,
            "u": 153.16
        },
        "2": {
            "l": 51.25,
            "a": 139.86,
            "u": 141.87
        },
        "3": {
            "l": 65.33,
            "a": 128.84,
            "u": 150.79
        },
        "4": {
            "l": 86.96,
            "a": 131.16,
            "u": 140.54
        },
        "5": {
            "l": 91.02,
            "a": 137.16,
            "u": 165.57
        },
        "6": {
            "l": 72.64,
            "a": 113.56,
            "u": 134.19
        },
        "7": {
            "l": 75.1,
            "a": 124.03,
            "u": 157.18
        },
        "8": {
            "l": 65.97,
            "a": 132.64,
            "u": 141.81
        },
        "9": {
            "l": 90.52,
            "a": 142.02,
            "u": 159.1
        },
        "10": {
            "l": 82.11,
            "a": 122.97,
            "u": 146.21
        },
        "11": {
            "l": 66.85,
            "a": 119.01,
            "u": 141.97
        },
        "12": {
            "l": 70.49,
            "a": 125.04,
            "u": 141.26
        }
    },
    "profits": {
        "0": 175.67,
        "1": 178.66,
        "2": 184.82,
        "3": 184.47,
        "4": 187.24,
        "5": 172.99,
        "6": 190.42,
        "7": 184.91,
        "8": 194.75,
        "9": 194.68,
        "10": 175.89,
        "11": 177.74,
        "12": 188.1
    },
    "synergies": {
        "0": {
            "1": 49.14,
            "2": 48.73,
            "3": 32.8,
            "4": 25.54,
            "5": 32.29,
            "6": 16.77,
            "7": 60.27,
            "8": 26.7,
            "9": 28.34,
            "10": 39.13,
            "11": 20.06,
            "12": 32.2
        },
        "1": {
            "0": 49.14,
            "2": 13.6,
            "3": 28.96,
            "4": 40.98,
            "5": 33.62,
            "6": 33.31,
            "7": 38.76,
            "8": 50.24,
            "9": 31.99,
            "10": 19.41,
            "11": 18.95,
            "12": 15.04
        },
        "2": {
            "0": 48.73,
            "1": 13.6,
            "3": 31.21,
            "4": 52.45,
            "5": 19.41,
            "6": 16.64,
            "7": 2.88,
            "8": 30.12,
            "9": 35.15,
            "10": 37.34,
            "11": 33.35,
            "12": 24.67
        },
        "3": {
            "0": 32.8,
            "1": 28.96,
            "2": 31.21,
            "4": 44.74,
            "5": 31.34,
            "6": 37.54,
            "7": 21.12,
            "8": 27.01,
            "9": 31.11,
            "10": 28.91,
            "11": 67.31,
            "12": 43.79
        },
        "4": {
            "0": 25.54,
            "1": 40.98,
            "2": 52.45,
            "3": 44.74,
            "5": 27.02,
            "6": 32.2,
            "7": 41.97,
            "8": 40.32,
            "9": 14.49,
            "10": 46.07,
            "11": 20.86,
            "12": 17.97
        },
        "5": {
            "0": 32.29,
            "1": 33.62,
            "2": 19.41,
            "3": 31.34,
            "4": 27.02,
            "6": 50.51,
            "7": 33.57,
            "8": 37.65,
            "9": 39.12,
            "10": 21.54,
            "11": 44.46,
            "12": 31.35
        },
        "6": {
            "0": 16.77,
            "1": 33.31,
            "2": 16.64,
            "3": 37.54,
            "4": 32.2,
            "5": 50.51,
            "7": 35.11,
            "8": 39.61,
            "9": 33.4,
            "10": 28.53,
            "11": 48.09,
            "12": 28.67
        },
        "7": {
            "0": 60.27,
            "1": 38.76,
            "2": 2.88,
            "3": 21.12,
            "4": 41.97,
            "5": 33.57,
            "6": 35.11,
            "8": 29.05,
            "9": 33.8,
            "10": 40.74,
            "11": 33.26,
            "12": 31.64
        },
        "8": {
            "0": 26.7,
            "1": 50.24,
            "2": 30.12,
            "3": 27.01,
            "4": 40.32,
            "5": 37.65,
            "6": 39.61,
            "7": 29.05,
            "9": 29.41,
            "10": 33.73,
            "11": 38.34,
            "12": 68.22
        },
        "9": {
            "0": 28.34,
            "1": 31.99,
            "2": 35.15,
            "3": 31.11,
            "4": 14.49,
            "5": 39.12,
            "6": 33.4,
            "7": 33.8,
            "8": 29.41,
            "10": 62.32,
            "11": 46.5,
            "12": 36.88
        },
        "10": {
            "0": 39.13,
            "1": 19.41,
            "2": 37.34,
            "3": 28.91,
            "4": 46.07,
            "5": 21.54,
            "6": 28.53,
            "7": 40.74,
            "8": 33.73,
            "9": 62.32,
            "11": 26.3,
            "12": 2.18
        },
        "11": {
            "0": 20.06,
            "1": 18.95,
            "2": 33.35,
            "3": 67.31,
            "4": 20.86,
            "5": 44.46,
            "6": 48.09,
            "7": 33.26,
            "8": 38.34,
            "9": 46.5,
            "10": 26.3,
            "12": 54.55
        },
        "12": {
            "0": 32.2,
            "1": 15.04,
            "2": 24.67,
            "3": 43.79,
            "4": 17.97,
            "5": 31.35,
            "6": 28.67,
            "7": 31.64,
            "8": 68.22,
            "9": 36.88,
            "10": 2.18,
            "11": 54.55
        }
    }
}