{
    "knapsack_size": 12000,
    "Gamma": 9,
    "n_items": 23,
    "costs": {
        "0": {
            "u": 1333,
            "a": 962,
            "l": 400
        },
        "1": {
            "u": 1333,
            "a": 1277,
            "l": 470
        },
        "2": {
            "u": 1333,
            "a": 781,
            "l": 339
        },
        "3": {
            "u": 1333,
            "a": 904,
            "l": 409
        },
        "4": {
            "u": 1333,
            "a": 1212,
            "l": 464
        },
        "5": {
            "u": 1333,
            "a": 949,
            "l": 333
        },
        "6": {
            "u": 1333,
            "a": 684,
            "l": 319
        },
        "7": {
            "u": 1333,
            "a": 1062,
            "l": 524
        },
        "8": {
            "u": 1333,
            "a": 1117,
            "l": 450
        },
        "9": {
            "u": 1333,
            "a": 1306,
            "l": 493
        },
        "10": {
            "u": 1333,
            "a": 1169,
            "l": 405
        },
        "11": {
            "u": 1333,
            "a": 1167,
            "l": 553
        },
        "12": {
            "u": 1333,
            "a": 1263,
            "l": 578
        },
        "13": {
            "u": 1333,
            "a": 1216,
            "l": 511
        },
        "14": {
            "u": 1333,
            "a": 1230,
            "l": 496
        },
        "15": {
            "u": 1333,
            "a": 1181,
            "l": 579
        },
        "16": {
            "u": 1333,
            "a": 1326,
            "l": 501
        },
        "17": {
            "u": 1333,
            "a": 1044,
            "l": 367
        },
        "18": {
            "u": 1333,
            "a": 1151,
            "l": 413
        },
        "19": {
            "u": 1333,
            "a": 1099,
            "l": 423
        },
        "20": {
            "u": 1333,
            "a": 1044,
            "l": 355
        },
        "21": {
            "u": 1333,
            "a": 1331,
            "l": 637
        },
        "22": {
            "u": 1333,
            "a": 1260,
            "l": 626
        }
    },
    "profits": {
        "0": 1437,
        "1": 1377,
        "2": 1357,
        "3": 1364,
        "4": 1601,
        "5": 1423,
        "6": 1589,
        "7": 1557,
        "8": 1507,
        "9": 1563,
        "10": 1468,
        "11": 1593,
        "12": 1422,
        "13": 1383,
        "14": 1369,
        "15": 1528,
        "16": 1571,
        "17": 1477,
        "18": 1387,
        "19": 1418,
        "20": 1453,
        "21": 1626,
        "22": 1520
    },
    "synergies": {
        "0": {
            "1": -13,
            "2": -22,
            "3": 23,
            "4": 24,
            "5": 39,
            "6": -5,
            "7": -43,
            "8": 42,
            "9": 26,
            "10": 17,
            "11": -18,
            "12": 46,
            "13": -20,
            "14": 23,
            "15": 18,
            "16": -31,
            "17": 23,
            "18": -3,
            "19": 7,
            "20": 21,
            "21": -40,
            "22": 6
        },
        "1": {
            "0": -13,
            "2": -26,
            "3": -48,
            "4": -22,
            "5": 7,
            "6": -38,
            "7": -49,
            "8": -41,
            "9": -23,
            "10": -9,
            "11": -43,
            "12": 23,
            "13": 30,
            "14": 18,
            "15": -12,
            "16": 28,
            "17": -18,
            "18": 32,
            "19": -37,
            "20": -33,
            "21": -31,
            "22": 42
        },
        "2": {
            "0": -22,
            "1": -26,
            "3": 31,
            "4": 41,
            "5": -20,
            "6": 48,
            "7": 42,
            "8": 12,
            "9": 21,
            "10": 23,
            "11": 38,
            "12": 46,
            "13": 11,
            "14": -18,
            "15": -27,
            "16": 18,
            "17": 29,
            "18": -3,
            "19": 29,
            "20": 27,
            "21": 7,
            "22": -6
        },
        "3": {
            "0": 23,
            "1": -48,
            "2": 31,
            "4": -32,
            "5": -1,
            "6": -13,
            "7": 43,
            "8": 33,
            "9": 25,
            "10": 29,
            "11": 36,
            "12": 27,
            "13": -48,
            "14": -36,
            "15": -20,
            "16": 7,
            "17": -25,
            "18": -17,
            "19": -33,
            "20": 13,
            "21": 15,
            "22": 27
        },
        "4": {
            "0": 24,
            "1": -22,
            "2": 41,
            "3": -32,
            "5": 3,
            "6": -4,
            "7": 31,
            "8": -22,
            "9": -40,
            "10": 13,
            "11": -23,
            "12": 23,
            "13": -9,
            "14": 14,
            "15": 12,
            "16": 32,
            "17": -47,
            "18": 16,
            "19": -34,
            "20": -10,
            "21": -42,
            "22": -27
        },
        "5": {
            "0": 39,
            "1": 7,
            "2": -20,
            "3": -1,
            "4": 3,
            "6": -17,
            "7": -14,
            "8": -44,
            "9": -7,
            "10": 16,
            "11": 35,
            "12": -48,
            "13": 49,
            "14": -49,
            "15": 8,
            "16": -18,
            "17": -31,
            "18": 27,
            "19": 0,
            "20": 26,
            "21": 41,
            "22": 37
        },
        "6": {
            "0": -5,
            "1": -38,
            "2": 48,
            "3": -13,
            "4": -4,
            "5": -17,
            "7": 18,
            "8": 0,
            "9": -25,
            "10": -16,
            "11": -8,
            "12": 1,
            "13": 46,
            "14": 19,
            "15": -40,
            "16": 6,
            "17": -12,
            "18": -23,
            "19": 6,
            "20": -37,
            "21": 49,
            "22": -40
        },
        "7": {
            "0": -43,
            "1": -49,
            "2": 42,
            "3": 43,
            "4": 31,
            "5": -14,
            "6": 18,
            "8": 17,
            "9": 8,
            "10": -23,
            "11": -10,
            "12": 29,
            "13": -27,
            "14": -48,
            "15": -21,
            "16": -16,
            "17": -48,
            "18": -10,
            "19": 29,
            "20": -14,
            "21": -7,
            "22": -20
        },
        "8": {
            "0": 42,
            "1": -41,
            "2": 12,
            "3": 33,
            "4": -22,
            "5": -44,
            "6": 0,
            "7": 17,
            "9": -13,
            "10": -20,
            "11": 44,
            "12": 18,
            "13": 36,
            "14": 11,
            "15": 36,
            "16": -8,
            "17": -5,
            "18": 13,
            "19": 5,
            "20": 5,
            "21": 22,
            "22": 44
        },
        "9": {
            "0": 26,
            "1": -23,
            "2": 21,
            "3": 25,
            "4": -40,
            "5": -7,
            "6": -25,
            "7": 8,
            "8": -13,
            "10": 0,
            "11": 17,
            "12": 4,
            "13": 5,
            "14": 3,
            "15": -49,
            "16": -33,
            "17": 27,
            "18": -11,
            "19": -31,
            "20": -3,
            "21": 47,
            "22": -47
        },
        "10": {
            "0": 17,
            "1": -9,
            "2": 23,
            "3": 29,
            "4": 13,
            "5": 16,
            "6": -16,
            "7": -23,
            "8": -20,
            "9": 0,
            "11": -24,
            "12": 48,
            "13": -12,
            "14": -10,
            "15": 23,
            "16": -19,
            "17": -4,
            "18": -4,
            "19": -39,
            "20": -34,
            "21": 38,
            "22": 9
        },
        "11": {
            "0": -18,
            "1": -43,
            "2": 38,
            "3": 36,
            "4": -23,
            "5": 35,
            "6": -8,
            "7": -10,
            "8": 44,
            "9": 17,
            "10": -24,
            "12": 4,
            "13": 0,
            "14": 42,
            "15": -32,
            "16": -42,
            "17": -36,
            "18": 41,
            "19": -21,
            "20": 14,
            "21": -13,
            "22": -5
        },
        "12": {
            "0": 46,
            "1": 23,
            "2": 46,
            "3": 27,
            "4": 23,
            "5": -48,
            "6": 1,
            "7": 29,
            "8": 18,
            "9": 4,
            "10": 48,
            "11": 4,
            "13": -49,
            "14": 7,
            "15": -11,
            "16": 47,
            "17": 9,
            "18": -36,
            "19": 49,
            "20": -47,
            "21": 7,
            "22": -40
        },
        "13": {
            "0": -20,
            "1": 30,
            "2": 11,
            "3": -48,
            "4": -9,
            "5": 49,
            "6": 46,
            "7": -27,
            "8": 36,
            "9": 5,
            "10": -12,
            "11": 0,
            "12": -49,
            "14": -46,
            "15": -31,
            "16": 5,
            "17": 27,
            "18": 18,
            "19": -29,
            "20": 42,
            "21": 48,
            "22": -40
        },
        "14": {
            "0": 23,
            "1": 18,
            "2": -18,
            "3": -36,
            "4": 14,
            "5": -49,
            "6": 19,
            "7": -48,
            "8": 11,
            "9": 3,
            "10": -10,
            "11": 42,
            "12": 7,
            "13": -46,
            "15": -29,
            "16": 46,
            "17": -28,
            "18": -10,
            "19": -9,
            "20": 23,
            "21": -38,
            "22": -40
        },
        "15": {
            "0": 18,
            "1": -12,
            "2": -27,
            "3": -20,
            "4": 12,
            "5": 8,
            "6": -40,
            "7": -21,
            "8": 36,
            "9": -49,
            "10": 23,
            "11": -32,
            "12": -11,
            "13": -31,
            "14": -29,
            "16": 3,
            "17": -28,
            "18": 14,
            "19": -20,
            "20": 23,
            "21": 43,
            "22": -12
        },
        "16": {
            "0": -31,
            "1": 28,
            "2": 18,
            "3": 7,
            "4": 32,
            "5": -18,
            "6": 6,
            "7": -16,
            "8": -8,
            "9": -33,
            "10": -19,
            "11": -42,
            "12": 47,
            "13": 5,
            "14": 46,
            "15": 3,
            "17": -17,
            "18": -47,
            "19": -28,
            "20": 27,
            "21": -4,
            "22": 35
        },
        "17": {
            "0": 23,
            "1": -18,
            "2": 29,
            "3": -25,
            "4": -47,
            "5": -31,
            "6": -12,
            "7": -48,
            "8": -5,
            "9": 27,
            "10": -4,
            "11": -36,
            "12": 9,
            "13": 27,
            "14": -28,
            "15": -28,
            "16": -17,
            "18": 28,
            "19": -24,
            "20": -24,
            "21": 31,
            "22": -35
        },
        "18": {
            "0": -3,
            "1": 32,
            "2": -3,
            "3": -17,
            "4": 16,
            "5": 27,
            "6": -23,
            "7": -10,
            "8": 13,
            "9": -11,
            "10": -4,
            "11": 41,
            "12": -36,
            "13": 18,
            "14": -10,
            "15": 14,
            "16": -47,
            "17": 28,
            "19": -5,
            "20": -21,
            "21": -36,
            "22": 49
        },
        "19": {
            "0": 7,
            "1": -37,
            "2": 29,
            "3": -33,
            "4": -34,
            "5": 0,
            "6": 6,
            "7": 29,
            "8": 5,
            "9": -31,
            "10": -39,
            "11": -21,
            "12": 49,
            "13": -29,
            "14": -9,
            "15": -20,
            "16": -28,
            "17": -24,
            "18": -5,
            "20": -17,
            "21": -19,
            "22": -6
        },
        "20": {
            "0": 21,
            "1": -33,
            "2": 27,
            "3": 13,
            "4": -10,
            "5": 26,
            "6": -37,
            "7": -14,
            "8": 5,
            "9": -3,
            "10": -34,
            "11": 14,
            "12": -47,
            "13": 42,
            "14": 23,
            "15": 23,
            "16": 27,
            "17": -24,
            "18": -21,
            "19": -17,
            "21": 21,
            "22": -36
        },
        "21": {
            "0": -40,
            "1": -31,
            "2": 7,
            "3": 15,
            "4": -42,
            "5": 41,
            "6": 49,
            "7": -7,
            "8": 22,
            "9": 47,
            "10": 38,
            "11": -13,
            "12": 7,
            "13": 48,
            "14": -38,
            "15": 43,
            "16": -4,
            "17": 31,
            "18": -36,
            "19": -19,
            "20": 21,
            "22": -9
        },
        "22": {
            "0": 6,
            "1": 42,
            "2": -6,
            "3": 27,
            "4": -27,
            "5": 37,
            "6": -40,
            "7": -20,
            "8": 44,
            "9": -47,
            "10": 9,
            "11": -5,
            "12": -40,
            "13": -40,
            "14": -40,
            "15": -12,
            "16": 35,
            "17": -35,
            "18": 49,
            "19": -6,
            "20": -36,
            "21": -9
        }
    }
}