{
    "knapsack_size": 3200,
    "Gamma": 15,
    "n_items": 21,
    "costs": {
        "0": {
            "l": 21.39,
            "a": 46.28,
            "u": 49.23
        },
        "1": {
            "l": 3.66,
            "a": 24.88,
            "u": 36.03
        },
        "2": {
            "l": 21.38,
            "a": 43.36,
            "u": 62.09
        },
        "3": {
            "l": 30.68,
            "a": 48.19,
            "u": 72.85
        },
        "4": {
            "l": 24.38,
            "a": 39.22,
            "u": 69.81
        },
        "5": {
            "l": 15.12,
            "a": 39.44,
            "u": 85.98
        },
        "6": {
            "l": 28.87,
            "a": 33.14,
            "u": 83.88
        },
        "7": {
            "l": 30.26,
            "a": 39.6,
            "u": 63.8
        },
        "8": {
            "l": 27.97,
            "a": 41.26,
            "u": 76.84
        },
        "9": {
            "l": 33.16,
            "a": 35.05,
            "u": 42.16
        },
        "10": {
            "l": 24.3,
            "a": 43.4,
            "u": 73.99
        },
        "11": {
            "l": 19.16,
            "a": 36.11,
            "u": 55.52
        },
        "12": {
            "l": 2.25,
            "a": 21.99,
            "u": 79.22
        },
        "13": {
            "l": 34.08,
            "a": 38.92,
            "u": 82.12
        },
        "14": {
            "l": 32.87,
            "a": 44.21,
            "u": 47.91
        },
        "15": {
            "l": 4.69,
            "a": 26.15,
            "u": 80.66
        },
        "16": {
            "l": 16.06,
            "a": 39.01,
            "u": 45.71
        },
        "17": {
            "l": 32.94,
            "a": 48.9,
            "u": 61.38
        },
        "18": {
            "l": 24.84,
            "a": 51.69,
            "u": 53.96
        },
        "19": {
            "l": 21.84,
            "a": 53.65,
            "u": 82.5
        },
        "20": {
            "l": 11.99,
            "a": 22.99,
            "u": 65.68
        }
    },
    "profits": {
        "0": 60.09,
        "1": 44.27,
        "2": 90.51,
        "3": 62.7,
        "4": 83.87,
        "5": 92.13,
        "6": 36.69,
        "7": 51.69,
        "8": 55.68,
        "9": 46.86,
        "10": 48.71,
        "11": 91.92,
        "12": 47.13,
        "13": 67.8,
        "14": 73.06,
        "15": 86.63,
        "16": 59.02,
        "17": 91.36,
        "18": 86.7,
        "19": 86.63,
        "20": 92.35
    },
    "synergies": {
        "0": {
            "1": -11.56,
            "2": 3.53,
            "3": 1.32,
            "4": 1.54,
            "5": -2.44,
            "6": -2.79,
            "7": 0.51,
            "8": -6.74,
            "9": 8.8,
            "10": -11.74,
            "11": 11.92,
            "12": -11.76,
            "13": 9.45,
            "14": -11.9,
            "15": -10.81,
            "16": -8.46,
            "17": 3.13,
            "18": 8.06,
            "19": 4.96,
            "20": 3.64
        },
        "1": {
            "0": -11.56,
            "2": -4.76,
            "3": 9.88,
            "4": 0.87,
            "5": -8.13,
            "6": -6.11,
            "7": 3.19,
            "8": -2.18,
            "9": 7.13,
            "10": -2.97,
            "11": -3.92,
            "12": 6.41,
            "13": 4.4,
            "14": 11.16,
            "15": 5.76,
            "16": 4.05,
            "17": -3.12,
            "18": -3.71,
            "19": 6.08,
            "20": -3.92
        },
        "2": {
            "0": 3.53,
            "1": -4.76,
            "3": 0.43,
            "4": -1.52,
            "5": 1.86,
            "6": 0.45,
            "7": 8.64,
            "8": -1.48,
            "9": 7.83,
            "10": 3.91,
            "11": 9.73,
            "12": 1.74,
            "13": -3.88,
            "14": 11.95,
            "15": 5.29,
            "16": -1.6,
            "17": -3.06,
            "18": 6.37,
            "19": -5.64,
            "20": -0.26
        },
        "3": {
            "0": 1.32,
            "1": 9.88,
            "2": 0.43,
            "4": -0.17,
            "5": -11.39,
            "6": 7.43,
            "7": 7.77,
            "8": -5.96,
            "9": 10.83,
            "10": 7.34,
            "11": 9.14,
            "12": -5.09,
            "13": 10.71,
            "14": -3.11,
            "15": -1.01,
            "16": 5.9,
            "17": -8.61,
            "18": -1.07,
            "19": -9.22,
            "20": 0.15
        },
        "4": {
            "0": 1.54,
            "1": 0.87,
            "2": -1.52,
            "3": -0.17,
            "5": -7.15,
            "6": 5.29,
            "7": 11.8,
            "8": 3.5,
            "9": 11.54,
            "10": 0.97,
            "11": -11.86,
            "12": 4.33,
            "13": -1.82,
            "14": 8.68,
            "15": -6.53,
            "16": -7.91,
            "17": -6.61,
            "18": 4.7,
            "19": 7.34,
            "20": 2.45
        },
        "5": {
            "0": -2.44,
            "1": -8.13,
            "2": 1.86,
            "3": -11.39,
            "4": -7.15,
            "6": -4.22,
            "7": -1.14,
            "8": 9.35,
            "9": -0.24,
            "10": -4.91,
            "11": 10.33,
            "12": -5.2,
            "13": -8.36,
            "14": -7.04,
            "15": -5.39,
            "16": 0.28,
            "17": 7.58,
            "18": 4.32,
            "19": 5.11,
            "20": -7.5
        },
        "6": {
            "0": -2.79,
            "1": -6.11,
            "2": 0.45,
            "3": 7.43,
            "4": 5.29,
            "5": -4.22,
            "7": -4.79,
            "8": 10.21,
            "9": 9.52,
            "10": 3.59,
            "11": -1.48,
            "12": -6.81,
            "13": 10.21,
            "14": 10.46,
            "15": 0.41,
            "16": -11.05,
            "17": 1.99,
            "18": 0.08,
            "19": -5.58,
            "20": -8.14
        },
        "7": {
            "0": 0.51,
            "1": 3.19,
            "2": 8.64,
            "3": 7.77,
            "4": 11.8,
            "5": -1.14,
            "6": -4.79,
            "8": -10.5,
            "9": 3.98,
            "10": -4.38,
            "11": 5.72,
            "12": 3.98,
            "13": 4.55,
            "14": 11.41,
            "15": -11.77,
            "16": 11.84,
            "17": -3.29,
            "18": -10.96,
            "19": -2.2,
            "20": -6.59
        },
        "8": {
            "0": -6.74,
            "1": -2.18,
            "2": -1.48,
            "3": -5.96,
            "4": 3.5,
            "5": 9.35,
            "6": 10.21,
            "7": -10.5,
            "9": 8.05,
            "10": 8.95,
            "11": 6.59,
            "12": 3.2,
            "13": 4.88,
            "14": 0.81,
            "15": -10.02,
            "16": -7.57,
            "17": 7.17,
            "18": -11.49,
            "19": 8.76,
            "20": 7.0
        },
        "9": {
            "0": 8.8,
            "1": 7.13,
            "2": 7.83,
            "3": 10.83,
            "4": 11.54,
            "5": -0.24,
            "6": 9.52,
            "7": 3.98,
            "8": 8.05,
            "10": 4.75,
            "11": 1.82,
            "12": -9.12,
            "13": -11.87,
            "14": -5.5,
            "15": 8.81,
            "16": 2.79,
            "17": -6.54,
            "18": -8.98,
            "19": 8.54,
            "20": 10.92
        },
        "10": {
            "0": -11.74,
            "1": -2.97,
            "2": 3.91,
            "3": 7.34,
            "4": 0.97,
            "5": -4.91,
            "6": 3.59,
            "7": -4.38,
            "8": 8.95,
            "9": 4.75,
            "11": 10.03,
            "12": -5.18,
            "13": -7.24,
            "14": -10.75,
            "15": -10.76,
            "16": 0.05,
            "17": 11.22,
            "18": 0.09,
            "19": -7.53,
            "20": -6.32
        },
        "11": {
            "0": 11.92,
            "1": -3.92,
            "2": 9.73,
            "3": 9.14,
            "4": -11.86,
            "5": 10.33,
            "6": -1.48,
            "7": 5.72,
            "8": 6.59,
            "9": 1.82,
            "10": 10.03,
            "12": -0.88,
            "13": -3.38,
            "14": 6.7,
            "15": -4.11,
            "16": -0.26,
            "17": 10.27,
            "18": 2.63,
            "19": 1.71,
            "20": -10.43
        },
        "12": {
            "0": -11.76,
            "1": 6.41,
            "2": 1.74,
            "3": -5.09,
            "4": 4.33,
            "5": -5.2,
            "6": -6.81,
            "7": 3.98,
            "8": 3.2,
            "9": -9.12,
            "10": -5.18,
            "11": -0.88,
            "13": 0.07,
            "14": -3.31,
            "15": -7.44,
            "16": -5.57,
            "17": 10.73,
            "18": 9.7,
            "19": 10.74,
            "20": -7.0
        },
        "13": {
            "0": 9.45,
            "1": 4.4,
            "2": -3.88,
            "3": 10.71,
            "4": -1.82,
            "5": -8.36,
            "6": 10.21,
            "7": 4.55,
            "8": 4.88,
            "9": -11.87,
            "10": -7.24,
            "11": -3.38,
            "12": 0.07,
            "14": -4.95,
            "15": -4.31,
            "16": -5.43,
            "17": -0.76,
            "18": 9.3,
            "19": -6.38,
            "20": -4.72
        },
        "14": {
            "0": -11.9,
            "1": 11.16,
            "2": 11.95,
            "3": -3.11,
            "4": 8.68,
            "5": -7.04,
            "6": 10.46,
            "7": 11.41,
            "8": 0.81,
            "9": -5.5,
            "10": -10.75,
            "11": 6.7,
            "12": -3.31,
            "13": -4.95,
            "15": 3.35,
            "16": -7.11,
            "17": -4.56,
            "18": 8.79,
            "19": 1.81,
            "20": -3.73
        },
        "15": {
            "0": -10.81,
            "1": 5.76,
            "2": 5.29,
            "3": -1.01,
            "4": -6.53,
            "5": -5.39,
            "6": 0.41,
            "7": -11.77,
            "8": -10.02,
            "9": 8.81,
            "10": -10.76,
            "11": -4.11,
            "12": -7.44,
            "13": -4.31,
            "14": 3.35,
            "16": 4.44,
            "17": 5.9,
            "18": -6.61,
            "19": 2.74,
            "20": -3.09
        },
        "16": {
            "0": -8.46,
            "1": 4.05,
            "2": -1.6,
            "3": 5.9,
            "4": -7.91,
            "5": 0.28,
            "6": -11.05,
            "7": 11.84,
            "8": -7.57,
            "9": 2.79,
            "10": 0.05,
            "11": -0.26,
            "12": -5.57,
            "13": -5.43,
            "14": -7.11,
            "15": 4.44,
            "17": 11.88,
            "18": 3.99,
            "19": 8.12,
            "20": 11.25
        },
        "17": {
            "0": 3.13,
            "1": -3.12,
            "2": -3.06,
            "3": -8.61,
            "4": -6.61,
            "5": 7.58,
            "6": 1.99,
            "7": -3.29,
            "8": 7.17,
            "9": -6.54,
            "10": 11.22,
            "11": 10.27,
            "12": 10.73,
            "13": -0.76,
            "14": -4.56,
            "15": 5.9,
            "16": 11.88,
            "18": -5.53,
            "19": -11.96,
            "20": 11.18
        },
        "18": {
            "0": 8.06,
            "1": -3.71,
            "2": 6.37,
            "3": -1.07,
            "4": 4.7,
            "5": 4.32,
            "6": 0.08,
            "7": -10.96,
            "8": -11.49,
            "9": -8.98,
            "10": 0.09,
            "11": 2.63,
            "12": 9.7,
            "13": 9.3,
            "14": 8.79,
            "15": -6.61,
            "16": 3.99,
            "17": -5.53,
            "19": 9.81,
            "20": 2.32
        },
        "19": {
            "0": 4.96,
            "1": 6.08,
            "2": -5.64,
            "3": -9.22,
            "4": 7.34,
            "5": 5.11,
            "6": -5.58,
            "7": -2.2,
            "8": 8.76,
            "9": 8.54,
            "10": -7.53,
            "11": 1.71,
            "12": 10.74,
            "13": -6.38,
            "14": 1.81,
            "15": 2.74,
            "16": 8.12,
            "17": -11.96,
            "18": 9.81,
            "20": -7.8
        },
        "20": {
            "0": 3.64,
            "1": -3.92,
            "2": -0.26,
            "3": 0.15,
            "4": 2.45,
            "5": -7.5,
            "6": -8.14,
            "7": -6.59,
            "8": 7.0,
            "9": 10.92,
            "10": -6.32,
            "11": -10.43,
            "12": -7.0,
            "13": -4.72,
            "14": -3.73,
            "15": -3.09,
            "16": 11.25,
            "17": 11.18,
            "18": 2.32,
            "19": -7.8
        }
    }
}