{
    "knapsack_size": 4210,
    "Gamma": 22,
    "n_items": 24,
    "costs": {
        "0": {
            "l": 69.6,
            "a": 71.6,
            "u": 108.77
        },
        "1": {
            "l": 63.36,
            "a": 78.8,
            "u": 114.19
        },
        "2": {
            "l": 61.34,
            "a": 69.51,
            "u": 138.91
        },
        "3": {
            "l": 65.92,
            "a": 73.85,
            "u": 134.15
        },
        "4": {
            "l": 47.08,
            "a": 119.66,
            "u": 145.39
        },
        "5": {
            "l": 50.66,
            "a": 98.96,
            "u": 99.65
        },
        "6": {
            "l": 59.7,
            "a": 93.58,
            "u": 119.13
        },
        "7": {
            "l": 50.46,
            "a": 73.5,
            "u": 133.55
        },
        "8": {
            "l": 74.98,
            "a": 115.78,
            "u": 142.79
        },
        "9": {
            "l": 68.1,
            "a": 91.26,
            "u": 110.3
        },
        "10": {
            "l": 69.5,
            "a": 79.3,
            "u": 137.88
        },
        "11": {
            "l": 65.74,
            "a": 117.87,
            "u": 130.17
        },
        "12": {
            "l": 49.32,
            "a": 113.44,
            "u": 122.33
        },
        "13": {
            "l": 56.15,
            "a": 80.63,
            "u": 127.23
        },
        "14": {
            "l": 57.45,
            "a": 89.77,
            "u": 99.57
        },
        "15": {
            "l": 58.94,
            "a": 89.38,
            "u": 139.75
        },
        "16": {
            "l": 72.11,
            "a": 101.49,
            "u": 142.22
        },
        "17": {
            "l": 49.23,
            "a": 62.87,
            "u": 122.9
        },
        "18": {
            "l": 53.63,
            "a": 73.21,
            "u": 124.88
        },
        "19": {
            "l": 63.03,
            "a": 76.88,
            "u": 126.51
        },
        "20": {
            "l": 53.95,
            "a": 93.63,
            "u": 119.25
        },
        "21": {
            "l": 47.26,
            "a": 103.37,
            "u": 120.79
        },
        "22": {
            "l": 56.03,
            "a": 105.18,
            "u": 128.71
        },
        "23": {
            "l": 60.87,
            "a": 104.94,
            "u": 128.91
        }
    },
    "profits": {
        "0": 125.12,
        "1": 85.65,
        "2": 100.72,
        "3": 172.02,
        "4": 143.5,
        "5": 114.27,
        "6": 122.59,
        "7": 167.43,
        "8": 178.33,
        "9": 150.34,
        "10": 149.15,
        "11": 181.03,
        "12": 180.87,
        "13": 145.68,
        "14": 129.95,
        "15": 153.92,
        "16": 176.55,
        "17": 162.3,
        "18": 141.14,
        "19": 79.45,
        "20": 97.75,
        "21": 134.51,
        "22": 182.8,
        "23": 171.32
    },
    "synergies": {
        "0": {
            "1": 0.0,
            "2": 0.0,
            "3": 0.0,
            "4": 0.0,
            "5": 0.0,
            "6": 0.0,
            "7": 0.0,
            "8": 0.0,
            "9": 0.0,
            "10": 0.0,
            "11": 0.0,
            "12": 0.0,
            "13": 0.0,
            "14": 0.0,
            "15": 0.0,
            "16": 0.0,
            "17": 0.0,
            "18": 0.0,
            "19": 0.0,
            "20": 0.0,
            "21": 0.0,
            "22": 0.0,
            "23": 0.0
        },
        "1": {
            "0": 0.0,
            "2": 0.0,
            "3": 0.0,
            "4": 0.0,
            "5": 0.0,
            "6": 0.0,
            "7": 0.0,
            "8": 0.0,
            "9": 0.0,
            "10": 0.0,
            "11": 0.0,
            "12": 0.0,
            "13": 0.0,
            "14": 0.0,
            "15": 0.0,
            "16": 0.0,
            "17": 0.0,
            "18": 0.0,
            "19": 0.0,
            "20": 0.0,
            "21": 0.0,
            "22": 0.0,
            "23": 0.0
        },
        "2": {
            "0": 0.0,
            "1": 0.0,
            "3": 0.0,
            "4": 0.0,
            "5": 0.0,
            "6": 0.0,
            "7": 0.0,
            "8": 0.0,
            "9": 0.0,
            "10": 0.0,
            "11": 0.0,
            "12": 0.0,
            "13": 0.0,
            "14": 0.0,
            "15": 0.0,
            "16": 0.0,
            "17": 0.0,
            "18": 0.0,
            "19": 0.0,
            "20": 0.0,
            "21": 0.0,
            "22": 0.0,
            "23": 0.0
        },
        "3": {
            "0": 0.0,
            "1": 0.0,
            "2": 0.0,
            "4": 0.0,
            "5": 0.0,
            "6": 0.0,
            "7": 0.0,
            "8": 0.0,
            "9": 0.0,
            "10": 0.0,
            "11": 0.0,
            "12": 0.0,
            "13": 0.0,
            "14": 0.0,
            "15": 0.0,
            "16": 0.0,
            "17": 0.0,
            "18": 0.0,
            "19": 0.0,
            "20": 0.0,
            "21": 0.0,
            "22": 0.0,
            "23": 0.0
        },
        "4": {
            "0": 0.0,
            "1": 0.0,
            "2": 0.0,
            "3": 0.0,
            "5": 0.0,
            "6": 0.0,
            "7": 0.0,
            "8": 0.0,
            "9": 0.0,
            "10": 0.0,
            "11": 0.0,
            "12": 0.0,
            "13": 0.0,
            "14": 0.0,
            "15": 0.0,
            "16": 0.0,
            "17": 0.0,
            "18": 0.0,
            "19": 0.0,
            "20": 0.0,
            "21": 0.0,
            "22": 0.0,
            "23": 0.0
        },
        "5": {
            "0": 0.0,
            "1": 0.0,
            "2": 0.0,
            "3": 0.0,
            "4": 0.0,
            "6": 0.0,
            "7": 0.0,
            "8": 0.0,
            "9": 0.0,
            "10": 0.0,
            "11": 0.0,
            "12": 0.0,
            "13": 0.0,
            "14": 0.0,
            "15": 0.0,
            "16": 0.0,
            "17": 0.0,
            "18": 0.0,
            "19": 0.0,
            "20": 0.0,
            "21": 0.0,
            "22": 0.0,
            "23": 0.0
        },
        "6": {
            "0": 0.0,
            "1": 0.0,
            "2": 0.0,
            "3": 0.0,
            "4": 0.0,
            "5": 0.0,
            "7": 0.0,
            "8": 0.0,
            "9": 0.0,
            "10": 0.0,
            "11": 0.0,
            "12": 0.0,
            "13": 0.0,
            "14": 0.0,
            "15": 0.0,
            "16": 0.0,
            "17": 0.0,
            "18": 0.0,
            "19": 0.0,
            "20": 0.0,
            "21": 0.0,
            "22": 0.0,
            "23": 0.0
        },
        "7": {
            "0": 0.0,
            "1": 0.0,
            "2": 0.0,
            "3": 0.0,
            "4": 0.0,
            "5": 0.0,
            "6": 0.0,
            "8": 0.0,
            "9": 0.0,
            "10": 0.0,
            "11": 0.0,
            "12": 0.0,
            "13": 0.0,
            "14": 0.0,
            "15": 0.0,
            "16": 0.0,
            "17": 0.0,
            "18": 0.0,
            "19": 0.0,
            "20": 0.0,
            "21": 0.0,
            "22": 0.0,
            "23": 0.0
        },
        "8": {
            "0": 0.0,
            "1": 0.0,
            "2": 0.0,
            "3": 0.0,
            "4": 0.0,
            "5": 0.0,
            "6": 0.0,
            "7": 0.0,
            "9": 0.0,
            "10": 0.0,
            "11": 0.0,
            "12": 0.0,
            "13": 0.0,
            "14": 0.0,
            "15": 0.0,
            "16": 0.0,
            "17": 0.0,
            "18": 0.0,
            "19": 0.0,
            "20": 0.0,
            "21": 0.0,
            "22": 0.0,
            "23": 0.0
        },
        "9": {
            "0": 0.0,
            "1": 0.0,
            "2": 0.0,
            "3": 0.0,
            "4": 0.0,
            "5": 0.0,
            "6": 0.0,
            "7": 0.0,
            "8": 0.0,
            "10": 0.0,
            "11": 0.0,
            "12": 0.0,
            "13": 0.0,
            "14": 0.0,
            "15": 0.0,
            "16": 0.0,
            "17": 0.0,
            "18": 0.0,
            "19": 0.0,
            "20": 0.0,
            "21": 0.0,
            "22": 0.0,
            "23": 0.0
        },
        "10": {
            "0": 0.0,
            "1": 0.0,
            "2": 0.0,
            "3": 0.0,
            "4": 0.0,
            "5": 0.0,
            "6": 0.0,
            "7": 0.0,
            "8": 0.0,
            "9": 0.0,
            "11": 0.0,
            "12": 0.0,
            "13": 0.0,
            "14": 0.0,
            "15": 0.0,
            "16": 0.0,
            "17": 0.0,
            "18": 0.0,
            "19": 0.0,
            "20": 0.0,
            "21": 0.0,
            "22": 0.0,
            "23": 0.0
        },
        "11": {
            "0": 0.0,
            "1": 0.0,
            "2": 0.0,
            "3": 0.0,
            "4": 0.0,
            "5": 0.0,
            "6": 0.0,
            "7": 0.0,
            "8": 0.0,
            "9": 0.0,
            "10": 0.0,
            "12": 0.0,
            "13": 0.0,
            "14": 0.0,
            "15": 0.0,
            "16": 0.0,
            "17": 0.0,
            "18": 0.0,
            "19": 0.0,
            "20": 0.0,
            "21": 0.0,
            "22": 0.0,
            "23": 0.0
        },
        "12": {
            "0": 0.0,
            "1": 0.0,
            "2": 0.0,
            "3": 0.0,
            "4": 0.0,
            "5": 0.0,
            "6": 0.0,
            "7": 0.0,
            "8": 0.0,
            "9": 0.0,
            "10": 0.0,
            "11": 0.0,
            "13": 0.0,
            "14": 0.0,
            "15": 0.0,
            "16": 0.0,
            "17": 0.0,
            "18": 0.0,
            "19": 0.0,
            "20": 0.0,
            "21": 0.0,
            "22": 0.0,
            "23": 0.0
        },
        "13": {
            "0": 0.0,
            "1": 0.0,
            "2": 0.0,
            "3": 0.0,
            "4": 0.0,
            "5": 0.0,
            "6": 0.0,
            "7": 0.0,
            "8": 0.0,
            "9": 0.0,
            "10": 0.0,
            "11": 0.0,
            "12": 0.0,
            "14": 0.0,
            "15": 0.0,
            "16": 0.0,
            "17": 0.0,
            "18": 0.0,
            "19": 0.0,
            "20": 0.0,
            "21": 0.0,
            "22": 0.0,
            "23": 0.0
        },
        "14": {
            "0": 0.0,
            "1": 0.0,
            "2": 0.0,
            "3": 0.0,
            "4": 0.0,
            "5": 0.0,
            "6": 0.0,
            "7": 0.0,
            "8": 0.0,
            "9": 0.0,
            "10": 0.0,
            "11": 0.0,
            "12": 0.0,
            "13": 0.0,
            "15": 0.0,
            "16": 0.0,
            "17": 0.0,
            "18": 0.0,
            "19": 0.0,
            "20": 0.0,
            "21": 0.0,
            "22": 0.0,
            "23": 0.0
        },
        "15": {
            "0": 0.0,
            "1": 0.0,
            "2": 0.0,
            "3": 0.0,
            "4": 0.0,
            "5": 0.0,
            "6": 0.0,
            "7": 0.0,
            "8": 0.0,
            "9": 0.0,
            "10": 0.0,
            "11": 0.0,
            "12": 0.0,
            "13": 0.0,
            "14": 0.0,
            "16": 0.0,
            "17": 0.0,
            "18": 0.0,
            "19": 0.0,
            "20": 0.0,
            "21": 0.0,
            "22": 0.0,
            "23": 0.0
        },
        "16": {
            "0": 0.0,
            "1": 0.0,
            "2": 0.0,
            "3": 0.0,
            "4": 0.0,
            "5": 0.0,
            "6": 0.0,
            "7": 0.0,
            "8": 0.0,
            "9": 0.0,
            "10": 0.0,
            "11": 0.0,
            "12": 0.0,
            "13": 0.0,
            "14": 0.0,
            "15": 0.0,
            "17": 0.0,
            "18": 0.0,
            "19": 0.0,
            "20": 0.0,
            "21": 0.0,
            "22": 0.0,
            "23": 0.0
        },
        "17": {
            "0": 0.0,
            "1": 0.0,
            "2": 0.0,
            "3": 0.0,
            "4": 0.0,
            "5": 0.0,
            "6": 0.0,
            "7": 0.0,
            "8": 0.0,
            "9": 0.0,
            "10": 0.0,
            "11": 0.0,
            "12": 0.0,
            "13": 0.0,
            "14": 0.0,
            "15": 0.0,
            "16": 0.0,
            "18": 0.0,
            "19": 0.0,
            "20": 0.0,
            "21": 0.0,
            "22": 0.0,
            "23": 0.0
        },
        "18": {
            "0": 0.0,
            "1": 0.0,
            "2": 0.0,
            "3": 0.0,
            "4": 0.0,
            "5": 0.0,
            "6": 0.0,
            "7": 0.0,
            "8": 0.0,
            "9": 0.0,
            "10": 0.0,
            "11": 0.0,
            "12": 0.0,
            "13": 0.0,
            "14": 0.0,
            "15": 0.0,
            "16": 0.0,
            "17": 0.0,
            "19": 0.0,
            "20": 0.0,
            "21": 0.0,
            "22": 0.0,
            "23": 0.0
        },
        "19": {
            "0": 0.0,
            "1": 0.0,
            "2": 0.0,
            "3": 0.0,
            "4": 0.0,
            "5": 0.0,
            "6": 0.0,
            "7": 0.0,
            "8": 0.0,
            "9": 0.0,
            "10": 0.0,
            "11": 0.0,
            "12": 0.0,
            "13": 0.0,
            "14": 0.0,
            "15": 0.0,
            "16": 0.0,
            "17": 0.0,
            "18": 0.0,
            "20": 0.0,
            "21": 0.0,
            "22": 0.0,
            "23": 0.0
        },
        "20": {
            "0": 0.0,
            "1": 0.0,
            "2": 0.0,
            "3": 0.0,
            "4": 0.0,
            "5": 0.0,
            "6": 0.0,
            "7": 0.0,
            "8": 0.0,
            "9": 0.0,
            "10": 0.0,
            "11": 0.0,
            "12": 0.0,
            "13": 0.0,
            "14": 0.0,
            "15": 0.0,
            "16": 0.0,
            "17": 0.0,
            "18": 0.0,
            "19": 0.0,
            "21": 0.0,
            "22": 0.0,
            "23": 0.0
        },
        "21": {
            "0": 0.0,
            "1": 0.0,
            "2": 0.0,
            "3": 0.0,
            "4": 0.0,
            "5": 0.0,
            "6": 0.0,
            "7": 0.0,
            "8": 0.0,
            "9": 0.0,
            "10": 0.0,
            "11": 0.0,
            "12": 0.0,
            "13": 0.0,
            "14": 0.0,
            "15": 0.0,
            "16": 0.0,
            "17": 0.0,
            "18": 0.0,
            "19": 0.0,
            "20": 0.0,
            "22": 0.0,
            "23": 0.0
        },
        "22": {
            "0": 0.0,
            "1": 0.0,
            "2": 0.0,
            "3": 0.0,
            "4": 0.0,
            "5": 0.0,
            "6": 0.0,
            "7": 0.0,
            "8": 0.0,
            "9": 0.0,
            "10": 0.0,
            "11": 0.0,
            "12": 0.0,
            "13": 0.0,
            "14": 0.0,
            "15": 0.0,
            "16": 0.0,
            "17": 0.0,
            "18": 0.0,
            "19": 0.0,
            "20": 0.0,
            "21": 0.0,
            "23": 0.0
        },
        "23": {
            "0": 0.0,
            "1": 0.0,
            "2": 0.0,
            "3": 0.0,
            "4": 0.0,
            "5": 0.0,
            "6": 0.0,
            "7": 0.0,
            "8": 0.0,
            "9": 0.0,
            "10": 0.0,
            "11": 0.0,
            "12": 0.0,
            "13": 0.0,
            "14": 0.0,
            "15": 0.0,
            "16": 0.0,
            "17": 0.0,
            "18": 0.0,
            "19": 0.0,
            "20": 0.0,
            "21": 0.0,
            "22": 0.0
        }
    }
}