{
    "knapsack_size": 3900,
    "Gamma": 11,
    "n_items": 11,
    "costs": {
        "0": {
            "l": 221.03,
            "a": 297.9,
            "u": 345.48
        },
        "1": {
            "l": 202.23,
            "a": 334.26,
            "u": 342.9
        },
        "2": {
            "l": 263.74,
            "a": 318.5,
            "u": 371.1
        },
        "3": {
            "l": 224.73,
            "a": 340.15,
            "u": 383.24
        },
        "4": {
            "l": 320.82,
            "a": 328.51,
            "u": 390.28
        },
        "5": {
            "l": 272.62,
            "a": 360.75,
            "u": 389.12
        },
        "6": {
            "l": 244.73,
            "a": 283.71,
            "u": 303.2
        },
        "7": {
            "l": 320.72,
            "a": 338.48,
            "u": 384.77
        },
        "8": {
            "l": 128.53,
            "a": 188.53,
            "u": 319.57
        },
        "9": {
            "l": 316.26,
            "a": 322.85,
            "u": 341.32
        },
        "10": {
            "l": 103.74,
            "a": 225.68,
            "u": 309.76
        }
    },
    "profits": {
        "0": 322.04,
        "1": 439.68,
        "2": 347.63,
        "3": 346.48,
        "4": 330.14,
        "5": 425.07,
        "6": 345.28,
        "7": 363.57,
        "8": 298.53,
        "9": 369.31,
        "10": 274.11
    },
    "synergies": {
        "0": {
            "1": 30.49,
            "2": 21.14,
            "3": 14.97,
            "4": -36.91,
            "5": -19.9,
            "6": -19.31,
            "7": 43.27,
            "8": 8.17,
            "9": -42.14,
            "10": 18.32
        },
        "1": {
            "0": 30.49,
            "2": -46.97,
            "3": -39.26,
            "4": 28.73,
            "5": 1.12,
            "6": -43.06,
            "7": 43.66,
            "8": -33.11,
            "9": -22.8,
            "10": -30.03
        },
        "2": {
            "0": 21.14,
            "1": -46.97,
            "3": -18.96,
            "4": 4.77,
            "5": -42.35,
            "6": -27.35,
            "7": 41.65,
            "8": -6.94,
            "9": 27.13,
            "10": -37.23
        },
        "3": {
            "0": 14.97,
            "1": -39.26,
            "2": -18.96,
            "4": -25.92,
            "5": -10.95,
            "6": 28.93,
            "7": -28.68,
            "8": 42.35,
            "9": -15.0,
            "10": 15.11
        },
        "4": {
            "0": -36.91,
            "1": 28.73,
            "2": 4.77,
            "3": -25.92,
            "5": 48.0,
            "6": 46.03,
            "7": 35.15,
            "8": -6.15,
            "9": -25.02,
            "10": 11.17
        },
        "5": {
            "0": -19.9,
            "1": 1.12,
            "2": -42.35,
            "3": -10.95,
            "4": 48.0,
            "6": -30.12,
            "7": -27.78,
            "8": -45.76,
            "9": -34.47,
            "10": 36.4
        },
        "6": {
            "0": -19.31,
            "1": -43.06,
            "2": -27.35,
            "3": 28.93,
            "4": 46.03,
            "5": -30.12,
            "7": 6.15,
            "8": -21.38,
            "9": -41.01,
            "10": -39.58
        },
        "7": {
            "0": 43.27,
            "1": 43.66,
            "2": 41.65,
            "3": -28.68,
            "4": 35.15,
            "5": -27.78,
            "6": 6.15,
            "8": 44.36,
            "9": -10.23,
            "10": 46.43
        },
        "8": {
            "0": 8.17,
            "1": -33.11,
            "2": -6.94,
            "3": 42.35,
            "4": -6.15,
            "5": -45.76,
            "6": -21.38,
            "7": 44.36,
            "9": -33.89,
            "10": 9.29
        },
        "9": {
            "0": -42.14,
            "1": -22.8,
            "2": 27.13,
            "3": -15.0,
            "4": -25.02,
            "5": -34.47,
            "6": -41.01,
            "7": -10.23,
            "8": -33.89,
            "10": -28.02
        },
        "10": {
            "0": 18.32,
            "1": -30.03,
            "2": -37.23,
            "3": 15.11,
            "4": 11.17,
            "5": 36.4,
            "6": -39.58,
            "7": 46.43,
            "8": 9.29,
            "9": -28.02
        }
    }
}