{
    "knapsack_size": 14560,
    "Gamma": 32,
    "n_items": 32,
    "costs": {
        "0": {
            "l": 274.44,
            "a": 325.25,
            "u": 381.01
        },
        "1": {
            "l": 308.05,
            "a": 312.55,
            "u": 369.48
        },
        "2": {
            "l": 221.68,
            "a": 307.05,
            "u": 334.97
        },
        "3": {
            "l": 167.95,
            "a": 264.18,
            "u": 391.24
        },
        "4": {
            "l": 197.32,
            "a": 300.42,
            "u": 375.41
        },
        "5": {
            "l": 210.15,
            "a": 258.14,
            "u": 264.59
        },
        "6": {
            "l": 189.35,
            "a": 236.45,
            "u": 256.89
        },
        "7": {
            "l": 116.3,
            "a": 156.91,
            "u": 179.1
        },
        "8": {
            "l": 288.44,
            "a": 368.38,
            "u": 377.55
        },
        "9": {
            "l": 112.03,
            "a": 153.43,
            "u": 306.2
        },
        "10": {
            "l": 141.41,
            "a": 269.17,
            "u": 388.23
        },
        "11": {
            "l": 158.42,
            "a": 286.43,
            "u": 358.8
        },
        "12": {
            "l": 187.7,
            "a": 225.35,
            "u": 266.26
        },
        "13": {
            "l": 212.95,
            "a": 361.11,
            "u": 373.65
        },
        "14": {
            "l": 315.83,
            "a": 340.94,
            "u": 362.03
        },
        "15": {
            "l": 167.9,
            "a": 210.17,
            "u": 288.08
        },
        "16": {
            "l": 304.18,
            "a": 335.22,
            "u": 386.64
        },
        "17": {
            "l": 291.89,
            "a": 324.46,
            "u": 358.34
        },
        "18": {
            "l": 269.73,
            "a": 293.89,
            "u": 298.14
        },
        "19": {
            "l": 311.06,
            "a": 322.64,
            "u": 362.76
        },
        "20": {
            "l": 270.99,
            "a": 318.55,
            "u": 389.22
        },
        "21": {
            "l": 100.6,
            "a": 142.34,
            "u": 368.37
        },
        "22": {
            "l": 206.61,
            "a": 274.43,
            "u": 345.53
        },
        "23": {
            "l": 125.09,
            "a": 247.36,
            "u": 363.01
        },
        "24": {
            "l": 156.11,
            "a": 165.8,
            "u": 315.19
        },
        "25": {
            "l": 258.95,
            "a": 294.88,
            "u": 326.23
        },
        "26": {
            "l": 294.61,
            "a": 339.67,
            "u": 386.87
        },
        "27": {
            "l": 250.45,
            "a": 344.8,
            "u": 367.26
        },
        "28": {
            "l": 100.99,
            "a": 238.6,
            "u": 293.85
        },
        "29": {
            "l": 131.12,
            "a": 364.32,
            "u": 386.02
        },
        "30": {
            "l": 118.34,
            "a": 311.65,
            "u": 372.51
        },
        "31": {
            "l": 160.54,
            "a": 204.28,
            "u": 246.67
        }
    },
    "profits": {
        "0": 370.82,
        "1": 427.98,
        "2": 383.7,
        "3": 445.57,
        "4": 417.04,
        "5": 265.24,
        "6": 363.17,
        "7": 326.58,
        "8": 406.34,
        "9": 180.36,
        "10": 425.87,
        "11": 417.26,
        "12": 421.21,
        "13": 399.68,
        "14": 361.74,
        "15": 338.08,
        "16": 444.85,
        "17": 351.34,
        "18": 416.2,
        "19": 442.65,
        "20": 411.4,
        "21": 304.36,
        "22": 417.34,
        "23": 399.77,
        "24": 412.65,
        "25": 324.11,
        "26": 384.14,
        "27": 449.93,
        "28": 399.33,
        "29": 440.51,
        "30": 425.53,
        "31": 443.1
    },
    "synergies": {
        "0": {
            "1": 44.53,
            "2": -38.07,
            "3": -20.94,
            "4": -20.36,
            "5": -10.67,
            "6": 27.22,
            "7": -14.05,
            "8": -2.72,
            "9": -36.41,
            "10": -34.66,
            "11": -22.05,
            "12": -12.64,
            "13": -30.36,
            "14": 6.79,
            "15": -17.93,
            "16": -40.79,
            "17": -2.75,
            "18": -26.48,
            "19": -46.33,
            "20": 24.5,
            "21": -44.01,
            "22": -45.41,
            "23": -5.08,
            "24": 11.5,
            "25": 42.02,
            "26": -29.03,
            "27": 0.35,
            "28": 45.48,
            "29": -14.5,
            "30": -33.62,
            "31": 24.96
        },
        "1": {
            "0": 44.53,
            "2": -22.77,
            "3": 33.84,
            "4": 27.39,
            "5": 40.51,
            "6": 34.01,
            "7": -30.81,
            "8": 15.17,
            "9": 4.37,
            "10": -0.58,
            "11": 7.12,
            "12": -47.38,
            "13": 45.14,
            "14": 6.62,
            "15": 15.97,
            "16": -44.47,
            "17": 44.56,
            "18": -36.05,
            "19": 42.33,
            "20": -4.22,
            "21": 3.1,
            "22": 32.55,
            "23": -26.21,
            "24": 26.58,
            "25": -8.01,
            "26": -12.58,
            "27": 30.21,
            "28": -6.68,
            "29": -41.49,
            "30": -20.11,
            "31": -46.2
        },
        "2": {
            "0": -38.07,
            "1": -22.77,
            "3": -19.15,
            "4": -45.28,
            "5": -22.51,
            "6": 45.77,
            "7": 26.92,
            "8": 44.69,
            "9": -28.39,
            "10": 16.31,
            "11": -45.66,
            "12": 15.56,
            "13": -33.91,
            "14": -46.89,
            "15": -36.22,
            "16": 44.73,
            "17": 21.1,
            "18": -11.42,
            "19": 33.76,
            "20": -29.02,
            "21": -12.0,
            "22": -44.64,
            "23": -0.97,
            "24": -19.65,
            "25": 32.74,
            "26": 20.28,
            "27": 8.93,
            "28": 10.27,
            "29": 36.82,
            "30": -29.98,
            "31": 25.83
        },
        "3": {
            "0": -20.94,
            "1": 33.84,
            "2": -19.15,
            "4": 23.1,
            "5": 36.19,
            "6": -38.85,
            "7": 39.88,
            "8": -25.67,
            "9": 39.67,
            "10": -6.99,
            "11": -46.24,
            "12": 2.15,
            "13": -32.5,
            "14": -40.6,
            "15": 26.5,
            "16": -31.61,
            "17": 19.37,
            "18": -39.03,
            "19": 6.17,
            "20": -35.45,
            "21": 28.99,
            "22": 3.2,
            "23": 1.31,
            "24": 16.2,
            "25": -22.92,
            "26": 43.18,
            "27": -3.1,
            "28": 19.4,
            "29": -0.65,
            "30": -20.62,
            "31": -17.27
        },
        "4": {
            "0": -20.36,
            "1": 27.39,
            "2": -45.28,
            "3": 23.1,
            "5": -25.66,
            "6": -13.4,
            "7": -0.31,
            "8": -4.28,
            "9": -46.01,
            "10": -7.8,
            "11": 30.18,
            "12": 21.81,
            "13": 38.54,
            "14": 29.13,
            "15": 6.03,
            "16": -6.36,
            "17": 12.67,
            "18": -0.1,
            "19": -7.33,
            "20": 1.3,
            "21": -4.85,
            "22": -35.02,
            "23": -7.15,
            "24": -42.8,
            "25": -16.79,
            "26": 23.7,
            "27": 37.72,
            "28": 0.84,
            "29": -21.42,
            "30": 7.59,
            "31": -36.36
        },
        "5": {
            "0": -10.67,
            "1": 40.51,
            "2": -22.51,
            "3": 36.19,
            "4": -25.66,
            "6": -0.11,
            "7": -7.76,
            "8": -11.44,
            "9": -34.16,
            "10": 17.79,
            "11": -28.99,
            "12": -2.55,
            "13": -4.08,
            "14": -31.82,
            "15": -47.65,
            "16": 8.93,
            "17": -23.92,
            "18": 10.07,
            "19": -18.67,
            "20": 19.54,
            "21": 25.34,
            "22": 10.29,
            "23": -25.64,
            "24": -27.39,
            "25": -33.18,
            "26": -19.13,
            "27": 3.19,
            "28": -14.19,
            "29": 32.86,
            "30": 37.03,
            "31": -19.18
        },
        "6": {
            "0": 27.22,
            "1": 34.01,
            "2": 45.77,
            "3": -38.85,
            "4": -13.4,
            "5": -0.11,
            "7": -8.57,
            "8": 1.52,
            "9": -7.7,
            "10": -14.42,
            "11": 44.8,
            "12": 43.96,
            "13": 4.22,
            "14": -0.54,
            "15": -29.87,
            "16": 19.04,
            "17": 44.26,
            "18": 12.47,
            "19": -2.68,
            "20": -25.2,
            "21": 44.45,
            "22": 3.91,
            "23": 20.95,
            "24": 47.33,
            "25": -47.55,
            "26": 2.13,
            "27": 18.45,
            "28": 17.0,
            "29": -36.28,
            "30": 16.54,
            "31": 22.85
        },
        "7": {
            "0": -14.05,
            "1": -30.81,
            "2": 26.92,
            "3": 39.88,
            "4": -0.31,
            "5": -7.76,
            "6": -8.57,
            "8": -36.93,
            "9": 4.54,
            "10": -14.84,
            "11": -22.0,
            "12": 12.84,
            "13": -45.4,
            "14": 44.26,
            "15": -45.84,
            "16": -3.78,
            "17": 12.46,
            "18": 44.05,
            "19": -28.93,
            "20": 0.69,
            "21": 42.74,
            "22": 12.77,
            "23": -5.89,
            "24": -35.16,
            "25": 31.51,
            "26": -38.78,
            "27": 23.96,
            "28": -36.76,
            "29": 5.38,
            "30": 19.55,
            "31": -2.35
        },
        "8": {
            "0": -2.72,
            "1": 15.17,
            "2": 44.69,
            "3": -25.67,
            "4": -4.28,
            "5": -11.44,
            "6": 1.52,
            "7": -36.93,
            "9": 9.54,
            "10": -46.89,
            "11": -23.49,
            "12": -23.48,
            "13": -35.46,
            "14": 11.47,
            "15": 11.59,
            "16": -39.67,
            "17": -7.64,
            "18": -0.07,
            "19": 5.93,
            "20": -36.21,
            "21": -46.21,
            "22": -47.14,
            "23": 11.42,
            "24": -27.6,
            "25": 45.87,
            "26": -32.77,
            "27": 14.38,
            "28": 38.17,
            "29": 26.18,
            "30": -46.67,
            "31": 41.55
        },
        "9": {
            "0": -36.41,
            "1": 4.37,
            "2": -28.39,
            "3": 39.67,
            "4": -46.01,
            "5": -34.16,
            "6": -7.7,
            "7": 4.54,
            "8": 9.54,
            "10": 8.96,
            "11": 40.58,
            "12": -27.92,
            "13": -38.4,
            "14": 40.11,
            "15": 42.2,
            "16": -7.17,
            "17": -42.27,
            "18": -31.03,
            "19": -30.12,
            "20": -9.06,
            "21": 37.72,
            "22": -20.33,
            "23": -15.86,
            "24": -21.6,
            "25": -20.32,
            "26": -39.66,
            "27": 40.08,
            "28": 14.55,
            "29": -18.54,
            "30": 31.4,
            "31": -38.06
        },
        "10": {
            "0": -34.66,
            "1": -0.58,
            "2": 16.31,
            "3": -6.99,
            "4": -7.8,
            "5": 17.79,
            "6": -14.42,
            "7": -14.84,
            "8": -46.89,
            "9": 8.96,
            "11": -38.79,
            "12": 12.75,
            "13": 19.85,
            "14": 35.44,
            "15": 44.48,
            "16": -11.76,
            "17": 21.88,
            "18": -30.27,
            "19": 14.74,
            "20": 34.88,
            "21": 0.26,
            "22": 25.91,
            "23": 18.07,
            "24": -9.89,
            "25": -0.89,
            "26": -22.82,
            "27": -22.5,
            "28": 46.95,
            "29": -20.0,
            "30": 39.81,
            "31": -37.01
        },
        "11": {
            "0": -22.05,
            "1": 7.12,
            "2": -45.66,
            "3": -46.24,
            "4": 30.18,
            "5": -28.99,
            "6": 44.8,
            "7": -22.0,
            "8": -23.49,
            "9": 40.58,
            "10": -38.79,
            "12": -4.54,
            "13": -39.47,
            "14": -24.05,
            "15": -22.95,
            "16": -47.11,
            "17": 16.13,
            "18": -12.41,
            "19": 32.68,
            "20": 29.97,
            "21": -4.38,
            "22": -28.85,
            "23": 6.39,
            "24": -3.62,
            "25": -29.43,
            "26": -37.89,
            "27": 29.32,
            "28": 1.27,
            "29": 41.41,
            "30": -12.53,
            "31": 14.67
        },
        "12": {
            "0": -12.64,
            "1": -47.38,
            "2": 15.56,
            "3": 2.15,
            "4": 21.81,
            "5": -2.55,
            "6": 43.96,
            "7": 12.84,
            "8": -23.48,
            "9": -27.92,
            "10": 12.75,
            "11": -4.54,
            "13": 40.79,
            "14": -41.34,
            "15": -21.27,
            "16": 38.41,
            "17": 36.1,
            "18": 33.94,
            "19": -6.29,
            "20": 13.99,
            "21": -42.62,
            "22": -33.5,
            "23": -32.85,
            "24": 5.79,
            "25": 11.9,
            "26": 46.74,
            "27": -28.56,
            "28": 0.13,
            "29": -44.73,
            "30": -33.65,
            "31": 33.5
        },
        "13": {
            "0": -30.36,
            "1": 45.14,
            "2": -33.91,
            "3": -32.5,
            "4": 38.54,
            "5": -4.08,
            "6": 4.22,
            "7": -45.4,
            "8": -35.46,
            "9": -38.4,
            "10": 19.85,
            "11": -39.47,
            "12": 40.79,
            "14": -40.18,
            "15": -9.93,
            "16": -36.26,
            "17": -21.62,
            "18": -17.03,
            "19": -34.0,
            "20": 9.6,
            "21": 45.08,
            "22": 5.25,
            "23": 20.14,
            "24": -34.37,
            "25": 36.68,
            "26": -15.25,
            "27": 22.33,
            "28": -2.19,
            "29": -47.67,
            "30": -26.16,
            "31": 34.51
        },
        "14": {
            "0": 6.79,
            "1": 6.62,
            "2": -46.89,
            "3": -40.6,
            "4": 29.13,
            "5": -31.82,
            "6": -0.54,
            "7": 44.26,
            "8": 11.47,
            "9": 40.11,
            "10": 35.44,
            "11": -24.05,
            "12": -41.34,
            "13": -40.18,
            "15": 19.67,
            "16": -45.98,
            "17": -5.22,
            "18": 8.26,
            "19": -34.95,
            "20": -42.12,
            "21": 5.62,
            "22": -21.61,
            "23": 4.76,
            "24": 29.44,
            "25": -28.12,
            "26": 18.65,
            "27": -26.6,
            "28": 13.95,
            "29": -47.36,
            "30": 5.91,
            "31": -10.15
        },
        "15": {
            "0": -17.93,
            "1": 15.97,
            "2": -36.22,
            "3": 26.5,
            "4": 6.03,
            "5": -47.65,
            "6": -29.87,
            "7": -45.84,
            "8": 11.59,
            "9": 42.2,
            "10": 44.48,
            "11": -22.95,
            "12": -21.27,
            "13": -9.93,
            "14": 19.67,
            "16": -20.47,
            "17": -19.52,
            "18": -14.05,
            "19": 39.08,
            "20": 13.73,
            "21": -46.16,
            "22": 20.74,
            "23": -25.6,
            "24": -38.47,
            "25": 6.25,
            "26": 47.08,
            "27": -47.41,
            "28": -16.35,
            "29": -29.68,
            "30": -27.89,
            "31": -15.16
        },
        "16": {
            "0": -40.79,
            "1": -44.47,
            "2": 44.73,
            "3": -31.61,
            "4": -6.36,
            "5": 8.93,
            "6": 19.04,
            "7": -3.78,
            "8": -39.67,
            "9": -7.17,
            "10": -11.76,
            "11": -47.11,
            "12": 38.41,
            "13": -36.26,
            "14": -45.98,
            "15": -20.47,
            "17": -17.98,
            "18": 0.51,
            "19": -16.89,
            "20": -38.37,
            "21": -4.43,
            "22": -24.39,
            "23": -12.24,
            "24": -28.74,
            "25": -40.82,
            "26": -5.28,
            "27": 6.06,
            "28": -7.65,
            "29": 36.91,
            "30": -14.66,
            "31": -39.83
        },
        "17": {
            "0": -2.75,
            "1": 44.56,
            "2": 21.1,
            "3": 19.37,
            "4": 12.67,
            "5": -23.92,
            "6": 44.26,
            "7": 12.46,
            "8": -7.64,
            "9": -42.27,
            "10": 21.88,
            "11": 16.13,
            "12": 36.1,
            "13": -21.62,
            "14": -5.22,
            "15": -19.52,
            "16": -17.98,
            "18": -30.91,
            "19": -36.81,
            "20": -33.06,
            "21": 17.39,
            "22": -14.42,
            "23": 10.91,
            "24": -43.65,
            "25": 32.32,
            "26": -13.58,
            "27": 9.28,
            "28": -27.1,
            "29": -39.72,
            "30": -27.0,
            "31": 38.97
        },
        "18": {
            "0": -26.48,
            "1": -36.05,
            "2": -11.42,
            "3": -39.03,
            "4": -0.1,
            "5": 10.07,
            "6": 12.47,
            "7": 44.05,
            "8": -0.07,
            "9": -31.03,
            "10": -30.27,
            "11": -12.41,
            "12": 33.94,
            "13": -17.03,
            "14": 8.26,
            "15": -14.05,
            "16": 0.51,
            "17": -30.91,
            "19": 46.33,
            "20": 7.16,
            "21": -4.42,
            "22": -22.49,
            "23": 6.53,
            "24": -43.88,
            "25": 43.21,
            "26": -9.79,
            "27": 12.88,
            "28": 45.25,
            "29": -35.49,
            "30": 7.41,
            "31": -1.2
        },
        "19": {
            "0": -46.33,
            "1": 42.33,
            "2": 33.76,
            "3": 6.17,
            "4": -7.33,
            "5": -18.67,
            "6": -2.68,
            "7": -28.93,
            "8": 5.93,
            "9": -30.12,
            "10": 14.74,
            "11": 32.68,
            "12": -6.29,
            "13": -34.0,
            "14": -34.95,
            "15": 39.08,
            "16": -16.89,
            "17": -36.81,
            "18": 46.33,
            "20": -19.17,
            "21": -31.82,
            "22": -37.84,
            "23": -16.82,
            "24": 8.31,
            "25": 42.26,
            "26": 44.92,
            "27": 36.53,
            "28": 18.66,
            "29": 42.1,
            "30": 11.45,
            "31": 14.49
        },
        "20": {
            "0": 24.5,
            "1": -4.22,
            "2": -29.02,
            "3": -35.45,
            "4": 1.3,
            "5": 19.54,
            "6": -25.2,
            "7": 0.69,
            "8": -36.21,
            "9": -9.06,
            "10": 34.88,
            "11": 29.97,
            "12": 13.99,
            "13": 9.6,
            "14": -42.12,
            "15": 13.73,
            "16": -38.37,
            "17": -33.06,
            "18": 7.16,
            "19": -19.17,
            "21": 16.74,
            "22": -43.26,
            "23": 16.41,
            "24": -22.71,
            "25": 5.71,
            "26": 7.96,
            "27": -6.13,
            "28": 3.7,
            "29": 34.8,
            "30": -39.65,
            "31": 1.13
        },
        "21": {
            "0": -44.01,
            "1": 3.1,
            "2": -12.0,
            "3": 28.99,
            "4": -4.85,
            "5": 25.34,
            "6": 44.45,
            "7": 42.74,
            "8": -46.21,
            "9": 37.72,
            "10": 0.26,
            "11": -4.38,
            "12": -42.62,
            "13": 45.08,
            "14": 5.62,
            "15": -46.16,
            "16": -4.43,
            "17": 17.39,
            "18": -4.42,
            "19": -31.82,
            "20": 16.74,
            "22": -22.53,
            "23": -14.6,
            "24": 25.36,
            "25": -5.69,
            "26": -7.78,
            "27": -7.82,
            "28": 26.38,
            "29": 18.23,
            "30": 20.11,
            "31": 20.5
        },
        "22": {
            "0": -45.41,
            "1": 32.55,
            "2": -44.64,
            "3": 3.2,
            "4": -35.02,
            "5": 10.29,
            "6": 3.91,
            "7": 12.77,
            "8": -47.14,
            "9": -20.33,
            "10": 25.91,
            "11": -28.85,
            "12": -33.5,
            "13": 5.25,
            "14": -21.61,
            "15": 20.74,
            "16": -24.39,
            "17": -14.42,
            "18": -22.49,
            "19": -37.84,
            "20": -43.26,
            "21": -22.53,
            "23": -41.36,
            "24": 2.45,
            "25": 37.03,
            "26": 12.46,
            "27": -16.23,
            "28": 35.06,
            "29": -22.41,
            "30": -41.18,
            "31": -34.4
        },
        "23": {
            "0": -5.08,
            "1": -26.21,
            "2": -0.97,
            "3": 1.31,
            "4": -7.15,
            "5": -25.64,
            "6": 20.95,
            "7": -5.89,
            "8": 11.42,
            "9": -15.86,
            "10": 18.07,
            "11": 6.39,
            "12": -32.85,
            "13": 20.14,
            "14": 4.76,
            "15": -25.6,
            "16": -12.24,
            "17": 10.91,
            "18": 6.53,
            "19": -16.82,
            "20": 16.41,
            "21": -14.6,
            "22": -41.36,
            "24": -27.74,
            "25": 3.81,
            "26": -38.93,
            "27": 6.86,
            "28": 4.62,
            "29": -15.86,
            "30": -46.48,
            "31": -40.1
        },
        "24": {
            "0": 11.5,
            "1": 26.58,
            "2": -19.65,
            "3": 16.2,
            "4": -42.8,
            "5": -27.39,
            "6": 47.33,
            "7": -35.16,
            "8": -27.6,
            "9": -21.6,
            "10": -9.89,
            "11": -3.62,
            "12": 5.79,
            "13": -34.37,
            "14": 29.44,
            "15": -38.47,
            "16": -28.74,
            "17": -43.65,
            "18": -43.88,
            "19": 8.31,
            "20": -22.71,
            "21": 25.36,
            "22": 2.45,
            "23": -27.74,
            "25": -24.53,
            "26": 16.03,
            "27": -25.15,
            "28": -2.58,
            "29": -47.02,
            "30": -2.64,
            "31": -44.47
        },
        "25": {
            "0": 42.02,
            "1": -8.01,
            "2": 32.74,
            "3": -22.92,
            "4": -16.79,
            "5": -33.18,
            "6": -47.55,
            "7": 31.51,
            "8": 45.87,
            "9": -20.32,
            "10": -0.89,
            "11": -29.43,
            "12": 11.9,
            "13": 36.68,
            "14": -28.12,
            "15": 6.25,
            "16": -40.82,
            "17": 32.32,
            "18": 43.21,
            "19": 42.26,
            "20": 5.71,
            "21": -5.69,
            "22": 37.03,
            "23": 3.81,
            "24": -24.53,
            "26": 21.47,
            "27": 32.15,
            "28": 18.55,
            "29": -32.2,
            "30": 40.54,
            "31": 21.31
        },
        "26": {
            "0": -29.03,
            "1": -12.58,
            "2": 20.28,
            "3": 43.18,
            "4": 23.7,
            "5": -19.13,
            "6": 2.13,
            "7": -38.78,
            "8": -32.77,
            "9": -39.66,
            "10": -22.82,
            "11": -37.89,
            "12": 46.74,
            "13": -15.25,
            "14": 18.65,
            "15": 47.08,
            "16": -5.28,
            "17": -13.58,
            "18": -9.79,
            "19": 44.92,
            "20": 7.96,
            "21": -7.78,
            "22": 12.46,
            "23": -38.93,
            "24": 16.03,
            "25": 21.47,
            "27": 43.09,
            "28": -23.26,
            "29": -33.82,
            "30": -9.11,
            "31": 24.18
        },
        "27": {
            "0": 0.35,
            "1": 30.21,
            "2": 8.93,
            "3": -3.1,
            "4": 37.72,
            "5": 3.19,
            "6": 18.45,
            "7": 23.96,
            "8": 14.38,
            "9": 40.08,
            "10": -22.5,
            "11": 29.32,
            "12": -28.56,
            "13": 22.33,
            "14": -26.6,
            "15": -47.41,
            "16": 6.06,
            "17": 9.28,
            "18": 12.88,
            "19": 36.53,
            "20": -6.13,
            "21": -7.82,
            "22": -16.23,
            "23": 6.86,
            "24": -25.15,
            "25": 32.15,
            "26": 43.09,
            "28": -45.01,
            "29": -3.83,
            "30": 18.29,
            "31": -46.04
        },
        "28": {
            "0": 45.48,
            "1": -6.68,
            "2": 10.27,
            "3": 19.4,
            "4": 0.84,
            "5": -14.19,
            "6": 17.0,
            "7": -36.76,
            "8": 38.17,
            "9": 14.55,
            "10": 46.95,
            "11": 1.27,
            "12": 0.13,
            "13": -2.19,
            "14": 13.95,
            "15": -16.35,
            "16": -7.65,
            "17": -27.1,
            "18": 45.25,
            "19": 18.66,
            "20": 3.7,
            "21": 26.38,
            "22": 35.06,
            "23": 4.62,
            "24": -2.58,
            "25": 18.55,
            "26": -23.26,
            "27": -45.01,
            "29": -41.78,
            "30": 11.4,
            "31": 42.24
        },
        "29": {
            "0": -14.5,
            "1": -41.49,
            "2": 36.82,
            "3": -0.65,
            "4": -21.42,
            "5": 32.86,
            "6": -36.28,
            "7": 5.38,
            "8": 26.18,
            "9": -18.54,
            "10": -20.0,
            "11": 41.41,
            "12": -44.73,
            "13": -47.67,
            "14": -47.36,
            "15": -29.68,
            "16": 36.91,
            "17": -39.72,
            "18": -35.49,
            "19": 42.1,
            "20": 34.8,
            "21": 18.23,
            "22": -22.41,
            "23": -15.86,
            "24": -47.02,
            "25": -32.2,
            "26": -33.82,
            "27": -3.83,
            "28": -41.78,
            "30": -38.83,
            "31": -18.05
        },
        "30": {
            "0": -33.62,
            "1": -20.11,
            "2": -29.98,
            "3": -20.62,
            "4": 7.59,
            "5": 37.03,
            "6": 16.54,
            "7": 19.55,
            "8": -46.67,
            "9": 31.4,
            "10": 39.81,
            "11": -12.53,
            "12": -33.65,
            "13": -26.16,
            "14": 5.91,
            "15": -27.89,
            "16": -14.66,
            "17": -27.0,
            "18": 7.41,
            "19": 11.45,
            "20": -39.65,
            "21": 20.11,
            "22": -41.18,
            "23": -46.48,
            "24": -2.64,
            "25": 40.54,
            "26": -9.11,
            "27": 18.29,
            "28": 11.4,
            "29": -38.83,
            "31": -22.93
        },
        "31": {
            "0": 24.96,
            "1": -46.2,
            "2": 25.83,
            "3": -17.27,
            "4": -36.36,
            "5": -19.18,
            "6": 22.85,
            "7": -2.35,
            "8": 41.55,
            "9": -38.06,
            "10": -37.01,
            "11": 14.67,
            "12": 33.5,
            "13": 34.51,
            "14": -10.15,
            "15": -15.16,
            "16": -39.83,
            "17": 38.97,
            "18": -1.2,
            "19": 14.49,
            "20": 1.13,
            "21": 20.5,
            "22": -34.4,
            "23": -40.1,
            "24": -44.47,
            "25": 21.31,
            "26": 24.18,
            "27": -46.04,
            "28": 42.24,
            "29": -18.05,
            "30": -22.93
        }
    }
}