{
    "knapsack_size": 1356,
    "Gamma": 6,
    "n_items": 12,
    "costs": {
        "0": {
            "u": 225,
            "a": 114,
            "l": 54
        },
        "1": {
            "u": 225,
            "a": 155,
            "l": 69
        },
        "2": {
            "u": 225,
            "a": 129,
            "l": 54
        },
        "3": {
            "u": 225,
            "a": 203,
            "l": 72
        },
        "4": {
            "u": 225,
            "a": 218,
            "l": 74
        },
        "5": {
            "u": 225,
            "a": 223,
            "l": 76
        },
        "6": {
            "u": 225,
            "a": 209,
            "l": 103
        },
        "7": {
            "u": 225,
            "a": 146,
            "l": 70
        },
        "8": {
            "u": 225,
            "a": 197,
            "l": 79
        },
        "9": {
            "u": 225,
            "a": 205,
            "l": 82
        },
        "10": {
            "u": 225,
            "a": 136,
            "l": 59
        },
        "11": {
            "u": 225,
            "a": 117,
            "l": 39
        }
    },
    "profits": {
        "0": 335,
        "1": 484,
        "2": 470,
        "3": 307,
        "4": 382,
        "5": 236,
        "6": 434,
        "7": 469,
        "8": 410,
        "9": 357,
        "10": 478,
        "11": 445
    },
    "synergies": {
        "0": {
            "1": -35,
            "2": -15,
            "3": -11,
            "4": 29,
            "5": 28,
            "6": 4,
            "7": -14,
            "8": -38,
            "9": -24,
            "10": 16,
            "11": 31
        },
        "1": {
            "0": -35,
            "2": -32,
            "3": -11,
            "4": -25,
            "5": 42,
            "6": 45,
            "7": -24,
            "8": -25,
            "9": -10,
            "10": -43,
            "11": 41
        },
        "2": {
            "0": -15,
            "1": -32,
            "3": -41,
            "4": 24,
            "5": -30,
            "6": 18,
            "7": -16,
            "8": 44,
            "9": 12,
            "10": 45,
            "11": 13
        },
        "3": {
            "0": -11,
            "1": -11,
            "2": -41,
            "4": 46,
            "5": -1,
            "6": -18,
            "7": -46,
            "8": 33,
            "9": -33,
            "10": 12,
            "11": 31
        },
        "4": {
            "0": 29,
            "1": -25,
            "2": 24,
            "3": 46,
            "5": 9,
            "6": 10,
            "7": -21,
            "8": -19,
            "9": -22,
            "10": 2,
            "11": 7
        },
        "5": {
            "0": 28,
            "1": 42,
            "2": -30,
            "3": -1,
            "4": 9,
            "6": 10,
            "7": -3,
            "8": 15,
            "9": -49,
            "10": 14,
            "11": 48
        },
        "6": {
            "0": 4,
            "1": 45,
            "2": 18,
            "3": -18,
            "4": 10,
            "5": 10,
            "7": 37,
            "8": 20,
            "9": -15,
            "10": -24,
            "11": 25
        },
        "7": {
            "0": -14,
            "1": -24,
            "2": -16,
            "3": -46,
            "4": -21,
            "5": -3,
            "6": 37,
            "8": 49,
            "9": -20,
            "10": -4,
            "11": 15
        },
        "8": {
            "0": -38,
            "1": -25,
            "2": 44,
            "3": 33,
            "4": -19,
            "5": 15,
            "6": 20,
            "7": 49,
            "9": 33,
            "10": 11,
            "11": -9
        },
        "9": {
            "0": -24,
            "1": -10,
            "2": 12,
            "3": -33,
            "4": -22,
            "5": -49,
            "6": -15,
            "7": -20,
            "8": 33,
            "10": 19,
            "11": -32
        },
        "10": {
            "0": 16,
            "1": -43,
            "2": 45,
            "3": 12,
            "4": 2,
            "5": 14,
            "6": -24,
            "7": -4,
            "8": 11,
            "9": 19,
            "11": 13
        },
        "11": {
            "0": 31,
            "1": 41,
            "2": 13,
            "3": 31,
            "4": 7,
            "5": 48,
            "6": 25,
            "7": 15,
            "8": -9,
            "9": -32,
            "10": 13
        }
    }
}