{
    "knapsack_size": 9874,
    "Gamma": 34,
    "n_items": 39,
    "costs": {
        "0": {
            "u": 290,
            "a": 154,
            "l": 66
        },
        "1": {
            "u": 290,
            "a": 159,
            "l": 57
        },
        "2": {
            "u": 290,
            "a": 223,
            "l": 98
        },
        "3": {
            "u": 290,
            "a": 263,
            "l": 104
        },
        "4": {
            "u": 290,
            "a": 163,
            "l": 57
        },
        "5": {
            "u": 290,
            "a": 185,
            "l": 73
        },
        "6": {
            "u": 290,
            "a": 264,
            "l": 127
        },
        "7": {
            "u": 290,
            "a": 174,
            "l": 60
        },
        "8": {
            "u": 290,
            "a": 222,
            "l": 109
        },
        "9": {
            "u": 290,
            "a": 213,
            "l": 95
        },
        "10": {
            "u": 290,
            "a": 255,
            "l": 91
        },
        "11": {
            "u": 290,
            "a": 204,
            "l": 73
        },
        "12": {
            "u": 290,
            "a": 216,
            "l": 93
        },
        "13": {
            "u": 290,
            "a": 154,
            "l": 72
        },
        "14": {
            "u": 290,
            "a": 173,
            "l": 85
        },
        "15": {
            "u": 290,
            "a": 176,
            "l": 64
        },
        "16": {
            "u": 290,
            "a": 280,
            "l": 107
        },
        "17": {
            "u": 290,
            "a": 261,
            "l": 92
        },
        "18": {
            "u": 290,
            "a": 226,
            "l": 101
        },
        "19": {
            "u": 290,
            "a": 284,
            "l": 115
        },
        "20": {
            "u": 290,
            "a": 227,
            "l": 100
        },
        "21": {
            "u": 290,
            "a": 205,
            "l": 77
        },
        "22": {
            "u": 290,
            "a": 205,
            "l": 97
        },
        "23": {
            "u": 290,
            "a": 259,
            "l": 101
        },
        "24": {
            "u": 290,
            "a": 244,
            "l": 108
        },
        "25": {
            "u": 290,
            "a": 201,
            "l": 88
        },
        "26": {
            "u": 290,
            "a": 273,
            "l": 131
        },
        "27": {
            "u": 290,
            "a": 284,
            "l": 119
        },
        "28": {
            "u": 290,
            "a": 263,
            "l": 91
        },
        "29": {
            "u": 290,
            "a": 284,
            "l": 109
        },
        "30": {
            "u": 290,
            "a": 184,
            "l": 71
        },
        "31": {
            "u": 290,
            "a": 286,
            "l": 125
        },
        "32": {
            "u": 290,
            "a": 222,
            "l": 107
        },
        "33": {
            "u": 290,
            "a": 186,
            "l": 65
        },
        "34": {
            "u": 290,
            "a": 202,
            "l": 82
        },
        "35": {
            "u": 290,
            "a": 249,
            "l": 88
        },
        "36": {
            "u": 290,
            "a": 221,
            "l": 110
        },
        "37": {
            "u": 290,
            "a": 219,
            "l": 106
        },
        "38": {
            "u": 290,
            "a": 288,
            "l": 137
        }
    },
    "profits": {
        "0": 314,
        "1": 415,
        "2": 484,
        "3": 323,
        "4": 479,
        "5": 558,
        "6": 395,
        "7": 413,
        "8": 396,
        "9": 518,
        "10": 346,
        "11": 544,
        "12": 384,
        "13": 477,
        "14": 400,
        "15": 583,
        "16": 529,
        "17": 546,
        "18": 344,
        "19": 452,
        "20": 318,
        "21": 305,
        "22": 490,
        "23": 496,
        "24": 307,
        "25": 465,
        "26": 411,
        "27": 403,
        "28": 491,
        "29": 526,
        "30": 476,
        "31": 388,
        "32": 540,
        "33": 322,
        "34": 536,
        "35": 477,
        "36": 520,
        "37": 456,
        "38": 355
    },
    "synergies": {
        "0": {
            "1": -25,
            "2": 29,
            "3": 1,
            "4": 17,
            "5": 10,
            "6": 2,
            "7": -42,
            "8": 6,
            "9": 32,
            "10": 19,
            "11": -29,
            "12": -30,
            "13": 32,
            "14": -43,
            "15": 32,
            "16": -4,
            "17": -3,
            "18": -23,
            "19": -26,
            "20": 14,
            "21": 35,
            "22": -4,
            "23": -8,
            "24": 37,
            "25": 36,
            "26": -10,
            "27": 11,
            "28": 4,
            "29": -49,
            "30": -34,
            "31": -1,
            "32": 29,
            "33": 9,
            "34": 9,
            "35": 15,
            "36": 24,
            "37": -13,
            "38": -43
        },
        "1": {
            "0": -25,
            "2": -15,
            "3": -27,
            "4": -31,
            "5": -33,
            "6": 21,
            "7": 8,
            "8": -34,
            "9": -14,
            "10": -10,
            "11": -47,
            "12": 40,
            "13": 31,
            "14": 13,
            "15": -32,
            "16": -42,
            "17": -10,
            "18": 0,
            "19": 11,
            "20": 28,
            "21": -29,
            "22": 18,
            "23": 22,
            "24": 42,
            "25": -21,
            "26": -48,
            "27": 14,
            "28": -37,
            "29": 32,
            "30": 39,
            "31": -27,
            "32": 11,
            "33": -27,
            "34": 4,
            "35": 30,
            "36": -1,
            "37": 11,
            "38": -35
        },
        "2": {
            "0": 29,
            "1": -15,
            "3": 42,
            "4": -48,
            "5": -37,
            "6": 38,
            "7": 20,
            "8": -25,
            "9": 42,
            "10": -3,
            "11": 2,
            "12": -12,
            "13": 35,
            "14": 12,
            "15": -27,
            "16": 9,
            "17": 18,
            "18": 2,
            "19": 40,
            "20": -16,
            "21": -26,
            "22": 23,
            "23": 11,
            "24": 49,
            "25": -12,
            "26": -45,
            "27": 31,
            "28": 0,
            "29": -27,
            "30": -11,
            "31": 36,
            "32": 5,
            "33": -18,
            "34": 0,
            "35": -26,
            "36": 25,
            "37": -42,
            "38": -8
        },
        "3": {
            "0": 1,
            "1": -27,
            "2": 42,
            "4": -18,
            "5": -3,
            "6": -36,
            "7": 47,
            "8": -44,
            "9": 16,
            "10": 36,
            "11": -48,
            "12": 34,
            "13": 10,
            "14": 28,
            "15": -8,
            "16": 40,
            "17": 41,
            "18": 5,
            "19": -48,
            "20": -24,
            "21": -18,
            "22": 22,
            "23": -26,
            "24": 15,
            "25": 47,
            "26": 12,
            "27": -26,
            "28": -9,
            "29": -18,
            "30": 8,
            "31": -27,
            "32": 38,
            "33": -17,
            "34": -5,
            "35": -45,
            "36": -13,
            "37": 14,
            "38": -25
        },
        "4": {
            "0": 17,
            "1": -31,
            "2": -48,
            "3": -18,
            "5": 46,
            "6": -18,
            "7": 37,
            "8": 23,
            "9": 24,
            "10": 44,
            "11": 16,
            "12": -44,
            "13": -32,
            "14": -44,
            "15": 31,
            "16": -22,
            "17": -35,
            "18": -11,
            "19": 17,
            "20": 3,
            "21": 49,
            "22": 6,
            "23": 13,
            "24": -35,
            "25": -12,
            "26": -1,
            "27": -18,
            "28": 34,
            "29": -7,
            "30": 38,
            "31": 48,
            "32": 8,
            "33": -28,
            "34": 21,
            "35": -45,
            "36": 26,
            "37": 17,
            "38": -38
        },
        "5": {
            "0": 10,
            "1": -33,
            "2": -37,
            "3": -3,
            "4": 46,
            "6": 11,
            "7": -10,
            "8": 12,
            "9": 46,
            "10": -14,
            "11": -27,
            "12": -8,
            "13": -40,
            "14": 18,
            "15": 37,
            "16": -6,
            "17": 30,
            "18": 0,
            "19": 11,
            "20": 8,
            "21": 16,
            "22": 38,
            "23": 12,
            "24": -32,
            "25": 13,
            "26": -2,
            "27": -21,
            "28": -29,
            "29": 20,
            "30": -44,
            "31": 35,
            "32": 24,
            "33": 47,
            "34": -32,
            "35": -20,
            "36": 4,
            "37": -37,
            "38": -31
        },
        "6": {
            "0": 2,
            "1": 21,
            "2": 38,
            "3": -36,
            "4": -18,
            "5": 11,
            "7": -27,
            "8": -44,
            "9": 39,
            "10": -12,
            "11": -25,
            "12": -38,
            "13": -34,
            "14": 45,
            "15": 5,
            "16": -26,
            "17": 46,
            "18": -35,
            "19": -14,
            "20": 31,
            "21": 26,
            "22": -28,
            "23": -22,
            "24": 19,
            "25": -35,
            "26": -8,
            "27": -29,
            "28": 2,
            "29": -26,
            "30": -12,
            "31": 0,
            "32": 31,
            "33": 46,
            "34": -3,
            "35": 33,
            "36": -20,
            "37": -27,
            "38": 35
        },
        "7": {
            "0": -42,
            "1": 8,
            "2": 20,
            "3": 47,
            "4": 37,
            "5": -10,
            "6": -27,
            "8": -46,
            "9": -5,
            "10": 28,
            "11": 15,
            "12": 22,
            "13": 9,
            "14": 8,
            "15": -37,
            "16": -22,
            "17": -11,
            "18": -16,
            "19": 20,
            "20": -23,
            "21": 4,
            "22": 5,
            "23": -28,
            "24": 41,
            "25": -8,
            "26": 43,
            "27": 12,
            "28": 44,
            "29": -16,
            "30": 0,
            "31": 5,
            "32": 38,
            "33": 48,
            "34": 4,
            "35": -18,
            "36": 1,
            "37": 7,
            "38": 37
        },
        "8": {
            "0": 6,
            "1": -34,
            "2": -25,
            "3": -44,
            "4": 23,
            "5": 12,
            "6": -44,
            "7": -46,
            "9": 46,
            "10": 34,
            "11": 24,
            "12": 17,
            "13": 26,
            "14": 13,
            "15": 48,
            "16": 44,
            "17": 7,
            "18": -24,
            "19": -29,
            "20": 41,
            "21": -32,
            "22": -25,
            "23": 17,
            "24": 7,
            "25": 0,
            "26": -3,
            "27": 25,
            "28": 9,
            "29": 10,
            "30": 14,
            "31": -28,
            "32": 19,
            "33": 13,
            "34": 20,
            "35": 1,
            "36": -36,
            "37": -33,
            "38": 38
        },
        "9": {
            "0": 32,
            "1": -14,
            "2": 42,
            "3": 16,
            "4": 24,
            "5": 46,
            "6": 39,
            "7": -5,
            "8": 46,
            "10": -30,
            "11": -36,
            "12": 9,
            "13": 0,
            "14": -27,
            "15": -6,
            "16": 2,
            "17": -42,
            "18": -11,
            "19": -16,
            "20": 44,
            "21": -2,
            "22": 48,
            "23": -26,
            "24": -39,
            "25": 39,
            "26": -8,
            "27": -32,
            "28": -34,
            "29": -27,
            "30": -5,
            "31": -28,
            "32": -41,
            "33": 21,
            "34": -13,
            "35": -10,
            "36": 5,
            "37": -47,
            "38": 15
        },
        "10": {
            "0": 19,
            "1": -10,
            "2": -3,
            "3": 36,
            "4": 44,
            "5": -14,
            "6": -12,
            "7": 28,
            "8": 34,
            "9": -30,
            "11": -39,
            "12": -1,
            "13": -12,
            "14": 44,
            "15": 17,
            "16": 40,
            "17": 18,
            "18": 1,
            "19": 9,
            "20": -43,
            "21": -17,
            "22": -25,
            "23": -37,
            "24": -10,
            "25": 34,
            "26": -31,
            "27": -36,
            "28": -25,
            "29": 49,
            "30": -1,
            "31": -23,
            "32": -8,
            "33": 40,
            "34": -8,
            "35": 47,
            "36": -25,
            "37": -36,
            "38": -45
        },
        "11": {
            "0": -29,
            "1": -47,
            "2": 2,
            "3": -48,
            "4": 16,
            "5": -27,
            "6": -25,
            "7": 15,
            "8": 24,
            "9": -36,
            "10": -39,
            "12": -24,
            "13": 21,
            "14": 34,
            "15": -22,
            "16": -27,
            "17": 0,
            "18": -25,
            "19": 38,
            "20": -24,
            "21": -46,
            "22": 2,
            "23": 24,
            "24": -20,
            "25": -40,
            "26": 11,
            "27": -32,
            "28": -34,
            "29": 22,
            "30": 8,
            "31": 30,
            "32": 6,
            "33": 8,
            "34": -28,
            "35": 42,
            "36": 9,
            "37": -46,
            "38": 8
        },
        "12": {
            "0": -30,
            "1": 40,
            "2": -12,
            "3": 34,
            "4": -44,
            "5": -8,
            "6": -38,
            "7": 22,
            "8": 17,
            "9": 9,
            "10": -1,
            "11": -24,
            "13": 0,
            "14": -25,
            "15": -9,
            "16": 16,
            "17": -2,
            "18": -25,
            "19": 13,
            "20": 12,
            "21": -22,
            "22": -30,
            "23": 12,
            "24": -35,
            "25": -17,
            "26": 8,
            "27": 2,
            "28": -13,
            "29": -35,
            "30": 44,
            "31": -47,
            "32": 5,
            "33": -30,
            "34": 20,
            "35": -8,
            "36": 29,
            "37": -35,
            "38": 0
        },
        "13": {
            "0": 32,
            "1": 31,
            "2": 35,
            "3": 10,
            "4": -32,
            "5": -40,
            "6": -34,
            "7": 9,
            "8": 26,
            "9": 0,
            "10": -12,
            "11": 21,
            "12": 0,
            "14": 46,
            "15": -26,
            "16": 9,
            "17": 16,
            "18": -42,
            "19": -14,
            "20": -3,
            "21": 45,
            "22": -41,
            "23": 45,
            "24": 15,
            "25": -44,
            "26": 0,
            "27": -6,
            "28": 31,
            "29": 46,
            "30": 39,
            "31": 36,
            "32": -13,
            "33": -8,
            "34": -49,
            "35": 39,
            "36": -23,
            "37": 3,
            "38": -41
        },
        "14": {
            "0": -43,
            "1": 13,
            "2": 12,
            "3": 28,
            "4": -44,
            "5": 18,
            "6": 45,
            "7": 8,
            "8": 13,
            "9": -27,
            "10": 44,
            "11": 34,
            "12": -25,
            "13": 46,
            "15": 28,
            "16": 41,
            "17": 32,
            "18": 44,
            "19": -1,
            "20": -4,
            "21": 7,
            "22": -37,
            "23": -38,
            "24": -48,
            "25": -45,
            "26": 37,
            "27": 20,
            "28": -33,
            "29": 15,
            "30": -19,
            "31": -24,
            "32": -37,
            "33": -7,
            "34": -18,
            "35": 16,
            "36": 16,
            "37": 4,
            "38": 10
        },
        "15": {
            "0": 32,
            "1": -32,
            "2": -27,
            "3": -8,
            "4": 31,
            "5": 37,
            "6": 5,
            "7": -37,
            "8": 48,
            "9": -6,
            "10": 17,
            "11": -22,
            "12": -9,
            "13": -26,
            "14": 28,
            "16": -8,
            "17": -7,
            "18": 10,
            "19": -45,
            "20": -8,
            "21": -28,
            "22": -12,
            "23": -2,
            "24": -22,
            "25": 1,
            "26": 37,
            "27": -46,
            "28": -33,
            "29": 16,
            "30": 10,
            "31": 14,
            "32": 3,
            "33": 25,
            "34": 33,
            "35": 31,
            "36": -36,
            "37": -35,
            "38": -15
        },
        "16": {
            "0": -4,
            "1": -42,
            "2": 9,
            "3": 40,
            "4": -22,
            "5": -6,
            "6": -26,
            "7": -22,
            "8": 44,
            "9": 2,
            "10": 40,
            "11": -27,
            "12": 16,
            "13": 9,
            "14": 41,
            "15": -8,
            "17": -20,
            "18": 8,
            "19": 14,
            "20": -33,
            "21": 15,
            "22": 21,
            "23": 10,
            "24": -44,
            "25": -19,
            "26": 3,
            "27": 2,
            "28": -1,
            "29": 48,
            "30": 12,
            "31": -44,
            "32": 45,
            "33": 5,
            "34": -27,
            "35": -47,
            "36": 2,
            "37": -2,
            "38": 12
        },
        "17": {
            "0": -3,
            "1": -10,
            "2": 18,
            "3": 41,
            "4": -35,
            "5": 30,
            "6": 46,
            "7": -11,
            "8": 7,
            "9": -42,
            "10": 18,
            "11": 0,
            "12": -2,
            "13": 16,
            "14": 32,
            "15": -7,
            "16": -20,
            "18": -34,
            "19": 12,
            "20": -1,
            "21": 20,
            "22": 11,
            "23": -31,
            "24": -41,
            "25": 32,
            "26": -23,
            "27": 23,
            "28": 41,
            "29": -11,
            "30": -26,
            "31": 42,
            "32": 15,
            "33": 14,
            "34": -28,
            "35": 13,
            "36": 3,
            "37": -10,
            "38": -1
        },
        "18": {
            "0": -23,
            "1": 0,
            "2": 2,
            "3": 5,
            "4": -11,
            "5": 0,
            "6": -35,
            "7": -16,
            "8": -24,
            "9": -11,
            "10": 1,
            "11": -25,
            "12": -25,
            "13": -42,
            "14": 44,
            "15": 10,
            "16": 8,
            "17": -34,
            "19": 46,
            "20": 40,
            "21": -33,
            "22": 39,
            "23": -14,
            "24": 21,
            "25": 14,
            "26": 36,
            "27": 10,
            "28": -8,
            "29": 35,
            "30": 42,
            "31": -8,
            "32": -32,
            "33": -35,
            "34": 35,
            "35": 27,
            "36": -1,
            "37": -46,
            "38": 37
        },
        "19": {
            "0": -26,
            "1": 11,
            "2": 40,
            "3": -48,
            "4": 17,
            "5": 11,
            "6": -14,
            "7": 20,
            "8": -29,
            "9": -16,
            "10": 9,
            "11": 38,
            "12": 13,
            "13": -14,
            "14": -1,
            "15": -45,
            "16": 14,
            "17": 12,
            "18": 46,
            "20": -32,
            "21": 47,
            "22": 16,
            "23": -24,
            "24": -13,
            "25": -36,
            "26": 21,
            "27": -14,
            "28": 9,
            "29": 24,
            "30": -43,
            "31": 8,
            "32": -2,
            "33": 20,
            "34": 48,
            "35": 19,
            "36": -18,
            "37": 8,
            "38": -49
        },
        "20": {
            "0": 14,
            "1": 28,
            "2": -16,
            "3": -24,
            "4": 3,
            "5": 8,
            "6": 31,
            "7": -23,
            "8": 41,
            "9": 44,
            "10": -43,
            "11": -24,
            "12": 12,
            "13": -3,
            "14": -4,
            "15": -8,
            "16": -33,
            "17": -1,
            "18": 40,
            "19": -32,
            "21": 0,
            "22": -15,
            "23": -31,
            "24": 38,
            "25": 6,
            "26": -11,
            "27": -8,
            "28": -31,
            "29": 0,
            "30": 7,
            "31": -11,
            "32": 19,
            "33": -41,
            "34": 44,
            "35": -20,
            "36": -27,
            "37": 0,
            "38": 30
        },
        "21": {
            "0": 35,
            "1": -29,
            "2": -26,
            "3": -18,
            "4": 49,
            "5": 16,
            "6": 26,
            "7": 4,
            "8": -32,
            "9": -2,
            "10": -17,
            "11": -46,
            "12": -22,
            "13": 45,
            "14": 7,
            "15": -28,
            "16": 15,
            "17": 20,
            "18": -33,
            "19": 47,
            "20": 0,
            "22": -7,
            "23": 45,
            "24": -20,
            "25": 8,
            "26": -11,
            "27": 7,
            "28": 15,
            "29": -4,
            "30": -35,
            "31": 32,
            "32": -37,
            "33": 43,
            "34": -22,
            "35": -2,
            "36": 49,
            "37": 40,
            "38": -4
        },
        "22": {
            "0": -4,
            "1": 18,
            "2": 23,
            "3": 22,
            "4": 6,
            "5": 38,
            "6": -28,
            "7": 5,
            "8": -25,
            "9": 48,
            "10": -25,
            "11": 2,
            "12": -30,
            "13": -41,
            "14": -37,
            "15": -12,
            "16": 21,
            "17": 11,
            "18": 39,
            "19": 16,
            "20": -15,
            "21": -7,
            "23": 0,
            "24": -4,
            "25": 14,
            "26": -44,
            "27": 45,
            "28": -36,
            "29": 32,
            "30": 5,
            "31": 25,
            "32": -10,
            "33": 31,
            "34": -5,
            "35": -15,
            "36": -25,
            "37": -10,
            "38": -15
        },
        "23": {
            "0": -8,
            "1": 22,
            "2": 11,
            "3": -26,
            "4": 13,
            "5": 12,
            "6": -22,
            "7": -28,
            "8": 17,
            "9": -26,
            "10": -37,
            "11": 24,
            "12": 12,
            "13": 45,
            "14": -38,
            "15": -2,
            "16": 10,
            "17": -31,
            "18": -14,
            "19": -24,
            "20": -31,
            "21": 45,
            "22": 0,
            "24": 27,
            "25": 8,
            "26": 46,
            "27": 1,
            "28": -31,
            "29": -10,
            "30": -43,
            "31": -14,
            "32": -27,
            "33": -10,
            "34": 26,
            "35": 39,
            "36": -32,
            "37": -46,
            "38": -21
        },
        "24": {
            "0": 37,
            "1": 42,
            "2": 49,
            "3": 15,
            "4": -35,
            "5": -32,
            "6": 19,
            "7": 41,
            "8": 7,
            "9": -39,
            "10": -10,
            "11": -20,
            "12": -35,
            "13": 15,
            "14": -48,
            "15": -22,
            "16": -44,
            "17": -41,
            "18": 21,
            "19": -13,
            "20": 38,
            "21": -20,
            "22": -4,
            "23": 27,
            "25": -31,
            "26": 15,
            "27": -1,
            "28": -4,
            "29": 27,
            "30": 0,
            "31": 34,
            "32": 32,
            "33": -42,
            "34": 1,
            "35": 0,
            "36": 30,
            "37": 12,
            "38": -34
        },
        "25": {
            "0": 36,
            "1": -21,
            "2": -12,
            "3": 47,
            "4": -12,
            "5": 13,
            "6": -35,
            "7": -8,
            "8": 0,
            "9": 39,
            "10": 34,
            "11": -40,
            "12": -17,
            "13": -44,
            "14": -45,
            "15": 1,
            "16": -19,
            "17": 32,
            "18": 14,
            "19": -36,
            "20": 6,
            "21": 8,
            "22": 14,
            "23": 8,
            "24": -31,
            "26": -3,
            "27": 1,
            "28": -27,
            "29": 33,
            "30": 28,
            "31": 28,
            "32": -41,
            "33": 40,
            "34": -18,
            "35": 0,
            "36": 21,
            "37": 35,
            "38": -21
        },
        "26": {
            "0": -10,
            "1": -48,
            "2": -45,
            "3": 12,
            "4": -1,
            "5": -2,
            "6": -8,
            "7": 43,
            "8": -3,
            "9": -8,
            "10": -31,
            "11": 11,
            "12": 8,
            "13": 0,
            "14": 37,
            "15": 37,
            "16": 3,
            "17": -23,
            "18": 36,
            "19": 21,
            "20": -11,
            "21": -11,
            "22": -44,
            "23": 46,
            "24": 15,
            "25": -3,
            "27": 0,
            "28": -20,
            "29": 30,
            "30": -43,
            "31": 42,
            "32": 24,
            "33": -10,
            "34": 17,
            "35": 48,
            "36": 22,
            "37": 13,
            "38": -3
        },
        "27": {
            "0": 11,
            "1": 14,
            "2": 31,
            "3": -26,
            "4": -18,
            "5": -21,
            "6": -29,
            "7": 12,
            "8": 25,
            "9": -32,
            "10": -36,
            "11": -32,
            "12": 2,
            "13": -6,
            "14": 20,
            "15": -46,
            "16": 2,
            "17": 23,
            "18": 10,
            "19": -14,
            "20": -8,
            "21": 7,
            "22": 45,
            "23": 1,
            "24": -1,
            "25": 1,
            "26": 0,
            "28": -38,
            "29": -42,
            "30": -19,
            "31": -10,
            "32": 43,
            "33": 4,
            "34": -2,
            "35": -7,
            "36": -49,
            "37": 23,
            "38": 20
        },
        "28": {
            "0": 4,
            "1": -37,
            "2": 0,
            "3": -9,
            "4": 34,
            "5": -29,
            "6": 2,
            "7": 44,
            "8": 9,
            "9": -34,
            "10": -25,
            "11": -34,
            "12": -13,
            "13": 31,
            "14": -33,
            "15": -33,
            "16": -1,
            "17": 41,
            "18": -8,
            "19": 9,
            "20": -31,
            "21": 15,
            "22": -36,
            "23": -31,
            "24": -4,
            "25": -27,
            "26": -20,
            "27": -38,
            "29": 5,
            "30": -14,
            "31": -13,
            "32": -18,
            "33": 45,
            "34": -44,
            "35": 0,
            "36": 42,
            "37": 45,
            "38": 18
        },
        "29": {
            "0": -49,
            "1": 32,
            "2": -27,
            "3": -18,
            "4": -7,
            "5": 20,
            "6": -26,
            "7": -16,
            "8": 10,
            "9": -27,
            "10": 49,
            "11": 22,
            "12": -35,
            "13": 46,
            "14": 15,
            "15": 16,
            "16": 48,
            "17": -11,
            "18": 35,
            "19": 24,
            "20": 0,
            "21": -4,
            "22": 32,
            "23": -10,
            "24": 27,
            "25": 33,
            "26": 30,
            "27": -42,
            "28": 5,
            "30": 15,
            "31": -1,
            "32": 27,
            "33": 14,
            "34": 0,
            "35": -24,
            "36": 1,
            "37": 47,
            "38": 31
        },
        "30": {
            "0": -34,
            "1": 39,
            "2": -11,
            "3": 8,
            "4": 38,
            "5": -44,
            "6": -12,
            "7": 0,
            "8": 14,
            "9": -5,
            "10": -1,
            "11": 8,
            "12": 44,
            "13": 39,
            "14": -19,
            "15": 10,
            "16": 12,
            "17": -26,
            "18": 42,
            "19": -43,
            "20": 7,
            "21": -35,
            "22": 5,
            "23": -43,
            "24": 0,
            "25": 28,
            "26": -43,
            "27": -19,
            "28": -14,
            "29": 15,
            "31": -27,
            "32": -5,
            "33": -18,
            "34": 20,
            "35": -3,
            "36": 27,
            "37": 46,
            "38": 0
        },
        "31": {
            "0": -1,
            "1": -27,
            "2": 36,
            "3": -27,
            "4": 48,
            "5": 35,
            "6": 0,
            "7": 5,
            "8": -28,
            "9": -28,
            "10": -23,
            "11": 30,
            "12": -47,
            "13": 36,
            "14": -24,
            "15": 14,
            "16": -44,
            "17": 42,
            "18": -8,
            "19": 8,
            "20": -11,
            "21": 32,
            "22": 25,
            "23": -14,
            "24": 34,
            "25": 28,
            "26": 42,
            "27": -10,
            "28": -13,
            "29": -1,
            "30": -27,
            "32": -11,
            "33": 43,
            "34": -31,
            "35": 4,
            "36": 26,
            "37": -15,
            "38": -10
        },
        "32": {
            "0": 29,
            "1": 11,
            "2": 5,
            "3": 38,
            "4": 8,
            "5": 24,
            "6": 31,
            "7": 38,
            "8": 19,
            "9": -41,
            "10": -8,
            "11": 6,
            "12": 5,
            "13": -13,
            "14": -37,
            "15": 3,
            "16": 45,
            "17": 15,
            "18": -32,
            "19": -2,
            "20": 19,
            "21": -37,
            "22": -10,
            "23": -27,
            "24": 32,
            "25": -41,
            "26": 24,
            "27": 43,
            "28": -18,
            "29": 27,
            "30": -5,
            "31": -11,
            "33": 37,
            "34": 24,
            "35": -35,
            "36": -37,
            "37": -1,
            "38": 17
        },
        "33": {
            "0": 9,
            "1": -27,
            "2": -18,
            "3": -17,
            "4": -28,
            "5": 47,
            "6": 46,
            "7": 48,
            "8": 13,
            "9": 21,
            "10": 40,
            "11": 8,
            "12": -30,
            "13": -8,
            "14": -7,
            "15": 25,
            "16": 5,
            "17": 14,
            "18": -35,
            "19": 20,
            "20": -41,
            "21": 43,
            "22": 31,
            "23": -10,
            "24": -42,
            "25": 40,
            "26": -10,
            "27": 4,
            "28": 45,
            "29": 14,
            "30": -18,
            "31": 43,
            "32": 37,
            "34": 0,
            "35": -37,
            "36": -10,
            "37": -8,
            "38": 0
        },
        "34": {
            "0": 9,
            "1": 4,
            "2": 0,
            "3": -5,
            "4": 21,
            "5": -32,
            "6": -3,
            "7": 4,
            "8": 20,
            "9": -13,
            "10": -8,
            "11": -28,
            "12": 20,
            "13": -49,
            "14": -18,
            "15": 33,
            "16": -27,
            "17": -28,
            "18": 35,
            "19": 48,
            "20": 44,
            "21": -22,
            "22": -5,
            "23": 26,
            "24": 1,
            "25": -18,
            "26": 17,
            "27": -2,
            "28": -44,
            "29": 0,
            "30": 20,
            "31": -31,
            "32": 24,
            "33": 0,
            "35": -2,
            "36": -25,
            "37": -44,
            "38": 5
        },
        "35": {
            "0": 15,
            "1": 30,
            "2": -26,
            "3": -45,
            "4": -45,
            "5": -20,
            "6": 33,
            "7": -18,
            "8": 1,
            "9": -10,
            "10": 47,
            "11": 42,
            "12": -8,
            "13": 39,
            "14": 16,
            "15": 31,
            "16": -47,
            "17": 13,
            "18": 27,
            "19": 19,
            "20": -20,
            "21": -2,
            "22": -15,
            "23": 39,
            "24": 0,
            "25": 0,
            "26": 48,
            "27": -7,
            "28": 0,
            "29": -24,
            "30": -3,
            "31": 4,
            "32": -35,
            "33": -37,
            "34": -2,
            "36": -13,
            "37": 30,
            "38": -13
        },
        "36": {
            "0": 24,
            "1": -1,
            "2": 25,
            "3": -13,
            "4": 26,
            "5": 4,
            "6": -20,
            "7": 1,
            "8": -36,
            "9": 5,
            "10": -25,
            "11": 9,
            "12": 29,
            "13": -23,
            "14": 16,
            "15": -36,
            "16": 2,
            "17": 3,
            "18": -1,
            "19": -18,
            "20": -27,
            "21": 49,
            "22": -25,
            "23": -32,
            "24": 30,
            "25": 21,
            "26": 22,
            "27": -49,
            "28": 42,
            "29": 1,
            "30": 27,
            "31": 26,
            "32": -37,
            "33": -10,
            "34": -25,
            "35": -13,
            "37": -14,
            "38": 32
        },
        "37": {
            "0": -13,
            "1": 11,
            "2": -42,
            "3": 14,
            "4": 17,
            "5": -37,
            "6": -27,
            "7": 7,
            "8": -33,
            "9": -47,
            "10": -36,
            "11": -46,
            "12": -35,
            "13": 3,
            "14": 4,
            "15": -35,
            "16": -2,
            "17": -10,
            "18": -46,
            "19": 8,
            "20": 0,
            "21": 40,
            "22": -10,
            "23": -46,
            "24": 12,
            "25": 35,
            "26": 13,
            "27": 23,
            "28": 45,
            "29": 47,
            "30": 46,
            "31": -15,
            "32": -1,
            "33": -8,
            "34": -44,
            "35": 30,
            "36": -14,
            "38": -41
        },
        "38": {
            "0": -43,
            "1": -35,
            "2": -8,
            "3": -25,
            "4": -38,
            "5": -31,
            "6": 35,
            "7": 37,
            "8": 38,
            "9": 15,
            "10": -45,
            "11": 8,
            "12": 0,
            "13": -41,
            "14": 10,
            "15": -15,
            "16": 12,
            "17": -1,
            "18": 37,
            "19": -49,
            "20": 30,
            "21": -4,
            "22": -15,
            "23": -21,
            "24": -34,
            "25": -21,
            "26": -3,
            "27": 20,
            "28": 18,
            "29": 31,
            "30": 0,
            "31": -10,
            "32": 17,
            "33": 0,
            "34": 5,
            "35": -13,
            "36": 32,
            "37": -41
        }
    }
}