{
    "knapsack_size": 10000,
    "Gamma": 21,
    "n_items": 30,
    "costs": {
        "0": {
            "u": 476,
            "a": 345,
            "l": 124
        },
        "1": {
            "u": 476,
            "a": 262,
            "l": 106
        },
        "2": {
            "u": 476,
            "a": 423,
            "l": 206
        },
        "3": {
            "u": 476,
            "a": 413,
            "l": 160
        },
        "4": {
            "u": 476,
            "a": 422,
            "l": 146
        },
        "5": {
            "u": 476,
            "a": 299,
            "l": 126
        },
        "6": {
            "u": 476,
            "a": 451,
            "l": 209
        },
        "7": {
            "u": 476,
            "a": 280,
            "l": 122
        },
        "8": {
            "u": 476,
            "a": 420,
            "l": 165
        },
        "9": {
            "u": 476,
            "a": 258,
            "l": 110
        },
        "10": {
            "u": 476,
            "a": 389,
            "l": 194
        },
        "11": {
            "u": 476,
            "a": 475,
            "l": 228
        },
        "12": {
            "u": 476,
            "a": 311,
            "l": 136
        },
        "13": {
            "u": 476,
            "a": 286,
            "l": 135
        },
        "14": {
            "u": 476,
            "a": 357,
            "l": 154
        },
        "15": {
            "u": 476,
            "a": 254,
            "l": 103
        },
        "16": {
            "u": 476,
            "a": 396,
            "l": 189
        },
        "17": {
            "u": 477,
            "a": 337,
            "l": 146
        },
        "18": {
            "u": 476,
            "a": 441,
            "l": 188
        },
        "19": {
            "u": 476,
            "a": 379,
            "l": 137
        },
        "20": {
            "u": 476,
            "a": 336,
            "l": 130
        },
        "21": {
            "u": 476,
            "a": 341,
            "l": 114
        },
        "22": {
            "u": 476,
            "a": 413,
            "l": 142
        },
        "23": {
            "u": 476,
            "a": 299,
            "l": 134
        },
        "24": {
            "u": 476,
            "a": 465,
            "l": 172
        },
        "25": {
            "u": 476,
            "a": 377,
            "l": 177
        },
        "26": {
            "u": 476,
            "a": 261,
            "l": 129
        },
        "27": {
            "u": 476,
            "a": 377,
            "l": 165
        },
        "28": {
            "u": 476,
            "a": 377,
            "l": 180
        },
        "29": {
            "u": 476,
            "a": 436,
            "l": 190
        }
    },
    "profits": {
        "0": 542,
        "1": 657,
        "2": 603,
        "3": 750,
        "4": 725,
        "5": 740,
        "6": 517,
        "7": 584,
        "8": 491,
        "9": 709,
        "10": 739,
        "11": 506,
        "12": 723,
        "13": 586,
        "14": 600,
        "15": 561,
        "16": 768,
        "17": 739,
        "18": 711,
        "19": 713,
        "20": 605,
        "21": 625,
        "22": 732,
        "23": 535,
        "24": 704,
        "25": 517,
        "26": 514,
        "27": 671,
        "28": 685,
        "29": 756
    },
    "synergies": {
        "0": {
            "1": -34,
            "2": -34,
            "3": -14,
            "4": -35,
            "5": -39,
            "6": 2,
            "7": 24,
            "8": 47,
            "9": -24,
            "10": 6,
            "11": -26,
            "12": -40,
            "13": -28,
            "14": -10,
            "15": 34,
            "16": -37,
            "17": 27,
            "18": -6,
            "19": 38,
            "20": 15,
            "21": 26,
            "22": -48,
            "23": -42,
            "24": 27,
            "25": 2,
            "26": -37,
            "27": -15,
            "28": 30,
            "29": 33
        },
        "1": {
            "0": -34,
            "2": 44,
            "3": 36,
            "4": -3,
            "5": 21,
            "6": -38,
            "7": -24,
            "8": -9,
            "9": 28,
            "10": -7,
            "11": 29,
            "12": -19,
            "13": -48,
            "14": -29,
            "15": 49,
            "16": 28,
            "17": -9,
            "18": 1,
            "19": 22,
            "20": -26,
            "21": -11,
            "22": -40,
            "23": 45,
            "24": -8,
            "25": -16,
            "26": 1,
            "27": 30,
            "28": -28,
            "29": -35
        },
        "2": {
            "0": -34,
            "1": 44,
            "3": 0,
            "4": -39,
            "5": -20,
            "6": 34,
            "7": -5,
            "8": 0,
            "9": -47,
            "10": 15,
            "11": -30,
            "12": 32,
            "13": -7,
            "14": 0,
            "15": -47,
            "16": -31,
            "17": -39,
            "18": -28,
            "19": -30,
            "20": 11,
            "21": 49,
            "22": -28,
            "23": 13,
            "24": 41,
            "25": -33,
            "26": 22,
            "27": -24,
            "28": -18,
            "29": 10
        },
        "3": {
            "0": -14,
            "1": 36,
            "2": 0,
            "4": 48,
            "5": 33,
            "6": 3,
            "7": 10,
            "8": 29,
            "9": 35,
            "10": -32,
            "11": -3,
            "12": -42,
            "13": 19,
            "14": -15,
            "15": 17,
            "16": 15,
            "17": 20,
            "18": -19,
            "19": -38,
            "20": -26,
            "21": -31,
            "22": 23,
            "23": 26,
            "24": 24,
            "25": 47,
            "26": 11,
            "27": 17,
            "28": 6,
            "29": 25
        },
        "4": {
            "0": -35,
            "1": -3,
            "2": -39,
            "3": 48,
            "5": 5,
            "6": 35,
            "7": -35,
            "8": 27,
            "9": -16,
            "10": 27,
            "11": -37,
            "12": 14,
            "13": -11,
            "14": -18,
            "15": 22,
            "16": -44,
            "17": 33,
            "18": 0,
            "19": 23,
            "20": 19,
            "21": -11,
            "22": 28,
            "23": 42,
            "24": 14,
            "25": 14,
            "26": -19,
            "27": 23,
            "28": -42,
            "29": -45
        },
        "5": {
            "0": -39,
            "1": 21,
            "2": -20,
            "3": 33,
            "4": 5,
            "6": 40,
            "7": 27,
            "8": 22,
            "9": -22,
            "10": -27,
            "11": -47,
            "12": -14,
            "13": -22,
            "14": -20,
            "15": 3,
            "16": -11,
            "17": 41,
            "18": 24,
            "19": 2,
            "20": -11,
            "21": -44,
            "22": 26,
            "23": 19,
            "24": 36,
            "25": 19,
            "26": -2,
            "27": 28,
            "28": 2,
            "29": 9
        },
        "6": {
            "0": 2,
            "1": -38,
            "2": 34,
            "3": 3,
            "4": 35,
            "5": 40,
            "7": 32,
            "8": -25,
            "9": 47,
            "10": 29,
            "11": -7,
            "12": -9,
            "13": 9,
            "14": -38,
            "15": 5,
            "16": 24,
            "17": -44,
            "18": 0,
            "19": -22,
            "20": -6,
            "21": -48,
            "22": 24,
            "23": 19,
            "24": 35,
            "25": 32,
            "26": -38,
            "27": 44,
            "28": -14,
            "29": -19
        },
        "7": {
            "0": 24,
            "1": -24,
            "2": -5,
            "3": 10,
            "4": -35,
            "5": 27,
            "6": 32,
            "8": 33,
            "9": 14,
            "10": 31,
            "11": 39,
            "12": -49,
            "13": 21,
            "14": -6,
            "15": 48,
            "16": 47,
            "17": 17,
            "18": -16,
            "19": -8,
            "20": 12,
            "21": -19,
            "22": -44,
            "23": -38,
            "24": 38,
            "25": 29,
            "26": 25,
            "27": 38,
            "28": -34,
            "29": 38
        },
        "8": {
            "0": 47,
            "1": -9,
            "2": 0,
            "3": 29,
            "4": 27,
            "5": 22,
            "6": -25,
            "7": 33,
            "9": 48,
            "10": -4,
            "11": -24,
            "12": -24,
            "13": -33,
            "14": -33,
            "15": 15,
            "16": -5,
            "17": -49,
            "18": -45,
            "19": -13,
            "20": 26,
            "21": -49,
            "22": -33,
            "23": -10,
            "24": -30,
            "25": -48,
            "26": 37,
            "27": 42,
            "28": -14,
            "29": 22
        },
        "9": {
            "0": -24,
            "1": 28,
            "2": -47,
            "3": 35,
            "4": -16,
            "5": -22,
            "6": 47,
            "7": 14,
            "8": 48,
            "10": 15,
            "11": -21,
            "12": 41,
            "13": -9,
            "14": 26,
            "15": 6,
            "16": -8,
            "17": -16,
            "18": 45,
            "19": 46,
            "20": -34,
            "21": -9,
            "22": 14,
            "23": 34,
            "24": 26,
            "25": -7,
            "26": 33,
            "27": -21,
            "28": 20,
            "29": -30
        },
        "10": {
            "0": 6,
            "1": -7,
            "2": 15,
            "3": -32,
            "4": 27,
            "5": -27,
            "6": 29,
            "7": 31,
            "8": -4,
            "9": 15,
            "11": 29,
            "12": 0,
            "13": 6,
            "14": -31,
            "15": 32,
            "16": -43,
            "17": -32,
            "18": -7,
            "19": 1,
            "20": 49,
            "21": 18,
            "22": -29,
            "23": 0,
            "24": -24,
            "25": -8,
            "26": 32,
            "27": 45,
            "28": 12,
            "29": -26
        },
        "11": {
            "0": -26,
            "1": 29,
            "2": -30,
            "3": -3,
            "4": -37,
            "5": -47,
            "6": -7,
            "7": 39,
            "8": -24,
            "9": -21,
            "10": 29,
            "12": 12,
            "13": 47,
            "14": -30,
            "15": 14,
            "16": -16,
            "17": 5,
            "18": -40,
            "19": -43,
            "20": -37,
            "21": -21,
            "22": 9,
            "23": 18,
            "24": -43,
            "25": -13,
            "26": 42,
            "27": 13,
            "28": -37,
            "29": -49
        },
        "12": {
            "0": -40,
            "1": -19,
            "2": 32,
            "3": -42,
            "4": 14,
            "5": -14,
            "6": -9,
            "7": -49,
            "8": -24,
            "9": 41,
            "10": 0,
            "11": 12,
            "13": -29,
            "14": 49,
            "15": -19,
            "16": -19,
            "17": 45,
            "18": -40,
            "19": -35,
            "20": 26,
            "21": 27,
            "22": 36,
            "23": 25,
            "24": -4,
            "25": -14,
            "26": -49,
            "27": 5,
            "28": 13,
            "29": 13
        },
        "13": {
            "0": -28,
            "1": -48,
            "2": -7,
            "3": 19,
            "4": -11,
            "5": -22,
            "6": 9,
            "7": 21,
            "8": -33,
            "9": -9,
            "10": 6,
            "11": 47,
            "12": -29,
            "14": -23,
            "15": -10,
            "16": 32,
            "17": 23,
            "18": 25,
            "19": -21,
            "20": 42,
            "21": 13,
            "22": 42,
            "23": -43,
            "24": 5,
            "25": 11,
            "26": 32,
            "27": -34,
            "28": -32,
            "29": -26
        },
        "14": {
            "0": -10,
            "1": -29,
            "2": 0,
            "3": -15,
            "4": -18,
            "5": -20,
            "6": -38,
            "7": -6,
            "8": -33,
            "9": 26,
            "10": -31,
            "11": -30,
            "12": 49,
            "13": -23,
            "15": -44,
            "16": 14,
            "17": -30,
            "18": -14,
            "19": -29,
            "20": 43,
            "21": 43,
            "22": -29,
            "23": 2,
            "24": -26,
            "25": -48,
            "26": 40,
            "27": -12,
            "28": -22,
            "29": -41
        },
        "15": {
            "0": 34,
            "1": 49,
            "2": -47,
            "3": 17,
            "4": 22,
            "5": 3,
            "6": 5,
            "7": 48,
            "8": 15,
            "9": 6,
            "10": 32,
            "11": 14,
            "12": -19,
            "13": -10,
            "14": -44,
            "16": 16,
            "17": -26,
            "18": 34,
            "19": 27,
            "20": 14,
            "21": 25,
            "22": 26,
            "23": -28,
            "24": 28,
            "25": -19,
            "26": 49,
            "27": 11,
            "28": -16,
            "29": 36
        },
        "16": {
            "0": -37,
            "1": 28,
            "2": -31,
            "3": 15,
            "4": -44,
            "5": -11,
            "6": 24,
            "7": 47,
            "8": -5,
            "9": -8,
            "10": -43,
            "11": -16,
            "12": -19,
            "13": 32,
            "14": 14,
            "15": 16,
            "17": -15,
            "18": -23,
            "19": 7,
            "20": -36,
            "21": 38,
            "22": 46,
            "23": -46,
            "24": 48,
            "25": 31,
            "26": -2,
            "27": -34,
            "28": 20,
            "29": 4
        },
        "17": {
            "0": 27,
            "1": -9,
            "2": -39,
            "3": 20,
            "4": 33,
            "5": 41,
            "6": -44,
            "7": 17,
            "8": -49,
            "9": -16,
            "10": -32,
            "11": 5,
            "12": 45,
            "13": 23,
            "14": -30,
            "15": -26,
            "16": -15,
            "18": 13,
            "19": -28,
            "20": 38,
            "21": -11,
            "22": 37,
            "23": -3,
            "24": 12,
            "25": -31,
            "26": -9,
            "27": 5,
            "28": 35,
            "29": -15
        },
        "18": {
            "0": -6,
            "1": 1,
            "2": -28,
            "3": -19,
            "4": 0,
            "5": 24,
            "6": 0,
            "7": -16,
            "8": -45,
            "9": 45,
            "10": -7,
            "11": -40,
            "12": -40,
            "13": 25,
            "14": -14,
            "15": 34,
            "16": -23,
            "17": 13,
            "19": 21,
            "20": 35,
            "21": -12,
            "22": 22,
            "23": -25,
            "24": -30,
            "25": 11,
            "26": -10,
            "27": 49,
            "28": -16,
            "29": -39
        },
        "19": {
            "0": 38,
            "1": 22,
            "2": -30,
            "3": -38,
            "4": 23,
            "5": 2,
            "6": -22,
            "7": -8,
            "8": -13,
            "9": 46,
            "10": 1,
            "11": -43,
            "12": -35,
            "13": -21,
            "14": -29,
            "15": 27,
            "16": 7,
            "17": -28,
            "18": 21,
            "20": -45,
            "21": 41,
            "22": -9,
            "23": -28,
            "24": 34,
            "25": 21,
            "26": 20,
            "27": 3,
            "28": 46,
            "29": -26
        },
        "20": {
            "0": 15,
            "1": -26,
            "2": 11,
            "3": -26,
            "4": 19,
            "5": -11,
            "6": -6,
            "7": 12,
            "8": 26,
            "9": -34,
            "10": 49,
            "11": -37,
            "12": 26,
            "13": 42,
            "14": 43,
            "15": 14,
            "16": -36,
            "17": 38,
            "18": 35,
            "19": -45,
            "21": 46,
            "22": 44,
            "23": 35,
            "24": -2,
            "25": 19,
            "26": 32,
            "27": -10,
            "28": 6,
            "29": 25
        },
        "21": {
            "0": 26,
            "1": -11,
            "2": 49,
            "3": -31,
            "4": -11,
            "5": -44,
            "6": -48,
            "7": -19,
            "8": -49,
            "9": -9,
            "10": 18,
            "11": -21,
            "12": 27,
            "13": 13,
            "14": 43,
            "15": 25,
            "16": 38,
            "17": -11,
            "18": -12,
            "19": 41,
            "20": 46,
            "22": 21,
            "23": 29,
            "24": -6,
            "25": 32,
            "26": 3,
            "27": -44,
            "28": 18,
            "29": 34
        },
        "22": {
            "0": -48,
            "1": -40,
            "2": -28,
            "3": 23,
            "4": 28,
            "5": 26,
            "6": 24,
            "7": -44,
            "8": -33,
            "9": 14,
            "10": -29,
            "11": 9,
            "12": 36,
            "13": 42,
            "14": -29,
            "15": 26,
            "16": 46,
            "17": 37,
            "18": 22,
            "19": -9,
            "20": 44,
            "21": 21,
            "23": -7,
            "24": -23,
            "25": -46,
            "26": -15,
            "27": -7,
            "28": -24,
            "29": 16
        },
        "23": {
            "0": -42,
            "1": 45,
            "2": 13,
            "3": 26,
            "4": 42,
            "5": 19,
            "6": 19,
            "7": -38,
            "8": -10,
            "9": 34,
            "10": 0,
            "11": 18,
            "12": 25,
            "13": -43,
            "14": 2,
            "15": -28,
            "16": -46,
            "17": -3,
            "18": -25,
            "19": -28,
            "20": 35,
            "21": 29,
            "22": -7,
            "24": 6,
            "25": 6,
            "26": 31,
            "27": 33,
            "28": 45,
            "29": 3
        },
        "24": {
            "0": 27,
            "1": -8,
            "2": 41,
            "3": 24,
            "4": 14,
            "5": 36,
            "6": 35,
            "7": 38,
            "8": -30,
            "9": 26,
            "10": -24,
            "11": -43,
            "12": -4,
            "13": 5,
            "14": -26,
            "15": 28,
            "16": 48,
            "17": 12,
            "18": -30,
            "19": 34,
            "20": -2,
            "21": -6,
            "22": -23,
            "23": 6,
            "25": -37,
            "26": 33,
            "27": -24,
            "28": -21,
            "29": 9
        },
        "25": {
            "0": 2,
            "1": -16,
            "2": -33,
            "3": 47,
            "4": 14,
            "5": 19,
            "6": 32,
            "7": 29,
            "8": -48,
            "9": -7,
            "10": -8,
            "11": -13,
            "12": -14,
            "13": 11,
            "14": -48,
            "15": -19,
            "16": 31,
            "17": -31,
            "18": 11,
            "19": 21,
            "20": 19,
            "21": 32,
            "22": -46,
            "23": 6,
            "24": -37,
            "26": -47,
            "27": 48,
            "28": 41,
            "29": -19
        },
        "26": {
            "0": -37,
            "1": 1,
            "2": 22,
            "3": 11,
            "4": -19,
            "5": -2,
            "6": -38,
            "7": 25,
            "8": 37,
            "9": 33,
            "10": 32,
            "11": 42,
            "12": -49,
            "13": 32,
            "14": 40,
            "15": 49,
            "16": -2,
            "17": -9,
            "18": -10,
            "19": 20,
            "20": 32,
            "21": 3,
            "22": -15,
            "23": 31,
            "24": 33,
            "25": -47,
            "27": -46,
            "28": -47,
            "29": 10
        },
        "27": {
            "0": -15,
            "1": 30,
            "2": -24,
            "3": 17,
            "4": 23,
            "5": 28,
            "6": 44,
            "7": 38,
            "8": 42,
            "9": -21,
            "10": 45,
            "11": 13,
            "12": 5,
            "13": -34,
            "14": -12,
            "15": 11,
            "16": -34,
            "17": 5,
            "18": 49,
            "19": 3,
            "20": -10,
            "21": -44,
            "22": -7,
            "23": 33,
            "24": -24,
            "25": 48,
            "26": -46,
            "28": -34,
            "29": 15
        },
        "28": {
            "0": 30,
            "1": -28,
            "2": -18,
            "3": 6,
            "4": -42,
            "5": 2,
            "6": -14,
            "7": -34,
            "8": -14,
            "9": 20,
            "10": 12,
            "11": -37,
            "12": 13,
            "13": -32,
            "14": -22,
            "15": -16,
            "16": 20,
            "17": 35,
            "18": -16,
            "19": 46,
            "20": 6,
            "21": 18,
            "22": -24,
            "23": 45,
            "24": -21,
            "25": 41,
            "26": -47,
            "27": -34,
            "29": -23
        },
        "29": {
            "0": 33,
            "1": -35,
            "2": 10,
            "3": 25,
            "4": -45,
            "5": 9,
            "6": -19,
            "7": 38,
            "8": 22,
            "9": -30,
            "10": -26,
            "11": -49,
            "12": 13,
            "13": -26,
            "14": -41,
            "15": 36,
            "16": 4,
            "17": -15,
            "18": -39,
            "19": -26,
            "20": 25,
            "21": 34,
            "22": 16,
            "23": 3,
            "24": 9,
            "25": -19,
            "26": 10,
            "27": 15,
            "28": -23
        }
    }
}