{
    "knapsack_size": 19870,
    "Gamma": 29,
    "n_items": 31,
    "costs": {
        "0": {
            "l": 317.66,
            "a": 368.53,
            "u": 371.45
        },
        "1": {
            "l": 225.67,
            "a": 295.55,
            "u": 392.17
        },
        "2": {
            "l": 146.82,
            "a": 296.34,
            "u": 372.07
        },
        "3": {
            "l": 228.58,
            "a": 358.12,
            "u": 372.15
        },
        "4": {
            "l": 147.97,
            "a": 297.93,
            "u": 303.93
        },
        "5": {
            "l": 306.28,
            "a": 314.84,
            "u": 387.9
        },
        "6": {
            "l": 288.71,
            "a": 362.94,
            "u": 382.24
        },
        "7": {
            "l": 304.31,
            "a": 317.51,
            "u": 361.49
        },
        "8": {
            "l": 305.02,
            "a": 351.75,
            "u": 382.8
        },
        "9": {
            "l": 292.26,
            "a": 343.98,
            "u": 345.62
        },
        "10": {
            "l": 237.19,
            "a": 367.9,
            "u": 380.44
        },
        "11": {
            "l": 295.36,
            "a": 318.61,
            "u": 382.08
        },
        "12": {
            "l": 103.64,
            "a": 115.01,
            "u": 168.07
        },
        "13": {
            "l": 266.51,
            "a": 275.6,
            "u": 319.55
        },
        "14": {
            "l": 198.08,
            "a": 273.7,
            "u": 362.25
        },
        "15": {
            "l": 228.16,
            "a": 299.11,
            "u": 351.82
        },
        "16": {
            "l": 318.7,
            "a": 363.5,
            "u": 399.86
        },
        "17": {
            "l": 181.19,
            "a": 364.36,
            "u": 366.94
        },
        "18": {
            "l": 294.24,
            "a": 307.72,
            "u": 368.8
        },
        "19": {
            "l": 104.18,
            "a": 227.3,
            "u": 307.36
        },
        "20": {
            "l": 251.78,
            "a": 257.96,
            "u": 358.23
        },
        "21": {
            "l": 312.08,
            "a": 364.8,
            "u": 368.83
        },
        "22": {
            "l": 284.28,
            "a": 353.2,
            "u": 354.81
        },
        "23": {
            "l": 273.08,
            "a": 323.24,
            "u": 367.79
        },
        "24": {
            "l": 243.48,
            "a": 356.15,
            "u": 369.61
        },
        "25": {
            "l": 175.42,
            "a": 207.9,
            "u": 244.39
        },
        "26": {
            "l": 255.55,
            "a": 271.23,
            "u": 310.3
        },
        "27": {
            "l": 219.55,
            "a": 258.87,
            "u": 358.92
        },
        "28": {
            "l": 221.97,
            "a": 349.86,
            "u": 363.19
        },
        "29": {
            "l": 174.08,
            "a": 356.83,
            "u": 387.8
        },
        "30": {
            "l": 132.41,
            "a": 265.49,
            "u": 332.73
        }
    },
    "profits": {
        "0": 392.44,
        "1": 318.94,
        "2": 410.76,
        "3": 380.04,
        "4": 449.07,
        "5": 396.77,
        "6": 413.39,
        "7": 367.37,
        "8": 422.82,
        "9": 354.79,
        "10": 376.91,
        "11": 427.77,
        "12": 369.03,
        "13": 391.81,
        "14": 367.39,
        "15": 381.91,
        "16": 420.28,
        "17": 432.01,
        "18": 391.19,
        "19": 250.42,
        "20": 342.68,
        "21": 374.15,
        "22": 386.74,
        "23": 415.05,
        "24": 362.65,
        "25": 249.22,
        "26": 381.68,
        "27": 413.28,
        "28": 400.36,
        "29": 389.45,
        "30": 427.16
    },
    "synergies": {
        "0": {
            "1": 3.14,
            "2": 0.56,
            "3": -14.49,
            "4": 2.17,
            "5": -9.29,
            "6": -22.1,
            "7": 34.28,
            "8": -5.51,
            "9": 35.38,
            "10": 42.98,
            "11": 39.67,
            "12": 10.0,
            "13": 13.7,
            "14": -45.3,
            "15": -43.21,
            "16": -0.18,
            "17": 46.2,
            "18": 19.09,
            "19": 27.17,
            "20": 14.37,
            "21": 36.79,
            "22": 44.47,
            "23": 40.93,
            "24": -17.01,
            "25": -32.28,
            "26": 41.13,
            "27": -21.46,
            "28": 9.77,
            "29": 44.69,
            "30": -2.4
        },
        "1": {
            "0": 3.14,
            "2": 28.91,
            "3": 13.0,
            "4": 46.8,
            "5": -12.88,
            "6": -26.33,
            "7": -24.56,
            "8": 26.92,
            "9": -32.28,
            "10": 4.54,
            "11": 30.33,
            "12": -8.38,
            "13": -1.76,
            "14": 14.34,
            "15": 21.04,
            "16": -27.86,
            "17": -23.88,
            "18": -17.23,
            "19": 13.1,
            "20": 7.66,
            "21": -14.58,
            "22": 45.79,
            "23": 45.48,
            "24": -19.45,
            "25": -2.29,
            "26": -26.14,
            "27": 39.61,
            "28": 32.63,
            "29": -43.4,
            "30": -16.16
        },
        "2": {
            "0": 0.56,
            "1": 28.91,
            "3": -43.48,
            "4": -15.55,
            "5": -45.11,
            "6": -44.84,
            "7": 18.45,
            "8": 42.46,
            "9": 24.1,
            "10": -11.25,
            "11": -45.37,
            "12": -8.32,
            "13": -41.65,
            "14": 10.14,
            "15": 16.14,
            "16": 30.16,
            "17": -22.74,
            "18": 34.26,
            "19": 42.1,
            "20": -26.21,
            "21": 38.22,
            "22": -15.07,
            "23": 28.53,
            "24": 8.4,
            "25": -21.56,
            "26": 8.11,
            "27": 16.73,
            "28": -14.78,
            "29": -30.78,
            "30": 30.8
        },
        "3": {
            "0": -14.49,
            "1": 13.0,
            "2": -43.48,
            "4": 44.54,
            "5": 35.7,
            "6": 24.26,
            "7": -10.11,
            "8": -37.8,
            "9": -2.62,
            "10": 2.09,
            "11": -15.42,
            "12": -14.1,
            "13": 34.88,
            "14": 9.94,
            "15": -46.84,
            "16": -29.83,
            "17": 8.1,
            "18": 28.67,
            "19": 6.28,
            "20": -36.02,
            "21": -35.06,
            "22": -44.34,
            "23": 45.45,
            "24": 21.11,
            "25": 22.72,
            "26": -32.96,
            "27": 28.18,
            "28": -47.67,
            "29": 16.34,
            "30": -1.92
        },
        "4": {
            "0": 2.17,
            "1": 46.8,
            "2": -15.55,
            "3": 44.54,
            "5": 1.11,
            "6": 16.37,
            "7": -28.8,
            "8": -30.66,
            "9": -10.32,
            "10": 38.34,
            "11": 18.58,
            "12": 7.06,
            "13": 44.6,
            "14": 45.02,
            "15": 46.0,
            "16": 29.77,
            "17": -38.12,
            "18": -26.3,
            "19": -19.41,
            "20": -3.79,
            "21": -0.89,
            "22": -2.19,
            "23": 8.5,
            "24": -12.1,
            "25": -0.02,
            "26": -43.22,
            "27": 2.28,
            "28": 5.81,
            "29": -0.02,
            "30": -31.03
        },
        "5": {
            "0": -9.29,
            "1": -12.88,
            "2": -45.11,
            "3": 35.7,
            "4": 1.11,
            "6": -39.73,
            "7": -13.32,
            "8": -33.53,
            "9": 1.48,
            "10": -17.04,
            "11": 24.69,
            "12": -45.87,
            "13": -31.25,
            "14": 23.95,
            "15": 38.36,
            "16": 27.57,
            "17": 18.79,
            "18": 1.58,
            "19": 17.27,
            "20": -7.02,
            "21": 3.72,
            "22": 32.07,
            "23": -17.75,
            "24": -14.98,
            "25": 32.67,
            "26": 44.44,
            "27": 15.79,
            "28": 0.55,
            "29": 12.1,
            "30": 24.48
        },
        "6": {
            "0": -22.1,
            "1": -26.33,
            "2": -44.84,
            "3": 24.26,
            "4": 16.37,
            "5": -39.73,
            "7": -1.95,
            "8": 32.77,
            "9": 8.57,
            "10": -42.25,
            "11": -40.37,
            "12": 47.97,
            "13": -20.06,
            "14": -33.09,
            "15": -43.92,
            "16": 45.42,
            "17": -30.36,
            "18": -44.14,
            "19": -27.7,
            "20": -42.36,
            "21": 19.57,
            "22": 13.61,
            "23": 29.27,
            "24": -20.37,
            "25": -43.19,
            "26": 6.36,
            "27": -17.97,
            "28": -31.37,
            "29": 8.49,
            "30": 33.22
        },
        "7": {
            "0": 34.28,
            "1": -24.56,
            "2": 18.45,
            "3": -10.11,
            "4": -28.8,
            "5": -13.32,
            "6": -1.95,
            "8": 18.15,
            "9": -30.27,
            "10": 42.86,
            "11": 31.18,
            "12": -21.86,
            "13": -36.0,
            "14": -35.7,
            "15": -30.86,
            "16": -0.75,
            "17": -1.26,
            "18": -34.46,
            "19": -24.88,
            "20": -34.66,
            "21": -4.14,
            "22": -28.65,
            "23": 9.7,
            "24": 4.74,
            "25": 12.64,
            "26": -28.02,
            "27": 1.12,
            "28": 28.45,
            "29": 37.79,
            "30": 35.32
        },
        "8": {
            "0": -5.51,
            "1": 26.92,
            "2": 42.46,
            "3": -37.8,
            "4": -30.66,
            "5": -33.53,
            "6": 32.77,
            "7": 18.15,
            "9": 8.97,
            "10": -43.73,
            "11": 2.86,
            "12": -1.11,
            "13": -15.43,
            "14": -40.9,
            "15": -16.52,
            "16": -13.38,
            "17": -21.65,
            "18": 19.89,
            "19": 29.75,
            "20": -38.46,
            "21": -36.39,
            "22": 32.16,
            "23": 23.12,
            "24": 26.06,
            "25": 33.88,
            "26": -1.58,
            "27": -38.46,
            "28": -13.22,
            "29": 16.98,
            "30": 21.24
        },
        "9": {
            "0": 35.38,
            "1": -32.28,
            "2": 24.1,
            "3": -2.62,
            "4": -10.32,
            "5": 1.48,
            "6": 8.57,
            "7": -30.27,
            "8": 8.97,
            "10": -2.02,
            "11": 47.17,
            "12": -5.52,
            "13": -10.82,
            "14": -33.86,
            "15": -13.13,
            "16": -30.91,
            "17": -31.41,
            "18": 22.49,
            "19": -1.29,
            "20": 3.1,
            "21": 10.3,
            "22": 31.46,
            "23": -15.86,
            "24": -46.73,
            "25": 6.22,
            "26": -25.2,
            "27": 31.52,
            "28": -3.15,
            "29": 28.05,
            "30": 38.69
        },
        "10": {
            "0": 42.98,
            "1": 4.54,
            "2": -11.25,
            "3": 2.09,
            "4": 38.34,
            "5": -17.04,
            "6": -42.25,
            "7": 42.86,
            "8": -43.73,
            "9": -2.02,
            "11": 38.47,
            "12": -40.99,
            "13": -33.42,
            "14": -6.85,
            "15": -6.58,
            "16": -30.24,
            "17": 38.15,
            "18": 30.79,
            "19": -25.99,
            "20": 47.84,
            "21": 12.13,
            "22": -32.94,
            "23": -6.25,
            "24": 29.12,
            "25": 8.29,
            "26": -0.4,
            "27": -6.33,
            "28": -32.07,
            "29": -27.38,
            "30": -4.33
        },
        "11": {
            "0": 39.67,
            "1": 30.33,
            "2": -45.37,
            "3": -15.42,
            "4": 18.58,
            "5": 24.69,
            "6": -40.37,
            "7": 31.18,
            "8": 2.86,
            "9": 47.17,
            "10": 38.47,
            "12": 3.79,
            "13": -47.72,
            "14": -10.21,
            "15": 27.76,
            "16": -29.9,
            "17": -20.71,
            "18": -19.44,
            "19": 26.64,
            "20": -25.19,
            "21": -38.57,
            "22": 12.02,
            "23": 27.62,
            "24": 15.53,
            "25": 16.15,
            "26": 25.03,
            "27": 1.93,
            "28": 23.78,
            "29": 20.95,
            "30": 28.14
        },
        "12": {
            "0": 10.0,
            "1": -8.38,
            "2": -8.32,
            "3": -14.1,
            "4": 7.06,
            "5": -45.87,
            "6": 47.97,
            "7": -21.86,
            "8": -1.11,
            "9": -5.52,
            "10": -40.99,
            "11": 3.79,
            "13": -46.12,
            "14": 0.58,
            "15": 32.28,
            "16": -15.56,
            "17": 29.53,
            "18": 19.5,
            "19": -44.05,
            "20": -19.36,
            "21": 43.87,
            "22": -12.38,
            "23": -28.07,
            "24": -30.3,
            "25": 10.08,
            "26": -36.43,
            "27": -6.46,
            "28": 39.45,
            "29": 34.8,
            "30": -6.63
        },
        "13": {
            "0": 13.7,
            "1": -1.76,
            "2": -41.65,
            "3": 34.88,
            "4": 44.6,
            "5": -31.25,
            "6": -20.06,
            "7": -36.0,
            "8": -15.43,
            "9": -10.82,
            "10": -33.42,
            "11": -47.72,
            "12": -46.12,
            "14": 3.62,
            "15": -39.96,
            "16": 26.98,
            "17": -41.06,
            "18": -44.37,
            "19": -35.41,
            "20": -14.63,
            "21": 16.2,
            "22": -1.55,
            "23": -33.86,
            "24": -20.76,
            "25": -22.25,
            "26": -42.11,
            "27": 45.23,
            "28": -25.76,
            "29": 6.03,
            "30": -34.36
        },
        "14": {
            "0": -45.3,
            "1": 14.34,
            "2": 10.14,
            "3": 9.94,
            "4": 45.02,
            "5": 23.95,
            "6": -33.09,
            "7": -35.7,
            "8": -40.9,
            "9": -33.86,
            "10": -6.85,
            "11": -10.21,
            "12": 0.58,
            "13": 3.62,
            "15": 6.5,
            "16": -26.98,
            "17": -30.61,
            "18": 25.96,
            "19": 23.54,
            "20": 3.89,
            "21": 14.8,
            "22": 35.39,
            "23": -44.47,
            "24": 28.9,
            "25": 43.65,
            "26": -17.6,
            "27": -40.87,
            "28": -45.2,
            "29": 27.67,
            "30": 24.0
        },
        "15": {
            "0": -43.21,
            "1": 21.04,
            "2": 16.14,
            "3": -46.84,
            "4": 46.0,
            "5": 38.36,
            "6": -43.92,
            "7": -30.86,
            "8": -16.52,
            "9": -13.13,
            "10": -6.58,
            "11": 27.76,
            "12": 32.28,
            "13": -39.96,
            "14": 6.5,
            "16": 24.88,
            "17": 19.99,
            "18": -26.08,
            "19": -14.19,
            "20": -12.0,
            "21": 0.09,
            "22": 10.0,
            "23": -22.03,
            "24": -27.98,
            "25": 12.45,
            "26": 39.09,
            "27": -42.99,
            "28": 30.78,
            "29": 8.36,
            "30": -33.01
        },
        "16": {
            "0": -0.18,
            "1": -27.86,
            "2": 30.16,
            "3": -29.83,
            "4": 29.77,
            "5": 27.57,
            "6": 45.42,
            "7": -0.75,
            "8": -13.38,
            "9": -30.91,
            "10": -30.24,
            "11": -29.9,
            "12": -15.56,
            "13": 26.98,
            "14": -26.98,
            "15": 24.88,
            "17": -18.73,
            "18": 1.04,
            "19": 16.99,
            "20": 43.61,
            "21": 34.28,
            "22": -4.79,
            "23": -34.49,
            "24": 29.54,
            "25": 32.69,
            "26": 8.88,
            "27": 21.43,
            "28": 47.83,
            "29": 4.99,
            "30": 17.01
        },
        "17": {
            "0": 46.2,
            "1": -23.88,
            "2": -22.74,
            "3": 8.1,
            "4": -38.12,
            "5": 18.79,
            "6": -30.36,
            "7": -1.26,
            "8": -21.65,
            "9": -31.41,
            "10": 38.15,
            "11": -20.71,
            "12": 29.53,
            "13": -41.06,
            "14": -30.61,
            "15": 19.99,
            "16": -18.73,
            "18": -32.71,
            "19": -45.37,
            "20": -43.45,
            "21": -24.75,
            "22": 17.1,
            "23": -3.18,
            "24": 3.6,
            "25": -43.6,
            "26": 16.52,
            "27": 39.04,
            "28": -39.25,
            "29": 15.59,
            "30": 45.04
        },
        "18": {
            "0": 19.09,
            "1": -17.23,
            "2": 34.26,
            "3": 28.67,
            "4": -26.3,
            "5": 1.58,
            "6": -44.14,
            "7": -34.46,
            "8": 19.89,
            "9": 22.49,
            "10": 30.79,
            "11": -19.44,
            "12": 19.5,
            "13": -44.37,
            "14": 25.96,
            "15": -26.08,
            "16": 1.04,
            "17": -32.71,
            "19": 5.15,
            "20": -35.91,
            "21": -7.13,
            "22": 21.93,
            "23": 36.56,
            "24": -8.32,
            "25": 38.38,
            "26": -29.58,
            "27": -23.15,
            "28": -18.98,
            "29": -37.02,
            "30": 2.73
        },
        "19": {
            "0": 27.17,
            "1": 13.1,
            "2": 42.1,
            "3": 6.28,
            "4": -19.41,
            "5": 17.27,
            "6": -27.7,
            "7": -24.88,
            "8": 29.75,
            "9": -1.29,
            "10": -25.99,
            "11": 26.64,
            "12": -44.05,
            "13": -35.41,
            "14": 23.54,
            "15": -14.19,
            "16": 16.99,
            "17": -45.37,
            "18": 5.15,
            "20": -8.03,
            "21": -13.77,
            "22": -29.59,
            "23": 35.93,
            "24": 17.43,
            "25": 12.56,
            "26": -18.42,
            "27": 27.19,
            "28": 45.53,
            "29": -20.27,
            "30": 44.51
        },
        "20": {
            "0": 14.37,
            "1": 7.66,
            "2": -26.21,
            "3": -36.02,
            "4": -3.79,
            "5": -7.02,
            "6": -42.36,
            "7": -34.66,
            "8": -38.46,
            "9": 3.1,
            "10": 47.84,
            "11": -25.19,
            "12": -19.36,
            "13": -14.63,
            "14": 3.89,
            "15": -12.0,
            "16": 43.61,
            "17": -43.45,
            "18": -35.91,
            "19": -8.03,
            "21": -4.23,
            "22": 35.45,
            "23": 10.13,
            "24": -23.18,
            "25": 20.6,
            "26": 39.61,
            "27": 39.6,
            "28": 3.69,
            "29": -43.88,
            "30": -29.48
        },
        "21": {
            "0": 36.79,
            "1": -14.58,
            "2": 38.22,
            "3": -35.06,
            "4": -0.89,
            "5": 3.72,
            "6": 19.57,
            "7": -4.14,
            "8": -36.39,
            "9": 10.3,
            "10": 12.13,
            "11": -38.57,
            "12": 43.87,
            "13": 16.2,
            "14": 14.8,
            "15": 0.09,
            "16": 34.28,
            "17": -24.75,
            "18": -7.13,
            "19": -13.77,
            "20": -4.23,
            "22": -33.97,
            "23": 28.54,
            "24": -38.19,
            "25": -34.27,
            "26": -30.28,
            "27": 28.76,
            "28": -11.14,
            "29": -24.37,
            "30": -15.8
        },
        "22": {
            "0": 44.47,
            "1": 45.79,
            "2": -15.07,
            "3": -44.34,
            "4": -2.19,
            "5": 32.07,
            "6": 13.61,
            "7": -28.65,
            "8": 32.16,
            "9": 31.46,
            "10": -32.94,
            "11": 12.02,
            "12": -12.38,
            "13": -1.55,
            "14": 35.39,
            "15": 10.0,
            "16": -4.79,
            "17": 17.1,
            "18": 21.93,
            "19": -29.59,
            "20": 35.45,
            "21": -33.97,
            "23": 34.1,
            "24": -39.43,
            "25": -31.19,
            "26": -39.93,
            "27": 30.91,
            "28": -28.24,
            "29": 15.23,
            "30": -4.26
        },
        "23": {
            "0": 40.93,
            "1": 45.48,
            "2": 28.53,
            "3": 45.45,
            "4": 8.5,
            "5": -17.75,
            "6": 29.27,
            "7": 9.7,
            "8": 23.12,
            "9": -15.86,
            "10": -6.25,
            "11": 27.62,
            "12": -28.07,
            "13": -33.86,
            "14": -44.47,
            "15": -22.03,
            "16": -34.49,
            "17": -3.18,
            "18": 36.56,
            "19": 35.93,
            "20": 10.13,
            "21": 28.54,
            "22": 34.1,
            "24": 36.45,
            "25": -10.17,
            "26": -40.96,
            "27": 5.38,
            "28": 36.5,
            "29": -17.76,
            "30": -13.26
        },
        "24": {
            "0": -17.01,
            "1": -19.45,
            "2": 8.4,
            "3": 21.11,
            "4": -12.1,
            "5": -14.98,
            "6": -20.37,
            "7": 4.74,
            "8": 26.06,
            "9": -46.73,
            "10": 29.12,
            "11": 15.53,
            "12": -30.3,
            "13": -20.76,
            "14": 28.9,
            "15": -27.98,
            "16": 29.54,
            "17": 3.6,
            "18": -8.32,
            "19": 17.43,
            "20": -23.18,
            "21": -38.19,
            "22": -39.43,
            "23": 36.45,
            "25": -42.72,
            "26": -46.79,
            "27": -29.58,
            "28": -6.5,
            "29": -30.95,
            "30": 44.57
        },
        "25": {
            "0": -32.28,
            "1": -2.29,
            "2": -21.56,
            "3": 22.72,
            "4": -0.02,
            "5": 32.67,
            "6": -43.19,
            "7": 12.64,
            "8": 33.88,
            "9": 6.22,
            "10": 8.29,
            "11": 16.15,
            "12": 10.08,
            "13": -22.25,
            "14": 43.65,
            "15": 12.45,
            "16": 32.69,
            "17": -43.6,
            "18": 38.38,
            "19": 12.56,
            "20": 20.6,
            "21": -34.27,
            "22": -31.19,
            "23": -10.17,
            "24": -42.72,
            "26": -39.95,
            "27": 10.27,
            "28": 41.81,
            "29": -8.69,
            "30": 11.54
        },
        "26": {
            "0": 41.13,
            "1": -26.14,
            "2": 8.11,
            "3": -32.96,
            "4": -43.22,
            "5": 44.44,
            "6": 6.36,
            "7": -28.02,
            "8": -1.58,
            "9": -25.2,
            "10": -0.4,
            "11": 25.03,
            "12": -36.43,
            "13": -42.11,
            "14": -17.6,
            "15": 39.09,
            "16": 8.88,
            "17": 16.52,
            "18": -29.58,
            "19": -18.42,
            "20": 39.61,
            "21": -30.28,
            "22": -39.93,
            "23": -40.96,
            "24": -46.79,
            "25": -39.95,
            "27": 0.64,
            "28": -5.21,
            "29": -19.27,
            "30": 10.81
        },
        "27": {
            "0": -21.46,
            "1": 39.61,
            "2": 16.73,
            "3": 28.18,
            "4": 2.28,
            "5": 15.79,
            "6": -17.97,
            "7": 1.12,
            "8": -38.46,
            "9": 31.52,
            "10": -6.33,
            "11": 1.93,
            "12": -6.46,
            "13": 45.23,
            "14": -40.87,
            "15": -42.99,
            "16": 21.43,
            "17": 39.04,
            "18": -23.15,
            "19": 27.19,
            "20": 39.6,
            "21": 28.76,
            "22": 30.91,
            "23": 5.38,
            "24": -29.58,
            "25": 10.27,
            "26": 0.64,
            "28": 21.64,
            "29": 46.72,
            "30": 1.49
        },
        "28": {
            "0": 9.77,
            "1": 32.63,
            "2": -14.78,
            "3": -47.67,
            "4": 5.81,
            "5": 0.55,
            "6": -31.37,
            "7": 28.45,
            "8": -13.22,
            "9": -3.15,
            "10": -32.07,
            "11": 23.78,
            "12": 39.45,
            "13": -25.76,
            "14": -45.2,
            "15": 30.78,
            "16": 47.83,
            "17": -39.25,
            "18": -18.98,
            "19": 45.53,
            "20": 3.69,
            "21": -11.14,
            "22": -28.24,
            "23": 36.5,
            "24": -6.5,
            "25": 41.81,
            "26": -5.21,
            "27": 21.64,
            "29": -22.8,
            "30": -15.92
        },
        "29": {
            "0": 44.69,
            "1": -43.4,
            "2": -30.78,
            "3": 16.34,
            "4": -0.02,
            "5": 12.1,
            "6": 8.49,
            "7": 37.79,
            "8": 16.98,
            "9": 28.05,
            "10": -27.38,
            "11": 20.95,
            "12": 34.8,
            "13": 6.03,
            "14": 27.67,
            "15": 8.36,
            "16": 4.99,
            "17": 15.59,
            "18": -37.02,
            "19": -20.27,
            "20": -43.88,
            "21": -24.37,
            "22": 15.23,
            "23": -17.76,
            "24": -30.95,
            "25": -8.69,
            "26": -19.27,
            "27": 46.72,
            "28": -22.8,
            "30": -3.33
        },
        "30": {
            "0": -2.4,
            "1": -16.16,
            "2": 30.8,
            "3": -1.92,
            "4": -31.03,
            "5": 24.48,
            "6": 33.22,
            "7": 35.32,
            "8": 21.24,
            "9": 38.69,
            "10": -4.33,
            "11": 28.14,
            "12": -6.63,
            "13": -34.36,
            "14": 24.0,
            "15": -33.01,
            "16": 17.01,
            "17": 45.04,
            "18": 2.73,
            "19": 44.51,
            "20": -29.48,
            "21": -15.8,
            "22": -4.26,
            "23": -13.26,
            "24": 44.57,
            "25": 11.54,
            "26": 10.81,
            "27": 1.49,
            "28": -15.92,
            "29": -3.33
        }
    }
}